edge_id,source_id,relation,target_id,sign,context_id,source_db,source_record_id,status,review_note,context_status,legacy_source_record_id,causal_basis,effect_level
edge:0001,LOCAL:protein:mouse:TNFSF11,ACTIVATES,LOCAL:protein:mouse:TNFRSF11A,1,ctx:mouse_BMM_RANKL_day1,pubmed,PMID:16339965,quarantined,"Legacy claim; source registry resolution does not verify its mechanism, sign or experimental context.",pending,PMID:16339965,,
edge:0002,LOCAL:protein:mouse:TNFRSF11A,ACTIVATES,LOCAL:protein:mouse:TRAF6,1,ctx:mouse_BMM_RANKL_day1,pubmed,PMID:16339965,quarantined,"Legacy claim; source registry resolution does not verify its mechanism, sign or experimental context.",pending,PMID:16339965,,
edge:0003,LOCAL:protein:mouse:TRAF6,ACTIVATES,LOCAL:protein:mouse:IKBKB,1,ctx:mouse_BMM_RANKL_day1,pubmed,PMID:16339965,quarantined,"Legacy claim; source registry resolution does not verify its mechanism, sign or experimental context.",pending,PMID:16339965,,
edge:0004,LOCAL:protein:mouse:IKBKB,ACTIVATES,LOCAL:protein:mouse:NFKB1,1,ctx:mouse_BMM_RANKL_day1,pubmed / PubMed,PMID:16339965,quarantined,"Legacy claim; source registry resolution does not verify its mechanism, sign or experimental context.",pending,PMID:16339965; PMID:kim_01,,
edge:0005,LOCAL:protein:mouse:TRAF6,ACTIVATES,LOCAL:protein:mouse:MAPK14,1,ctx:mouse_BMM_RANKL_day1,pubmed,PMID:16339965,quarantined,"Legacy claim; source registry resolution does not verify its mechanism, sign or experimental context.",pending,PMID:16339965,,
edge:0006,LOCAL:protein:mouse:TRAF6,ACTIVATES,LOCAL:protein:mouse:MAPK8,1,ctx:mouse_BMM_RANKL_day1,pubmed,PMID:16339965,quarantined,"Legacy claim; source registry resolution does not verify its mechanism, sign or experimental context.",pending,PMID:16339965,,
edge:0007,LOCAL:protein:mouse:MAPK8,ACTIVATES,LOCAL:protein:mouse:FOS,1,ctx:mouse_BMM_RANKL_day1,pubmed,PMID:16339965,quarantined,"Legacy claim; source registry resolution does not verify its mechanism, sign or experimental context.",pending,PMID:16339965,,
edge:0008,LOCAL:protein:mouse:FOS,ACTIVATES,LOCAL:protein:mouse:NFATC1,1,ctx:mouse_BMM_RANKL_day1,pubmed,PMID:16339965,quarantined,"Legacy claim; source registry resolution does not verify its mechanism, sign or experimental context.",pending,PMID:16339965,,
edge:0009,LOCAL:protein:mouse:SPI1,ACTIVATES,LOCAL:protein:mouse:NFATC1,1,ctx:mouse_BMM_RANKL_day1,pubmed,PMID:16339965,quarantined,"Legacy claim; source registry resolution does not verify its mechanism, sign or experimental context.",pending,PMID:16339965,,
edge:0010,LOCAL:protein:mouse:TYROBP,ACTIVATES,LOCAL:protein:mouse:SYK,1,ctx:mouse_BMM_RANKL_day1,pubmed / PubMed,PMID:16339965,quarantined,"Legacy claim; source registry resolution does not verify its mechanism, sign or experimental context.",pending,PMID:16339965; PMID:koga_04,,
edge:0011,LOCAL:protein:mouse:FCER1G,ACTIVATES,LOCAL:protein:mouse:BTK,1,ctx:mouse_BMM_RANKL_day1,pubmed,PMID:16339965,quarantined,"Legacy claim; source registry resolution does not verify its mechanism, sign or experimental context.",pending,PMID:16339965,,
edge:0012,LOCAL:protein:mouse:SYK,ACTIVATES,LOCAL:protein:mouse:PLCG2,1,ctx:mouse_BMM_RANKL_day1,pubmed / PubMed,PMID:16339965,quarantined,"Legacy claim; source registry resolution does not verify its mechanism, sign or experimental context.",pending,PMID:16339965; PMID:koga_04,,
edge:0013,LOCAL:protein:mouse:BTK,ACTIVATES,LOCAL:protein:mouse:PLCG2,1,ctx:mouse_BMM_RANKL_day1,pubmed / PubMed,PMID:16339965,quarantined,"Legacy claim; source registry resolution does not verify its mechanism, sign or experimental context.",pending,PMID:16339965; PMID:koga_04,,
edge:0014,LOCAL:protein:mouse:PLCG2,ACTIVATES,LOCAL:protein:mouse:PPP3CA,1,ctx:mouse_BMM_RANKL_day1,pubmed,PMID:16339965,quarantined,"Legacy claim; source registry resolution does not verify its mechanism, sign or experimental context.",pending,PMID:16339965,,
edge:0015,LOCAL:protein:mouse:PPP3CA,ACTIVATES,LOCAL:protein:mouse:NFATC1,1,ctx:mouse_BMM_RANKL_day1,pubmed,PMID:16339965,quarantined,"Legacy claim; source registry resolution does not verify its mechanism, sign or experimental context.",pending,PMID:16339965,,
edge:0017,LOCAL:protein:mouse:NFATC1,ACTIVATES,LOCAL:protein:mouse:HK2,1,ctx:mouse_BMM_RANKL_day1,pubmed,PMID:32668584,quarantined,"Legacy claim; source registry resolution does not verify its mechanism, sign or experimental context.",pending,PMID:32668584,,
edge:0019,LOCAL:protein:mouse:HK2,ACTIVATES,CHEBI:14314,1,ctx:mouse_BMM_RANKL_day1,rhea,,proposed,"Legacy claim; source registry resolution does not verify its mechanism, sign or experimental context.",pending,RHEA:17825,,
edge:0020,LOCAL:protein:mouse:GPI,ACTIVATES,CHEBI:15946,1,ctx:mouse_BMM_RANKL_day1,rhea,,proposed,"Legacy claim; source registry resolution does not verify its mechanism, sign or experimental context.",pending,RHEA:11824,,
edge:0021,LOCAL:protein:mouse:PFKFB3,ACTIVATES,LOCAL:protein:mouse:PFKM,1,ctx:mouse_BMM_RANKL_day1,pubmed,PMID:32668584,quarantined,"Legacy claim; source registry resolution does not verify its mechanism, sign or experimental context.",pending,PMID:32668584,,
edge:0023,LOCAL:protein:mouse:PFKM,ACTIVATES,CHEBI:16905,1,ctx:mouse_BMM_RANKL_day1,rhea,,proposed,"Legacy claim; source registry resolution does not verify its mechanism, sign or experimental context.",pending,RHEA:16109,,
edge:0024,LOCAL:protein:mouse:ALDOA,ACTIVATES,CHEBI:17138,1,ctx:mouse_BMM_RANKL_day1,rhea,,proposed,"Legacy claim; source registry resolution does not verify its mechanism, sign or experimental context.",pending,RHEA:10744,,
edge:0025,LOCAL:protein:mouse:GAPDH,ACTIVATES,CHEBI:16001,1,ctx:mouse_BMM_RANKL_day1,rhea,,proposed,"Legacy claim; source registry resolution does not verify its mechanism, sign or experimental context.",pending,RHEA:11072,,
edge:0026,LOCAL:protein:mouse:PGK1,ACTIVATES,CHEBI:17794,1,ctx:mouse_BMM_RANKL_day1,rhea,,proposed,"Legacy claim; source registry resolution does not verify its mechanism, sign or experimental context.",pending,RHEA:15509,,
edge:0027,LOCAL:protein:mouse:PGAM1,ACTIVATES,CHEBI:17835,1,ctx:mouse_BMM_RANKL_day1,rhea,,proposed,"Legacy claim; source registry resolution does not verify its mechanism, sign or experimental context.",pending,RHEA:15717,,
edge:0028,LOCAL:protein:mouse:ENO1,ACTIVATES,CHEBI:18021,1,ctx:mouse_BMM_RANKL_day1,rhea,,proposed,"Legacy claim; source registry resolution does not verify its mechanism, sign or experimental context.",pending,RHEA:12040,,
edge:0029,LOCAL:protein:mouse:PKM,ACTIVATES,CHEBI:32816,1,ctx:mouse_BMM_RANKL_day1,rhea,,proposed,"Legacy claim; source registry resolution does not verify its mechanism, sign or experimental context.",pending,RHEA:18157,,
edge:0031,LOCAL:protein:mouse:LDHA,ACTIVATES,CHEBI:16651,1,ctx:mouse_BMM_RANKL_day1,rhea,,proposed,"Legacy claim; source registry resolution does not verify its mechanism, sign or experimental context.",pending,RHEA:16653,,
edge:0032,CHEBI:16651,ACTIVATES,PATHWAY:OSTEOCLAST_DIFFERENTIATION,1,ctx:mouse_BMM_RANKL_day3,pubmed,PMID:32668584,quarantined,"Legacy claim; source registry resolution does not verify its mechanism, sign or experimental context.",pending,PMID:32668584,,
edge:0034,LOCAL:protein:mouse:PHGDH,REGULATES,CHEBI:30915,1,ctx:stegen2024_BMMC_day3,pubmed,PMID:38200114,proposed,"PHGDH deletion lowered the intracellular alpha-ketoglutarate pool during early osteoclast differentiation. This is an indirect pathway effect, not PHGDH catalysis. Proposed/non-scoring until measured pool identity is resolved against CHEBI acid/anion representation.",reviewed,PMID:38200114,,
edge:0035,CHEBI:30915,ACTIVATES,LOCAL:protein:mouse:KDM6B,1,ctx:mouse_BMM_RANKL_day1,pubmed,PMID:38200114,proposed,"Legacy claim; source registry resolution does not verify its mechanism, sign or experimental context.",pending,PMID:38200114,,
edge:0036,LOCAL:protein:mouse:KDM6B,ACTIVATES,RXN:CHROMATIN_H3K27me3_demethylation_Nfatc1,1,ctx:mouse_BMM_RANKL_day1,pubmed,PMID:38200114,proposed,"Legacy claim; source registry resolution does not verify its mechanism, sign or experimental context.",pending,PMID:38200114,,
edge:0037,RXN:CHROMATIN_H3K27me3_demethylation_Nfatc1,ACTIVATES,LOCAL:protein:mouse:NFATC1,1,ctx:mouse_BMM_RANKL_day1,pubmed,PMID:38200114,proposed,"Legacy claim; source registry resolution does not verify its mechanism, sign or experimental context.",pending,PMID:38200114,,
edge:0039,LOCAL:protein:mouse:PRMT6,ACTIVATES,RXN:CHROMATIN_H3R2me2a_fao_promoters,1,ctx:mouse_BMM_RANKL_day1,pubmed,PMID:39120025,proposed,Qualitative claim has source-checked support; exact experimental context and legacy assay records remain unverified. Not eligible for model scoring.,pending,PMID:39120025,,
edge:0040,RXN:CHROMATIN_H3R2me2a_fao_promoters,INHIBITS,LOCAL:protein:mouse:PPARD,-1,ctx:mouse_BMM_RANKL_day1,pubmed,PMID:39120025,proposed,"Legacy claim; source registry resolution does not verify its mechanism, sign or experimental context.",pending,PMID:39120025,,
edge:0041,LOCAL:protein:mouse:PPARD,INHIBITS,PATHWAY:OSTEOCLAST_DIFFERENTIATION,-1,ctx:mouse_BMM_RANKL_day3,pubmed,PMID:39120025,proposed,"Legacy claim; source registry resolution does not verify its mechanism, sign or experimental context.",pending,PMID:39120025,,
edge:0043,LOCAL:protein:mouse:GLS,ACTIVATES,CHEBI:16015,1,ctx:mouse_BMM_RANKL_day1,rhea,,quarantined,"CHEBI:16015 denotes L-glutamic acid, not alpha-ketoglutarate. Incident relationship quarantined after identity correction; reaction participants, protonation, direction and source support require re-curation. Legacy ACTIVATES/sign retained only as an unverified assertion.",pending,RHEA:15449,,
edge:0044,CHEBI:16015,ACTIVATES,CHEBI:30915,1,ctx:mouse_BMM_RANKL_day1,reactome,,quarantined,"CHEBI:16015 denotes L-glutamic acid, not alpha-ketoglutarate. Incident relationship quarantined after identity correction; reaction participants, protonation, direction and source support require re-curation. Legacy ACTIVATES/sign retained only as an unverified assertion.",pending,R-HSA-70635,,
edge:0045,LOCAL:protein:mouse:GLS,ACTIVATES,PATHWAY:OSTEOCLAST_DIFFERENTIATION,1,ctx:mouse_BMM_RANKL_day3,pubmed,DOI:10.1038/s44319-024-00255-x,proposed,"Legacy claim; source registry resolution does not verify its mechanism, sign or experimental context.",pending,DOI:10.1038/s44319-024-00255-x,,
edge:0047,CHEBI:17240,INHIBITS,LOCAL:protein:mouse:TET2,-1,ctx:mouse_BMM_RANKL_day3,pubmed,DOI:10.1038/s41413-025-00437-w,proposed,"Qualitative claim has source-checked support; exact experimental context and legacy assay records remain unverified. Not eligible for model scoring. Identity review v3: Retained proposed itaconate/TET2 claim and source-checked qualitative passage; identity correction does not validate exact protonation, context, or pharmacological mechanism.",pending,DOI:10.1038/s41413-025-00437-w,,
edge:0048,LOCAL:protein:mouse:TET2,ACTIVATES,RXN:CHROMATIN_TET2_5hmC_hydroxymethylation,1,ctx:mouse_BMM_RANKL_day3,pubmed / PubMed,DOI:10.1038/s41413-025-00437-w,proposed,"Legacy claim; source registry resolution does not verify its mechanism, sign or experimental context.",pending,DOI:10.1038/s41413-025-00437-w; PMID:stegen_01,,
edge:0049,RXN:CHROMATIN_TET2_5hmC_hydroxymethylation,ACTIVATES,PATHWAY:OSTEOCLAST_DIFFERENTIATION,1,ctx:mouse_BMM_RANKL_day4,pubmed,DOI:10.1038/s41413-025-00437-w,proposed,"Legacy claim; source registry resolution does not verify its mechanism, sign or experimental context.",pending,DOI:10.1038/s41413-025-00437-w,,
edge:0050,LOCAL:protein:mouse:ITGAV,ACTIVATES,LOCAL:protein:mouse:SRC,1,ctx:mouse_BMM_RANKL_day5,pubmed / PubMed,PMID:15711558,proposed,"Legacy claim; source registry resolution does not verify its mechanism, sign or experimental context.",pending,PMID:15711558; PMID:teitelbaum_07,,
edge:0051,LOCAL:protein:mouse:ITGB3,ACTIVATES,LOCAL:protein:mouse:SRC,1,ctx:mouse_BMM_RANKL_day5,pubmed,PMID:15711558,proposed,"Legacy claim; source registry resolution does not verify its mechanism, sign or experimental context.",pending,PMID:15711558,,
edge:0052,LOCAL:protein:mouse:SRC,ACTIVATES,LOCAL:protein:mouse:PTK2B,1,ctx:mouse_BMM_RANKL_day5,pubmed,PMID:17344416,quarantined,"Legacy claim; source registry resolution does not verify its mechanism, sign or experimental context.",pending,PMID:17344416,,
edge:0053,LOCAL:protein:mouse:SRC,ACTIVATES,LOCAL:protein:mouse:VAV3,1,ctx:mouse_BMM_RANKL_day5,pubmed,PMID:15711558,proposed,"Legacy claim; source registry resolution does not verify its mechanism, sign or experimental context.",pending,PMID:15711558,,
edge:0054,LOCAL:protein:mouse:VAV3,ACTIVATES,LOCAL:protein:mouse:RAC1,1,ctx:mouse_BMM_RANKL_day5,pubmed,PMID:15711558,proposed,"Legacy claim; source registry resolution does not verify its mechanism, sign or experimental context.",pending,PMID:15711558,,
edge:0055,LOCAL:protein:mouse:PTK2B,ACTIVATES,LOCAL:protein:mouse:CDC42,1,ctx:mouse_BMM_RANKL_day5,pubmed,PMID:17344416,quarantined,"Legacy claim; source registry resolution does not verify its mechanism, sign or experimental context.",pending,PMID:17344416,,
edge:0056,LOCAL:protein:mouse:RAC1,ACTIVATES,LOCAL:protein:mouse:WAS,1,ctx:mouse_BMM_RANKL_day5,pubmed,PMID:15711558,proposed,"Legacy claim; source registry resolution does not verify its mechanism, sign or experimental context.",pending,PMID:15711558,,
edge:0057,LOCAL:protein:mouse:WAS,ACTIVATES,LOCAL:protein:mouse:CTTN,1,ctx:mouse_BMM_RANKL_day5,pubmed,PMID:15711558,proposed,"Legacy claim; source registry resolution does not verify its mechanism, sign or experimental context.",pending,PMID:15711558,,
edge:0058,LOCAL:protein:mouse:CTTN,PART_OF,PATHWAY:PODOSOME_BELT,1,ctx:mouse_BMM_RANKL_day5,pubmed,PMID:15711558,proposed,"Legacy claim; source registry resolution does not verify its mechanism, sign or experimental context.",pending,PMID:15711558,,
edge:0059,PATHWAY:PODOSOME_BELT,PART_OF,PATHWAY:F_ACTIN_SEALING_ZONE,1,ctx:mouse_BMM_RANKL_day5,pubmed,PMID:15711558,proposed,"Legacy claim; source registry resolution does not verify its mechanism, sign or experimental context.",pending,PMID:15711558,,
edge:0060,PATHWAY:F_ACTIN_SEALING_ZONE,ACTIVATES,PATHWAY:BONE_RESORPTION,1,ctx:mouse_BMM_RANKL_day5,pubmed,PMID:17344416,quarantined,"Legacy claim; source registry resolution does not verify its mechanism, sign or experimental context.",pending,PMID:17344416,,
edge:0062,LOCAL:protein:mouse:NFATC1,ACTIVATES,LOCAL:rna:mouse:Dcstamp,1,ctx:mouse_BMM_RANKL_day3,pubmed / PubMed,PMID:16061724,proposed,"Legacy claim; source registry resolution does not verify its mechanism, sign or experimental context.",pending,PMID:16061724; PMID:takayanagi_02,,
edge:0063,LOCAL:rna:mouse:Dcstamp,TRANSLATED_TO,LOCAL:protein:mouse:DCSTAMP,1,ctx:mouse_BMM_RANKL_day3,pubmed / PubMed,PMID:16061724,proposed,"Legacy claim; source registry resolution does not verify its mechanism, sign or experimental context.",pending,PMID:16061724; PMID:yagi_01,,
edge:0064,LOCAL:protein:mouse:NFATC1,ACTIVATES,LOCAL:protein:mouse:OCSTAMP,1,ctx:mouse_BMM_RANKL_day3,pubmed,PMID:16061724,proposed,"Legacy claim; source registry resolution does not verify its mechanism, sign or experimental context.",pending,PMID:16061724,,
edge:0065,LOCAL:protein:mouse:NFATC1,ACTIVATES,LOCAL:protein:mouse:ATP6V0D2,1,ctx:mouse_BMM_RANKL_day3,pubmed,PMID:16061724,proposed,"Legacy claim; source registry resolution does not verify its mechanism, sign or experimental context.",pending,PMID:16061724,,
edge:0066,LOCAL:protein:mouse:DCSTAMP,PART_OF,PATHWAY:SYNCYTIUM,1,ctx:mouse_BMM_RANKL_day4,pubmed,PMID:16061724,proposed,"Legacy claim; source registry resolution does not verify its mechanism, sign or experimental context.",pending,PMID:16061724,,
edge:0067,LOCAL:protein:mouse:OCSTAMP,PART_OF,PATHWAY:SYNCYTIUM,1,ctx:mouse_BMM_RANKL_day4,pubmed,PMID:16061724,proposed,"Legacy claim; source registry resolution does not verify its mechanism, sign or experimental context.",pending,PMID:16061724,,
edge:0068,LOCAL:protein:mouse:ATP6V0D2,PART_OF,PATHWAY:SYNCYTIUM,1,ctx:mouse_BMM_RANKL_day4,pubmed,PMID:16061724,proposed,"Legacy claim; source registry resolution does not verify its mechanism, sign or experimental context.",pending,PMID:16061724,,
edge:0069,PATHWAY:SYNCYTIUM,ACTIVATES,PATHWAY:OSTEOCLAST_DIFFERENTIATION,1,ctx:mouse_BMM_RANKL_day4,pubmed,PMID:16061724,proposed,"Legacy claim; source registry resolution does not verify its mechanism, sign or experimental context.",pending,PMID:16061724,,
edge:0070,LOCAL:protein:mouse:NFATC1,ACTIVATES,LOCAL:rna:mouse:Acp5,1,ctx:mouse_BMM_RANKL_day3,pubmed / PubMed,PMID:17626889,quarantined,"Legacy claim; source registry resolution does not verify its mechanism, sign or experimental context.",pending,PMID:17626889; PMID:takayanagi_02,,
edge:0071,LOCAL:rna:mouse:Acp5,TRANSLATED_TO,LOCAL:protein:mouse:ACP5,1,ctx:mouse_BMM_RANKL_day3,pubmed / PubMed,PMID:17626889,quarantined,"Legacy claim; source registry resolution does not verify its mechanism, sign or experimental context.",pending,PMID:17626889; PMID:takayanagi_02,,
edge:0072,LOCAL:protein:mouse:NFATC1,ACTIVATES,LOCAL:rna:mouse:Ctsk,1,ctx:mouse_BMM_RANKL_day3,pubmed / PubMed,PMID:17626889,quarantined,"Legacy claim; source registry resolution does not verify its mechanism, sign or experimental context.",pending,PMID:17626889; PMID:takayanagi_02,,
edge:0073,LOCAL:rna:mouse:Ctsk,TRANSLATED_TO,LOCAL:protein:mouse:CTSK,1,ctx:mouse_BMM_RANKL_day3,pubmed / PubMed,PMID:17626889,quarantined,"Legacy claim; source registry resolution does not verify its mechanism, sign or experimental context.",pending,PMID:17626889; PMID:takayanagi_02,,
edge:0074,LOCAL:protein:mouse:ACP5,TRANSPORTS,PATHWAY:RESORPTION_LACUNA,1,ctx:mouse_BMM_RANKL_day5,pubmed,PMID:17626889,quarantined,"Legacy claim; source registry resolution does not verify its mechanism, sign or experimental context.",pending,PMID:17626889,,
edge:0075,LOCAL:protein:mouse:CTSK,TRANSPORTS,PATHWAY:RESORPTION_LACUNA,1,ctx:mouse_BMM_RANKL_day5,pubmed,PMID:17626889,quarantined,"Legacy claim; source registry resolution does not verify its mechanism, sign or experimental context.",pending,PMID:17626889,,
edge:0076,LOCAL:protein:mouse:TCIRG1,TRANSPORTS,PATHWAY:RESORPTION_LACUNA,1,ctx:mouse_BMM_RANKL_day5,pubmed / PubMed,PMID:17626889,quarantined,"Legacy claim; source registry resolution does not verify its mechanism, sign or experimental context.",pending,PMID:17626889; PMID:teitelbaum_07,,
edge:0077,LOCAL:protein:mouse:CLCN7,TRANSPORTS,PATHWAY:RESORPTION_LACUNA,1,ctx:mouse_BMM_RANKL_day5,pubmed / PubMed,PMID:17626889,quarantined,"Legacy claim; source registry resolution does not verify its mechanism, sign or experimental context.",pending,PMID:17626889; PMID:teitelbaum_07,,
edge:0078,PATHWAY:RESORPTION_LACUNA,ACTIVATES,PATHWAY:BONE_RESORPTION,1,ctx:mouse_BMM_RANKL_day5,pubmed,PMID:17626889,quarantined,"Legacy claim; source registry resolution does not verify its mechanism, sign or experimental context.",pending,PMID:17626889,,
edge:0079,LOCAL:protein:mouse:ACP5,ACTIVATES,PATHWAY:TRAP_PRODUCTION,1,ctx:mouse_BMM_RANKL_day3,pubmed,PMID:17626889,quarantined,"Legacy claim; source registry resolution does not verify its mechanism, sign or experimental context.",pending,PMID:17626889,,
edge:0080,LOCAL:protein:mouse:FOS,ACTIVATES,LOCAL:rna:mouse:mmu-miR-21a-5p,1,ctx:mouse_BMM_RANKL_day1,pubmed,PMID:21307384,quarantined,"Legacy claim; source registry resolution does not verify its mechanism, sign or experimental context.",pending,PMID:21307384,,
edge:0081,LOCAL:rna:mouse:mmu-miR-21a-5p,REGULATES,LOCAL:protein:mouse:PDCD4,-1,ctx:mouse_BMM_RANKL_day1,pubmed,PMID:21307384,quarantined,"Legacy claim; source registry resolution does not verify its mechanism, sign or experimental context.",pending,PMID:21307384,,
edge:0082,LOCAL:protein:mouse:PDCD4,INHIBITS,LOCAL:protein:mouse:FOS,-1,ctx:mouse_BMM_RANKL_day1,pubmed,PMID:21307384,quarantined,"Legacy claim; source registry resolution does not verify its mechanism, sign or experimental context.",pending,PMID:21307384,,
edge:0083,LOCAL:rna:mouse:mmu-miR-148a-3p,REGULATES,LOCAL:protein:mouse:MAFB,-1,ctx:mouse_BMM_RANKL_day1,pubmed,PMID:23225151,proposed,"Legacy claim; source registry resolution does not verify its mechanism, sign or experimental context.",pending,PMID:23225151,,
edge:0084,LOCAL:protein:mouse:MAFB,INHIBITS,LOCAL:protein:mouse:NFATC1,-1,ctx:mouse_BMM_RANKL_day1,pubmed,PMID:23225151,proposed,"Legacy claim; source registry resolution does not verify its mechanism, sign or experimental context.",pending,PMID:23225151,,
edge:0085,LOCAL:rna:mouse:mmu-miR-34a-5p,REGULATES,LOCAL:protein:mouse:TGIF2,-1,ctx:mouse_BMM_RANKL_day3,pubmed,PMID:24965651,quarantined,"Legacy claim; source registry resolution does not verify its mechanism, sign or experimental context.",pending,PMID:24965651,,
edge:0086,LOCAL:protein:mouse:TGIF2,ACTIVATES,PATHWAY:BONE_RESORPTION,1,ctx:mouse_BMM_RANKL_day5,pubmed,PMID:24965651,quarantined,"Legacy claim; source registry resolution does not verify its mechanism, sign or experimental context.",pending,PMID:24965651,,
edge:0087,LOCAL:rna:mouse:mmu-miR-124-3p,REGULATES,LOCAL:protein:mouse:NFATC1,-1,ctx:mouse_BMM_RANKL_day1,pubmed,PMID:23568894,quarantined,"Legacy claim; source registry resolution does not verify its mechanism, sign or experimental context.",pending,PMID:23568894,,
edge:0088,LOCAL:rna:mouse:mmu-miR-124-3p,REGULATES,LOCAL:protein:mouse:RHOA,-1,ctx:mouse_BMM_RANKL_day1,pubmed,PMID:23568894,quarantined,"Legacy claim; source registry resolution does not verify its mechanism, sign or experimental context.",pending,PMID:23568894,,
edge:0089,PATHWAY:MONOCYTE_BMM_PRECURSOR,PART_OF,PATHWAY:EARLY_MONONUCLEAR_PRE_OSTEOCLAST,1,ctx:mouse_BMM_RANKL_day1,pubmed,PMID:16339965,quarantined,"Legacy claim; source registry resolution does not verify its mechanism, sign or experimental context.",pending,PMID:16339965,,
edge:0090,PATHWAY:EARLY_MONONUCLEAR_PRE_OSTEOCLAST,PART_OF,PATHWAY:COMMITTED_MONONUCLEAR_TRAP_POS,1,ctx:mouse_BMM_RANKL_day3,pubmed,PMID:16061724,proposed,"Legacy claim; source registry resolution does not verify its mechanism, sign or experimental context.",pending,PMID:16061724,,
edge:0091,PATHWAY:COMMITTED_MONONUCLEAR_TRAP_POS,PART_OF,PATHWAY:SYNCYTIUM_PREFUSION_POLYKARYON,1,ctx:mouse_BMM_RANKL_day4,pubmed,PMID:16061724,proposed,"Legacy claim; source registry resolution does not verify its mechanism, sign or experimental context.",pending,PMID:16061724,,
edge:0092,PATHWAY:SYNCYTIUM_PREFUSION_POLYKARYON,PART_OF,PATHWAY:MATURE_RESORBING_OSTEOCLAST,1,ctx:mouse_BMM_RANKL_day5,pubmed,PMID:17626889,quarantined,"Legacy claim; source registry resolution does not verify its mechanism, sign or experimental context.",pending,PMID:17626889,,
edge:0093,PATHWAY:MATURE_RESORBING_OSTEOCLAST,ACTIVATES,PATHWAY:BONE_RESORPTION,1,ctx:mouse_BMM_RANKL_day5,pubmed,PMID:17626889,quarantined,"Legacy claim; source registry resolution does not verify its mechanism, sign or experimental context.",pending,PMID:17626889,,
edge:0094,LOCAL:protein:mouse:NFATC1,ACTIVATES,PATHWAY:OSTEOCLAST_DIFFERENTIATION,1,ctx:mouse_BMM_RANKL_day3,pubmed,PMID:16339965,quarantined,"Legacy claim; source registry resolution does not verify its mechanism, sign or experimental context.",pending,PMID:16339965,,
edge:0095,LOCAL:protein:mouse:TNFRSF11B,INHIBITS,LOCAL:protein:mouse:TNFSF11,-1,ctx:mouse_BMM_RANKL_day1,pubmed,PMID:12748631,quarantined,"Legacy claim; source registry resolution does not verify its mechanism, sign or experimental context.",pending,PMID:12748631,,
edge:0097,LOCAL:protein:mouse:IFT80,ACTIVATES,LOCAL:protein:mouse:CBLB,1,ctx:mouse_BMM_RANKL_day1,pubmed,PMID:35500588,quarantined,"Legacy claim; source registry resolution does not verify its mechanism, sign or experimental context.",pending,PMID:35500588,,
edge:0098,LOCAL:protein:mouse:CBLB,INHIBITS,LOCAL:protein:mouse:TRAF6,-1,ctx:mouse_BMM_RANKL_day1,pubmed,PMID:35500588,quarantined,"Legacy claim; source registry resolution does not verify its mechanism, sign or experimental context.",pending,PMID:35500588,,
edge:0099,LOCAL:protein:mouse:NFATC1,ACTIVATES,LOCAL:protein:mouse:PRDM1,1,ctx:mouse_BMM_RANKL_day1,pubmed,PMID:20176943,quarantined,"Legacy claim; source registry resolution does not verify its mechanism, sign or experimental context.",pending,PMID:20176943,,
edge:0100,LOCAL:protein:mouse:PRDM1,INHIBITS,LOCAL:protein:mouse:IRF8,-1,ctx:mouse_BMM_RANKL_day1,pubmed,PMID:20176943,quarantined,"Legacy claim; source registry resolution does not verify its mechanism, sign or experimental context.",pending,PMID:20176943,,
edge:0101,LOCAL:protein:mouse:IRF8,INHIBITS,LOCAL:protein:mouse:NFATC1,-1,ctx:mouse_BMM_RANKL_day1,pubmed,PMID:19783995,quarantined,"Legacy claim; source registry resolution does not verify its mechanism, sign or experimental context.",pending,PMID:19783995,,
edge:0102,LOCAL:protein:mouse:PRDM1,INHIBITS,LOCAL:protein:mouse:BCL6,-1,ctx:mouse_BMM_RANKL_day1,pubmed,PMID:20176943,quarantined,"Legacy claim; source registry resolution does not verify its mechanism, sign or experimental context.",pending,PMID:20176943,,
edge:0103,LOCAL:protein:mouse:BCL6,INHIBITS,LOCAL:protein:mouse:NFATC1,-1,ctx:mouse_BMM_RANKL_day1,pubmed,PMID:20562863,quarantined,"Legacy claim; source registry resolution does not verify its mechanism, sign or experimental context.",pending,PMID:20562863,,
edge:0104,LOCAL:protein:mouse:BCL6,INHIBITS,LOCAL:protein:mouse:DCSTAMP,-1,ctx:mouse_BMM_RANKL_day3,pubmed,PMID:20562863,quarantined,"Legacy claim; source registry resolution does not verify its mechanism, sign or experimental context.",pending,PMID:20562863,,
edge:0105,LOCAL:protein:mouse:BCL6,INHIBITS,LOCAL:protein:mouse:CTSK,-1,ctx:mouse_BMM_RANKL_day3,pubmed,PMID:20562863,quarantined,"Legacy claim; source registry resolution does not verify its mechanism, sign or experimental context.",pending,PMID:20562863,,
edge:0106,LOCAL:protein:mouse:GNA13,INHIBITS,LOCAL:protein:mouse:NFATC1,-1,ctx:mouse_BMM_RANKL_day1,pubmed,PMID:28094254,quarantined,"Legacy claim; source registry resolution does not verify its mechanism, sign or experimental context.",pending,PMID:28094254,,
edge:0107,LOCAL:protein:mouse:RGS10,ACTIVATES,LOCAL:protein:mouse:PLCG2,1,ctx:mouse_BMM_RANKL_day1,pubmed,PMID:17671092,quarantined,"Legacy claim; source registry resolution does not verify its mechanism, sign or experimental context.",pending,PMID:17671092,,
edge:0108,LOCAL:protein:mouse:RGS12,ACTIVATES,LOCAL:protein:mouse:MAPK14,1,ctx:mouse_BMM_RANKL_day1,pubmed,PMID:17671092,quarantined,"Legacy claim; source registry resolution does not verify its mechanism, sign or experimental context.",pending,PMID:17671092,,
edge:0109,LOCAL:protein:mouse:OSCAR,ACTIVATES,LOCAL:protein:mouse:FCER1G,1,ctx:mouse_BMM_RANKL_day1,pubmed / PubMed,PMID:15071536,quarantined,"Legacy claim; source registry resolution does not verify its mechanism, sign or experimental context.",pending,PMID:15071536; PMID:koga_04,,
edge:0110,LOCAL:protein:mouse:TREM2,ACTIVATES,LOCAL:protein:mouse:TYROBP,1,ctx:mouse_BMM_RANKL_day1,pubmed / PubMed,PMID:15071536,quarantined,"Legacy claim; source registry resolution does not verify its mechanism, sign or experimental context.",pending,PMID:15071536; PMID:koga_04,,
edge:0111,LOCAL:protein:mouse:SYK,ACTIVATES,LOCAL:protein:mouse:BLNK,1,ctx:mouse_BMM_RANKL_day1,pubmed,PMID:15071536,quarantined,"Legacy claim; source registry resolution does not verify its mechanism, sign or experimental context.",pending,PMID:15071536,,
edge:0112,LOCAL:protein:mouse:BLNK,ACTIVATES,LOCAL:protein:mouse:PLCG2,1,ctx:mouse_BMM_RANKL_day1,pubmed,PMID:15071536,quarantined,"Legacy claim; source registry resolution does not verify its mechanism, sign or experimental context.",pending,PMID:15071536,,
edge:0113,LOCAL:protein:mouse:NFATC1,ACTIVATES,LOCAL:protein:mouse:IFNB1,1,ctx:mouse_BMM_RANKL_day3,pubmed,PMID:16275760,quarantined,"Legacy claim; source registry resolution does not verify its mechanism, sign or experimental context.",pending,PMID:16275760,,
edge:0114,LOCAL:protein:mouse:IFNB1,ACTIVATES,LOCAL:protein:mouse:IFNAR1,1,ctx:mouse_BMM_RANKL_day3,pubmed,PMID:16275760,quarantined,"Legacy claim; source registry resolution does not verify its mechanism, sign or experimental context.",pending,PMID:16275760,,
edge:0115,LOCAL:protein:mouse:IFNAR1,INHIBITS,LOCAL:protein:mouse:FOS,-1,ctx:mouse_BMM_RANKL_day3,pubmed,PMID:16275760,quarantined,"Legacy claim; source registry resolution does not verify its mechanism, sign or experimental context.",pending,PMID:16275760,,
edge:0116,LOCAL:protein:mouse:SNX10,REGULATES,LOCAL:protein:mouse:DCSTAMP,0,ctx:mouse_BMM_RANKL_day4,pubmed,PMID:38718105,quarantined,"Legacy claim; source registry resolution does not verify its mechanism, sign or experimental context.",pending,PMID:38718105,,
edge:0117,LOCAL:protein:mouse:MSN,ACTIVATES,PATHWAY:SYNCYTIUM,1,ctx:mouse_BMM_RANKL_day4,pubmed,PMID:38718105,quarantined,"Legacy claim; source registry resolution does not verify its mechanism, sign or experimental context.",pending,PMID:38718105,,
edge:0118,LOCAL:protein:mouse:NFATC1,ACTIVATES,LOCAL:protein:mouse:MMP9,1,ctx:mouse_BMM_RANKL_day3,pubmed,PMID:36277180,quarantined,"Legacy claim; source registry resolution does not verify its mechanism, sign or experimental context.",pending,PMID:36277180,,
edge:0119,LOCAL:protein:mouse:MMP9,TRANSPORTS,PATHWAY:RESORPTION_LACUNA,1,ctx:mouse_BMM_RANKL_day5,pubmed,PMID:36277180,quarantined,"Legacy claim; source registry resolution does not verify its mechanism, sign or experimental context.",pending,PMID:36277180,,
edge:0120,LOCAL:protein:mouse:OSTM1,ACTIVATES,LOCAL:protein:mouse:CLCN7,1,ctx:mouse_BMM_RANKL_day5,pubmed,PMID:17626889,quarantined,"Legacy claim; source registry resolution does not verify its mechanism, sign or experimental context.",pending,PMID:17626889,,
edge:0121,LOCAL:protein:mouse:CALCR,INHIBITS,PATHWAY:F_ACTIN_SEALING_ZONE,-1,ctx:mouse_BMM_RANKL_day5,pubmed,PMID:17626889,quarantined,"Legacy claim; source registry resolution does not verify its mechanism, sign or experimental context.",pending,PMID:17626889,,
edge:0126,LOCAL:protein:mouse:XPO1,ACTIVATES,LOCAL:protein:mouse:NFKB1,1,ctx:mouse_BMM_RANKL_day1,pubmed,PMID:35465406,quarantined,"Legacy claim; source registry resolution does not verify its mechanism, sign or experimental context.",pending,PMID:35465406,,
edge:0127,LOCAL:protein:mouse:NFKB1,ACTIVATES,LOCAL:protein:mouse:NFATC1,1,ctx:mouse_BMM_RANKL_day1,pubmed,PMID:16339965,quarantined,"Legacy claim; source registry resolution does not verify its mechanism, sign or experimental context.",pending,PMID:16339965,,
edge:0128,LOCAL:protein:mouse:CSF1,ACTIVATES,LOCAL:protein:mouse:CSF1R,1,ctx:mouse_BMM_RANKL_day1,PubMed,,quarantined,"Legacy claim; source registry resolution does not verify its mechanism, sign or experimental context.",pending,PMID:boyce_15,,
edge:0129,LOCAL:protein:mouse:CSF1R,ACTIVATES,LOCAL:protein:mouse:MAPK3,1,ctx:mouse_BMM_RANKL_day1,PubMed,,quarantined,"Legacy claim; source registry resolution does not verify its mechanism, sign or experimental context.",pending,PMID:boyce_15,,
edge:0130,LOCAL:protein:mouse:CSF1R,ACTIVATES,LOCAL:protein:mouse:PIK3CA,1,ctx:mouse_BMM_RANKL_day1,PubMed,,quarantined,"Legacy claim; source registry resolution does not verify its mechanism, sign or experimental context.",pending,PMID:boyce_15,,
edge:0131,LOCAL:protein:mouse:PIK3CA,ACTIVATES,LOCAL:protein:mouse:AKT1,1,ctx:mouse_BMM_RANKL_day1,PubMed,,quarantined,"Legacy claim; source registry resolution does not verify its mechanism, sign or experimental context.",pending,PMID:boyce_15,,
edge:0132,LOCAL:protein:mouse:AKT1,INHIBITS,LOCAL:protein:mouse:GSK3B,-1,ctx:mouse_BMM_RANKL_day1,PubMed,,quarantined,"Legacy claim; source registry resolution does not verify its mechanism, sign or experimental context.",pending,PMID:boyce_15,,
edge:0133,LOCAL:protein:mouse:GSK3B,INHIBITS,LOCAL:protein:mouse:NFATC1,-1,ctx:mouse_BMM_RANKL_day1,PubMed,,quarantined,"Legacy claim; source registry resolution does not verify its mechanism, sign or experimental context.",pending,PMID:boyce_15,,
edge:0134,LOCAL:protein:mouse:AKT1,ACTIVATES,LOCAL:protein:mouse:CEBPA,1,ctx:mouse_BMM_RANKL_day1,PubMed,,quarantined,"Legacy claim; source registry resolution does not verify its mechanism, sign or experimental context.",pending,PMID:boyce_15,,
edge:0135,LOCAL:protein:mouse:CEBPA,ACTIVATES,LOCAL:protein:mouse:NFATC1,1,ctx:mouse_BMM_RANKL_day1,PubMed,,quarantined,"Legacy claim; source registry resolution does not verify its mechanism, sign or experimental context.",pending,PMID:boyce_15,,
edge:0136,LOCAL:protein:mouse:TNF,ACTIVATES,LOCAL:protein:mouse:TNFRSF1A,1,ctx:mouse_BMM_RANKL_day1,PubMed,,quarantined,"Legacy claim; source registry resolution does not verify its mechanism, sign or experimental context.",pending,PMID:boyce_09,,
edge:0137,LOCAL:protein:mouse:TNFRSF1A,ACTIVATES,LOCAL:protein:mouse:TRAF6,1,ctx:mouse_BMM_RANKL_day1,PubMed,,quarantined,"Legacy claim; source registry resolution does not verify its mechanism, sign or experimental context.",pending,PMID:boyce_09,,
edge:0138,LOCAL:protein:mouse:IL1B,ACTIVATES,LOCAL:protein:mouse:IL1R1,1,ctx:mouse_BMM_RANKL_day1,PubMed,,quarantined,"Legacy claim; source registry resolution does not verify its mechanism, sign or experimental context.",pending,PMID:boyce_09,,
edge:0139,LOCAL:protein:mouse:IL1R1,ACTIVATES,LOCAL:protein:mouse:TRAF6,1,ctx:mouse_BMM_RANKL_day1,PubMed,,quarantined,"Legacy claim; source registry resolution does not verify its mechanism, sign or experimental context.",pending,PMID:boyce_09,,
edge:0140,LOCAL:protein:mouse:IL6,ACTIVATES,LOCAL:protein:mouse:IL6R,1,ctx:mouse_BMM_RANKL_day1,PubMed,,quarantined,"Legacy claim; source registry resolution does not verify its mechanism, sign or experimental context.",pending,PMID:boyce_09,,
edge:0141,LOCAL:protein:mouse:IL6R,ACTIVATES,LOCAL:protein:mouse:IL6ST,1,ctx:mouse_BMM_RANKL_day1,PubMed,,quarantined,"Legacy claim; source registry resolution does not verify its mechanism, sign or experimental context.",pending,PMID:boyce_09,,
edge:0142,LOCAL:protein:mouse:TLR4,ACTIVATES,LOCAL:protein:mouse:TRAF6,1,ctx:mouse_BMM_RANKL_day1,PubMed,,quarantined,"Legacy claim; source registry resolution does not verify its mechanism, sign or experimental context.",pending,PMID:boyce_09,,
edge:0143,LOCAL:protein:mouse:CD40,ACTIVATES,LOCAL:protein:mouse:TRAF6,1,ctx:mouse_BMM_RANKL_day1,PubMed,,quarantined,"Legacy claim; source registry resolution does not verify its mechanism, sign or experimental context.",pending,PMID:boyce_09,,
edge:0144,LOCAL:protein:mouse:SIRPB1,ACTIVATES,LOCAL:protein:mouse:TYROBP,1,ctx:mouse_BMM_RANKL_day1,PubMed,,quarantined,"Legacy claim; source registry resolution does not verify its mechanism, sign or experimental context.",pending,PMID:koga_04,,
edge:0145,LOCAL:protein:mouse:PIRA,ACTIVATES,LOCAL:protein:mouse:FCER1G,1,ctx:mouse_BMM_RANKL_day1,PubMed,,quarantined,"Legacy claim; source registry resolution does not verify its mechanism, sign or experimental context.",pending,PMID:koga_04,,
edge:0147,LOCAL:protein:mouse:FCER1G,ACTIVATES,LOCAL:protein:mouse:SYK,1,ctx:mouse_BMM_RANKL_day1,PubMed,,quarantined,"Legacy claim; source registry resolution does not verify its mechanism, sign or experimental context.",pending,PMID:koga_04,,
edge:0149,LOCAL:protein:mouse:TEC,ACTIVATES,LOCAL:protein:mouse:PLCG2,1,ctx:mouse_BMM_RANKL_day1,PubMed,,quarantined,"Legacy claim; source registry resolution does not verify its mechanism, sign or experimental context.",pending,PMID:koga_04,,
edge:0150,LOCAL:protein:mouse:EFNB2,REGULATES,LOCAL:protein:mouse:EPHB4,1,ctx:mouse_BMM_RANKL_day3,PubMed,,proposed,"Legacy claim; source registry resolution does not verify its mechanism, sign or experimental context.",pending,PMID:zhao_06,,
edge:0151,LOCAL:protein:mouse:EFNB2,INHIBITS,LOCAL:protein:mouse:FOS,-1,ctx:mouse_BMM_RANKL_day3,PubMed,,proposed,"Legacy claim; source registry resolution does not verify its mechanism, sign or experimental context.",pending,PMID:zhao_06,,
edge:0152,LOCAL:protein:mouse:EFNB2,INHIBITS,LOCAL:protein:mouse:NFATC1,-1,ctx:mouse_BMM_RANKL_day3,PubMed,,proposed,"Legacy claim; source registry resolution does not verify its mechanism, sign or experimental context.",pending,PMID:zhao_06,,
edge:0153,LOCAL:protein:mouse:PIK3AP1,ACTIVATES,LOCAL:protein:mouse:MAPK14,1,ctx:mouse_BMM_RANKL_day1,PubMed,,quarantined,"Legacy claim; source registry resolution does not verify its mechanism, sign or experimental context.",pending,PMID:zhao_10,,
edge:0154,LOCAL:protein:mouse:AMBN,INHIBITS,LOCAL:protein:mouse:CREB1,-1,ctx:mouse_BMM_RANKL_day1,PubMed,,proposed,"Legacy claim; source registry resolution does not verify its mechanism, sign or experimental context.",pending,PMID:yang_19,,
edge:0155,LOCAL:protein:mouse:DUSP1,INHIBITS,LOCAL:protein:mouse:MAPK14,-1,ctx:mouse_BMM_RANKL_day3,PubMed,,quarantined,"Legacy claim; source registry resolution does not verify its mechanism, sign or experimental context.",pending,PMID:shin_14,,
edge:0156,LOCAL:protein:mouse:DUSP1,INHIBITS,LOCAL:protein:mouse:MAPK8,-1,ctx:mouse_BMM_RANKL_day3,PubMed,,quarantined,"Legacy claim; source registry resolution does not verify its mechanism, sign or experimental context.",pending,PMID:shin_14,,
edge:0157,LOCAL:protein:mouse:DUSP6,INHIBITS,LOCAL:protein:mouse:MAPK1,-1,ctx:mouse_BMM_RANKL_day3,PubMed,,quarantined,"Legacy claim; source registry resolution does not verify its mechanism, sign or experimental context.",pending,PMID:shin_14,,
edge:0158,LOCAL:protein:mouse:PPM1D,INHIBITS,LOCAL:protein:mouse:MAPK14,-1,ctx:mouse_BMM_RANKL_day3,PubMed,,quarantined,"Legacy claim; source registry resolution does not verify its mechanism, sign or experimental context.",pending,PMID:shin_14,,
edge:0159,LOCAL:protein:mouse:SREBF2,ACTIVATES,LOCAL:protein:mouse:IRF7,1,ctx:mouse_BMM_RANKL_day3,PubMed,,proposed,"Legacy claim; source registry resolution does not verify its mechanism, sign or experimental context.",pending,PMID:jin_14,,
edge:0160,LOCAL:protein:mouse:IRF7,INHIBITS,LOCAL:protein:mouse:NFATC1,-1,ctx:mouse_BMM_RANKL_day3,PubMed,,proposed,"Legacy claim; source registry resolution does not verify its mechanism, sign or experimental context.",pending,PMID:jin_14,,
edge:0161,LOCAL:protein:mouse:DNMT3A,INHIBITS,LOCAL:protein:mouse:IRF8,-1,ctx:mouse_BMM_RANKL_day3,PubMed,,quarantined,"Legacy claim; source registry resolution does not verify its mechanism, sign or experimental context.",pending,PMID:nishikawa_15,,
edge:0162,LOCAL:protein:mouse:DPY30,ACTIVATES,LOCAL:protein:mouse:NFATC1,1,ctx:mouse_BMM_RANKL_day3,PubMed,,quarantined,"Legacy claim; source registry resolution does not verify its mechanism, sign or experimental context.",pending,PMID:nishikawa_15,,
edge:0163,LOCAL:protein:mouse:ASXL1,REGULATES,LOCAL:protein:mouse:NFATC1,1,ctx:mouse_BMM_RANKL_day3,PubMed,,quarantined,"Legacy claim; source registry resolution does not verify its mechanism, sign or experimental context.",pending,PMID:nishikawa_15,,
edge:0164,LOCAL:protein:mouse:HDAC1,INHIBITS,LOCAL:protein:mouse:NFATC1,-1,ctx:mouse_BMM_RANKL_day3,PubMed,,quarantined,"Legacy claim; source registry resolution does not verify its mechanism, sign or experimental context.",pending,PMID:nishikawa_15,,
edge:0165,LOCAL:protein:mouse:HDAC2,ACTIVATES,PATHWAY:SYNCYTIUM,1,ctx:mouse_BMM_RANKL_day4,PubMed,,quarantined,"Legacy claim; source registry resolution does not verify its mechanism, sign or experimental context.",pending,PMID:mizoguchi_09,,
edge:0166,LOCAL:protein:mouse:HDAC5,ACTIVATES,PATHWAY:SYNCYTIUM,1,ctx:mouse_BMM_RANKL_day4,PubMed,,quarantined,"Legacy claim; source registry resolution does not verify its mechanism, sign or experimental context.",pending,PMID:mizoguchi_09,,
edge:0167,LOCAL:protein:mouse:SIRT1,INHIBITS,LOCAL:protein:mouse:RELA,-1,ctx:mouse_BMM_RANKL_day3,PubMed,,quarantined,"Legacy claim; source registry resolution does not verify its mechanism, sign or experimental context.",pending,PMID:nishikawa_15,,
edge:0168,LOCAL:protein:mouse:SIRT6,INHIBITS,LOCAL:protein:mouse:NFATC1,-1,ctx:mouse_BMM_RANKL_day3,PubMed,,quarantined,"Legacy claim; source registry resolution does not verify its mechanism, sign or experimental context.",pending,PMID:nishikawa_15,,
edge:0169,LOCAL:rna:mouse:mmu-miR-19a-3p,INHIBITS,LOCAL:protein:mouse:CYLD,-1,ctx:mouse_BMM_RANKL_day3,PubMed,,quarantined,"Legacy claim; source registry resolution does not verify its mechanism, sign or experimental context.",pending,PMID:kim_01,,
edge:0170,LOCAL:protein:mouse:CYLD,INHIBITS,LOCAL:protein:mouse:TRAF6,-1,ctx:mouse_BMM_RANKL_day3,PubMed,,quarantined,"Legacy claim; source registry resolution does not verify its mechanism, sign or experimental context.",pending,PMID:kim_01,,
edge:0171,LOCAL:rna:mouse:lncRNA_AW011738,INHIBITS,LOCAL:protein:mouse:TREM1,-1,ctx:mouse_BMM_RANKL_day3,PubMed,,proposed,"Legacy claim; source registry resolution does not verify its mechanism, sign or experimental context.",pending,PMID:li_17,,
edge:0172,LOCAL:protein:mouse:IL10,INHIBITS,LOCAL:protein:mouse:NFATC1,-1,ctx:mouse_BMM_RANKL_day1,PubMed,,quarantined,"Legacy claim; source registry resolution does not verify its mechanism, sign or experimental context.",pending,PMID:boyce_09,,
edge:0173,LOCAL:protein:mouse:IL4,INHIBITS,LOCAL:protein:mouse:NFATC1,-1,ctx:mouse_BMM_RANKL_day1,PubMed,,quarantined,"Legacy claim; source registry resolution does not verify its mechanism, sign or experimental context.",pending,PMID:boyce_09,,
edge:0174,CHEBI:15551,ACTIVATES,LOCAL:protein:mouse:TNFSF11,1,ctx:mouse_BMM_RANKL_day1,PubMed,,quarantined,"Legacy claim; source registry resolution does not verify its mechanism, sign or experimental context. Identity review v3: Affected legacy relation has no resolved supporting source; chemical identity repair cannot establish activation/inhibition. Substrate/product participation must not be inferred as activation.",pending,PMID:boyce_09,,
edge:0175,LOCAL:protein:mouse:SOST,ACTIVATES,LOCAL:protein:mouse:TNFSF11,1,ctx:mouse_BMM_RANKL_day1,PubMed,,quarantined,"Legacy claim; source registry resolution does not verify its mechanism, sign or experimental context.",pending,PMID:boyce_09,,
edge:0176,LOCAL:protein:mouse:CCN2,ACTIVATES,LOCAL:protein:mouse:NFATC1,1,ctx:mouse_BMM_RANKL_day1,PubMed,,quarantined,"Legacy claim; source registry resolution does not verify its mechanism, sign or experimental context.",pending,PMID:boyce_09,,
edge:0177,LOCAL:protein:mouse:CCN1,INHIBITS,LOCAL:protein:mouse:NFATC1,-1,ctx:mouse_BMM_RANKL_day1,PubMed,,quarantined,"Legacy claim; source registry resolution does not verify its mechanism, sign or experimental context.",pending,PMID:boyce_09,,
edge:0178,LOCAL:protein:mouse:NFATC1,ACTIVATES,LOCAL:protein:mouse:MMP2,1,ctx:mouse_BMM_RANKL_day4,PubMed,,quarantined,"Legacy claim; source registry resolution does not verify its mechanism, sign or experimental context.",pending,PMID:teitelbaum_07,,
edge:0179,LOCAL:protein:mouse:NFATC1,ACTIVATES,LOCAL:protein:mouse:MMP13,1,ctx:mouse_BMM_RANKL_day4,PubMed,,quarantined,"Legacy claim; source registry resolution does not verify its mechanism, sign or experimental context.",pending,PMID:teitelbaum_07,,
edge:0180,LOCAL:protein:mouse:MMP2,ACTIVATES,PATHWAY:BONE_RESORPTION,1,ctx:mouse_BMM_RANKL_day5,PubMed,,quarantined,"Legacy claim; source registry resolution does not verify its mechanism, sign or experimental context.",pending,PMID:teitelbaum_07,,
edge:0181,LOCAL:protein:mouse:MMP13,ACTIVATES,PATHWAY:BONE_RESORPTION,1,ctx:mouse_BMM_RANKL_day5,PubMed,,quarantined,"Legacy claim; source registry resolution does not verify its mechanism, sign or experimental context.",pending,PMID:teitelbaum_07,,
edge:0182,LOCAL:protein:mouse:TIMP1,INHIBITS,LOCAL:protein:mouse:MMP9,-1,ctx:mouse_BMM_RANKL_day4,PubMed,,quarantined,"Legacy claim; source registry resolution does not verify its mechanism, sign or experimental context.",pending,PMID:teitelbaum_07,,
edge:0183,LOCAL:protein:mouse:TIMP2,INHIBITS,LOCAL:protein:mouse:MMP2,-1,ctx:mouse_BMM_RANKL_day4,PubMed,,quarantined,"Legacy claim; source registry resolution does not verify its mechanism, sign or experimental context.",pending,PMID:teitelbaum_07,,
edge:0184,LOCAL:protein:mouse:TIMP2,INHIBITS,LOCAL:protein:mouse:MMP13,-1,ctx:mouse_BMM_RANKL_day4,PubMed,,quarantined,"Legacy claim; source registry resolution does not verify its mechanism, sign or experimental context.",pending,PMID:teitelbaum_07,,
edge:0185,LOCAL:protein:mouse:CST6,INHIBITS,LOCAL:protein:mouse:CTSK,-1,ctx:mouse_BMM_RANKL_day4,PubMed,,quarantined,"Legacy claim; source registry resolution does not verify its mechanism, sign or experimental context.",pending,PMID:teitelbaum_07,,
edge:0186,CHEBI:17240,INHIBITS,LOCAL:protein:mouse:SDHA,-1,ctx:mouse_RAW2647_RANKL_day2,PubMed,,quarantined,"Legacy claim; source registry resolution does not verify its mechanism, sign or experimental context. Identity review v3: Affected legacy relation has no resolved supporting source; chemical identity repair cannot establish activation/inhibition. Substrate/product participation must not be inferred as activation.",pending,PMID:sun_18,,
edge:0187,CHEBI:17240,INHIBITS,CHEBI:26523,-1,ctx:mouse_RAW2647_RANKL_day2,PubMed,,quarantined,"Legacy claim; source registry resolution does not verify its mechanism, sign or experimental context. Identity review v3: Affected legacy relation has no resolved supporting source; chemical identity repair cannot establish activation/inhibition. Substrate/product participation must not be inferred as activation.",pending,PMID:sun_18,,
edge:0188,CHEBI:26523,ACTIVATES,LOCAL:protein:mouse:MAP3K5,1,ctx:mouse_RAW2647_RANKL_day2,PubMed,,quarantined,"Legacy claim; source registry resolution does not verify its mechanism, sign or experimental context.",pending,PMID:wada_06,,
edge:0189,LOCAL:protein:mouse:MAP3K5,ACTIVATES,LOCAL:protein:mouse:MAP2K3,1,ctx:mouse_RAW2647_RANKL_day2,PubMed,,quarantined,"Legacy claim; source registry resolution does not verify its mechanism, sign or experimental context.",pending,PMID:wada_06,,
edge:0190,LOCAL:protein:mouse:MAP2K3,ACTIVATES,LOCAL:protein:mouse:MAPK14,1,ctx:mouse_RAW2647_RANKL_day2,PubMed,,quarantined,"Legacy claim; source registry resolution does not verify its mechanism, sign or experimental context.",pending,PMID:wada_06,,
edge:0191,LOCAL:protein:mouse:RAF1,ACTIVATES,LOCAL:protein:mouse:MAP2K1,1,ctx:mouse_RAW2647_RANKL_day2,PubMed,,quarantined,"Legacy claim; source registry resolution does not verify its mechanism, sign or experimental context.",pending,PMID:wada_06,,
edge:0192,LOCAL:protein:mouse:MAP2K1,ACTIVATES,LOCAL:protein:mouse:MAPK1,1,ctx:mouse_RAW2647_RANKL_day2,PubMed,,quarantined,"Legacy claim; source registry resolution does not verify its mechanism, sign or experimental context.",pending,PMID:wada_06,,
edge:0193,LOCAL:protein:mouse:HIF1A,ACTIVATES,LOCAL:protein:mouse:HK2,1,ctx:mouse_BMM_RANKL_day3,PubMed,,proposed,"Legacy claim; source registry resolution does not verify its mechanism, sign or experimental context.",pending,PMID:bozec_10,,
edge:0194,LOCAL:protein:mouse:HIF1A,ACTIVATES,LOCAL:protein:mouse:PFKFB3,1,ctx:mouse_BMM_RANKL_day3,PubMed,,proposed,"Legacy claim; source registry resolution does not verify its mechanism, sign or experimental context.",pending,PMID:bozec_10,,
edge:0195,LOCAL:protein:mouse:HIF1A,ACTIVATES,LOCAL:protein:mouse:LDHA,1,ctx:mouse_BMM_RANKL_day3,PubMed,,proposed,"Legacy claim; source registry resolution does not verify its mechanism, sign or experimental context.",pending,PMID:bozec_10,,
edge:0196,LOCAL:protein:mouse:IFNG,INHIBITS,LOCAL:protein:mouse:TRAF6,-1,ctx:mouse_BMM_RANKL_day1,PubMed,,quarantined,"Legacy claim; source registry resolution does not verify its mechanism, sign or experimental context.",pending,PMID:kim_01,,
edge:0197,LOCAL:protein:mouse:IKBKB,INHIBITS,LOCAL:protein:mouse:NFKBIA,-1,ctx:mouse_BMM_RANKL_day1,PubMed,,quarantined,"Legacy claim; source registry resolution does not verify its mechanism, sign or experimental context.",pending,PMID:kim_01,,
edge:0198,LOCAL:protein:mouse:NFKBIA,INHIBITS,LOCAL:protein:mouse:RELA,-1,ctx:mouse_BMM_RANKL_day1,PubMed,,quarantined,"Legacy claim; source registry resolution does not verify its mechanism, sign or experimental context.",pending,PMID:kim_01,,
edge:0199,LOCAL:protein:mouse:MAP3K1,ACTIVATES,LOCAL:protein:mouse:MAP2K4,1,ctx:mouse_RAW2647_RANKL_day2,PubMed,,quarantined,"Legacy claim; source registry resolution does not verify its mechanism, sign or experimental context.",pending,PMID:wada_06,,
edge:0200,LOCAL:protein:mouse:REL,ACTIVATES,PATHWAY:OSTEOCLAST_DIFFERENTIATION,1,ctx:mouse_BMM_RANKL_day1,PubMed,,quarantined,"Legacy claim; source registry resolution does not verify its mechanism, sign or experimental context.",pending,PMID:boyce_09,,
edge:0201,CHEBI:17234,ACTIVATES,LOCAL:protein:mouse:HK2,1,ctx:mouse_BMM_RANKL_day3,PubMed,,proposed,"Legacy claim; source registry resolution does not verify its mechanism, sign or experimental context.",pending,PMID:chu_01,,
edge:0202,CHEBI:14314,ACTIVATES,LOCAL:protein:mouse:GPI,1,ctx:mouse_BMM_RANKL_day3,PubMed,,proposed,"Legacy claim; source registry resolution does not verify its mechanism, sign or experimental context.",pending,PMID:chu_01,,
edge:0203,CHEBI:15946,ACTIVATES,LOCAL:protein:mouse:PFKFB3,1,ctx:mouse_BMM_RANKL_day3,PubMed,,proposed,"Legacy claim; source registry resolution does not verify its mechanism, sign or experimental context.",pending,PMID:chu_01,,
edge:0204,CHEBI:15946,ACTIVATES,LOCAL:protein:mouse:PFKM,1,ctx:mouse_BMM_RANKL_day3,PubMed,,proposed,"Legacy claim; source registry resolution does not verify its mechanism, sign or experimental context.",pending,PMID:chu_01,,
edge:0205,CHEBI:16905,ACTIVATES,LOCAL:protein:mouse:ALDOA,1,ctx:mouse_BMM_RANKL_day3,PubMed,,proposed,"Legacy claim; source registry resolution does not verify its mechanism, sign or experimental context.",pending,PMID:chu_01,,
edge:0206,CHEBI:17138,ACTIVATES,LOCAL:protein:mouse:GAPDH,1,ctx:mouse_BMM_RANKL_day3,PubMed,,proposed,"Legacy claim; source registry resolution does not verify its mechanism, sign or experimental context.",pending,PMID:chu_01,,
edge:0207,CHEBI:16001,ACTIVATES,LOCAL:protein:mouse:PGK1,1,ctx:mouse_BMM_RANKL_day3,PubMed,,proposed,"Legacy claim; source registry resolution does not verify its mechanism, sign or experimental context.",pending,PMID:chu_01,,
edge:0208,CHEBI:17794,ACTIVATES,LOCAL:protein:mouse:PGAM1,1,ctx:mouse_BMM_RANKL_day3,PubMed,,proposed,"Legacy claim; source registry resolution does not verify its mechanism, sign or experimental context.",pending,PMID:chu_01,,
edge:0209,CHEBI:17835,ACTIVATES,LOCAL:protein:mouse:ENO1,1,ctx:mouse_BMM_RANKL_day3,PubMed,,proposed,"Legacy claim; source registry resolution does not verify its mechanism, sign or experimental context.",pending,PMID:chu_01,,
edge:0210,CHEBI:18021,ACTIVATES,LOCAL:protein:mouse:PKM,1,ctx:mouse_BMM_RANKL_day3,PubMed,,proposed,"Legacy claim; source registry resolution does not verify its mechanism, sign or experimental context.",pending,PMID:chu_01,,
edge:0211,CHEBI:32816,ACTIVATES,LOCAL:protein:mouse:LDHA,1,ctx:mouse_BMM_RANKL_day3,PubMed,,proposed,"Legacy claim; source registry resolution does not verify its mechanism, sign or experimental context.",pending,PMID:chu_01,,
edge:0212,CHEBI:16651,TRANSPORTS,PATHWAY:RESORPTION_LACUNA,1,ctx:mouse_BMM_RANKL_day5,PubMed,,quarantined,"Legacy claim; source registry resolution does not verify its mechanism, sign or experimental context.",pending,PMID:teitelbaum_07,,
edge:0213,CHEBI:17794,ACTIVATES,LOCAL:protein:mouse:PHGDH,1,ctx:mouse_BMM_RANKL_day3,PubMed,,quarantined,"Legacy claim; source registry resolution does not verify its mechanism, sign or experimental context.",pending,PMID:stegen_01,,
edge:0214,LOCAL:protein:mouse:PHGDH,ACTIVATES,LOCAL:protein:mouse:PSAT1,1,ctx:mouse_BMM_RANKL_day3,PubMed,,quarantined,"Legacy claim; source registry resolution does not verify its mechanism, sign or experimental context.",pending,PMID:stegen_01,,
edge:0215,LOCAL:protein:mouse:PSAT1,ACTIVATES,LOCAL:protein:mouse:PSPH,1,ctx:mouse_BMM_RANKL_day3,PubMed,,quarantined,"Legacy claim; source registry resolution does not verify its mechanism, sign or experimental context.",pending,PMID:stegen_01,,
edge:0216,LOCAL:protein:mouse:PSPH,ACTIVATES,CHEBI:17115,1,ctx:mouse_BMM_RANKL_day3,PubMed,,quarantined,"Legacy claim; source registry resolution does not verify its mechanism, sign or experimental context.",pending,PMID:stegen_01,,
edge:0217,LOCAL:protein:mouse:PSAT1,REGULATES,CHEBI:30915,1,ctx:stegen2024_BMMC_day3,pubmed,PMID:38200114,proposed,"PSAT1 silencing lowered the intracellular alpha-ketoglutarate pool. This supports a positive contribution to pool abundance, without specifying a complete reaction or protonation state. Proposed/non-scoring until measured pool identity is resolved against CHEBI acid/anion representation.",reviewed,PMID:stegen_01,,
edge:0218,CHEBI:18050,ACTIVATES,LOCAL:protein:mouse:GLS,1,ctx:mouse_BMM_RANKL_day3,PubMed,,quarantined,"Legacy claim; source registry resolution does not verify its mechanism, sign or experimental context.",pending,PMID:stegen_01,,
edge:0219,CHEBI:32816,ACTIVATES,LOCAL:protein:mouse:PC,1,ctx:mouse_BMM_RANKL_day3,PubMed,,quarantined,"Legacy claim; source registry resolution does not verify its mechanism, sign or experimental context.",pending,PMID:stegen_01,,
edge:0220,LOCAL:protein:mouse:PC,ACTIVATES,CHEBI:16452,1,ctx:mouse_BMM_RANKL_day3,PubMed,,quarantined,"Legacy claim; source registry resolution does not verify its mechanism, sign or experimental context.",pending,PMID:stegen_01,,
edge:0221,CHEBI:32816,ACTIVATES,LOCAL:protein:mouse:PDHA1,1,ctx:mouse_BMM_RANKL_day3,PubMed,,quarantined,"Legacy claim; source registry resolution does not verify its mechanism, sign or experimental context.",pending,PMID:stegen_01,,
edge:0222,LOCAL:protein:mouse:PDHA1,ACTIVATES,CHEBI:15351,1,ctx:mouse_BMM_RANKL_day3,PubMed,,quarantined,"Legacy claim; source registry resolution does not verify its mechanism, sign or experimental context.",pending,PMID:stegen_01,,
edge:0223,CHEBI:15351,ACTIVATES,LOCAL:protein:mouse:CS,1,ctx:mouse_BMM_RANKL_day3,PubMed,,quarantined,"Legacy claim; source registry resolution does not verify its mechanism, sign or experimental context.",pending,PMID:stegen_01,,
edge:0224,CHEBI:16452,ACTIVATES,LOCAL:protein:mouse:CS,1,ctx:mouse_BMM_RANKL_day3,PubMed,,quarantined,"Legacy claim; source registry resolution does not verify its mechanism, sign or experimental context.",pending,PMID:stegen_01,,
edge:0225,LOCAL:protein:mouse:CS,ACTIVATES,CHEBI:16947,1,ctx:mouse_BMM_RANKL_day3,PubMed,,quarantined,"Legacy claim; source registry resolution does not verify its mechanism, sign or experimental context.",pending,PMID:stegen_01,,
edge:0226,CHEBI:16947,ACTIVATES,LOCAL:protein:mouse:ACO2,1,ctx:mouse_BMM_RANKL_day3,PubMed,,quarantined,"Legacy claim; source registry resolution does not verify its mechanism, sign or experimental context.",pending,PMID:stegen_01,,
edge:0227,LOCAL:protein:mouse:ACO2,ACTIVATES,CHEBI:16383,1,ctx:mouse_BMM_RANKL_day3,PubMed,,quarantined,"Legacy claim; source registry resolution does not verify its mechanism, sign or experimental context. Identity review v3: Affected legacy relation has no resolved supporting source; chemical identity repair cannot establish activation/inhibition. Substrate/product participation must not be inferred as activation.",pending,PMID:stegen_01,,
edge:0228,CHEBI:16383,ACTIVATES,LOCAL:protein:mouse:ACO2,1,ctx:mouse_BMM_RANKL_day3,PubMed,,quarantined,"Legacy claim; source registry resolution does not verify its mechanism, sign or experimental context. Identity review v3: Affected legacy relation has no resolved supporting source; chemical identity repair cannot establish activation/inhibition. Substrate/product participation must not be inferred as activation.",pending,PMID:stegen_01,,
edge:0229,LOCAL:protein:mouse:ACO2,ACTIVATES,CHEBI:30887,1,ctx:mouse_BMM_RANKL_day3,PubMed,,quarantined,"Legacy claim; source registry resolution does not verify its mechanism, sign or experimental context.",pending,PMID:stegen_01,,
edge:0230,CHEBI:30887,ACTIVATES,LOCAL:protein:mouse:IDH2,1,ctx:mouse_BMM_RANKL_day3,PubMed,,quarantined,"Legacy claim; source registry resolution does not verify its mechanism, sign or experimental context.",pending,PMID:stegen_01,,
edge:0231,LOCAL:protein:mouse:IDH2,ACTIVATES,CHEBI:30915,1,ctx:mouse_BMM_RANKL_day3,PubMed,,quarantined,"Legacy claim; source registry resolution does not verify its mechanism, sign or experimental context.",pending,PMID:stegen_01,,
edge:0232,CHEBI:16383,ACTIVATES,LOCAL:protein:mouse:ACOD1,1,ctx:mouse_RAW2647_RANKL_day2,PubMed,,quarantined,"Legacy claim; source registry resolution does not verify its mechanism, sign or experimental context. Identity review v3: Affected legacy relation has no resolved supporting source; chemical identity repair cannot establish activation/inhibition. Substrate/product participation must not be inferred as activation.",pending,PMID:sun_18,,
edge:0233,LOCAL:protein:mouse:ACOD1,ACTIVATES,CHEBI:17240,1,ctx:mouse_RAW2647_RANKL_day2,PubMed,,quarantined,"Legacy claim; source registry resolution does not verify its mechanism, sign or experimental context. Identity review v3: Affected legacy relation has no resolved supporting source; chemical identity repair cannot establish activation/inhibition. Substrate/product participation must not be inferred as activation.",pending,PMID:sun_18,,
edge:0234,CHEBI:30915,ACTIVATES,LOCAL:protein:mouse:OGDH,1,ctx:mouse_BMM_RANKL_day3,PubMed,,quarantined,"Legacy claim; source registry resolution does not verify its mechanism, sign or experimental context.",pending,PMID:stegen_01,,
edge:0235,LOCAL:protein:mouse:OGDH,ACTIVATES,CHEBI:15380,1,ctx:mouse_BMM_RANKL_day3,PubMed,,quarantined,"Legacy claim; source registry resolution does not verify its mechanism, sign or experimental context.",pending,PMID:stegen_01,,
edge:0236,CHEBI:15380,ACTIVATES,LOCAL:protein:mouse:SUCLG1,1,ctx:mouse_BMM_RANKL_day3,PubMed,,quarantined,"Legacy claim; source registry resolution does not verify its mechanism, sign or experimental context.",pending,PMID:stegen_01,,
edge:0237,LOCAL:protein:mouse:SUCLG1,ACTIVATES,CHEBI:15741,1,ctx:mouse_BMM_RANKL_day3,PubMed,,quarantined,"Legacy claim; source registry resolution does not verify its mechanism, sign or experimental context.",pending,PMID:stegen_01,,
edge:0238,CHEBI:15741,ACTIVATES,LOCAL:protein:mouse:SDHA,1,ctx:mouse_BMM_RANKL_day3,PubMed,,proposed,"Legacy claim; source registry resolution does not verify its mechanism, sign or experimental context.",pending,PMID:sun_18,,
edge:0239,LOCAL:protein:mouse:SDHA,ACTIVATES,CHEBI:18012,1,ctx:mouse_BMM_RANKL_day3,PubMed,,proposed,"Legacy claim; source registry resolution does not verify its mechanism, sign or experimental context.",pending,PMID:sun_18,,
edge:0240,CHEBI:18012,ACTIVATES,LOCAL:protein:mouse:FH,1,ctx:mouse_BMM_RANKL_day3,PubMed,,quarantined,"Legacy claim; source registry resolution does not verify its mechanism, sign or experimental context.",pending,PMID:stegen_01,,
edge:0241,LOCAL:protein:mouse:FH,ACTIVATES,CHEBI:15589,1,ctx:mouse_BMM_RANKL_day3,PubMed,,quarantined,"Legacy claim; source registry resolution does not verify its mechanism, sign or experimental context.",pending,PMID:stegen_01,,
edge:0242,CHEBI:15589,ACTIVATES,LOCAL:protein:mouse:MDH2,1,ctx:mouse_BMM_RANKL_day3,PubMed,,quarantined,"Legacy claim; source registry resolution does not verify its mechanism, sign or experimental context.",pending,PMID:stegen_01,,
edge:0243,LOCAL:protein:mouse:MDH2,ACTIVATES,CHEBI:16452,1,ctx:mouse_BMM_RANKL_day3,PubMed,,quarantined,"Legacy claim; source registry resolution does not verify its mechanism, sign or experimental context.",pending,PMID:stegen_01,,
edge:0244,CHEBI:15351,ACTIVATES,LOCAL:protein:mouse:EP300,1,ctx:mouse_BMM_RANKL_day3,PubMed,,quarantined,"Legacy claim; source registry resolution does not verify its mechanism, sign or experimental context.",pending,PMID:stegen_01,,
edge:0245,LOCAL:protein:mouse:EP300,ACTIVATES,RXN:CHROMATIN_H3K9ac_H3K27ac_promoters,1,ctx:mouse_BMM_RANKL_day3,PubMed,,quarantined,"Legacy claim; source registry resolution does not verify its mechanism, sign or experimental context.",pending,PMID:stegen_01,,
edge:0246,RXN:CHROMATIN_H3K9ac_H3K27ac_promoters,ACTIVATES,LOCAL:rna:mouse:Nfatc1,1,ctx:mouse_BMM_RANKL_day3,PubMed,,quarantined,"Legacy claim; source registry resolution does not verify its mechanism, sign or experimental context.",pending,PMID:stegen_01,,
edge:0247,CHEBI:30915,ACTIVATES,LOCAL:protein:mouse:TET2,1,ctx:mouse_BMM_RANKL_day3,PubMed,,quarantined,"Legacy claim; source registry resolution does not verify its mechanism, sign or experimental context.",pending,PMID:stegen_01,,
edge:0249,CHEBI:29108,ACTIVATES,LOCAL:protein:mouse:CALM1,1,ctx:mouse_BMM_RANKL_day1,PubMed,,quarantined,"Legacy claim; source registry resolution does not verify its mechanism, sign or experimental context.",pending,PMID:koga_04,,
edge:0250,LOCAL:protein:mouse:CALM1,ACTIVATES,LOCAL:protein:mouse:PPP3CA,1,ctx:mouse_BMM_RANKL_day1,PubMed,,quarantined,"Legacy claim; source registry resolution does not verify its mechanism, sign or experimental context.",pending,PMID:koga_04,,
edge:0251,LOCAL:protein:mouse:CALM1,ACTIVATES,LOCAL:protein:mouse:CAMK4,1,ctx:mouse_BMM_RANKL_day1,PubMed,,quarantined,"Legacy claim; source registry resolution does not verify its mechanism, sign or experimental context.",pending,PMID:koga_04,,
edge:0252,LOCAL:protein:mouse:CAMK4,ACTIVATES,LOCAL:protein:mouse:CREB1,1,ctx:mouse_BMM_RANKL_day1,PubMed,,quarantined,"Legacy claim; source registry resolution does not verify its mechanism, sign or experimental context.",pending,PMID:koga_04,,
edge:0253,LOCAL:protein:mouse:CA2,ACTIVATES,CHEBI:15378,1,ctx:mouse_BMM_RANKL_day4,PubMed,,quarantined,"Legacy claim; source registry resolution does not verify its mechanism, sign or experimental context. Identity review v3: Affected legacy relation has no resolved supporting source; chemical identity repair cannot establish activation/inhibition. Substrate/product participation must not be inferred as activation.",pending,PMID:teitelbaum_07,,
edge:0254,CHEBI:15378,ACTIVATES,LOCAL:protein:mouse:TCIRG1,1,ctx:mouse_BMM_RANKL_day4,PubMed,,quarantined,"Legacy claim; source registry resolution does not verify its mechanism, sign or experimental context. Identity review v3: Affected legacy relation has no resolved supporting source; chemical identity repair cannot establish activation/inhibition. Substrate/product participation must not be inferred as activation.",pending,PMID:teitelbaum_07,,
edge:0256,CHEBI:17996,ACTIVATES,LOCAL:protein:mouse:CLCN7,1,ctx:mouse_BMM_RANKL_day4,PubMed,,quarantined,"Legacy claim; source registry resolution does not verify its mechanism, sign or experimental context.",pending,PMID:teitelbaum_07,,
edge:0258,LOCAL:protein:mouse:TRAF6,ACTIVATES,LOCAL:protein:mouse:MAP3K7,1,ctx:mouse_BMM_RANKL_day1,PubMed,,quarantined,"Legacy claim; source registry resolution does not verify its mechanism, sign or experimental context.",pending,PMID:kim_01,,
edge:0259,LOCAL:protein:mouse:MAP3K7,ACTIVATES,LOCAL:protein:mouse:TAB1,1,ctx:mouse_BMM_RANKL_day1,PubMed,,quarantined,"Legacy claim; source registry resolution does not verify its mechanism, sign or experimental context.",pending,PMID:kim_01,,
edge:0260,LOCAL:protein:mouse:MAP3K7,ACTIVATES,LOCAL:protein:mouse:TAB2,1,ctx:mouse_BMM_RANKL_day1,PubMed,,quarantined,"Legacy claim; source registry resolution does not verify its mechanism, sign or experimental context.",pending,PMID:kim_01,,
edge:0261,LOCAL:protein:mouse:MAP3K7,ACTIVATES,LOCAL:protein:mouse:CHUK,1,ctx:mouse_BMM_RANKL_day1,PubMed,,quarantined,"Legacy claim; source registry resolution does not verify its mechanism, sign or experimental context.",pending,PMID:kim_01,,
edge:0262,LOCAL:protein:mouse:MAP3K7,ACTIVATES,LOCAL:protein:mouse:IKBKB,1,ctx:mouse_BMM_RANKL_day1,PubMed,,quarantined,"Legacy claim; source registry resolution does not verify its mechanism, sign or experimental context.",pending,PMID:kim_01,,
edge:0263,LOCAL:protein:mouse:IKBKG,ACTIVATES,LOCAL:protein:mouse:IKBKB,1,ctx:mouse_BMM_RANKL_day1,PubMed,,quarantined,"Legacy claim; source registry resolution does not verify its mechanism, sign or experimental context.",pending,PMID:kim_01,,
edge:0264,LOCAL:protein:mouse:IKBKB,ACTIVATES,LOCAL:protein:mouse:RELA,1,ctx:mouse_BMM_RANKL_day1,PubMed,,quarantined,"Legacy claim; source registry resolution does not verify its mechanism, sign or experimental context.",pending,PMID:kim_01,,
edge:0266,LOCAL:protein:mouse:RELA,ACTIVATES,LOCAL:rna:mouse:Nfatc1,1,ctx:mouse_BMM_RANKL_day1,PubMed,,quarantined,"Legacy claim; source registry resolution does not verify its mechanism, sign or experimental context.",pending,PMID:kim_01,,
edge:0267,LOCAL:protein:mouse:NFKB1,ACTIVATES,LOCAL:rna:mouse:Nfatc1,1,ctx:mouse_BMM_RANKL_day1,PubMed,,quarantined,"Legacy claim; source registry resolution does not verify its mechanism, sign or experimental context.",pending,PMID:kim_01,,
edge:0268,LOCAL:rna:mouse:Nfatc1,TRANSLATED_TO,LOCAL:protein:mouse:NFATC1,1,ctx:mouse_BMM_RANKL_day1,PubMed,,quarantined,"Legacy claim; source registry resolution does not verify its mechanism, sign or experimental context.",pending,PMID:kim_01,,
edge:0269,LOCAL:protein:mouse:TNFRSF11A,ACTIVATES,LOCAL:protein:mouse:TRAF3,1,ctx:mouse_BMM_RANKL_day1,PubMed,,quarantined,"Legacy claim; source registry resolution does not verify its mechanism, sign or experimental context.",pending,PMID:kim_01,,
edge:0270,LOCAL:protein:mouse:TRAF3,REGULATES,LOCAL:protein:mouse:MAP3K14,1,ctx:mouse_BMM_RANKL_day1,PubMed,,quarantined,"Legacy claim; source registry resolution does not verify its mechanism, sign or experimental context.",pending,PMID:kim_01,,
edge:0271,LOCAL:protein:mouse:MAP3K14,ACTIVATES,LOCAL:protein:mouse:CHUK,1,ctx:mouse_BMM_RANKL_day1,PubMed,,quarantined,"Legacy claim; source registry resolution does not verify its mechanism, sign or experimental context.",pending,PMID:kim_01,,
edge:0272,LOCAL:protein:mouse:CHUK,ACTIVATES,LOCAL:protein:mouse:NFKB2,1,ctx:mouse_BMM_RANKL_day1,PubMed,,quarantined,"Legacy claim; source registry resolution does not verify its mechanism, sign or experimental context.",pending,PMID:kim_01,,
edge:0273,LOCAL:protein:mouse:NFKB2,ACTIVATES,LOCAL:protein:mouse:RELB,1,ctx:mouse_BMM_RANKL_day1,PubMed,,quarantined,"Legacy claim; source registry resolution does not verify its mechanism, sign or experimental context.",pending,PMID:kim_01,,
edge:0274,LOCAL:protein:mouse:RELB,ACTIVATES,LOCAL:rna:mouse:Nfatc1,1,ctx:mouse_BMM_RANKL_day1,PubMed,,quarantined,"Legacy claim; source registry resolution does not verify its mechanism, sign or experimental context.",pending,PMID:kim_01,,
edge:0275,LOCAL:protein:mouse:TRAF6,ACTIVATES,LOCAL:protein:mouse:MAP3K5,1,ctx:mouse_RAW2647_RANKL_day2,PubMed,,quarantined,"Legacy claim; source registry resolution does not verify its mechanism, sign or experimental context.",pending,PMID:wada_06,,
edge:0276,LOCAL:protein:mouse:MAP3K5,ACTIVATES,LOCAL:protein:mouse:MAP2K6,1,ctx:mouse_RAW2647_RANKL_day2,PubMed,,quarantined,"Legacy claim; source registry resolution does not verify its mechanism, sign or experimental context.",pending,PMID:wada_06,,
edge:0277,LOCAL:protein:mouse:MAP2K6,ACTIVATES,LOCAL:protein:mouse:MAPK14,1,ctx:mouse_RAW2647_RANKL_day2,PubMed,,quarantined,"Legacy claim; source registry resolution does not verify its mechanism, sign or experimental context.",pending,PMID:wada_06,,
edge:0278,LOCAL:protein:mouse:MAP2K3,ACTIVATES,LOCAL:protein:mouse:MAPK11,1,ctx:mouse_RAW2647_RANKL_day2,PubMed,,quarantined,"Legacy claim; source registry resolution does not verify its mechanism, sign or experimental context.",pending,PMID:wada_06,,
edge:0279,LOCAL:protein:mouse:MAP2K6,ACTIVATES,LOCAL:protein:mouse:MAPK12,1,ctx:mouse_RAW2647_RANKL_day2,PubMed,,quarantined,"Legacy claim; source registry resolution does not verify its mechanism, sign or experimental context.",pending,PMID:wada_06,,
edge:0280,LOCAL:protein:mouse:MAP2K6,ACTIVATES,LOCAL:protein:mouse:MAPK13,1,ctx:mouse_RAW2647_RANKL_day2,PubMed,,quarantined,"Legacy claim; source registry resolution does not verify its mechanism, sign or experimental context.",pending,PMID:wada_06,,
edge:0281,LOCAL:protein:mouse:MAPK14,ACTIVATES,LOCAL:protein:mouse:CREB1,1,ctx:mouse_BMM_RANKL_day1,PubMed,,quarantined,"Legacy claim; source registry resolution does not verify its mechanism, sign or experimental context.",pending,PMID:asagiri_05,,
edge:0282,LOCAL:protein:mouse:CREB1,ACTIVATES,LOCAL:protein:mouse:FOS,1,ctx:mouse_BMM_RANKL_day1,PubMed,,quarantined,"Legacy claim; source registry resolution does not verify its mechanism, sign or experimental context.",pending,PMID:asagiri_05,,
edge:0283,LOCAL:protein:mouse:FOS,ACTIVATES,LOCAL:protein:mouse:JUN,1,ctx:mouse_BMM_RANKL_day1,PubMed,,quarantined,"Legacy claim; source registry resolution does not verify its mechanism, sign or experimental context.",pending,PMID:asagiri_05,,
edge:0284,LOCAL:protein:mouse:JUN,ACTIVATES,LOCAL:rna:mouse:Nfatc1,1,ctx:mouse_BMM_RANKL_day1,PubMed,,quarantined,"Legacy claim; source registry resolution does not verify its mechanism, sign or experimental context.",pending,PMID:asagiri_05,,
edge:0285,LOCAL:protein:mouse:TRAF6,ACTIVATES,LOCAL:protein:mouse:MAP3K1,1,ctx:mouse_RAW2647_RANKL_day2,PubMed,,quarantined,"Legacy claim; source registry resolution does not verify its mechanism, sign or experimental context.",pending,PMID:wada_06,,
edge:0286,LOCAL:protein:mouse:MAP3K1,ACTIVATES,LOCAL:protein:mouse:MAP2K7,1,ctx:mouse_RAW2647_RANKL_day2,PubMed,,quarantined,"Legacy claim; source registry resolution does not verify its mechanism, sign or experimental context.",pending,PMID:wada_06,,
edge:0287,LOCAL:protein:mouse:MAP2K4,ACTIVATES,LOCAL:protein:mouse:MAPK8,1,ctx:mouse_RAW2647_RANKL_day2,PubMed,,quarantined,"Legacy claim; source registry resolution does not verify its mechanism, sign or experimental context.",pending,PMID:wada_06,,
edge:0288,LOCAL:protein:mouse:MAP2K7,ACTIVATES,LOCAL:protein:mouse:MAPK8,1,ctx:mouse_RAW2647_RANKL_day2,PubMed,,quarantined,"Legacy claim; source registry resolution does not verify its mechanism, sign or experimental context.",pending,PMID:wada_06,,
edge:0289,LOCAL:protein:mouse:MAP2K4,ACTIVATES,LOCAL:protein:mouse:MAPK9,1,ctx:mouse_RAW2647_RANKL_day2,PubMed,,quarantined,"Legacy claim; source registry resolution does not verify its mechanism, sign or experimental context.",pending,PMID:wada_06,,
edge:0290,LOCAL:protein:mouse:MAP2K7,ACTIVATES,LOCAL:protein:mouse:MAPK10,1,ctx:mouse_RAW2647_RANKL_day2,PubMed,,quarantined,"Legacy claim; source registry resolution does not verify its mechanism, sign or experimental context.",pending,PMID:wada_06,,
edge:0291,LOCAL:protein:mouse:MAPK8,ACTIVATES,LOCAL:protein:mouse:JUN,1,ctx:mouse_RAW2647_RANKL_day2,PubMed,,quarantined,"Legacy claim; source registry resolution does not verify its mechanism, sign or experimental context.",pending,PMID:wada_06,,
edge:0292,LOCAL:protein:mouse:CSF1R,ACTIVATES,LOCAL:protein:mouse:RAF1,1,ctx:mouse_BMM_RANKL_day1,PubMed,,quarantined,"Legacy claim; source registry resolution does not verify its mechanism, sign or experimental context.",pending,PMID:boyce_15,,
edge:0293,LOCAL:protein:mouse:RAF1,ACTIVATES,LOCAL:protein:mouse:MAP2K2,1,ctx:mouse_BMM_RANKL_day1,PubMed,,quarantined,"Legacy claim; source registry resolution does not verify its mechanism, sign or experimental context.",pending,PMID:boyce_15,,
edge:0294,LOCAL:protein:mouse:MAP2K2,ACTIVATES,LOCAL:protein:mouse:MAPK3,1,ctx:mouse_BMM_RANKL_day1,PubMed,,quarantined,"Legacy claim; source registry resolution does not verify its mechanism, sign or experimental context.",pending,PMID:boyce_15,,
edge:0295,LOCAL:protein:mouse:MAPK1,ACTIVATES,LOCAL:protein:mouse:FOS,1,ctx:mouse_BMM_RANKL_day1,PubMed,,quarantined,"Legacy claim; source registry resolution does not verify its mechanism, sign or experimental context.",pending,PMID:boyce_15,,
edge:0298,LOCAL:protein:mouse:SYK,ACTIVATES,LOCAL:protein:mouse:LCP2,1,ctx:mouse_BMM_RANKL_day1,PubMed,,quarantined,"Legacy claim; source registry resolution does not verify its mechanism, sign or experimental context.",pending,PMID:koga_04,,
edge:0299,LOCAL:protein:mouse:LCP2,ACTIVATES,LOCAL:protein:mouse:BTK,1,ctx:mouse_BMM_RANKL_day1,PubMed,,quarantined,"Legacy claim; source registry resolution does not verify its mechanism, sign or experimental context.",pending,PMID:koga_04,,
edge:0300,LOCAL:protein:mouse:LCP2,ACTIVATES,LOCAL:protein:mouse:TEC,1,ctx:mouse_BMM_RANKL_day1,PubMed,,quarantined,"Legacy claim; source registry resolution does not verify its mechanism, sign or experimental context.",pending,PMID:koga_04,,
edge:0302,LOCAL:protein:mouse:SPI1,ACTIVATES,LOCAL:protein:mouse:MITF,1,ctx:mouse_BMM_RANKL_day1,PubMed,,quarantined,"Legacy claim; source registry resolution does not verify its mechanism, sign or experimental context.",pending,PMID:kim_01,,
edge:0303,LOCAL:protein:mouse:MITF,ACTIVATES,LOCAL:protein:mouse:TFE3,1,ctx:mouse_BMM_RANKL_day1,PubMed,,quarantined,"Legacy claim; source registry resolution does not verify its mechanism, sign or experimental context.",pending,PMID:kim_01,,
edge:0304,LOCAL:protein:mouse:MITF,ACTIVATES,LOCAL:rna:mouse:Acp5,1,ctx:mouse_BMM_RANKL_day1,PubMed,,quarantined,"Legacy claim; source registry resolution does not verify its mechanism, sign or experimental context.",pending,PMID:takayanagi_02,,
edge:0305,LOCAL:protein:mouse:MITF,ACTIVATES,LOCAL:rna:mouse:Ctsk,1,ctx:mouse_BMM_RANKL_day1,PubMed,,quarantined,"Legacy claim; source registry resolution does not verify its mechanism, sign or experimental context.",pending,PMID:takayanagi_02,,
edge:0306,LOCAL:protein:mouse:SPI1,ACTIVATES,LOCAL:protein:mouse:EP300,1,ctx:mouse_BMM_RANKL_day1,PubMed,,quarantined,"Legacy claim; source registry resolution does not verify its mechanism, sign or experimental context.",pending,PMID:kim_01,,
edge:0313,LOCAL:protein:mouse:DCSTAMP,ACTIVATES,LOCAL:protein:mouse:CD9,1,ctx:mouse_BMM_RANKL_day4,PubMed,,quarantined,"Legacy claim; source registry resolution does not verify its mechanism, sign or experimental context.",pending,PMID:mizoguchi_09,,
edge:0314,LOCAL:protein:mouse:DCSTAMP,ACTIVATES,LOCAL:protein:mouse:CD47,1,ctx:mouse_BMM_RANKL_day4,PubMed,,quarantined,"Legacy claim; source registry resolution does not verify its mechanism, sign or experimental context.",pending,PMID:mizoguchi_09,,
edge:0315,LOCAL:protein:mouse:CD9,PART_OF,PATHWAY:SYNCYTIUM,1,ctx:mouse_BMM_RANKL_day4,PubMed,,quarantined,"Legacy claim; source registry resolution does not verify its mechanism, sign or experimental context.",pending,PMID:mizoguchi_09,,
edge:0316,LOCAL:protein:mouse:CD47,PART_OF,PATHWAY:SYNCYTIUM,1,ctx:mouse_BMM_RANKL_day4,PubMed,,quarantined,"Legacy claim; source registry resolution does not verify its mechanism, sign or experimental context.",pending,PMID:mizoguchi_09,,
edge:0317,LOCAL:protein:mouse:TCIRG1,PART_OF,PATHWAY:RUFFLED_BORDER,1,ctx:mouse_BMM_RANKL_day4,PubMed,,quarantined,"Legacy claim; source registry resolution does not verify its mechanism, sign or experimental context.",pending,PMID:teitelbaum_07,,
edge:0318,LOCAL:protein:mouse:ATP6V1C1,PART_OF,PATHWAY:RUFFLED_BORDER,1,ctx:mouse_BMM_RANKL_day4,PubMed,,quarantined,"Legacy claim; source registry resolution does not verify its mechanism, sign or experimental context.",pending,PMID:teitelbaum_07,,
edge:0319,LOCAL:protein:mouse:ATP6AP1,PART_OF,PATHWAY:RUFFLED_BORDER,1,ctx:mouse_BMM_RANKL_day4,PubMed,,quarantined,"Legacy claim; source registry resolution does not verify its mechanism, sign or experimental context.",pending,PMID:teitelbaum_07,,
edge:0320,LOCAL:protein:mouse:ATP6V0D2,PART_OF,PATHWAY:RUFFLED_BORDER,1,ctx:mouse_BMM_RANKL_day4,PubMed,,quarantined,"Legacy claim; source registry resolution does not verify its mechanism, sign or experimental context.",pending,PMID:teitelbaum_07,,
edge:0321,PATHWAY:RUFFLED_BORDER,TRANSPORTS,PATHWAY:RESORPTION_LACUNA,1,ctx:mouse_BMM_RANKL_day5,PubMed,,quarantined,"Legacy claim; source registry resolution does not verify its mechanism, sign or experimental context.",pending,PMID:teitelbaum_07,,
edge:0323,LOCAL:protein:mouse:CBL,REGULATES,LOCAL:protein:mouse:SRC,1,ctx:mouse_BMM_RANKL_day3,PubMed,,quarantined,"Legacy claim; source registry resolution does not verify its mechanism, sign or experimental context.",pending,PMID:teitelbaum_07,,
edge:0324,LOCAL:protein:mouse:CCL2,ACTIVATES,PATHWAY:MONOCYTE_BMM_PRECURSOR,1,ctx:mouse_BMM_RANKL_day1,PubMed,,quarantined,"Legacy claim; source registry resolution does not verify its mechanism, sign or experimental context.",pending,PMID:boyce_09,,
edge:0325,LOCAL:protein:mouse:CCL3,ACTIVATES,PATHWAY:MONOCYTE_BMM_PRECURSOR,1,ctx:mouse_BMM_RANKL_day1,PubMed,,quarantined,"Legacy claim; source registry resolution does not verify its mechanism, sign or experimental context.",pending,PMID:boyce_09,,
edge:0326,LOCAL:protein:mouse:IL17A,ACTIVATES,LOCAL:protein:mouse:SOST,1,ctx:mouse_BMM_RANKL_day1,PubMed,,quarantined,"Legacy claim; source registry resolution does not verify its mechanism, sign or experimental context.",pending,PMID:boyce_09,,
edge:0327,LOCAL:protein:mouse:IL3,INHIBITS,LOCAL:protein:mouse:NFATC1,-1,ctx:mouse_BMM_RANKL_day1,PubMed,,quarantined,"Legacy claim; source registry resolution does not verify its mechanism, sign or experimental context.",pending,PMID:boyce_09,,
edge:0328,LOCAL:protein:mouse:IL13,INHIBITS,LOCAL:protein:mouse:NFATC1,-1,ctx:mouse_BMM_RANKL_day1,PubMed,,quarantined,"Legacy claim; source registry resolution does not verify its mechanism, sign or experimental context.",pending,PMID:boyce_09,,
edge:0329,LOCAL:protein:mouse:IL33,INHIBITS,LOCAL:protein:mouse:NFATC1,-1,ctx:mouse_BMM_RANKL_day1,PubMed,,quarantined,"Legacy claim; source registry resolution does not verify its mechanism, sign or experimental context.",pending,PMID:boyce_09,,
edge:0330,LOCAL:protein:mouse:TNFRSF1B,ACTIVATES,LOCAL:protein:mouse:TRAF3,1,ctx:mouse_BMM_RANKL_day1,PubMed,,quarantined,"Legacy claim; source registry resolution does not verify its mechanism, sign or experimental context.",pending,PMID:boyce_09,,
edge:0331,LOCAL:protein:mouse:MMP3,ACTIVATES,PATHWAY:BONE_RESORPTION,1,ctx:mouse_BMM_RANKL_day5,PubMed,,quarantined,"Legacy claim; source registry resolution does not verify its mechanism, sign or experimental context.",pending,PMID:teitelbaum_07,,
edge:0332,LOCAL:protein:mouse:MMP8,ACTIVATES,PATHWAY:BONE_RESORPTION,1,ctx:mouse_BMM_RANKL_day5,PubMed,,quarantined,"Legacy claim; source registry resolution does not verify its mechanism, sign or experimental context.",pending,PMID:teitelbaum_07,,
edge:0333,LOCAL:protein:mouse:TIMP3,INHIBITS,LOCAL:protein:mouse:MMP13,-1,ctx:mouse_BMM_RANKL_day4,PubMed,,quarantined,"Legacy claim; source registry resolution does not verify its mechanism, sign or experimental context.",pending,PMID:teitelbaum_07,,
edge:0334,LOCAL:protein:mouse:EZH2,ACTIVATES,RXN:CHROMATIN_EZH2_H3K27me3_repression,1,ctx:mouse_BMM_RANKL_day3,PubMed,,quarantined,"Legacy claim; source registry resolution does not verify its mechanism, sign or experimental context.",pending,PMID:nishikawa_15,,
edge:0335,RXN:CHROMATIN_EZH2_H3K27me3_repression,INHIBITS,LOCAL:protein:mouse:IRF8,-1,ctx:mouse_BMM_RANKL_day3,PubMed,,quarantined,"Legacy claim; source registry resolution does not verify its mechanism, sign or experimental context.",pending,PMID:nishikawa_15,,
edge:0336,LOCAL:protein:mouse:PRMT6,INHIBITS,LOCAL:protein:mouse:CPT1A,-1,ctx:mouse_BMM_RANKL_day3,PubMed,,proposed,"Legacy claim; source registry resolution does not verify its mechanism, sign or experimental context.",pending,PMID:chu_02,,
edge:0337,LOCAL:protein:mouse:SIRT3,INHIBITS,CHEBI:26523,-1,ctx:mouse_BMM_RANKL_day3,PubMed,,quarantined,"Legacy claim; source registry resolution does not verify its mechanism, sign or experimental context.",pending,PMID:nishikawa_15,,
edge:0338,LOCAL:rna:mouse:mmu-miR-146a-5p,INHIBITS,LOCAL:protein:mouse:TRAF6,-1,ctx:mouse_BMM_RANKL_day3,PubMed,,quarantined,"Legacy claim; source registry resolution does not verify its mechanism, sign or experimental context.",pending,PMID:kim_01,,
edge:0340,LOCAL:protein:mouse:HIF1A,ACTIVATES,LOCAL:rna:mouse:Pfkfb3,1,ctx:mouse_BMM_RANKL_day3,PubMed,,proposed,"Legacy claim; source registry resolution does not verify its mechanism, sign or experimental context.",pending,PMID:bozec_10,,
edge:0341,LOCAL:rna:mouse:Pfkfb3,TRANSLATED_TO,LOCAL:protein:mouse:PFKFB3,1,ctx:mouse_BMM_RANKL_day3,PubMed,,proposed,"Legacy claim; source registry resolution does not verify its mechanism, sign or experimental context.",pending,PMID:bozec_10,,
edge:0342,LOCAL:protein:mouse:HIF1A,ACTIVATES,LOCAL:rna:mouse:Pkm,1,ctx:mouse_BMM_RANKL_day3,PubMed,,proposed,"Legacy claim; source registry resolution does not verify its mechanism, sign or experimental context.",pending,PMID:bozec_10,,
edge:0343,LOCAL:rna:mouse:Pkm,TRANSLATED_TO,LOCAL:protein:mouse:PKM,1,ctx:mouse_BMM_RANKL_day3,PubMed,,proposed,"Legacy claim; source registry resolution does not verify its mechanism, sign or experimental context.",pending,PMID:bozec_10,,
edge:0344,LOCAL:protein:mouse:RBPJ,INHIBITS,LOCAL:protein:mouse:NFATC1,-1,ctx:mouse_BMM_RANKL_day3,PubMed,,quarantined,"Legacy claim; source registry resolution does not verify its mechanism, sign or experimental context.",pending,PMID:kim_01,,
edge:0345,LOCAL:protein:mouse:KDM4A,ACTIVATES,LOCAL:rna:mouse:Nfatc1,1,ctx:mouse_BMM_RANKL_day3,PubMed,,quarantined,"Legacy claim; source registry resolution does not verify its mechanism, sign or experimental context.",pending,PMID:nishikawa_15,,
EDGE_STR_0346,LOCAL:protein:mouse:TRAF6,ASSOCIATED_WITH,LOCAL:protein:mouse:UBE2N,0,,STRING_v12_mouse,,proposed,STRING-only claim downgraded to unsigned association; raw supporting interaction record absent.,not_recorded,STRING:score=0.999;escore=0.9,,
EDGE_STR_0347,LOCAL:protein:mouse:TRAF6,ASSOCIATED_WITH,LOCAL:protein:mouse:SQSTM1,0,,STRING_v12_mouse,,proposed,STRING-only claim downgraded to unsigned association; raw supporting interaction record absent.,not_recorded,STRING:score=0.999;escore=0.855,,
EDGE_STR_0348,LOCAL:protein:mouse:TRAF6,ASSOCIATED_WITH,LOCAL:protein:mouse:TAB3,0,,STRING_v12_mouse,,proposed,STRING-only claim downgraded to unsigned association; raw supporting interaction record absent.,not_recorded,STRING:score=0.999;escore=0.9,,
EDGE_STR_0349,LOCAL:protein:mouse:TAB3,ASSOCIATED_WITH,LOCAL:protein:mouse:MAP3K7,0,,STRING_v12_mouse,,proposed,STRING-only claim downgraded to unsigned association; raw supporting interaction record absent.,not_recorded,STRING:score=0.999;escore=0.9,,
EDGE_STR_0350,LOCAL:protein:mouse:TRAF6,ASSOCIATED_WITH,LOCAL:protein:mouse:TAB1,0,,STRING_v12_mouse,,proposed,STRING-only claim downgraded to unsigned association; raw supporting interaction record absent.,not_recorded,STRING:score=0.999;escore=0.994,,
EDGE_STR_0351,LOCAL:protein:mouse:TRAF6,ASSOCIATED_WITH,LOCAL:protein:mouse:TAB2,0,,STRING_v12_mouse,,proposed,STRING-only claim downgraded to unsigned association; raw supporting interaction record absent.,not_recorded,STRING:score=0.999;escore=0.994,,
EDGE_STR_0352,LOCAL:protein:mouse:IKBKG,ASSOCIATED_WITH,LOCAL:protein:mouse:MAP3K7,0,,STRING_v12_mouse,,proposed,STRING-only claim downgraded to unsigned association; raw supporting interaction record absent.,not_recorded,STRING:score=0.999;escore=0.994,,
EDGE_STR_0353,LOCAL:protein:mouse:IKBKG,ASSOCIATED_WITH,LOCAL:protein:mouse:TRAF6,0,,STRING_v12_mouse,,proposed,STRING-only claim downgraded to unsigned association; raw supporting interaction record absent.,not_recorded,STRING:score=0.999;escore=0.963,,
EDGE_STR_0354,LOCAL:protein:mouse:CHUK,ASSOCIATED_WITH,LOCAL:protein:mouse:IKBKB,0,,STRING_v12_mouse,,proposed,STRING-only claim downgraded to unsigned association; raw supporting interaction record absent.,not_recorded,STRING:score=0.999;escore=0.963,,
EDGE_STR_0355,LOCAL:protein:mouse:PPP3CA,ASSOCIATED_WITH,LOCAL:protein:mouse:PPP3R1,0,,STRING_v12_mouse,,proposed,STRING-only claim downgraded to unsigned association; raw supporting interaction record absent.,not_recorded,STRING:score=0.999;escore=0.9,,
EDGE_STR_0356,LOCAL:protein:mouse:PPP3R1,ASSOCIATED_WITH,LOCAL:protein:mouse:NFATC1,0,,STRING_v12_mouse,,proposed,STRING-only claim downgraded to unsigned association; raw supporting interaction record absent.,not_recorded,STRING:score=0.999;escore=0.9,,
EDGE_STR_0357,LOCAL:protein:mouse:ITGAV,ASSOCIATED_WITH,LOCAL:protein:mouse:ITGB3,0,,STRING_v12_mouse,,proposed,STRING-only claim downgraded to unsigned association; raw supporting interaction record absent.,not_recorded,STRING:score=0.999;escore=0.917,,
EDGE_STR_0358,LOCAL:protein:mouse:SRC,ASSOCIATED_WITH,LOCAL:protein:mouse:PXN,0,,STRING_v12_mouse,,proposed,STRING-only claim downgraded to unsigned association; raw supporting interaction record absent.,not_recorded,STRING:score=0.999;escore=0.9,,
EDGE_STR_0359,LOCAL:protein:mouse:PTK2B,ASSOCIATED_WITH,LOCAL:protein:mouse:PXN,0,,STRING_v12_mouse,,proposed,STRING-only claim downgraded to unsigned association; raw supporting interaction record absent.,not_recorded,STRING:score=0.999;escore=0.9,,
EDGE_STR_0360,LOCAL:protein:mouse:PTK2,ASSOCIATED_WITH,LOCAL:protein:mouse:PXN,0,,STRING_v12_mouse,,proposed,STRING-only claim downgraded to unsigned association; raw supporting interaction record absent.,not_recorded,STRING:score=0.999;escore=0.9,,
EDGE_STR_0361,LOCAL:protein:mouse:JUN,ASSOCIATED_WITH,LOCAL:protein:mouse:NFATC1,0,,STRING_v12_mouse,,proposed,STRING-only claim downgraded to unsigned association; raw supporting interaction record absent.,not_recorded,STRING:score=0.915;escore=0.259,,
EDGE_STR_0362,LOCAL:protein:mouse:RELA,ASSOCIATED_WITH,LOCAL:protein:mouse:NFKB1,0,,STRING_v12_mouse,,proposed,STRING-only claim downgraded to unsigned association; raw supporting interaction record absent.,not_recorded,STRING:score=0.999;escore=0.997,,
EDGE_STR_0363,LOCAL:protein:mouse:NFKBIA,ASSOCIATED_WITH,LOCAL:protein:mouse:NFKB1,0,,STRING_v12_mouse,,proposed,STRING-only claim downgraded to unsigned association; raw supporting interaction record absent.,not_recorded,STRING:score=0.999;escore=0.99,,
EDGE_STR_0364,LOCAL:protein:mouse:TCIRG1,ASSOCIATED_WITH,LOCAL:protein:mouse:ATP6V0D2,0,,STRING_v12_mouse,,proposed,STRING-only claim downgraded to unsigned association; raw supporting interaction record absent.,not_recorded,STRING:score=0.995;escore=0.55,,
EDGE_STR_0365,LOCAL:protein:mouse:DCSTAMP,ASSOCIATED_WITH,LOCAL:protein:mouse:OCSTAMP,0,,STRING_v12_mouse,,proposed,STRING-only claim downgraded to unsigned association; raw supporting interaction record absent.,not_recorded,STRING:score=0.926;escore=0,,
edge:stegen2024_phgdh_formation,LOCAL:protein:mouse:PHGDH,REGULATES,PATHWAY:OSTEOCLAST_DIFFERENTIATION,1,ctx:stegen2024_BMMC_day6,pubmed,PMID:38200114,curated,"In primary mouse marrow-derived cultures, Phgdh deletion reduced formation of TRAP-positive multinucleated osteoclasts. Positive REGULATES denotes a context-specific contribution of endogenous PHGDH to this phenotype; not direct binding or sufficiency.",reviewed,,,
edge:stegen2024_psat1_formation,LOCAL:protein:mouse:PSAT1,REGULATES,PATHWAY:OSTEOCLAST_DIFFERENTIATION,1,ctx:stegen2024_BMMC_day6,pubmed,PMID:38200114,curated,Psat1 silencing reduced formation of TRAP-positive multinucleated osteoclasts in primary mouse marrow-derived cultures. Positive REGULATES denotes a context-specific phenotypic contribution; not direct binding or sufficiency.,reviewed,,,
edge:duong2001_ptk2b_resorption,LOCAL:protein:mouse:PTK2B,REGULATES,PATHWAY:BONE_RESORPTION,1,ctx:duong2001_murine_osteoclast_coculture,pubmed,PMID:11102447,proposed,"AI-assisted primary-abstract projection: antisense depletion reduced PYK2 protein and the measured endpoint. Positive sign represents inferred normal-protein support, not direct activation. Protein depletion is not established to equal catalytic drug inhibition; pharmacological transfer remains unverified. See data/staging/pyk2_integration_v1/patch.json. No dose, duration, assay or viability result inferred.",pending,,genetic_perturbation_role_inference,phenotype
edge:duong2001_ptk2b_actin_ring,LOCAL:protein:mouse:PTK2B,REGULATES,PATHWAY:F_ACTIN_SEALING_ZONE,1,ctx:duong2001_murine_osteoclast_coculture,pubmed,PMID:11102447,proposed,"AI-assisted primary-abstract projection: antisense depletion reduced PYK2 protein and the measured endpoint. Positive sign represents inferred normal-protein support, not direct activation. Protein depletion is not established to equal catalytic drug inhibition; pharmacological transfer remains unverified. See data/staging/pyk2_integration_v1/patch.json. No dose, duration, assay or viability result inferred.",pending,,genetic_perturbation_role_inference,phenotype
edge:full:597c492fd9a9e8255120a59d,LOCAL:protein:NCBIGene:107321,ASSOCIATED_WITH,LOCAL:protein:mouse:SRC,0,ctx:extracted:08659b90bc0fe464f45b1927,pubtator,PMID:16914530,proposed,"Automated source-anchored proposal; identity decisions and original uncertainties retained in data/staging/full_integration_v1. Not expert reviewed. {""directness"": ""unknown"", ""intervention"": ""TNF-alpha exposure"", ""endpoint"": ""Src coimmunoprecipitation with LPXN""} ",pending,,reported_association,binding
edge:full:9d64a9667fcb82efccb5a982,LOCAL:protein:mouse:TNFSF11,REGULATES,LOCAL:gene:NCBIGene:22341,1,ctx:extracted:ad9ec1774f1398ef739cf188,pubtator,PMID:18359770,proposed,"Automated source-anchored proposal; identity decisions and original uncertainties retained in data/staging/full_integration_v1. Not expert reviewed. {""directness"": ""unknown"", ""intervention"": ""RANKL"", ""endpoint"": ""VEGF-C expression""} ",pending,,reported_molecular_addition_effect,expression
edge:full:01344118819ac5b4f24cea78,LOCAL:protein:mouse:PLCG2,REGULATES,LOCAL:protein:mouse:SRC,0,ctx:extracted:f54474652af8861543df3ec9,pubtator,PMID:18378693,proposed,"Automated source-anchored proposal; identity decisions and original uncertainties retained in data/staging/full_integration_v1. Not expert reviewed. {""directness"": ""unknown"", ""intervention"": ""absence of PLCgamma2"", ""endpoint"": ""adhesion-induced Src phosphorylation""} ",pending,,phosphorylation_change_activity_sign_unresolved,activity
edge:full:5f50ee24158546d399b526de,LOCAL:protein:mouse:PLCG2,REGULATES,LOCAL:protein:mouse:SRC,1,ctx:extracted:d828ff567525162a2430964a,pubtator,PMID:18378693,proposed,"Automated source-anchored proposal; identity decisions and original uncertainties retained in data/staging/full_integration_v1. Not expert reviewed. {""directness"": ""unknown"", ""intervention"": ""absence of PLCgamma2"", ""endpoint"": ""Src localization to the sealing actin ring""} Sign is an inferred normal molecular role; genetic perturbation is not equivalent to pharmacological inhibition. ",pending,,genetic_perturbation_role_inference,phenotype
edge:full:69ba406f7fa5a78c88527d6d,LOCAL:gene:NCBIGene:17096,REGULATES,PATHWAY:OSTEOCLAST_DIFFERENTIATION,-1,ctx:extracted:42d3d18bcbd0fee1b00d95ef,pubtator,PMID:19171907,proposed,"Automated source-anchored proposal; identity decisions and original uncertainties retained in data/staging/full_integration_v1. Not expert reviewed. {""directness"": ""unknown"", ""intervention"": ""Lyn-/- mice in response to RANKL"", ""endpoint"": ""osteoclastogenesis and bone loss""} Sign is an inferred normal molecular role; genetic perturbation is not equivalent to pharmacological inhibition. ",pending,,genetic_perturbation_role_inference,phenotype
edge:full:04c929af4c007b701299bccf,LOCAL:protein:NCBIGene:19267,REGULATES,LOCAL:protein:mouse:SRC,0,ctx:extracted:4dde9e5089efeb7e63f50090,pubtator,PMID:19692574,proposed,"Automated source-anchored proposal; identity decisions and original uncertainties retained in data/staging/full_integration_v1. Not expert reviewed. {""directness"": ""unknown"", ""intervention"": ""female mice lacking PTPe (EKO mice)"", ""endpoint"": ""Src phosphorylation and activity; podosome organization/stability""} ",pending,,phosphorylation_change_activity_sign_unresolved,activity
edge:full:93199caa9ec14804ff2c9a1f,LOCAL:protein:NCBIGene:24055,REGULATES,PATHWAY:OSTEOCLAST_DIFFERENTIATION,1,ctx:extracted:87100acf649804faedb7565c,pubtator,PMID:20439986,proposed,"Automated source-anchored proposal; identity decisions and original uncertainties retained in data/staging/full_integration_v1. Not expert reviewed. {""directness"": ""unknown"", ""intervention"": ""small interfering RNA-mediated silencing of 3BP2"", ""endpoint"": ""differentiation into multinucleated mature osteoclasts""} Sign is an inferred normal molecular role; genetic perturbation is not equivalent to pharmacological inhibition. ",pending,,genetic_perturbation_role_inference,phenotype
edge:full:41ded659fb868873b7cba43f,LOCAL:protein:NCBIGene:24055,REGULATES,LOCAL:protein:mouse:SRC,1,ctx:extracted:8805c517388cc1e213faf24f,pubtator,PMID:21765218,proposed,"Automated source-anchored proposal; identity decisions and original uncertainties retained in data/staging/full_integration_v1. Not expert reviewed. {""directness"": ""unknown"", ""intervention"": null, ""endpoint"": ""Src activation""} ",pending,,reported_regulation,activity
edge:full:88ca24fe955951678df90cdf,LOCAL:protein:mouse:TNFRSF11B,REGULATES,PATHWAY:OSTEOCLAST_DIFFERENTIATION,-1,ctx:extracted:1aad0ffb9d18a567e71f4ff4,pubtator,PMID:25461399,proposed,"Automated source-anchored proposal; identity decisions and original uncertainties retained in data/staging/full_integration_v1. Not expert reviewed. {""directness"": ""unknown"", ""intervention"": ""40ng/mL OPG for 3h"", ""endpoint"": ""osteoclastogenesis and adhesion structures""} ",pending,,reported_regulation,phenotype
edge:full:a3071ab5960b2f577b36ed37,LOCAL:protein:mouse:TNFRSF11B,REGULATES,LOCAL:protein:mouse:PTK2B,0,ctx:extracted:1aad0ffb9d18a567e71f4ff4,pubtator,PMID:25461399,proposed,"Automated source-anchored proposal; identity decisions and original uncertainties retained in data/staging/full_integration_v1. Not expert reviewed. {""directness"": ""unknown"", ""intervention"": ""40ng/mL OPG for 3h"", ""endpoint"": ""phosphorylated Pyk2 and Src-pY527; Src-pY416 increased""} ",pending,,phosphorylation_change_activity_sign_unresolved,activity
edge:full:7438c889de25104223961032,LOCAL:protein:mouse:RELB,REGULATES,LOCAL:gene:NCBIGene:170826,1,ctx:extracted:09f20a08db02296ba4773fcc,pubtator,PMID:26094846,proposed,"Automated source-anchored proposal; identity decisions and original uncertainties retained in data/staging/full_integration_v1. Not expert reviewed. {""directness"": ""unknown"", ""intervention"": ""RelB(-/-)"", ""endpoint"": ""PGC-1beta expression""} Sign is an inferred normal molecular role; genetic perturbation is not equivalent to pharmacological inhibition. ",pending,,genetic_perturbation_role_inference,expression
edge:full:5857bb2f52986f6b03b178b5,LOCAL:protein:NCBIGene:76701,REGULATES,PATHWAY:BONE_RESORPTION,-1,ctx:extracted:eda233fdabfbf52eb8aea554,pubtator,PMID:26629319,proposed,"Automated source-anchored proposal; identity decisions and original uncertainties retained in data/staging/full_integration_v1. Not expert reviewed. {""directness"": ""unknown"", ""intervention"": ""ectopic intramuscular expression of caldecrin"", ""endpoint"": ""bone resorption""} Sign is an inferred normal molecular role; genetic perturbation is not equivalent to pharmacological inhibition. ",pending,,genetic_perturbation_role_inference,phenotype
edge:full:d44a2d25241aee2635d1fa1c,LOCAL:gene:NCBIGene:216805,REGULATES,PATHWAY:OSTEOCLAST_DIFFERENTIATION,-1,ctx:extracted:76f2aceeee60a183ee46c375,pubtator,PMID:29893999,proposed,"Automated source-anchored proposal; identity decisions and original uncertainties retained in data/staging/full_integration_v1. Not expert reviewed. {""directness"": ""unknown"", ""intervention"": ""Flcn-deficient"", ""endpoint"": ""accelerated osteoclastogenesis and increased sensitivity to RANKL""} Sign is an inferred normal molecular role; genetic perturbation is not equivalent to pharmacological inhibition. ",pending,,genetic_perturbation_role_inference,phenotype
edge:full:f7cabbf02271fe84a72cab14,LOCAL:protein:NCBIGene:19277,REGULATES,LOCAL:protein:mouse:SRC,1,ctx:extracted:cd4e226c3922b7c4d95aaf57,pubtator,PMID:30622194,proposed,"Automated source-anchored proposal; identity decisions and original uncertainties retained in data/staging/full_integration_v1. Not expert reviewed. {""directness"": ""unknown"", ""intervention"": ""phosphorylation of PTPROt at Tyr399"", ""endpoint"": ""Src activity""} ",pending,,reported_regulation,activity
edge:full:3c924c9f5a85fac6e4e405b7,LOCAL:protein:NCBIGene:56213,REGULATES,LOCAL:protein:mouse:TNFRSF11B,-1,ctx:extracted:e0cb912c92428f5336569824,pubtator,PMID:30854478,proposed,"Automated source-anchored proposal; identity decisions and original uncertainties retained in data/staging/full_integration_v1. Not expert reviewed. {""directness"": ""direct"", ""intervention"": ""HtrA1 with OPG; OPG pre-reduced by dithiothreitol was also tested"", ""endpoint"": ""OPG degradation""} ",pending,,reported_regulation,abundance
edge:full:5e5a179d80e7d8c41d49de03,LOCAL:protein:NCBIGene:56213,REGULATES,LOCAL:protein:mouse:TNFRSF11B,-1,ctx:extracted:2ef7c431abe2f26310a2ba75,pubtator,PMID:30854478,proposed,"Automated source-anchored proposal; identity decisions and original uncertainties retained in data/staging/full_integration_v1. Not expert reviewed. {""directness"": ""unknown"", ""intervention"": ""adding HtrA1"", ""endpoint"": ""inhibitory activity of OPG on RANKL-induced osteoclastogenesis""} ",pending,,reported_regulation,activity
edge:full:cb425f681629fc4cfae44b75,LOCAL:gene:NCBIGene:54673,REGULATES,PATHWAY:OSTEOCLAST_DIFFERENTIATION,-1,ctx:extracted:37ffc6311a3df383223f431e,pubtator,PMID:31243813,proposed,"Automated source-anchored proposal; identity decisions and original uncertainties retained in data/staging/full_integration_v1. Not expert reviewed. {""directness"": ""unknown"", ""intervention"": ""Bif-1-deficient (Bif-1 -/- ) mice"", ""endpoint"": ""osteoclastogenesis""} Sign is an inferred normal molecular role; genetic perturbation is not equivalent to pharmacological inhibition. ",pending,,genetic_perturbation_role_inference,phenotype
edge:full:8a2c0f9e9fe6e948815aece3,LOCAL:gene:NCBIGene:16562,REGULATES,PATHWAY:BONE_RESORPTION,1,ctx:extracted:9eb258f1e9ca35ec6e0158ed,pubtator,PMID:31887784,proposed,"Automated source-anchored proposal; identity decisions and original uncertainties retained in data/staging/full_integration_v1. Not expert reviewed. {""directness"": ""unknown"", ""intervention"": ""Kif1c overexpression"", ""endpoint"": ""bone resorption""} Sign is an inferred normal molecular role; genetic perturbation is not equivalent to pharmacological inhibition. ",pending,,genetic_perturbation_role_inference,phenotype
edge:full:c360abaf20a9170eca3f7d7b,LOCAL:rna:NCBIGene:387161,REGULATES,LOCAL:process:osteoclast_formation,-1,ctx:extracted:87384aa1be762564043cd760,pubtator,PMID:31951177,proposed,"Automated source-anchored proposal; identity decisions and original uncertainties retained in data/staging/full_integration_v1. Not expert reviewed. {""directness"": ""unknown"", ""intervention"": ""RANKL combined with miR-143 mimics"", ""endpoint"": ""osteoclast formation / positive level of osteoclasts""} Sign is an inferred normal molecular role; genetic perturbation is not equivalent to pharmacological inhibition. ",pending,,genetic_perturbation_role_inference,phenotype
edge:full:5f708f8477531271e1268ead,LOCAL:gene:NCBIGene:2034,REGULATES,LOCAL:process:osteoclast_formation,1,ctx:extracted:caf3480b9358029563c24a01,pubtator,PMID:33273561,proposed,"Automated source-anchored proposal; identity decisions and original uncertainties retained in data/staging/full_integration_v1. Not expert reviewed. {""directness"": ""unknown"", ""intervention"": ""HIF-2alpha knockdown"", ""endpoint"": ""osteoclast formation""} Sign is an inferred normal molecular role; genetic perturbation is not equivalent to pharmacological inhibition. ",pending,,genetic_perturbation_role_inference,phenotype
edge:full:dc1b6c1f62e1a50ec25ba34d,LOCAL:gene:NCBIGene:3091,REGULATES,PATHWAY:BONE_RESORPTION,1,ctx:extracted:ba8f84e640aa5640a1e7d339,pubtator,PMID:33273561,proposed,"Automated source-anchored proposal; identity decisions and original uncertainties retained in data/staging/full_integration_v1. Not expert reviewed. {""directness"": ""unknown"", ""intervention"": ""Knockdown of HIF-1alpha"", ""endpoint"": ""bone resorption increase""} Sign is an inferred normal molecular role; genetic perturbation is not equivalent to pharmacological inhibition. ",pending,,genetic_perturbation_role_inference,phenotype
edge:full:ac234cfdd326cf4128a1175d,LOCAL:gene:NCBIGene:20535,REGULATES,PATHWAY:OSTEOCLAST_DIFFERENTIATION,1,ctx:extracted:1093303f981b284d2f358d11,pubtator,PMID:34668226,proposed,"Automated source-anchored proposal; identity decisions and original uncertainties retained in data/staging/full_integration_v1. Not expert reviewed. {""directness"": ""unknown"", ""intervention"": ""Slc4a2-knockout"", ""endpoint"": ""osteoclastogenesis""} Sign is an inferred normal molecular role; genetic perturbation is not equivalent to pharmacological inhibition. ",pending,,genetic_perturbation_role_inference,phenotype
edge:full:8a8026c6db45edf104868839,LOCAL:protein:NCBIGene:23028,REGULATES,PATHWAY:OSTEOCLAST_DIFFERENTIATION,1,ctx:extracted:4591dea2ac70b84a46e0aabb,pubtator,PMID:35077015,proposed,"Automated source-anchored proposal; identity decisions and original uncertainties retained in data/staging/full_integration_v1. Not expert reviewed. {""directness"": ""unknown"", ""intervention"": ""LSD1-specific inhibitors and gene silencing with small interfering RNAs"", ""endpoint"": ""osteoclast differentiation""} Sign is an inferred normal molecular role; genetic perturbation is not equivalent to pharmacological inhibition. ",pending,,genetic_perturbation_role_inference,phenotype
edge:full:cb8d9f9ee9ef7fda7ff103a2,LOCAL:gene:NCBIGene:19744,REGULATES,PATHWAY:BONE_RESORPTION,-1,ctx:extracted:d3b961d903dfe110ece8f1f4,pubtator,PMID:35687365,proposed,"Automated source-anchored proposal; identity decisions and original uncertainties retained in data/staging/full_integration_v1. Not expert reviewed. {""directness"": ""unknown"", ""intervention"": ""Rheb1 deletion"", ""endpoint"": ""bone resorption / osteoclasts""} Sign is an inferred normal molecular role; genetic perturbation is not equivalent to pharmacological inhibition. ",pending,,genetic_perturbation_role_inference,phenotype
edge:full:939a0facff13e6291bb72b4b,LOCAL:protein:NCBIGene:14268,REGULATES,PATHWAY:OSTEOCLAST_DIFFERENTIATION,-1,ctx:extracted:c3e3434830d4c2e02c699197,pubtator,PMID:36331874,proposed,"Automated source-anchored proposal; identity decisions and original uncertainties retained in data/staging/full_integration_v1. Not expert reviewed. {""directness"": ""unknown"", ""intervention"": null, ""endpoint"": ""osteoclastogenesis""} ",pending,,reported_regulation,phenotype
edge:full:08925fa7cf66d331dd747148,LOCAL:rna:NCBIGene:387166,REGULATES,PATHWAY:OSTEOCLAST_DIFFERENTIATION,1,ctx:extracted:f2e45066bb27f2b35823f64e,pubtator,PMID:36446758,proposed,"Automated source-anchored proposal; identity decisions and original uncertainties retained in data/staging/full_integration_v2. Not expert reviewed. {""directness"": ""unknown"", ""intervention"": ""miR-148a overexpression"", ""endpoint"": ""osteoclastogenesis and bone resorption function""} Sign is an inferred normal molecular role; genetic perturbation is not equivalent to pharmacological inhibition. ",pending,,genetic_perturbation_role_inference,phenotype
edge:full:da055820690baa02bf616163,LOCAL:gene:NCBIGene:15251,ASSOCIATED_WITH,PATHWAY:OSTEOCLAST_DIFFERENTIATION,0,ctx:extracted:eb26636fb4f0340d8c3aafe9,pubtator,PMID:36563716,proposed,"Automated source-anchored proposal; identity decisions and original uncertainties retained in data/staging/full_integration_v1. Not expert reviewed. {""directness"": ""unknown"", ""intervention"": null, ""endpoint"": ""correlation with osteoclastogenesis and bone-resorbing activity""} ",pending,,reported_association,association
edge:full:ea08da9a0af86f41236664c8,LOCAL:gene:NCBIGene:15251,REGULATES,PATHWAY:BONE_RESORPTION,1,ctx:extracted:22802284c11791e415f6a0d2,pubtator,PMID:36563716,proposed,"Automated source-anchored proposal; identity decisions and original uncertainties retained in data/staging/full_integration_v1. Not expert reviewed. {""directness"": ""unknown"", ""intervention"": ""genetical deletion of hypoxia-inducible factor-1alpha (HIF-1alpha) in osteoclasts"", ""endpoint"": ""osteoclastic bone resorption""} Sign is an inferred normal molecular role; genetic perturbation is not equivalent to pharmacological inhibition. ",pending,,genetic_perturbation_role_inference,phenotype
edge:full:5838961abb582899ffee8e1c,LOCAL:protein:mouse:RHOA,REGULATES,PATHWAY:BONE_RESORPTION,1,ctx:extracted:abe7f573c549b4ff701bb1ad,pubtator,PMID:37020186,proposed,"Automated source-anchored proposal; identity decisions and original uncertainties retained in data/staging/full_integration_v1. Not expert reviewed. {""directness"": ""indirect"", ""intervention"": ""Conditional deletion of RhoA in the osteoclast lineage"", ""endpoint"": ""bone resorption; osteopetrosis phenotype""} Sign is an inferred normal molecular role; genetic perturbation is not equivalent to pharmacological inhibition. ",pending,,genetic_perturbation_role_inference,phenotype
edge:full:b110406368eec6039721d58b,LOCAL:gene:NCBIGene:21937,REGULATES,PATHWAY:BONE_RESORPTION,1,ctx:extracted:99b7736d1f0075f293f51392,pubtator,PMID:37142087,proposed,"Automated source-anchored proposal; identity decisions and original uncertainties retained in data/staging/full_integration_v1. Not expert reviewed. {""directness"": ""unknown"", ""intervention"": ""TNFRp55-/- mice infected with MHV-3"", ""endpoint"": ""bone resorption and osteoclast number""} Sign is an inferred normal molecular role; genetic perturbation is not equivalent to pharmacological inhibition. ",pending,,genetic_perturbation_role_inference,phenotype
edge:full:733d9b5c4d8d935bc738cbea,LOCAL:gene:NCBIGene:22223,REGULATES,PATHWAY:OSTEOCLAST_DIFFERENTIATION,1,ctx:extracted:680671a0057c60aaf7781f76,pubtator,PMID:37215988,proposed,"Automated source-anchored proposal; identity decisions and original uncertainties retained in data/staging/full_integration_v1. Not expert reviewed. {""directness"": ""unknown"", ""intervention"": ""osteoclast-specific UCHL1 conditional knockout"", ""endpoint"": ""osteoclastogenesis""} Sign is an inferred normal molecular role; genetic perturbation is not equivalent to pharmacological inhibition. ",pending,,genetic_perturbation_role_inference,phenotype
edge:full:9256903bbb35fa596df10a8f,LOCAL:gene:NCBIGene:105787,REGULATES,PATHWAY:OSTEOCLAST_DIFFERENTIATION,-1,ctx:extracted:02e278a4d20320f8a8995888,pubtator,PMID:37871745,proposed,"Automated source-anchored proposal; identity decisions and original uncertainties retained in data/staging/full_integration_v1. Not expert reviewed. {""directness"": ""indirect"", ""intervention"": ""Genetic deletion of AMPKalpha1"", ""endpoint"": ""osteoclastogenesis / osteoclast differentiation""} Sign is an inferred normal molecular role; genetic perturbation is not equivalent to pharmacological inhibition. ",pending,,genetic_perturbation_role_inference,phenotype
edge:full:a8b7d69a426f9706995a214d,LOCAL:gene:NCBIGene:12894,REGULATES,LOCAL:process:osteoclast_formation,1,ctx:extracted:511e9a44ab42636bc48a3755,pubtator,PMID:37917194,proposed,"Automated source-anchored proposal; identity decisions and original uncertainties retained in data/staging/full_integration_v1. Not expert reviewed. {""directness"": ""indirect"", ""intervention"": ""deletion of Cpt1a in osteoclast progenitors"", ""endpoint"": ""osteoclast formation""} Sign is an inferred normal molecular role; genetic perturbation is not equivalent to pharmacological inhibition. ",pending,,genetic_perturbation_role_inference,phenotype
edge:full:0d9bc140efd82c67613ab2f8,LOCAL:gene:NCBIGene:12772,REGULATES,LOCAL:process:osteoclast_activity,1,ctx:extracted:a95c8f3799efaf6fb7603cb3,pubtator,PMID:38111083,proposed,"Automated source-anchored proposal; identity decisions and original uncertainties retained in data/staging/full_integration_v1. Not expert reviewed. {""directness"": ""unknown"", ""intervention"": ""Knocking out Ccr2"", ""endpoint"": ""osteoclast activity; inflammation and bone loss around the implants""} Sign is an inferred normal molecular role; genetic perturbation is not equivalent to pharmacological inhibition. ",pending,,genetic_perturbation_role_inference,activity
edge:full:9514d76538f20c00b5628a1b,LOCAL:gene:NCBIGene:23959,REGULATES,PATHWAY:OSTEOCLAST_DIFFERENTIATION,-1,ctx:extracted:2e596d0bd771953fcf4fcc30,pubtator,PMID:38152410,proposed,"Automated source-anchored proposal; identity decisions and original uncertainties retained in data/staging/full_integration_v1. Not expert reviewed. {""directness"": ""unknown"", ""intervention"": ""CD73-deficient animals"", ""endpoint"": ""osteoclastogenesis""} Sign is an inferred normal molecular role; genetic perturbation is not equivalent to pharmacological inhibition. ",pending,,genetic_perturbation_role_inference,phenotype
edge:full:1370f8e6d5a931f817844284,LOCAL:rna:NCBIGene:70036,REGULATES,LOCAL:process:osteoclast_activity,-1,ctx:extracted:62633e2b27b4d278a1c92559,pubtator,PMID:38252822,proposed,"Automated source-anchored proposal; identity decisions and original uncertainties retained in data/staging/full_integration_v1. Not expert reviewed. {""directness"": ""unknown"", ""intervention"": ""Global or osteoclast-specific Dancr Knockout"", ""endpoint"": ""osteoclast activity""} Sign is an inferred normal molecular role; genetic perturbation is not equivalent to pharmacological inhibition. ",pending,,genetic_perturbation_role_inference,phenotype
edge:full:4fcd3dd309518ff72f8809cc,LOCAL:protein:NCBIGene:11532,REGULATES,PATHWAY:OSTEOCLAST_DIFFERENTIATION,1,ctx:extracted:7f0fd7d0125b9f425fa9286f,pubtator,PMID:38311303,proposed,"Automated source-anchored proposal; identity decisions and original uncertainties retained in data/staging/full_integration_v1. Not expert reviewed. {""directness"": ""unknown"", ""intervention"": ""GSNOR activity/inhibition"", ""endpoint"": ""osteoclastogenesis""} ",pending,,reported_regulation,phenotype
edge:full:23c50fb0ef0231cedde1744c,LOCAL:gene:NCBIGene:216799,REGULATES,PATHWAY:BONE_RESORPTION,1,ctx:extracted:59543b74489bbae01857ced1,pubtator,PMID:38441141,proposed,"Automated source-anchored proposal; identity decisions and original uncertainties retained in data/staging/full_integration_v1. Not expert reviewed. {""directness"": ""unknown"", ""intervention"": ""Nlrp3 knockout / Nlrp3 deficiency"", ""endpoint"": ""bone resorption""} Sign is an inferred normal molecular role; genetic perturbation is not equivalent to pharmacological inhibition. ",pending,,genetic_perturbation_role_inference,phenotype
edge:full:e26ceafe39a5569f6c834375,LOCAL:gene:NCBIGene:17289,REGULATES,PATHWAY:BONE_RESORPTION,1,ctx:extracted:d31b53191bf57fc3f6c0cd82,pubtator,PMID:38505527,proposed,"Automated source-anchored proposal; identity decisions and original uncertainties retained in data/staging/full_integration_v1. Not expert reviewed. {""directness"": ""unknown"", ""intervention"": ""Mertk-deficient mice"", ""endpoint"": ""bone resorption""} Sign is an inferred normal molecular role; genetic perturbation is not equivalent to pharmacological inhibition. ",pending,,genetic_perturbation_role_inference,phenotype
edge:full:d77631522379b15185ac3c5f,LOCAL:protein:mouse:CTTN,REGULATES,PATHWAY:OSTEOCLAST_DIFFERENTIATION,-1,ctx:extracted:40ffc1b6bb1c125fa98c77b6,pubtator,PMID:38655781,proposed,"Automated source-anchored proposal; identity decisions and original uncertainties retained in data/staging/full_integration_v1. Not expert reviewed. {""directness"": ""indirect"", ""intervention"": ""cortactin-silenced BMSCs"", ""endpoint"": ""osteoclast differentiation""} Sign is an inferred normal molecular role; genetic perturbation is not equivalent to pharmacological inhibition. ",pending,,genetic_perturbation_role_inference,phenotype
edge:full:4b08b22c79b50a77d205283f,LOCAL:gene:NCBIGene:18606,REGULATES,LOCAL:protein:mouse:TNFSF11,0,ctx:extracted:15dc58bcdf12db54c5ff27ec,pubtator,PMID:39744622,proposed,"Automated source-anchored proposal; identity decisions and original uncertainties retained in data/staging/full_integration_v1. Not expert reviewed. {""directness"": ""unknown"", ""intervention"": ""ATX deficiency"", ""endpoint"": ""RANKL-induced phosphorylation of ERK and Akt""} ",pending,,phosphorylation_change_activity_sign_unresolved,activity
edge:full:2aac74dbf3028b59b211f152,LOCAL:protein:mouse:TNFSF11,REGULATES,PATHWAY:BONE_RESORPTION,-1,ctx:extracted:5b22dea0c44b2467f6fc4fe9,pubtator,PMID:40102423,proposed,"Automated source-anchored proposal; identity decisions and original uncertainties retained in data/staging/full_integration_v1. Not expert reviewed. {""directness"": ""unknown"", ""intervention"": ""RANKL deficiency in MALPs induced at 3 months of age"", ""endpoint"": ""trabecular bone mass""} Sign is an inferred normal molecular role; genetic perturbation is not equivalent to pharmacological inhibition. ",pending,,genetic_perturbation_role_inference,phenotype
edge:full:bded1ba593f312e73931fdc8,LOCAL:protein:NCBIGene:80722,REGULATES,PATHWAY:OSTEOCLAST_DIFFERENTIATION,1,ctx:extracted:f95cc4ffc38d68b7c5ce3236,pubtator,PMID:40355125,proposed,"Automated source-anchored proposal; identity decisions and original uncertainties retained in data/staging/full_integration_v1. Not expert reviewed. {""directness"": ""direct"", ""intervention"": ""high doses of sclerostin"", ""endpoint"": ""bone resorption""} ",pending,,reported_molecular_addition_effect,phenotype
edge:full:7c0bebb547152249ebfde53c,LOCAL:gene:NCBIGene:71198,REGULATES,PATHWAY:OSTEOCLAST_DIFFERENTIATION,-1,ctx:extracted:db638c86ca4b63cca16dd4b5,pubtator,PMID:40585986,proposed,"Automated source-anchored proposal; identity decisions and original uncertainties retained in data/staging/full_integration_v1. Not expert reviewed. {""directness"": ""unknown"", ""intervention"": ""whole-body knockout and myeloid-specific deficiency of OTUD1"", ""endpoint"": ""osteoclast differentiation""} Sign is an inferred normal molecular role; genetic perturbation is not equivalent to pharmacological inhibition. ",pending,,genetic_perturbation_role_inference,phenotype
edge:full:e4da8361ed6c7bb8f70b1212,LOCAL:gene:NCBIGene:12151,REGULATES,PATHWAY:BONE_RESORPTION,-1,ctx:extracted:d19a0219b5869aae68e08201,pubtator,PMID:40698069,proposed,"Automated source-anchored proposal; identity decisions and original uncertainties retained in data/staging/full_integration_v1. Not expert reviewed. {""directness"": ""unknown"", ""intervention"": ""Bmi1 deficiency; Chk2 knockout"", ""endpoint"": ""osteoclastic bone resorption""} Sign is an inferred normal molecular role; genetic perturbation is not equivalent to pharmacological inhibition. ",pending,,genetic_perturbation_role_inference,phenotype
edge:full:48c4e0359764f28ba8a24899,LOCAL:protein:mouse:IL6,REGULATES,LOCAL:protein:mouse:TNFSF11,1,ctx:extracted:10bb75c694e570e81457bc10,pubtator,PMID:40860346,proposed,"Automated source-anchored proposal; identity decisions and original uncertainties retained in data/staging/full_integration_v1. Not expert reviewed. {""directness"": ""unknown"", ""intervention"": ""IL-6 exposure"", ""endpoint"": ""RANKL levels""} ",pending,,reported_regulation,expression
edge:full:638d6eed44f9201ffd69e11a,LOCAL:gene:NCBIGene:83619,REGULATES,PATHWAY:OSTEOCLAST_DIFFERENTIATION,-1,ctx:extracted:75e73cf1ab4053803b7b7e1c,pubtator,PMID:40919497,proposed,"Automated source-anchored proposal; identity decisions and original uncertainties retained in data/staging/full_integration_v1. Not expert reviewed. {""directness"": ""unknown"", ""intervention"": ""Nrf2 knockdown"", ""endpoint"": ""osteoclast differentiation""} Sign is an inferred normal molecular role; genetic perturbation is not equivalent to pharmacological inhibition. ",pending,,genetic_perturbation_role_inference,phenotype
edge:full:d0bab3f9aa53913b49a1d022,LOCAL:gene:NCBIGene:54484,REGULATES,PATHWAY:OSTEOCLAST_DIFFERENTIATION,1,ctx:extracted:bbed062a5128c46cee92067e,pubtator,PMID:41457534,proposed,"Automated source-anchored proposal; identity decisions and original uncertainties retained in data/staging/full_integration_v1. Not expert reviewed. {""directness"": ""unknown"", ""intervention"": ""Mkrn1 overexpression using a retrovirus or silencing using small interfering RNA (siRNA) in bone marrow-derived macrophages (BMMs)"", ""endpoint"": ""osteoclast differentiation""} Sign is an inferred normal molecular role; genetic perturbation is not equivalent to pharmacological inhibition. ",pending,,genetic_perturbation_role_inference,phenotype
edge:full:bee20447cac777aeca74f28b,LOCAL:gene:NCBIGene:54484,REGULATES,LOCAL:protein:mouse:AKT1,0,ctx:extracted:bbed062a5128c46cee92067e,pubtator,PMID:41457534,proposed,"Automated source-anchored proposal; identity decisions and original uncertainties retained in data/staging/full_integration_v1. Not expert reviewed. {""directness"": ""unknown"", ""intervention"": ""siRNA-mediated downregulation of MKRN1"", ""endpoint"": ""Akt phosphorylation""} ",pending,,phosphorylation_change_activity_sign_unresolved,activity
edge:full:971a915b48f790c29f212be4,LOCAL:protein:NCBIGene:20698,ASSOCIATED_WITH,LOCAL:protein:mouse:PKM,0,ctx:extracted:389655143fac135ad047af95,pubtator,PMID:41814829,proposed,"Automated source-anchored proposal; identity decisions and original uncertainties retained in data/staging/full_integration_v1. Not expert reviewed. {""directness"": ""unknown"", ""intervention"": ""S-G treatment"", ""endpoint"": ""interaction between SphK1 and PKM2""} ",pending,,reported_association,binding
edge:full:f46c9d76cc7fa91a7fc653e3,LOCAL:protein:NCBIGene:17387,ASSOCIATED_WITH,LOCAL:protein:mouse:TNFSF11,0,ctx:extracted:9afa051a0dc227a6d3656c04,pubtator,PMID:42454799,proposed,"Automated source-anchored proposal; identity decisions and original uncertainties retained in data/staging/full_integration_v1. Not expert reviewed. {""directness"": ""direct"", ""intervention"": ""curcumin"", ""endpoint"": ""MMP14-RANKL interaction""} ",pending,,reported_association,binding
edge:full:bda66421b9556d837cc180da,LOCAL:protein:NCBIGene:50929,REGULATES,LOCAL:protein:mouse:TNFSF11,1,ctx:extracted:b73ccac9c7e3a167024b1dd1,pubtator,PMID:42458258,proposed,"Automated source-anchored proposal; identity decisions and original uncertainties retained in data/staging/full_integration_v1. Not expert reviewed. {""directness"": ""indirect"", ""intervention"": ""IL-22 treatment in co-culture"", ""endpoint"": ""OC differentiation / RANKL induction / PGE2 production""} ",pending,,reported_regulation,expression
edge:full:61346d713aabf6d362d486e7,LOCAL:gene:NCBIGene:297073,REGULATES,PATHWAY:OSTEOCLAST_DIFFERENTIATION,1,ctx:extracted:4e6b6949351cabc5ceb05a38,pubtator,PMID:42544556,proposed,"Automated source-anchored proposal; identity decisions and original uncertainties retained in data/staging/full_integration_v1. Not expert reviewed. {""directness"": ""unknown"", ""intervention"": ""RARRES2 knockdown"", ""endpoint"": ""osteoclast differentiation; osteoclast-related markers; TRAP activity""} Sign is an inferred normal molecular role; genetic perturbation is not equivalent to pharmacological inhibition. ",pending,,genetic_perturbation_role_inference,phenotype
edge:full:0c8d60afa808403035f37036,LOCAL:gene:NCBIGene:16147,REGULATES,LOCAL:process:osteoclast_formation,1,ctx:extracted:16b62c33db2bd591b2a3ee51,pubtator,PMID:42565472,proposed,"Automated source-anchored proposal; identity decisions and original uncertainties retained in data/staging/full_integration_v1. Not expert reviewed. {""directness"": ""unknown"", ""intervention"": ""Ihh deficiency"", ""endpoint"": ""RANKL-induced osteoclast formation and resorption activity""} Sign is an inferred normal molecular role; genetic perturbation is not equivalent to pharmacological inhibition. ",pending,,genetic_perturbation_role_inference,phenotype
edge:full:1a6099c53c5772794493a1fa,LOCAL:gene:NCBIGene:11891,REGULATES,PATHWAY:OSTEOCLAST_DIFFERENTIATION,1,ctx:extracted:1705a6f4449bdeec828a8d24,pubtator,PMID:42611774,proposed,"Automated source-anchored proposal; identity decisions and original uncertainties retained in data/staging/full_integration_v1. Not expert reviewed. {""directness"": ""indirect"", ""intervention"": ""Rab27A knockdown"", ""endpoint"": ""osteoclast marker expression / osteoclast differentiation""} Sign is an inferred normal molecular role; genetic perturbation is not equivalent to pharmacological inhibition. ",pending,,genetic_perturbation_role_inference,phenotype
edge:full:d606424d18432c661d08a4be,LOCAL:gene:NCBIGene:231386,REGULATES,PATHWAY:OSTEOCLAST_DIFFERENTIATION,-1,ctx:extracted:8c24bf6ed4c183a7937dd4a5,pubtator,PMID:42705403,proposed,"Automated source-anchored proposal; identity decisions and original uncertainties retained in data/staging/full_integration_v1. Not expert reviewed. {""directness"": ""unknown"", ""intervention"": ""YTHDC1 knockdown"", ""endpoint"": ""PEA-mediated suppression of osteoclast differentiation and mitochondrial function""} Sign is an inferred normal molecular role; genetic perturbation is not equivalent to pharmacological inhibition. ",pending,,genetic_perturbation_role_inference,phenotype
edge:full:43290d55f33132297b7e4b25,LOCAL:protein:NCBIGene:68588,REGULATES,PATHWAY:OSTEOCLAST_DIFFERENTIATION,1,ctx:extracted:11f6bb4acd960035ea6a897a,pubtator,PMID:42728346,proposed,"Automated source-anchored proposal; identity decisions and original uncertainties retained in data/staging/full_integration_v1. Not expert reviewed. {""directness"": ""unknown"", ""intervention"": ""CTHRC1"", ""endpoint"": ""osteoblast-derived RANKL-mediated osteoclastogenesis""} ",pending,,reported_regulation,phenotype
edge:full:ba358d5498fcf3cf7b4dafc8,LOCAL:protein:NCBIGene:68588,REGULATES,PATHWAY:OSTEOCLAST_DIFFERENTIATION,1,ctx:extracted:1f91e2fa967620f4a96a81d7,pubtator,PMID:42728346,proposed,"Automated source-anchored proposal; identity decisions and original uncertainties retained in data/staging/full_integration_v1. Not expert reviewed. {""directness"": ""unknown"", ""intervention"": ""tumor-derived CTHRC1"", ""endpoint"": ""osteoclast differentiation""} ",pending,,reported_regulation,phenotype
edge:full:f16c814d26d612d5b248f92f,LOCAL:protein:NCBIGene:68588,REGULATES,LOCAL:protein:mouse:ITGB3,1,ctx:extracted:044a8d3c8e77b94bf2110c5d,pubtator,PMID:42728346,proposed,"Automated source-anchored proposal; identity decisions and original uncertainties retained in data/staging/full_integration_v1. Not expert reviewed. {""directness"": ""direct"", ""intervention"": ""CTHRC1"", ""endpoint"": ""FAK/MEK/ERK1/2 pathway activation and SRC signaling dissociation""} ",pending,,reported_regulation,binding
edge:full:9cf1e216fbf734470751a1b0,LOCAL:protein:mouse:SRC,REGULATES,LOCAL:gene:NCBIGene:16176,1,ctx:extracted:506961f335a8f87d18123667,pubtator,PMID:16627750,proposed,"Automated source-anchored proposal; identity decisions and original uncertainties retained in data/staging/full_integration_v2. Not expert reviewed. {""directness"": ""unknown"", ""intervention"": ""c-Src suppression"", ""endpoint"": ""expression of osteoclastogenic cytokines interleukin-1beta and interleukin-6""} Sign is an inferred normal molecular role; genetic perturbation is not equivalent to pharmacological inhibition. ",pending,,genetic_perturbation_role_inference,expression
edge:full:fa961c45b81d082921bdd8a8,LOCAL:protein:NCBIGene:17096,ASSOCIATED_WITH,LOCAL:protein:mouse:TNFRSF11A,0,ctx:extracted:b7a19d922b35b44ebe2c46f3,pubtator,PMID:19171907,proposed,"Automated source-anchored proposal; identity decisions and original uncertainties retained in data/staging/full_integration_v2. Not expert reviewed. {""directness"": ""direct"", ""intervention"": null, ""endpoint"": ""complex formation""} ",pending,,reported_association,binding
edge:full:ba38e099550a40d386ea1516,LOCAL:protein:NCBIGene:20491,ASSOCIATED_WITH,LOCAL:protein:mouse:CSF1R,0,ctx:extracted:ef4c2b6e121d186bfc09f39f,pubtator,PMID:20225239,proposed,"Automated source-anchored proposal; identity decisions and original uncertainties retained in data/staging/full_integration_v2. Not expert reviewed. {""directness"": ""direct"", ""intervention"": null, ""endpoint"": ""complexing of the adaptor protein and c-Fms""} ",pending,,reported_association,binding
edge:full:59c54f30c53bf5cf9ebb9989,LOCAL:protein:NCBIGene:14784,REGULATES,LOCAL:protein:mouse:SRC,0,ctx:extracted:9a7a2b506595829ca41545a4,pubtator,PMID:25381250,proposed,"Automated source-anchored proposal; identity decisions and original uncertainties retained in data/staging/full_integration_v2. Not expert reviewed. {""directness"": ""unknown"", ""intervention"": ""Overexpression of GRB2; GRB2 expression reduced by shRNA or by gene inactivation"", ""endpoint"": ""activating phosphorylation of Src at Tyr-416; phosphorylation of cyt-PTPe at Tyr-638""} ",pending,,phosphorylation_change_activity_sign_unresolved,activity
edge:full:89183ed43216ee39f97f89b6,LOCAL:protein:NCBIGene:76448,REGULATES,PATHWAY:F_ACTIN_SEALING_ZONE,-1,ctx:extracted:831b0fad85ac2e46015c1c00,pubtator,PMID:29158294,proposed,"Automated source-anchored proposal; identity decisions and original uncertainties retained in data/staging/full_integration_v2. Not expert reviewed. {""directness"": ""unknown"", ""intervention"": ""PPP1r18 overexpression"", ""endpoint"": ""actin ring formation""} Sign is an inferred normal molecular role; genetic perturbation is not equivalent to pharmacological inhibition. ",pending,,genetic_perturbation_role_inference,phenotype
edge:full:7a772c5b3d666e0b265ca306,LOCAL:protein:NCBIGene:76448,ASSOCIATED_WITH,LOCAL:protein:mouse:SRC,0,ctx:extracted:c2115ec99cf068d897e55591,pubtator,PMID:29158294,proposed,"Automated source-anchored proposal; identity decisions and original uncertainties retained in data/staging/full_integration_v2. Not expert reviewed. {""directness"": ""direct"", ""intervention"": ""overexpression of a constitutively active form of Src in an Src-, Yes-, and Fyn-deficient fibroblast (SYF) cell line"", ""endpoint"": ""Src-binding""} ",pending,,reported_association,binding
edge:full:8f868ff3dee8384f03632996,LOCAL:gene:NCBIGene:216805,REGULATES,LOCAL:gene:NCBIGene:209446,-1,ctx:extracted:610a9d71e729f69bae63f51a,pubtator,PMID:29893999,proposed,"Automated source-anchored proposal; identity decisions and original uncertainties retained in data/staging/full_integration_v2. Not expert reviewed. {""directness"": ""unknown"", ""intervention"": null, ""endpoint"": ""nuclear localization of Tfe3 and expression of Pgc1""} ",pending,,reported_regulation,activity
edge:full:6a90c23300303a5b075c864b,LOCAL:protein:NCBIGene:8743,REGULATES,PATHWAY:OSTEOCLAST_DIFFERENTIATION,-1,ctx:extracted:a8863dee624680f8f9226206,pubtator,PMID:30692521,proposed,"Automated source-anchored proposal; identity decisions and original uncertainties retained in data/staging/full_integration_v2. Not expert reviewed. {""directness"": ""unknown"", ""intervention"": ""TRAIL presence"", ""endpoint"": ""RANKL-induced osteoclast differentiation""} ",pending,,reported_molecular_addition_effect,phenotype
edge:full:7ae2a44115d78138bc3b2c65,LOCAL:protein:NCBIGene:263803,REGULATES,LOCAL:protein:mouse:SRC,1,ctx:extracted:bf661ebed117eda327404c71,pubtator,PMID:31400545,proposed,"Automated source-anchored proposal; identity decisions and original uncertainties retained in data/staging/full_integration_v2. Not expert reviewed. {""directness"": ""unknown"", ""intervention"": null, ""endpoint"": ""c-Src kinase activity""} ",pending,,reported_regulation,activity
edge:full:13393588f131205fa7688714,LOCAL:rna:NCBIGene:387161,REGULATES,LOCAL:gene:NCBIGene:21934,-1,ctx:extracted:87384aa1be762564043cd760,pubtator,PMID:31951177,proposed,"Automated source-anchored proposal; identity decisions and original uncertainties retained in data/staging/full_integration_v2. Not expert reviewed. {""directness"": ""unknown"", ""intervention"": ""RANKL combined with miR-143 mimics"", ""endpoint"": ""RANK expression""} Sign is an inferred normal molecular role; genetic perturbation is not equivalent to pharmacological inhibition. ",pending,,genetic_perturbation_role_inference,expression
edge:full:7a4bac5bb5b7c1463f79f71f,LOCAL:gene:NCBIGene:18604,REGULATES,LOCAL:process:bone_loss,1,ctx:extracted:cf02eae53781d0df77dbe788,pubtator,PMID:33125772,proposed,"Automated source-anchored proposal; identity decisions and original uncertainties retained in data/staging/full_integration_v2. Not expert reviewed. {""directness"": ""unknown"", ""intervention"": ""Pdk2-/-"", ""endpoint"": ""bone loss; osteoclast number""} Sign is an inferred normal molecular role; genetic perturbation is not equivalent to pharmacological inhibition. ",pending,,genetic_perturbation_role_inference,phenotype
edge:full:d47ddd98b20ff8da893d121a,LOCAL:protein:NCBIGene:17700,REGULATES,PATHWAY:OSTEOCLAST_DIFFERENTIATION,1,ctx:extracted:989df1ef959bc01cc62e3599,pubtator,PMID:33536903,proposed,"Automated source-anchored proposal; identity decisions and original uncertainties retained in data/staging/full_integration_v2. Not expert reviewed. {""directness"": ""indirect"", ""intervention"": ""myostatin treatment"", ""endpoint"": ""osteoclastogenesis""} ",pending,,reported_molecular_addition_effect,phenotype
edge:full:8b46c235a0f173ac7398d653,LOCAL:protein:NCBIGene:23945,REGULATES,LOCAL:process:osteoclast_formation,1,ctx:extracted:df2b307be2c897ff502eec8f,pubtator,PMID:33777947,proposed,"Automated source-anchored proposal; identity decisions and original uncertainties retained in data/staging/full_integration_v2. Not expert reviewed. {""directness"": ""unknown"", ""intervention"": ""MAGL knockdown by adenovirus-mediated shRNA"", ""endpoint"": ""osteoclast formation and bone resorption""} Sign is an inferred normal molecular role; genetic perturbation is not equivalent to pharmacological inhibition. ",pending,,genetic_perturbation_role_inference,phenotype
edge:full:fd73819543df209286ddac89,LOCAL:protein:NCBIGene:23945,ASSOCIATED_WITH,PATHWAY:OSTEOCLAST_DIFFERENTIATION,0,ctx:extracted:63d35c4bfec30bb3de296345,pubtator,PMID:33777947,proposed,"Automated source-anchored proposal; identity decisions and original uncertainties retained in data/staging/full_integration_v2. Not expert reviewed. {""directness"": ""unknown"", ""intervention"": null, ""endpoint"": ""MAGL protein expression""} ",pending,,observational_expression_change,expression
edge:full:384c6c09ea589d031269a238,LOCAL:gene:NCBIGene:140580,REGULATES,LOCAL:process:bone_loss,1,ctx:extracted:c9223ee740336174cc2706b6,pubtator,PMID:34404802,proposed,"Automated source-anchored proposal; identity decisions and original uncertainties retained in data/staging/full_integration_v2. Not expert reviewed. {""directness"": ""unknown"", ""intervention"": ""ELMO1 deletion"", ""endpoint"": ""bone loss""} Sign is an inferred normal molecular role; genetic perturbation is not equivalent to pharmacological inhibition. ",pending,,genetic_perturbation_role_inference,phenotype
edge:full:caff8e63968e61e7455aba7e,LOCAL:protein:NCBIGene:76701,REGULATES,LOCAL:process:osteoclast_formation,-1,ctx:extracted:e09a621771df11e87ef51c52,pubtator,PMID:34436220,proposed,"Automated source-anchored proposal; identity decisions and original uncertainties retained in data/staging/full_integration_v2. Not expert reviewed. {""directness"": ""unknown"", ""intervention"": ""Caldecrin"", ""endpoint"": ""LPS-induced osteoclast formation""} ",pending,,reported_molecular_addition_effect,phenotype
edge:full:da4edb8fac95901f584b9824,LOCAL:protein:NCBIGene:8600,REGULATES,LOCAL:protein:NCBIGene:23028,1,ctx:extracted:4591dea2ac70b84a46e0aabb,pubtator,PMID:35077015,proposed,"Automated source-anchored proposal; identity decisions and original uncertainties retained in data/staging/full_integration_v2. Not expert reviewed. {""directness"": ""unknown"", ""intervention"": ""RANKL stimulation"", ""endpoint"": ""LSD1 expression""} ",pending,,reported_regulation,expression
edge:full:f6b2c29d019d66d0f485f5cc,LOCAL:gene:NCBIGene:214133,REGULATES,LOCAL:process:autophagy,1,ctx:extracted:794c2d2de02e65f512135cf1,pubtator,PMID:35255774,proposed,"Automated source-anchored proposal; identity decisions and original uncertainties retained in data/staging/full_integration_v2. Not expert reviewed. {""directness"": ""unknown"", ""intervention"": ""Tet2 knockdown"", ""endpoint"": ""autophagy and osteoclast differentiation""} Sign is an inferred normal molecular role; genetic perturbation is not equivalent to pharmacological inhibition. ",pending,,genetic_perturbation_role_inference,activity
edge:full:99b12e3278d1c599991f278a,LOCAL:gene:NCBIGene:20185,REGULATES,PATHWAY:OSTEOCLAST_DIFFERENTIATION,-1,ctx:extracted:81f8a71519b29a77dce3f180,pubtator,PMID:35983582,proposed,"Automated source-anchored proposal; identity decisions and original uncertainties retained in data/staging/full_integration_v2. Not expert reviewed. {""directness"": ""unknown"", ""intervention"": ""Ncor1 deficiency"", ""endpoint"": ""osteoclastogenesis""} Sign is an inferred normal molecular role; genetic perturbation is not equivalent to pharmacological inhibition. ",pending,,genetic_perturbation_role_inference,phenotype
edge:full:abb15b8159edae9e2cbbe96f,CHEBI:17234,ASSOCIATED_WITH,PATHWAY:OSTEOCLAST_DIFFERENTIATION,0,ctx:extracted:38fc05b27c0e393da272e89e,pubtator,PMID:37917194,proposed,"Automated source-anchored proposal; identity decisions and original uncertainties retained in data/staging/full_integration_v2. Not expert reviewed. {""directness"": ""unknown"", ""intervention"": null, ""endpoint"": ""oxidation""} ",pending,,reported_association,association
edge:full:bc2502729d8db2a4a518d0ed,LOCAL:gene:NCBIGene:729230,ASSOCIATED_WITH,LOCAL:process:bone_loss,0,ctx:extracted:55d776348091e517fe5b6527,pubtator,PMID:38111083,proposed,"Automated source-anchored proposal; identity decisions and original uncertainties retained in data/staging/full_integration_v2. Not expert reviewed. {""directness"": ""unknown"", ""intervention"": null, ""endpoint"": ""bone loss around the implants""} ",pending,,reported_association,association
edge:full:95edbd92b151a3c8bc84ba1a,LOCAL:gene:NCBIGene:108664,REGULATES,LOCAL:process:bone_loss,-1,ctx:extracted:80e443d105b4d1ff27d0eb92,pubtator,PMID:38203808,proposed,"Automated source-anchored proposal; identity decisions and original uncertainties retained in data/staging/full_integration_v2. Not expert reviewed. {""directness"": ""unknown"", ""intervention"": ""Atp6v1h knockout (Atp6v1h+/-)"", ""endpoint"": ""bone loss""} Sign is an inferred normal molecular role; genetic perturbation is not equivalent to pharmacological inhibition. ",pending,,genetic_perturbation_role_inference,phenotype
edge:full:dac1ae65b734286054bf2b89,LOCAL:protein:NCBIGene:11532,REGULATES,PATHWAY:OSTEOCLAST_DIFFERENTIATION,-1,ctx:extracted:37ed50e8fb828f62fd45148d,pubtator,PMID:38311303,quarantined,"Automated source-anchored proposal; identity decisions and original uncertainties retained in data/staging/full_integration_v2. Not expert reviewed. {""directness"": ""unknown"", ""intervention"": ""GSNOR inhibition with a chemical inhibitor"", ""endpoint"": ""osteoclast differentiation, podosome belt formation, and bone resorption activity""}  V3 audit: inhibition of the target is not addition of the target; prior effect sign is not a normal-role claim.",pending,,reported_molecular_addition_effect,phenotype
edge:full:c20af8aa3a428c08df38f5b4,LOCAL:gene:NCBIGene:338523,REGULATES,LOCAL:process:bone_loss,1,ctx:extracted:69535157a3c3b54d5e6111fb,pubtator,PMID:38346941,proposed,"Automated source-anchored proposal; identity decisions and original uncertainties retained in data/staging/full_integration_v2. Not expert reviewed. {""directness"": ""indirect"", ""intervention"": ""Kdm7a deficiency"", ""endpoint"": ""bone loss""} Sign is an inferred normal molecular role; genetic perturbation is not equivalent to pharmacological inhibition. ",pending,,genetic_perturbation_role_inference,phenotype
edge:full:0840fca4b4a9dbdc57710809,LOCAL:protein:mouse:TNFSF11,REGULATES,PATHWAY:OSTEOCLAST_DIFFERENTIATION,1,ctx:extracted:27e8cb276f0cab01fa4d7612,pubtator,PMID:38402724,proposed,"Automated source-anchored proposal; identity decisions and original uncertainties retained in data/staging/full_integration_v2. Not expert reviewed. {""directness"": ""unknown"", ""intervention"": null, ""endpoint"": ""osteoclast differentiation""} ",pending,,reported_regulation,phenotype
edge:full:b0fd2862f08d33bfc73fe27f,LOCAL:protein:mouse:CTTN,REGULATES,LOCAL:gene:NCBIGene:21943,-1,ctx:extracted:40ffc1b6bb1c125fa98c77b6,pubtator,PMID:38655781,proposed,"Automated source-anchored proposal; identity decisions and original uncertainties retained in data/staging/full_integration_v2. Not expert reviewed. {""directness"": ""indirect"", ""intervention"": ""cortactin-silenced BMSCs"", ""endpoint"": ""RANKL expression""} Sign is an inferred normal molecular role; genetic perturbation is not equivalent to pharmacological inhibition. ",pending,,genetic_perturbation_role_inference,expression
edge:full:87111cb6a88fbe55e0496287,LOCAL:gene:NCBIGene:67181,REGULATES,PATHWAY:OSTEOCLAST_DIFFERENTIATION,-1,ctx:extracted:bc4830992b79b5e7f0ff378c,pubtator,PMID:38749090,proposed,"Automated source-anchored proposal; identity decisions and original uncertainties retained in data/staging/full_integration_v2. Not expert reviewed. {""directness"": ""unknown"", ""intervention"": ""small interfering RNA-mediated knockdown of Ctdnep1"", ""endpoint"": ""osteoclast differentiation / TRAP-positive multinucleated osteoclasts and marker gene expression""} Sign is an inferred normal molecular role; genetic perturbation is not equivalent to pharmacological inhibition. ",pending,,genetic_perturbation_role_inference,phenotype
edge:full:56dd72288c890934c00b7784,LOCAL:gene:NCBIGene:21898,REGULATES,LOCAL:process:osteoclast_formation,1,ctx:extracted:cca6ebbbe68daec04bcc09a3,pubtator,PMID:38889511,proposed,"Automated source-anchored proposal; identity decisions and original uncertainties retained in data/staging/full_integration_v2. Not expert reviewed. {""directness"": ""unknown"", ""intervention"": ""deletion of Tlr4"", ""endpoint"": ""osteoclast formation""} Sign is an inferred normal molecular role; genetic perturbation is not equivalent to pharmacological inhibition. ",pending,,genetic_perturbation_role_inference,phenotype
edge:full:d33e3ca9cb3595671d4800f3,LOCAL:gene:NCBIGene:23918,REGULATES,LOCAL:process:oxidative_phosphorylation,1,ctx:extracted:6b3a85b1b29f49fe7d96e334,pubtator,PMID:38959733,proposed,"Automated source-anchored proposal; identity decisions and original uncertainties retained in data/staging/full_integration_v2. Not expert reviewed. {""directness"": ""indirect"", ""intervention"": ""Impdh2 deletion in mouse myeloid lineage cells (Impdh2LysM-/- mice)"", ""endpoint"": ""oxidative phosphorylation""} Sign is an inferred normal molecular role; genetic perturbation is not equivalent to pharmacological inhibition. ",pending,,genetic_perturbation_role_inference,phenotype
edge:full:7291313bb0d0a22d763d621b,LOCAL:protein:mouse:SRC,REGULATES,LOCAL:gene:NCBIGene:13653,-1,ctx:extracted:b36a2c21b1517650b208129a,pubtator,PMID:39695463,proposed,"Automated source-anchored proposal; identity decisions and original uncertainties retained in data/staging/full_integration_v2. Not expert reviewed. {""directness"": ""unknown"", ""intervention"": ""SRC binding at the EGR1 promoter"", ""endpoint"": ""EGR1 transcription""} ",pending,,reported_regulation,expression
edge:full:b174e66db846224f80a4c3a3,LOCAL:gene:NCBIGene:93759,REGULATES,PATHWAY:BONE_RESORPTION,-1,ctx:extracted:4abbf30173a3ced47c45807a,pubtator,PMID:39895866,proposed,"Automated source-anchored proposal; identity decisions and original uncertainties retained in data/staging/full_integration_v2. Not expert reviewed. {""directness"": ""unknown"", ""intervention"": ""Overexpression of Sirt1"", ""endpoint"": ""osteoclastic bone resorption""} Sign is an inferred normal molecular role; genetic perturbation is not equivalent to pharmacological inhibition. ",pending,,genetic_perturbation_role_inference,phenotype
edge:full:348cb8249c087aa76bb5716a,LOCAL:gene:NCBIGene:14104,REGULATES,PATHWAY:OSTEOCLAST_DIFFERENTIATION,1,ctx:extracted:eab1fc16891068d4d94c8be3,pubtator,PMID:40081616,proposed,"Automated source-anchored proposal; identity decisions and original uncertainties retained in data/staging/full_integration_v2. Not expert reviewed. {""directness"": ""unknown"", ""intervention"": ""Fasn shRNA knockdown or pharmacological inhibitors (ASC40 and trans-C75)"", ""endpoint"": ""osteoclast differentiation""} Sign is an inferred normal molecular role; genetic perturbation is not equivalent to pharmacological inhibition. ",pending,,genetic_perturbation_role_inference,phenotype
edge:full:354ce016d925f6530547855e,LOCAL:protein:NCBIGene:17750,REGULATES,LOCAL:process:bone_loss,-1,ctx:extracted:68581d6a79b5556a7ff03e7b,pubtator,PMID:40267773,proposed,"Automated source-anchored proposal; identity decisions and original uncertainties retained in data/staging/full_integration_v2. Not expert reviewed. {""directness"": ""unknown"", ""intervention"": ""CD11b-promoter-MT2-cDNA-AAVs"", ""endpoint"": ""bone loss""} ",pending,,reported_molecular_addition_effect,phenotype
edge:full:1d1d426de543c3d272d46871,LOCAL:protein:mouse:TNFSF11,REGULATES,LOCAL:protein:NCBIGene:17750,-1,ctx:extracted:6a47d9bc925074e570f3fd62,pubtator,PMID:40267773,proposed,"Automated source-anchored proposal; identity decisions and original uncertainties retained in data/staging/full_integration_v2. Not expert reviewed. {""directness"": ""indirect"", ""intervention"": ""RANKL administration"", ""endpoint"": ""MT2 protein expression""} ",pending,,reported_molecular_addition_effect,expression
edge:full:a1bbba620e02b86aecc9492f,LOCAL:protein:mouse:TNFSF11,REGULATES,CHEBI:26523,1,ctx:extracted:6a47d9bc925074e570f3fd62,pubtator,PMID:40267773,proposed,"Automated source-anchored proposal; identity decisions and original uncertainties retained in data/staging/full_integration_v2. Not expert reviewed. {""directness"": ""unknown"", ""intervention"": ""RANKL administration"", ""endpoint"": ""ROS production""} ",pending,,reported_molecular_addition_effect,abundance
edge:full:a4e3eef2fe10d7935c8b2493,LOCAL:gene:NCBIGene:12176,REGULATES,PATHWAY:OSTEOCLAST_DIFFERENTIATION,1,ctx:extracted:b3b4051438cc73358e4d65f4,pubtator,PMID:40408943,proposed,"Automated source-anchored proposal; identity decisions and original uncertainties retained in data/staging/full_integration_v2. Not expert reviewed. {""directness"": ""unknown"", ""intervention"": ""BNIP3 deficient"", ""endpoint"": ""osteoclast differentiation""} Sign is an inferred normal molecular role; genetic perturbation is not equivalent to pharmacological inhibition. ",pending,,genetic_perturbation_role_inference,phenotype
edge:full:cda8ec8c72e99cc5b071ab3c,LOCAL:gene:NCBIGene:19055,REGULATES,PATHWAY:OSTEOCLAST_DIFFERENTIATION,-1,ctx:extracted:fb99d51345d010a8dbebb95c,pubtator,PMID:40602229,proposed,"Automated source-anchored proposal; identity decisions and original uncertainties retained in data/staging/full_integration_v2. Not expert reviewed. {""directness"": ""unknown"", ""intervention"": ""overexpression of PPP3CA"", ""endpoint"": ""osteoclast differentiation and OP progression""} Sign is an inferred normal molecular role; genetic perturbation is not equivalent to pharmacological inhibition. ",pending,,genetic_perturbation_role_inference,phenotype
edge:full:750e4031ab1a6774cc2d523f,LOCAL:gene:NCBIGene:20312,REGULATES,PATHWAY:OSTEOCLAST_DIFFERENTIATION,1,ctx:extracted:104c81a0fdec48a85f7a72e4,pubtator,PMID:40652104,proposed,"Automated source-anchored proposal; identity decisions and original uncertainties retained in data/staging/full_integration_v2. Not expert reviewed. {""directness"": ""unknown"", ""intervention"": ""shRNA-mediated knockdown of CX3CL1"", ""endpoint"": ""osteoclast differentiation""} Sign is an inferred normal molecular role; genetic perturbation is not equivalent to pharmacological inhibition. ",pending,,genetic_perturbation_role_inference,phenotype
edge:full:c1b2abc8b69ef6ad078fb4db,LOCAL:gene:NCBIGene:50883,REGULATES,LOCAL:process:bone_loss,1,ctx:extracted:d19a0219b5869aae68e08201,pubtator,PMID:40698069,proposed,"Automated source-anchored proposal; identity decisions and original uncertainties retained in data/staging/full_integration_v2. Not expert reviewed. {""directness"": ""unknown"", ""intervention"": ""Chk2 knockout in Bmi1-deficient mice"", ""endpoint"": ""bone loss""} Sign is an inferred normal molecular role; genetic perturbation is not equivalent to pharmacological inhibition. ",pending,,genetic_perturbation_role_inference,phenotype
edge:full:ac465520ab5db89b7e5e0291,LOCAL:gene:NCBIGene:252870,REGULATES,PATHWAY:OSTEOCLAST_DIFFERENTIATION,-1,ctx:extracted:2f53501a097fc9709395bc13,pubtator,PMID:41448005,proposed,"Automated source-anchored proposal; identity decisions and original uncertainties retained in data/staging/full_integration_v2. Not expert reviewed. {""directness"": ""unknown"", ""intervention"": ""USP7 deletion"", ""endpoint"": ""osteoclastogenesis""} Sign is an inferred normal molecular role; genetic perturbation is not equivalent to pharmacological inhibition. ",pending,,genetic_perturbation_role_inference,phenotype
edge:full:9fdf046eebdced492c02b98f,LOCAL:rna:NCBIGene:433367,REGULATES,LOCAL:process:bone_loss,1,ctx:extracted:27ce67d9d594e0e7f64467b3,pubtator,PMID:41639517,proposed,"Automated source-anchored proposal; identity decisions and original uncertainties retained in data/staging/full_integration_v2. Not expert reviewed. {""directness"": ""unknown"", ""intervention"": ""Gm5532 KO"", ""endpoint"": ""bone loss""} Sign is an inferred normal molecular role; genetic perturbation is not equivalent to pharmacological inhibition. ",pending,,genetic_perturbation_role_inference,phenotype
edge:full:7bd1c61fe5df8f9428f066a1,LOCAL:gene:NCBIGene:16819,REGULATES,PATHWAY:OSTEOCLAST_DIFFERENTIATION,1,ctx:extracted:63c6c5d660c2f28f48585b3e,pubtator,PMID:41927522,proposed,"Automated source-anchored proposal; identity decisions and original uncertainties retained in data/staging/full_integration_v2. Not expert reviewed. {""directness"": ""unknown"", ""intervention"": ""Knockdown of Lcn2"", ""endpoint"": ""osteoclastogenesis""} Sign is an inferred normal molecular role; genetic perturbation is not equivalent to pharmacological inhibition. ",pending,,genetic_perturbation_role_inference,phenotype
edge:full:26d8d423770d4d6d5548aea5,LOCAL:gene:NCBIGene:89813,REGULATES,LOCAL:process:bone_loss,1,ctx:extracted:bac88d7cc329080c9b54c42e,pubtator,PMID:42055104,proposed,"Automated source-anchored proposal; identity decisions and original uncertainties retained in data/staging/full_integration_v2. Not expert reviewed. {""directness"": ""unknown"", ""intervention"": ""PDK4-knockdown lentivirus"", ""endpoint"": ""bone loss; osteoclast activity and markers; glycolysis-associated protein expression""} Sign is an inferred normal molecular role; genetic perturbation is not equivalent to pharmacological inhibition. ",pending,,genetic_perturbation_role_inference,phenotype
edge:full:40b2bc1206b5dfd408a350be,LOCAL:protein:NCBIGene:20750,REGULATES,PATHWAY:OSTEOCLAST_DIFFERENTIATION,1,ctx:extracted:f9215bb48d14a22ac93b8054,pubtator,PMID:42148137,proposed,"Automated source-anchored proposal; identity decisions and original uncertainties retained in data/staging/full_integration_v2. Not expert reviewed. {""directness"": ""unknown"", ""intervention"": ""OPN"", ""endpoint"": ""osteoclastogenesis""} ",pending,,reported_molecular_addition_effect,phenotype
edge:full:c587c8a5e1f942e86d4e61cd,LOCAL:gene:NCBIGene:303637,REGULATES,LOCAL:process:bone_loss,1,ctx:extracted:8525e7a99d508ddb893b3f9e,pubtator,PMID:42228211,proposed,"Automated source-anchored proposal; identity decisions and original uncertainties retained in data/staging/full_integration_v2. Not expert reviewed. {""directness"": ""unknown"", ""intervention"": ""ABCA8 overexpression"", ""endpoint"": ""bone loss""} Sign is an inferred normal molecular role; genetic perturbation is not equivalent to pharmacological inhibition. ",pending,,genetic_perturbation_role_inference,phenotype
edge:full:0a1d850e989415c440524678,LOCAL:protein:mouse:TNFSF11,REGULATES,PATHWAY:OSTEOCLAST_DIFFERENTIATION,1,ctx:extracted:5eccc6a2ce7108b7c6dbd2dd,pubtator,PMID:42396666,proposed,"Automated source-anchored proposal; identity decisions and original uncertainties retained in data/staging/full_integration_v2. Not expert reviewed. {""directness"": ""unknown"", ""intervention"": ""RANKL and B19V-VP1u"", ""endpoint"": ""osteoclastogenesis""} ",pending,,reported_molecular_addition_effect,phenotype
edge:full:16fc3c8395d719b76f8ecef2,LOCAL:protein:mouse:MAPK14,REGULATES,PATHWAY:OSTEOCLAST_DIFFERENTIATION,-1,ctx:extracted:52e3ab66bdd3b36271d0bc35,pubtator,PMID:42396666,quarantined,"Automated source-anchored proposal; identity decisions and original uncertainties retained in data/staging/full_integration_v2. Not expert reviewed. {""directness"": ""unknown"", ""intervention"": ""blockade of p38 MAPK"", ""endpoint"": ""VP1u-induced osteoclastogenesis""}  V3 audit: inhibition of the target is not addition of the target; prior effect sign is not a normal-role claim.",pending,,reported_molecular_addition_effect,phenotype
edge:full:df977408988fd0bf9ab71bfb,LOCAL:protein:NCBIGene:50929,REGULATES,LOCAL:process:bone_loss,1,ctx:extracted:ac528e9dc21a9ea15d112973,pubtator,PMID:42458258,proposed,"Automated source-anchored proposal; identity decisions and original uncertainties retained in data/staging/full_integration_v2. Not expert reviewed. {""directness"": ""unknown"", ""intervention"": ""IL-22 KO mice with LPS injection"", ""endpoint"": ""bone loss / bone destruction / OC formation""} Sign is an inferred normal molecular role; genetic perturbation is not equivalent to pharmacological inhibition. ",pending,,genetic_perturbation_role_inference,phenotype
edge:full:01b3225a9b2e08f64720f6ca,LOCAL:protein:NCBIGene:231386,REGULATES,LOCAL:gene:NCBIGene:11891,1,ctx:extracted:1f2c524b768d068d70df1525,pubtator,PMID:42611774,proposed,"Automated source-anchored proposal; identity decisions and original uncertainties retained in data/staging/full_integration_v2. Not expert reviewed. {""directness"": ""indirect"", ""intervention"": ""knockdown of either YTHDC1 or IGF2BP2"", ""endpoint"": ""Rab27A expression and osteoclast marker expression""} Sign is an inferred normal molecular role; genetic perturbation is not equivalent to pharmacological inhibition. ",pending,,genetic_perturbation_role_inference,expression
edge:full:0ed7d93a763881d724a5aabc,LOCAL:protein:mouse:ACOD1,REGULATES,PATHWAY:OSTEOCLAST_DIFFERENTIATION,-1,ctx:extracted:001fad6d47ecbf7e692e9c20,pubtator,PMID:42695337,proposed,"Automated source-anchored proposal; identity decisions and original uncertainties retained in data/staging/full_integration_v2. Not expert reviewed. {""directness"": ""indirect"", ""intervention"": ""Stable ACOD1 overexpression"", ""endpoint"": ""osteoclastogenesis""} Sign is an inferred normal molecular role; genetic perturbation is not equivalent to pharmacological inhibition. ",pending,,genetic_perturbation_role_inference,phenotype
edge:full:844ae1ff006d54bb4d443b10,CHEBI:26523,REGULATES,LOCAL:gene:NCBIGene:93760,1,ctx:extracted:b0cd8b7aed75e2db0248504d,pubtator,PMID:42703627,proposed,"Automated source-anchored proposal; identity decisions and original uncertainties retained in data/staging/full_integration_v2. Not expert reviewed. {""directness"": ""unknown"", ""intervention"": ""mechanically induced TMJ-OA mouse model; ROS accumulation"", ""endpoint"": ""ARID1A upregulation and recruitment to the Src enhancer""} ",pending,,reported_regulation,expression
edge:full:4757d25f3d1ed17c350a630f,LOCAL:protein:mouse:TNFSF11,REGULATES,LOCAL:protein:NCBIGene:28199,1,ctx:extracted:114dc489c939ab5862ea8932,pubtator,PMID:42717193,proposed,"Automated source-anchored proposal; identity decisions and original uncertainties retained in data/staging/full_integration_v2. Not expert reviewed. {""directness"": ""unknown"", ""intervention"": null, ""endpoint"": ""WDR23 expression""} ",pending,,reported_regulation,expression
edge:full:9d5003290b5c573f91c6b4c1,LOCAL:protein:NCBIGene:28199,REGULATES,PATHWAY:OSTEOCLAST_DIFFERENTIATION,-1,ctx:extracted:114dc489c939ab5862ea8932,pubtator,PMID:42717193,proposed,"Automated source-anchored proposal; identity decisions and original uncertainties retained in data/staging/full_integration_v2. Not expert reviewed. {""directness"": ""unknown"", ""intervention"": ""WDR23 knockdown or deficiency"", ""endpoint"": ""RANKL-induced osteoclastogenesis""} Sign is an inferred normal molecular role; genetic perturbation is not equivalent to pharmacological inhibition. ",pending,,genetic_perturbation_role_inference,phenotype
edge:full:27970ea039b6830119655ffa,LOCAL:protein:NCBIGene:28199,REGULATES,LOCAL:protein:mouse:TRAF6,-1,ctx:extracted:114dc489c939ab5862ea8932,pubtator,PMID:42717193,proposed,"Automated source-anchored proposal; identity decisions and original uncertainties retained in data/staging/full_integration_v2. Not expert reviewed. {""directness"": ""unknown"", ""intervention"": null, ""endpoint"": ""TRAF6 protein stability / autophagy-dependent degradation""} ",pending,,reported_regulation,abundance
edge:full:f0eaca18559376b359136632,LOCAL:protein:mouse:WAS,REGULATES,PATHWAY:BONE_RESORPTION,1,ctx:extracted:f9509c33f8eb6ae6c084f4b8,pubtator,PMID:14726392,proposed,"Automated source-anchored proposal; identity decisions and original uncertainties retained in data/staging/full_integration_v3. Not expert reviewed. {""directness"": ""indirect"", ""intervention"": ""WASp-null animals / WASp-null osteoclasts"", ""endpoint"": ""bone resorption""} Sign is an inferred normal molecular role; genetic perturbation is not equivalent to pharmacological inhibition. ",pending,,genetic_perturbation_role_inference,phenotype
edge:full:f93065be39d617d88248c844,LOCAL:process:glycolysis,ASSOCIATED_WITH,PATHWAY:OSTEOCLAST_DIFFERENTIATION,0,ctx:extracted:796aa7c8a315adaf0c5fa4f0,pubtator,PMID:17982276,proposed,"Automated source-anchored proposal; identity decisions and original uncertainties retained in data/staging/full_integration_v3. Not expert reviewed. {""directness"": ""unknown"", ""intervention"": ""RANKL-induced osteoclastogenesis"", ""endpoint"": ""glycolysis and oxidative phosphorylation""} ",pending,,reported_association,association
edge:full:bbee5e3e000b26c05f8709be,LOCAL:protein:NCBIGene:8743,REGULATES,LOCAL:protein:NCBIGene:7189,-1,ctx:extracted:6ac7d5cb4addf8a96239f376,pubtator,PMID:30692521,proposed,"Automated source-anchored proposal; identity decisions and original uncertainties retained in data/staging/full_integration_v3. Not expert reviewed. {""directness"": ""unknown"", ""intervention"": ""TRAIL presence; TRAIL-R siRNA or anti-TRAIL-R blocking antibody reversed the effect"", ""endpoint"": ""TRAF6 recruitment to lipid raft-associated signaling complexes""} ",pending,,reported_molecular_addition_effect,activity
edge:full:2c6ecab6abc38b6ccfeb4f80,LOCAL:gene:NCBIGene:71660,REGULATES,LOCAL:gene:NCBIGene:21943,1,ctx:extracted:085fc795719358adc34ad84c,pubtator,PMID:34416393,proposed,"Automated source-anchored proposal; identity decisions and original uncertainties retained in data/staging/full_integration_v3. Not expert reviewed. {""directness"": ""unknown"", ""intervention"": ""chemerin"", ""endpoint"": ""RANKL, CTSK and RANK expression""} ",pending,,reported_regulation,expression
edge:full:09e30db1b98f2bf787d6c38d,LOCAL:protein:NCBIGene:23028,REGULATES,LOCAL:protein:NCBIGene:3091,1,ctx:extracted:4591dea2ac70b84a46e0aabb,pubtator,PMID:35077015,proposed,"Automated source-anchored proposal; identity decisions and original uncertainties retained in data/staging/full_integration_v3. Not expert reviewed. {""directness"": ""unknown"", ""intervention"": ""RANKL-induced LSD1 expression"", ""endpoint"": ""HIF-1alpha protein stabilization and glycolysis""} ",pending,,reported_regulation,abundance
edge:full:ecf2c2cbe8070fc175c045d7,LOCAL:gene:NCBIGene:214133,REGULATES,LOCAL:gene:NCBIGene:12043,-1,ctx:extracted:46f836ce88e4f4ff08c61bf0,pubtator,PMID:35255774,proposed,"Automated source-anchored proposal; identity decisions and original uncertainties retained in data/staging/full_integration_v3. Not expert reviewed. {""directness"": ""unknown"", ""intervention"": ""Tet2 knockdown"", ""endpoint"": ""BCL2 expression""} Sign is an inferred normal molecular role; genetic perturbation is not equivalent to pharmacological inhibition. ",pending,,genetic_perturbation_role_inference,expression
edge:full:bd33227079db1fd6686d04a2,LOCAL:gene:NCBIGene:12772,REGULATES,LOCAL:process:alveolar_bone_resorption,1,ctx:extracted:959a9cbdc45062a5e0770da4,pubtator,PMID:35817437,proposed,"Automated source-anchored proposal; identity decisions and original uncertainties retained in data/staging/full_integration_v3. Not expert reviewed. {""directness"": ""unknown"", ""intervention"": ""Ccr2 deficiency"", ""endpoint"": ""alveolar bone resorption""} Sign is an inferred normal molecular role; genetic perturbation is not equivalent to pharmacological inhibition. ",pending,,genetic_perturbation_role_inference,phenotype
edge:full:35cf11c56ce5d2eb492f93a9,LOCAL:gene:NCBIGene:81661,REGULATES,LOCAL:process:actin_depolymerization,1,ctx:extracted:0f6b4eb8ba34116efc9b1932,pubtator,PMID:37121966,proposed,"Automated source-anchored proposal; identity decisions and original uncertainties retained in data/staging/full_integration_v3. Not expert reviewed. {""directness"": ""unknown"", ""intervention"": ""Gmfb deficiency"", ""endpoint"": ""actin depolymerization""} Sign is an inferred normal molecular role; genetic perturbation is not equivalent to pharmacological inhibition. ",pending,,genetic_perturbation_role_inference,phenotype
edge:full:0795219a67fcb2512e63e51f,LOCAL:gene:NCBIGene:26940,REGULATES,PATHWAY:OSTEOCLAST_DIFFERENTIATION,1,ctx:extracted:665e904e84b952cc49db7650,pubtator,PMID:37152948,proposed,"Automated source-anchored proposal; identity decisions and original uncertainties retained in data/staging/full_integration_v3. Not expert reviewed. {""directness"": ""unknown"", ""intervention"": ""ShRNA lentivirus particles used to knockdown ECSIT"", ""endpoint"": ""osteoclast differentiation""} Sign is an inferred normal molecular role; genetic perturbation is not equivalent to pharmacological inhibition. ",pending,,genetic_perturbation_role_inference,phenotype
edge:full:318527a1982158a5403f6662,LOCAL:gene:NCBIGene:12166,REGULATES,PATHWAY:BONE_RESORPTION,1,ctx:extracted:262bebe5170c6472c970c783,pubtator,PMID:38719881,proposed,"Automated source-anchored proposal; identity decisions and original uncertainties retained in data/staging/full_integration_v3. Not expert reviewed. {""directness"": ""indirect"", ""intervention"": ""osteoprogenitor-specific Bmpr1a deletion"", ""endpoint"": ""bone resorption / osteoporosis""} Sign is an inferred normal molecular role; genetic perturbation is not equivalent to pharmacological inhibition. ",pending,,genetic_perturbation_role_inference,phenotype
edge:full:e7ce1f6df64a91424db1082c,LOCAL:gene:NCBIGene:56620,REGULATES,LOCAL:process:alveolar_bone_resorption,1,ctx:extracted:8fc518e83b393894e050d740,pubtator,PMID:39800085,proposed,"Automated source-anchored proposal; identity decisions and original uncertainties retained in data/staging/full_integration_v3. Not expert reviewed. {""directness"": ""unknown"", ""intervention"": ""Dectin-2 knockout"", ""endpoint"": ""osteoclast numbers and alveolar bone resorption""} Sign is an inferred normal molecular role; genetic perturbation is not equivalent to pharmacological inhibition. ",pending,,genetic_perturbation_role_inference,phenotype
edge:full:e4bbd0574d9e864f6a815940,LOCAL:gene:NCBIGene:319520,REGULATES,LOCAL:process:osteoclast_activity,-1,ctx:extracted:350f77e678d4d707efe331cc,pubtator,PMID:40177487,proposed,"Automated source-anchored proposal; identity decisions and original uncertainties retained in data/staging/full_integration_v3. Not expert reviewed. {""directness"": ""unknown"", ""intervention"": ""DUSP4 overexpression"", ""endpoint"": ""osteoclast activity""} Sign is an inferred normal molecular role; genetic perturbation is not equivalent to pharmacological inhibition. ",pending,,genetic_perturbation_role_inference,phenotype
edge:full:34f0cc5e5e929b61b73ec978,LOCAL:gene:NCBIGene:28240,REGULATES,LOCAL:process:alveolar_bone_resorption,1,ctx:extracted:bce775c129c55fdadf049e34,pubtator,PMID:40312852,proposed,"Automated source-anchored proposal; identity decisions and original uncertainties retained in data/staging/full_integration_v3. Not expert reviewed. {""directness"": ""unknown"", ""intervention"": ""ablation of TRPM2"", ""endpoint"": ""alveolar bone resorption""} Sign is an inferred normal molecular role; genetic perturbation is not equivalent to pharmacological inhibition. ",pending,,genetic_perturbation_role_inference,phenotype
edge:full:cb8c1caa41b0b6a9d9ffa0e9,LOCAL:gene:NCBIGene:50883,REGULATES,LOCAL:gene:NCBIGene:13076,1,ctx:extracted:d19a0219b5869aae68e08201,pubtator,PMID:40698069,proposed,"Automated source-anchored proposal; identity decisions and original uncertainties retained in data/staging/full_integration_v3. Not expert reviewed. {""directness"": ""unknown"", ""intervention"": ""Chk2 knockout"", ""endpoint"": ""Cyp1a1 expression""} Sign is an inferred normal molecular role; genetic perturbation is not equivalent to pharmacological inhibition. ",pending,,genetic_perturbation_role_inference,expression
edge:full:de05f3163d7cf3ee11421dbd,LOCAL:protein:NCBIGene:320202,REGULATES,PATHWAY:OSTEOCLAST_DIFFERENTIATION,-1,ctx:extracted:beba9183d900a88219d3cd73,pubtator,PMID:40962326,proposed,"Automated source-anchored proposal; identity decisions and original uncertainties retained in data/staging/full_integration_v3. Not expert reviewed. {""directness"": ""unknown"", ""intervention"": ""Lefty2"", ""endpoint"": ""RANKL-induced osteoclast differentiation""} ",pending,,reported_molecular_addition_effect,phenotype
edge:full:e1191af75fb1c1a1355ed715,LOCAL:gene:NCBIGene:170720,REGULATES,PATHWAY:OSTEOCLAST_DIFFERENTIATION,1,ctx:extracted:d216cf73ba893f6a4aec45bc,pubtator,PMID:40971787,proposed,"Automated source-anchored proposal; identity decisions and original uncertainties retained in data/staging/full_integration_v3. Not expert reviewed. {""directness"": ""unknown"", ""intervention"": ""adenoviral vectors were constructed to overexpress CARD14"", ""endpoint"": ""osteoclast differentiation and activity""} Sign is an inferred normal molecular role; genetic perturbation is not equivalent to pharmacological inhibition. ",pending,,genetic_perturbation_role_inference,phenotype
edge:full:f7612a9c1eaa956723682af9,LOCAL:gene:NCBIGene:170720,REGULATES,LOCAL:process:osteoclast_activity,1,ctx:extracted:5ff5b74ee124b9c82d56fa08,pubtator,PMID:40971787,proposed,"Automated source-anchored proposal; identity decisions and original uncertainties retained in data/staging/full_integration_v3. Not expert reviewed. {""directness"": ""unknown"", ""intervention"": ""bone marrow-specific Card14 knockout"", ""endpoint"": ""osteoclast activity""} Sign is an inferred normal molecular role; genetic perturbation is not equivalent to pharmacological inhibition. ",pending,,genetic_perturbation_role_inference,phenotype
edge:full:1393ec1291a9e4bdcbdf0f6e,LOCAL:protein:NCBIGene:244349,REGULATES,PATHWAY:OSTEOCLAST_DIFFERENTIATION,1,ctx:extracted:5f8c74105bdd490454f24ad8,pubtator,PMID:41175189,proposed,"Automated source-anchored proposal; identity decisions and original uncertainties retained in data/staging/full_integration_v3. Not expert reviewed. {""directness"": ""unknown"", ""intervention"": ""KAT6A knockdown"", ""endpoint"": ""osteoclast differentiation markers, TRAP-positive cell formation, and bone loss parameters""} Sign is an inferred normal molecular role; genetic perturbation is not equivalent to pharmacological inhibition. ",pending,,genetic_perturbation_role_inference,phenotype
edge:full:6a55327e00a9b26f292d2edc,LOCAL:rna:NCBIGene:433367,REGULATES,LOCAL:protein:NCBIGene:18024,-1,ctx:extracted:f6b1d6870612c8b6e47d92e2,pubtator,PMID:41639517,proposed,"Automated source-anchored proposal; identity decisions and original uncertainties retained in data/staging/full_integration_v3. Not expert reviewed. {""directness"": ""indirect"", ""intervention"": ""Gm5532 KO"", ""endpoint"": ""iASPP-KEAP1 binding / NRF2 stabilization""} Sign is an inferred normal molecular role; genetic perturbation is not equivalent to pharmacological inhibition. ",pending,,genetic_perturbation_role_inference,activity
edge:full:b330d57f17e6f26a366f85b7,LOCAL:rna:NCBIGene:102635290,REGULATES,LOCAL:process:alveolar_bone_resorption,-1,ctx:extracted:22994f583a42837d732e3450,pubtator,PMID:41927522,proposed,"Automated source-anchored proposal; identity decisions and original uncertainties retained in data/staging/full_integration_v3. Not expert reviewed. {""directness"": ""unknown"", ""intervention"": ""LincRNA-EPS knockout (KO)"", ""endpoint"": ""alveolar bone resorption""} Sign is an inferred normal molecular role; genetic perturbation is not equivalent to pharmacological inhibition. ",pending,,genetic_perturbation_role_inference,phenotype
edge:full:e0093f700ee7a922d6b1ce7b,LOCAL:gene:NCBIGene:23849,ASSOCIATED_WITH,PATHWAY:OSTEOCLAST_DIFFERENTIATION,0,ctx:extracted:19e78751368946825a00daf6,pubtator,PMID:42258131,proposed,"Automated source-anchored proposal; identity decisions and original uncertainties retained in data/staging/full_integration_v3. Not expert reviewed. {""directness"": ""unknown"", ""intervention"": null, ""endpoint"": ""KLF6 expression during osteoclast differentiation""} ",pending,,reported_association,association
edge:full:3b5b0dcc6b1e85996ea21e0d,LOCAL:gene:NCBIGene:23849,REGULATES,LOCAL:process:bone_loss,-1,ctx:extracted:19e78751368946825a00daf6,pubtator,PMID:42258131,proposed,"Automated source-anchored proposal; identity decisions and original uncertainties retained in data/staging/full_integration_v3. Not expert reviewed. {""directness"": ""unknown"", ""intervention"": ""overexpression of KLF6 via adeno-associated virus"", ""endpoint"": ""OVX-induced bone loss""} Sign is an inferred normal molecular role; genetic perturbation is not equivalent to pharmacological inhibition. ",pending,,genetic_perturbation_role_inference,phenotype
edge:full:bfd65790ab44311a6220771f,LOCAL:protein:NCBIGene:56480,REGULATES,LOCAL:process:osteoclast_formation,1,ctx:extracted:eddd26e50b74139a81d65a85,pubtator,PMID:42737778,proposed,"Automated source-anchored proposal; identity decisions and original uncertainties retained in data/staging/full_integration_v3. Not expert reviewed. {""directness"": ""unknown"", ""intervention"": ""Genetic silencing of TBK1"", ""endpoint"": ""osteoclast formation""} Sign is an inferred normal molecular role; genetic perturbation is not equivalent to pharmacological inhibition. ",pending,,genetic_perturbation_role_inference,phenotype
edge:full:b5d052e02e5a8774b2cb0d20,LOCAL:protein:mouse:TNFSF11,REGULATES,LOCAL:protein:NCBIGene:56480,0,ctx:extracted:eddd26e50b74139a81d65a85,pubtator,PMID:42737778,proposed,"Automated source-anchored proposal; identity decisions and original uncertainties retained in data/staging/full_integration_v3. Not expert reviewed. {""directness"": ""unknown"", ""intervention"": ""RANKL stimulation; Eco-3 treatment"", ""endpoint"": ""TBK1 phosphorylation""} ",pending,,reported_molecular_addition_effect,activity
