node_id,type,rna_type,roles,name,symbol,taxon,compartment,aliases,legacy_ids,physiological_pillar,identity_status,structure_candidates,annotation_status
LOCAL:protein:mouse:TNFSF11,protein,,,TNF superfamily member 11 (RANKL),TNFSF11,mouse,extracellular,RANKL|TNFSF11|TRANCE|ODF,HGNC:TNFSF11,differentiation,registry_gene_species_protein_accession_mapped,"{""pdb_structures"": [], ""registry_identity_sha256"": ""706c6c2b55a8d87fd8fa62b0d7be65e7dec753c7eb357cda9eb5418a63524cd8"", ""registry_identity_source"": ""data/raw/provenance/resolution_quality_v3/uniprot_c0818e2f9d5778df.json"", ""uniprot_id"": ""O35235"", ""uniprot_identity_status"": ""unique_reviewed_registry_gene_species_match""}","core_legacy_annotations_unverified; generated_enrichment_quarantined UniProt v3: unique reviewed primary gene/species match; canonical sequence reference, not experimental isoform confirmation."
LOCAL:protein:mouse:TNFRSF11A,protein,,,TNF receptor superfamily member 11a (RANK),TNFRSF11A,mouse,plasma_membrane,RANK|TNFRSF11A|ODFR,HGNC:TNFRSF11A,differentiation,registry_gene_species_protein_accession_mapped,"{""pdb_structures"": [], ""registry_identity_sha256"": ""fff6754ca418684d19ac3baf961c0284ed2ddba4c51c86dece9814c37d5cb48b"", ""registry_identity_source"": ""data/raw/provenance/resolution_quality_v3/uniprot_4e470044f136f8ca.json"", ""uniprot_id"": ""O35305"", ""uniprot_identity_status"": ""unique_reviewed_registry_gene_species_match""}","core_legacy_annotations_unverified; generated_enrichment_quarantined UniProt v3: unique reviewed primary gene/species match; canonical sequence reference, not experimental isoform confirmation."
LOCAL:protein:mouse:TNFRSF11B,protein,,,TNF receptor superfamily member 11b (OPG),TNFRSF11B,mouse,extracellular,OPG|TNFRSF11B|TR1,HGNC:TNFRSF11B,differentiation,registry_gene_species_protein_accession_mapped,"{""pdb_structures"": [], ""registry_identity_sha256"": ""706c6c2b55a8d87fd8fa62b0d7be65e7dec753c7eb357cda9eb5418a63524cd8"", ""registry_identity_source"": ""data/raw/provenance/resolution_quality_v3/uniprot_c0818e2f9d5778df.json"", ""uniprot_id"": ""O08712"", ""uniprot_identity_status"": ""unique_reviewed_registry_gene_species_match""}","core_legacy_annotations_unverified; generated_enrichment_quarantined UniProt v3: unique reviewed primary gene/species match; canonical sequence reference, not experimental isoform confirmation."
LOCAL:protein:mouse:TRAF6,protein,,,TNF receptor associated factor 6,TRAF6,mouse,cytoplasm,TRAF6|RNF85,HGNC:TRAF6,differentiation,registry_gene_species_protein_accession_mapped,"{""pdb_structures"": [], ""registry_identity_sha256"": ""706c6c2b55a8d87fd8fa62b0d7be65e7dec753c7eb357cda9eb5418a63524cd8"", ""registry_identity_source"": ""data/raw/provenance/resolution_quality_v3/uniprot_c0818e2f9d5778df.json"", ""uniprot_id"": ""P70196"", ""uniprot_identity_status"": ""unique_reviewed_registry_gene_species_match""}","core_legacy_annotations_unverified; generated_enrichment_quarantined UniProt v3: unique reviewed primary gene/species match; canonical sequence reference, not experimental isoform confirmation."
LOCAL:protein:mouse:TRAF3,protein,,,TNF receptor associated factor 3,TRAF3,mouse,cytoplasm,TRAF3|LAP1,HGNC:TRAF3,inflammation,registry_gene_species_protein_accession_mapped,"{""pdb_structures"": [], ""registry_identity_sha256"": ""706c6c2b55a8d87fd8fa62b0d7be65e7dec753c7eb357cda9eb5418a63524cd8"", ""registry_identity_source"": ""data/raw/provenance/resolution_quality_v3/uniprot_c0818e2f9d5778df.json"", ""uniprot_id"": ""Q60803"", ""uniprot_identity_status"": ""unique_reviewed_registry_gene_species_match""}","core_legacy_annotations_unverified; generated_enrichment_quarantined UniProt v3: unique reviewed primary gene/species match; canonical sequence reference, not experimental isoform confirmation."
LOCAL:protein:mouse:CHUK,protein,,enzyme,Conserved helix-loop-helix ubiquitous kinase (IKK-alpha),CHUK,mouse,cytoplasm,CHUK|IKKA|IKK1,HGNC:CHUK,metabolism,registry_gene_species_protein_accession_mapped,"{""pdb_structures"": [], ""registry_identity_sha256"": ""ba92e00e2c9fb939b805ed2459ad97ba447343cd0a7f3010b594d79e60f857db"", ""registry_identity_source"": ""data/raw/provenance/resolution_quality_v3/uniprot_6828c3d881b83cfa.json"", ""uniprot_id"": ""Q60680"", ""uniprot_identity_status"": ""unique_reviewed_registry_gene_species_match""}","core_legacy_annotations_unverified; generated_enrichment_quarantined UniProt v3: unique reviewed primary gene/species match; canonical sequence reference, not experimental isoform confirmation."
LOCAL:protein:mouse:IKBKB,protein,,enzyme,Inhibitor of nuclear factor kappa B kinase subunit beta (IKK-beta),IKBKB,mouse,cytoplasm,IKBKB|IKKB|IKK2,HGNC:IKBKB,metabolism,registry_gene_species_protein_accession_mapped,"{""pdb_structures"": [], ""registry_identity_sha256"": ""a97fd6b14bda14e8c4e7b211e9d91cb3ec05a77f43c495e98cf5a9736b05086b"", ""registry_identity_source"": ""data/raw/provenance/resolution_quality_v3/uniprot_5ac89c3ebe8f83bb.json"", ""uniprot_id"": ""O88351"", ""uniprot_identity_status"": ""unique_reviewed_registry_gene_species_match""}","core_legacy_annotations_unverified; generated_enrichment_quarantined UniProt v3: unique reviewed primary gene/species match; canonical sequence reference, not experimental isoform confirmation."
LOCAL:protein:mouse:IKBKG,protein,,enzyme,Inhibitor of nuclear factor kappa B kinase regulatory subunit gamma (NEMO),IKBKG,mouse,cytoplasm,IKBKG|NEMO|IKK-gamma,HGNC:IKBKG,metabolism,registry_gene_species_protein_accession_mapped,"{""pdb_structures"": [], ""registry_identity_sha256"": ""a97fd6b14bda14e8c4e7b211e9d91cb3ec05a77f43c495e98cf5a9736b05086b"", ""registry_identity_source"": ""data/raw/provenance/resolution_quality_v3/uniprot_5ac89c3ebe8f83bb.json"", ""uniprot_id"": ""O88522"", ""uniprot_identity_status"": ""unique_reviewed_registry_gene_species_match""}","core_legacy_annotations_unverified; generated_enrichment_quarantined UniProt v3: unique reviewed primary gene/species match; canonical sequence reference, not experimental isoform confirmation."
LOCAL:protein:mouse:NFKB1,protein,,transcription_factor,Nuclear factor kappa B subunit 1 (p50),NFKB1,mouse,nucleus,NFKB1|p50|p105,HGNC:NFKB1,differentiation,registry_gene_species_protein_accession_mapped,"{""pdb_structures"": [], ""registry_identity_sha256"": ""2d5ad4961362bed9e66c5812a2f18bea8a1fbd71b7861980cc5f2b51e23e9e49"", ""registry_identity_source"": ""data/raw/provenance/resolution_quality_v3/uniprot_006f32829191c959.json"", ""uniprot_id"": ""P25799"", ""uniprot_identity_status"": ""unique_reviewed_registry_gene_species_match""}","core_legacy_annotations_unverified; generated_enrichment_quarantined UniProt v3: unique reviewed primary gene/species match; canonical sequence reference, not experimental isoform confirmation."
LOCAL:protein:mouse:RELA,protein,,transcription_factor,RELA proto-oncogene NF-kB subunit (p65),RELA,mouse,nucleus,RELA|p65|NFKB3,HGNC:RELA,differentiation,registry_gene_species_protein_accession_mapped,"{""pdb_structures"": [], ""registry_identity_sha256"": ""20407404ad1e0c2a4bc8f26515311f9476c3c8d3ee9b165c4f30ad5459a169cc"", ""registry_identity_source"": ""data/raw/provenance/resolution_quality_v3/uniprot_0f0ac7c5327151fb.json"", ""uniprot_id"": ""Q04207"", ""uniprot_identity_status"": ""unique_reviewed_registry_gene_species_match""}","core_legacy_annotations_unverified; generated_enrichment_quarantined UniProt v3: unique reviewed primary gene/species match; canonical sequence reference, not experimental isoform confirmation."
LOCAL:protein:mouse:NFKB2,protein,,transcription_factor,Nuclear factor kappa B subunit 2 (p52/p100),NFKB2,mouse,nucleus,NFKB2|p52|p100,HGNC:NFKB2,differentiation,registry_gene_species_protein_accession_mapped,"{""pdb_structures"": [], ""registry_identity_sha256"": ""2d5ad4961362bed9e66c5812a2f18bea8a1fbd71b7861980cc5f2b51e23e9e49"", ""registry_identity_source"": ""data/raw/provenance/resolution_quality_v3/uniprot_006f32829191c959.json"", ""uniprot_id"": ""Q9WTK5"", ""uniprot_identity_status"": ""unique_reviewed_registry_gene_species_match""}","core_legacy_annotations_unverified; generated_enrichment_quarantined UniProt v3: unique reviewed primary gene/species match; canonical sequence reference, not experimental isoform confirmation."
LOCAL:protein:mouse:RELB,protein,,transcription_factor,RELB proto-oncogene NF-kB subunit,RELB,mouse,nucleus,RELB|I-REL,HGNC:RELB,differentiation,registry_gene_species_protein_accession_mapped,"{""pdb_structures"": [], ""registry_identity_sha256"": ""20407404ad1e0c2a4bc8f26515311f9476c3c8d3ee9b165c4f30ad5459a169cc"", ""registry_identity_source"": ""data/raw/provenance/resolution_quality_v3/uniprot_0f0ac7c5327151fb.json"", ""uniprot_id"": ""Q04863"", ""uniprot_identity_status"": ""unique_reviewed_registry_gene_species_match""}","core_legacy_annotations_unverified; generated_enrichment_quarantined UniProt v3: unique reviewed primary gene/species match; canonical sequence reference, not experimental isoform confirmation."
LOCAL:protein:mouse:MAP3K14,protein,,enzyme,Mitogen-activated protein kinase kinase kinase 14 (NIK),MAP3K14,mouse,cytoplasm,MAP3K14|NIK|HS,HGNC:MAP3K14,metabolism,registry_gene_species_protein_accession_mapped,"{""pdb_structures"": [], ""registry_identity_sha256"": ""a2822de83d5dc07866220959212d584411d8d744a4a537ec1c0d10057b7a43ce"", ""registry_identity_source"": ""data/raw/provenance/resolution_quality_v3/uniprot_dc686182e63af84e.json"", ""uniprot_id"": ""Q9WUL6"", ""uniprot_identity_status"": ""unique_reviewed_registry_gene_species_match""}","core_legacy_annotations_unverified; generated_enrichment_quarantined UniProt v3: unique reviewed primary gene/species match; canonical sequence reference, not experimental isoform confirmation."
LOCAL:protein:mouse:MAP3K7,protein,,enzyme,Mitogen-activated protein kinase kinase kinase 7 (TAK1),MAP3K7,mouse,cytoplasm,MAP3K7|TAK1|MEKK7,HGNC:MAP3K7,metabolism,registry_gene_species_protein_accession_mapped,"{""pdb_structures"": [], ""registry_identity_sha256"": ""a2822de83d5dc07866220959212d584411d8d744a4a537ec1c0d10057b7a43ce"", ""registry_identity_source"": ""data/raw/provenance/resolution_quality_v3/uniprot_dc686182e63af84e.json"", ""uniprot_id"": ""Q62073"", ""uniprot_identity_status"": ""unique_reviewed_registry_gene_species_match""}","core_legacy_annotations_unverified; generated_enrichment_quarantined UniProt v3: unique reviewed primary gene/species match; canonical sequence reference, not experimental isoform confirmation."
LOCAL:protein:mouse:TAB1,protein,,enzyme,TGF-beta activated kinase 1 binding protein 1,TAB1,mouse,cytoplasm,TAB1|MAP3K7IP1,HGNC:TAB1,metabolism,registry_gene_species_protein_accession_mapped,"{""pdb_structures"": [], ""registry_identity_sha256"": ""fff6754ca418684d19ac3baf961c0284ed2ddba4c51c86dece9814c37d5cb48b"", ""registry_identity_source"": ""data/raw/provenance/resolution_quality_v3/uniprot_4e470044f136f8ca.json"", ""uniprot_id"": ""Q8CF89"", ""uniprot_identity_status"": ""unique_reviewed_registry_gene_species_match""}","core_legacy_annotations_unverified; generated_enrichment_quarantined UniProt v3: unique reviewed primary gene/species match; canonical sequence reference, not experimental isoform confirmation."
LOCAL:protein:mouse:TAB2,protein,,enzyme,TGF-beta activated kinase 1 binding protein 2,TAB2,mouse,cytoplasm,TAB2|MAP3K7IP2,HGNC:TAB2,metabolism,registry_gene_species_protein_accession_mapped,"{""pdb_structures"": [], ""registry_identity_sha256"": ""fff6754ca418684d19ac3baf961c0284ed2ddba4c51c86dece9814c37d5cb48b"", ""registry_identity_source"": ""data/raw/provenance/resolution_quality_v3/uniprot_4e470044f136f8ca.json"", ""uniprot_id"": ""Q99K90"", ""uniprot_identity_status"": ""unique_reviewed_registry_gene_species_match""}","core_legacy_annotations_unverified; generated_enrichment_quarantined UniProt v3: unique reviewed primary gene/species match; canonical sequence reference, not experimental isoform confirmation."
LOCAL:protein:mouse:MAPK14,protein,,enzyme,Mitogen-activated protein kinase 14 (p38 alpha),MAPK14,mouse,cytoplasm,MAPK14|p38|p38alpha,HGNC:MAPK14,metabolism,registry_gene_species_protein_accession_mapped,"{""pdb_structures"": [], ""registry_identity_sha256"": ""a2822de83d5dc07866220959212d584411d8d744a4a537ec1c0d10057b7a43ce"", ""registry_identity_source"": ""data/raw/provenance/resolution_quality_v3/uniprot_dc686182e63af84e.json"", ""uniprot_id"": ""P47811"", ""uniprot_identity_status"": ""unique_reviewed_registry_gene_species_match""}","core_legacy_annotations_unverified; generated_enrichment_quarantined UniProt v3: unique reviewed primary gene/species match; canonical sequence reference, not experimental isoform confirmation."
LOCAL:protein:mouse:MAPK8,protein,,enzyme,Mitogen-activated protein kinase 8 (JNK1),MAPK8,mouse,cytoplasm,MAPK8|JNK1|PRKM8,HGNC:MAPK8,metabolism,registry_gene_species_protein_accession_mapped,"{""pdb_structures"": [], ""registry_identity_sha256"": ""a2822de83d5dc07866220959212d584411d8d744a4a537ec1c0d10057b7a43ce"", ""registry_identity_source"": ""data/raw/provenance/resolution_quality_v3/uniprot_dc686182e63af84e.json"", ""uniprot_id"": ""Q91Y86"", ""uniprot_identity_status"": ""unique_reviewed_registry_gene_species_match""}","core_legacy_annotations_unverified; generated_enrichment_quarantined UniProt v3: unique reviewed primary gene/species match; canonical sequence reference, not experimental isoform confirmation."
LOCAL:protein:mouse:MAPK1,protein,,enzyme,Mitogen-activated protein kinase 1 (ERK2),MAPK1,mouse,cytoplasm,MAPK1|ERK2|PRKM1,HGNC:MAPK1,metabolism,registry_gene_species_protein_accession_mapped,"{""pdb_structures"": [], ""registry_identity_sha256"": ""a2822de83d5dc07866220959212d584411d8d744a4a537ec1c0d10057b7a43ce"", ""registry_identity_source"": ""data/raw/provenance/resolution_quality_v3/uniprot_dc686182e63af84e.json"", ""uniprot_id"": ""P63085"", ""uniprot_identity_status"": ""unique_reviewed_registry_gene_species_match""}","core_legacy_annotations_unverified; generated_enrichment_quarantined UniProt v3: unique reviewed primary gene/species match; canonical sequence reference, not experimental isoform confirmation."
LOCAL:protein:mouse:FOS,protein,,transcription_factor,Fos proto-oncogene AP-1 transcription factor subunit (c-Fos),FOS,mouse,nucleus,FOS|c-Fos|AP-1,HGNC:FOS,differentiation,registry_gene_species_protein_accession_mapped,"{""pdb_structures"": [], ""registry_identity_sha256"": ""744880dcf10f5f8ba75bd8fd0782cf5c3928adede908fdcc7a809c1e21963937"", ""registry_identity_source"": ""data/raw/provenance/resolution_quality_v3/uniprot_d168eb5eb5796cbb.json"", ""uniprot_id"": ""P01101"", ""uniprot_identity_status"": ""unique_reviewed_registry_gene_species_match""}","core_legacy_annotations_unverified; generated_enrichment_quarantined UniProt v3: unique reviewed primary gene/species match; canonical sequence reference, not experimental isoform confirmation."
LOCAL:protein:mouse:JUN,protein,,transcription_factor,Jun proto-oncogene AP-1 transcription factor subunit (c-Jun),JUN,mouse,nucleus,JUN|c-Jun|AP1,HGNC:JUN,differentiation,registry_gene_species_protein_accession_mapped,"{""pdb_structures"": [], ""registry_identity_sha256"": ""a2822de83d5dc07866220959212d584411d8d744a4a537ec1c0d10057b7a43ce"", ""registry_identity_source"": ""data/raw/provenance/resolution_quality_v3/uniprot_dc686182e63af84e.json"", ""uniprot_id"": ""P05627"", ""uniprot_identity_status"": ""unique_reviewed_registry_gene_species_match""}","core_legacy_annotations_unverified; generated_enrichment_quarantined UniProt v3: unique reviewed primary gene/species match; canonical sequence reference, not experimental isoform confirmation."
LOCAL:protein:mouse:NFATC1,protein,,transcription_factor,Nuclear factor of activated T cells 1,NFATC1,mouse,nucleus,NFATC1|NFAT2|NFATc,HGNC:NFATC1,differentiation,registry_gene_species_protein_accession_mapped,"{""pdb_structures"": [], ""registry_identity_sha256"": ""2d5ad4961362bed9e66c5812a2f18bea8a1fbd71b7861980cc5f2b51e23e9e49"", ""registry_identity_source"": ""data/raw/provenance/resolution_quality_v3/uniprot_006f32829191c959.json"", ""uniprot_id"": ""O88942"", ""uniprot_identity_status"": ""unique_reviewed_registry_gene_species_match""}","core_legacy_annotations_unverified; generated_enrichment_quarantined UniProt v3: unique reviewed primary gene/species match; canonical sequence reference, not experimental isoform confirmation."
LOCAL:protein:mouse:SPI1,protein,,transcription_factor,Spi-1 proto-oncogene (PU.1),SPI1,mouse,nucleus,SPI1|PU.1|SFPI1,HGNC:SPI1,differentiation,registry_gene_species_protein_accession_mapped,"{""pdb_structures"": [], ""registry_identity_sha256"": ""fff6754ca418684d19ac3baf961c0284ed2ddba4c51c86dece9814c37d5cb48b"", ""registry_identity_source"": ""data/raw/provenance/resolution_quality_v3/uniprot_4e470044f136f8ca.json"", ""uniprot_id"": ""P17433"", ""uniprot_identity_status"": ""unique_reviewed_registry_gene_species_match""}","core_legacy_annotations_unverified; generated_enrichment_quarantined UniProt v3: unique reviewed primary gene/species match; canonical sequence reference, not experimental isoform confirmation."
LOCAL:protein:mouse:MITF,protein,,transcription_factor,Melanocyte inducing transcription factor,MITF,mouse,nucleus,MITF|MI|WS2A,HGNC:MITF,differentiation,registry_gene_species_protein_accession_mapped,"{""pdb_structures"": [], ""registry_identity_sha256"": ""2d5ad4961362bed9e66c5812a2f18bea8a1fbd71b7861980cc5f2b51e23e9e49"", ""registry_identity_source"": ""data/raw/provenance/resolution_quality_v3/uniprot_006f32829191c959.json"", ""uniprot_id"": ""Q08874"", ""uniprot_identity_status"": ""unique_reviewed_registry_gene_species_match""}","core_legacy_annotations_unverified; generated_enrichment_quarantined UniProt v3: unique reviewed primary gene/species match; canonical sequence reference, not experimental isoform confirmation."
LOCAL:protein:mouse:TFE3,protein,,transcription_factor,Telomeric repeat binding factor 3,TFE3,mouse,nucleus,TFE3|bHLHe33,HGNC:TFE3,differentiation,registry_gene_species_protein_accession_mapped,"{""pdb_structures"": [], ""registry_identity_sha256"": ""fff6754ca418684d19ac3baf961c0284ed2ddba4c51c86dece9814c37d5cb48b"", ""registry_identity_source"": ""data/raw/provenance/resolution_quality_v3/uniprot_4e470044f136f8ca.json"", ""uniprot_id"": ""Q64092"", ""uniprot_identity_status"": ""unique_reviewed_registry_gene_species_match""}","core_legacy_annotations_unverified; generated_enrichment_quarantined UniProt v3: unique reviewed primary gene/species match; canonical sequence reference, not experimental isoform confirmation."
LOCAL:protein:mouse:CEBPA,protein,,transcription_factor,CCAAT enhancer binding protein alpha (C/EBP-alpha),CEBPA,mouse,nucleus,CEBPA|C/EBPa,HGNC:CEBPA,differentiation,registry_gene_species_protein_accession_mapped,"{""pdb_structures"": [], ""registry_identity_sha256"": ""ba92e00e2c9fb939b805ed2459ad97ba447343cd0a7f3010b594d79e60f857db"", ""registry_identity_source"": ""data/raw/provenance/resolution_quality_v3/uniprot_6828c3d881b83cfa.json"", ""uniprot_id"": ""P53566"", ""uniprot_identity_status"": ""unique_reviewed_registry_gene_species_match""}","core_legacy_annotations_unverified; generated_enrichment_quarantined UniProt v3: unique reviewed primary gene/species match; canonical sequence reference, not experimental isoform confirmation."
LOCAL:protein:mouse:CREB1,protein,,transcription_factor,cAMP responsive element binding protein 1,CREB1,mouse,nucleus,CREB1|CREB,HGNC:CREB1,differentiation,registry_gene_species_protein_accession_mapped,"{""pdb_structures"": [], ""registry_identity_sha256"": ""744880dcf10f5f8ba75bd8fd0782cf5c3928adede908fdcc7a809c1e21963937"", ""registry_identity_source"": ""data/raw/provenance/resolution_quality_v3/uniprot_d168eb5eb5796cbb.json"", ""uniprot_id"": ""Q01147"", ""uniprot_identity_status"": ""unique_reviewed_registry_gene_species_match""}","core_legacy_annotations_unverified; generated_enrichment_quarantined UniProt v3: unique reviewed primary gene/species match; canonical sequence reference, not experimental isoform confirmation."
LOCAL:protein:mouse:CAMK4,protein,,enzyme,Calcium/calmodulin dependent protein kinase IV,CAMK4,mouse,cytoplasm,CAMK4|CaMKIV,HGNC:CAMK4,metabolism,registry_gene_species_protein_accession_mapped,"{""pdb_structures"": [], ""registry_identity_sha256"": ""ba92e00e2c9fb939b805ed2459ad97ba447343cd0a7f3010b594d79e60f857db"", ""registry_identity_source"": ""data/raw/provenance/resolution_quality_v3/uniprot_6828c3d881b83cfa.json"", ""uniprot_id"": ""P08414"", ""uniprot_identity_status"": ""unique_reviewed_registry_gene_species_match""}","core_legacy_annotations_unverified; generated_enrichment_quarantined UniProt v3: unique reviewed primary gene/species match; canonical sequence reference, not experimental isoform confirmation."
LOCAL:protein:mouse:IRF8,protein,,transcription_factor,Interferon regulatory factor 8 (ICSBP),IRF8,mouse,nucleus,IRF8|ICSBP|IRF-8,HGNC:IRF8,inflammation,registry_gene_species_protein_accession_mapped,"{""pdb_structures"": [], ""registry_identity_sha256"": ""a97fd6b14bda14e8c4e7b211e9d91cb3ec05a77f43c495e98cf5a9736b05086b"", ""registry_identity_source"": ""data/raw/provenance/resolution_quality_v3/uniprot_5ac89c3ebe8f83bb.json"", ""uniprot_id"": ""P23611"", ""uniprot_identity_status"": ""unique_reviewed_registry_gene_species_match""}","core_legacy_annotations_unverified; generated_enrichment_quarantined UniProt v3: unique reviewed primary gene/species match; canonical sequence reference, not experimental isoform confirmation."
LOCAL:protein:mouse:PRDM1,protein,,transcription_factor,PR / SET domain 1 (Blimp1),PRDM1,mouse,nucleus,PRDM1|Blimp1|BLIMP-1,HGNC:PRDM1,differentiation,registry_gene_species_protein_accession_mapped,"{""pdb_structures"": [], ""registry_identity_sha256"": ""20407404ad1e0c2a4bc8f26515311f9476c3c8d3ee9b165c4f30ad5459a169cc"", ""registry_identity_source"": ""data/raw/provenance/resolution_quality_v3/uniprot_0f0ac7c5327151fb.json"", ""uniprot_id"": ""Q60636"", ""uniprot_identity_status"": ""unique_reviewed_registry_gene_species_match""}","core_legacy_annotations_unverified; generated_enrichment_quarantined UniProt v3: unique reviewed primary gene/species match; canonical sequence reference, not experimental isoform confirmation."
LOCAL:protein:mouse:BCL6,protein,,transcription_factor,B-cell lymphoma 6 protein,BCL6,mouse,nucleus,BCL6|ZNF51|LAZ3,HGNC:BCL6,differentiation,registry_gene_species_protein_accession_mapped,"{""pdb_structures"": [], ""registry_identity_sha256"": ""ba92e00e2c9fb939b805ed2459ad97ba447343cd0a7f3010b594d79e60f857db"", ""registry_identity_source"": ""data/raw/provenance/resolution_quality_v3/uniprot_6828c3d881b83cfa.json"", ""uniprot_id"": ""P41183"", ""uniprot_identity_status"": ""unique_reviewed_registry_gene_species_match""}","core_legacy_annotations_unverified; generated_enrichment_quarantined UniProt v3: unique reviewed primary gene/species match; canonical sequence reference, not experimental isoform confirmation."
LOCAL:protein:mouse:RBPJ,protein,,transcription_factor,Recombination signal binding protein for Ig kappa J region,RBPJ,mouse,nucleus,RBPJ|RBP-J|CBF1,HGNC:RBPJ,differentiation,registry_gene_species_protein_accession_mapped,"{""pdb_structures"": [], ""registry_identity_sha256"": ""20407404ad1e0c2a4bc8f26515311f9476c3c8d3ee9b165c4f30ad5459a169cc"", ""registry_identity_source"": ""data/raw/provenance/resolution_quality_v3/uniprot_0f0ac7c5327151fb.json"", ""uniprot_id"": ""P31266"", ""uniprot_identity_status"": ""unique_reviewed_registry_gene_species_match""}","core_legacy_annotations_unverified; generated_enrichment_quarantined UniProt v3: unique reviewed primary gene/species match; canonical sequence reference, not experimental isoform confirmation."
LOCAL:protein:mouse:GNA13,protein,,,G protein subunit alpha 13 (Galpha13),GNA13,mouse,plasma_membrane,GNA13|Galpha13,HGNC:GNA13,differentiation,registry_gene_species_protein_accession_mapped,"{""pdb_structures"": [], ""registry_identity_sha256"": ""744880dcf10f5f8ba75bd8fd0782cf5c3928adede908fdcc7a809c1e21963937"", ""registry_identity_source"": ""data/raw/provenance/resolution_quality_v3/uniprot_d168eb5eb5796cbb.json"", ""uniprot_id"": ""P27601"", ""uniprot_identity_status"": ""unique_reviewed_registry_gene_species_match""}","core_legacy_annotations_unverified; generated_enrichment_quarantined UniProt v3: unique reviewed primary gene/species match; canonical sequence reference, not experimental isoform confirmation."
LOCAL:protein:mouse:RGS10,protein,,,Regulator of G protein signaling 10,RGS10,mouse,cytoplasm,RGS10|RGS10A,HGNC:RGS10,differentiation,registry_gene_species_protein_accession_mapped,"{""pdb_structures"": [], ""registry_identity_sha256"": ""20407404ad1e0c2a4bc8f26515311f9476c3c8d3ee9b165c4f30ad5459a169cc"", ""registry_identity_source"": ""data/raw/provenance/resolution_quality_v3/uniprot_0f0ac7c5327151fb.json"", ""uniprot_id"": ""Q9CQE5"", ""uniprot_identity_status"": ""unique_reviewed_registry_gene_species_match""}","core_legacy_annotations_unverified; generated_enrichment_quarantined UniProt v3: unique reviewed primary gene/species match; canonical sequence reference, not experimental isoform confirmation."
LOCAL:protein:mouse:RGS12,protein,,,Regulator of G protein signaling 12,RGS12,mouse,plasma_membrane,RGS12,HGNC:RGS12,differentiation,registry_gene_species_protein_accession_mapped,"{""pdb_structures"": [], ""registry_identity_sha256"": ""20407404ad1e0c2a4bc8f26515311f9476c3c8d3ee9b165c4f30ad5459a169cc"", ""registry_identity_source"": ""data/raw/provenance/resolution_quality_v3/uniprot_0f0ac7c5327151fb.json"", ""uniprot_id"": ""Q8CGE9"", ""uniprot_identity_status"": ""unique_reviewed_registry_gene_species_match""}","core_legacy_annotations_unverified; generated_enrichment_quarantined UniProt v3: unique reviewed primary gene/species match; canonical sequence reference, not experimental isoform confirmation."
LOCAL:protein:mouse:IFT80,protein,,,Intraflagellar transport 80,IFT80,mouse,cytoplasm,IFT80|WDR56,HGNC:IFT80,differentiation,registry_gene_species_protein_accession_mapped,"{""pdb_structures"": [], ""registry_identity_sha256"": ""a97fd6b14bda14e8c4e7b211e9d91cb3ec05a77f43c495e98cf5a9736b05086b"", ""registry_identity_source"": ""data/raw/provenance/resolution_quality_v3/uniprot_5ac89c3ebe8f83bb.json"", ""uniprot_id"": ""Q8K057"", ""uniprot_identity_status"": ""unique_reviewed_registry_gene_species_match""}","core_legacy_annotations_unverified; generated_enrichment_quarantined UniProt v3: unique reviewed primary gene/species match; canonical sequence reference, not experimental isoform confirmation."
LOCAL:protein:mouse:CBLB,protein,,enzyme,Cbl proto-oncogene B (E3 ubiquitin ligase),CBLB,mouse,cytoplasm,CBLB|Cbl-b|RNF56,HGNC:CBLB,differentiation,registry_gene_species_protein_accession_mapped,"{""pdb_structures"": [], ""registry_identity_sha256"": ""ba92e00e2c9fb939b805ed2459ad97ba447343cd0a7f3010b594d79e60f857db"", ""registry_identity_source"": ""data/raw/provenance/resolution_quality_v3/uniprot_6828c3d881b83cfa.json"", ""uniprot_id"": ""Q3TTA7"", ""uniprot_identity_status"": ""unique_reviewed_registry_gene_species_match""}","core_legacy_annotations_unverified; generated_enrichment_quarantined UniProt v3: unique reviewed primary gene/species match; canonical sequence reference, not experimental isoform confirmation."
LOCAL:protein:mouse:XPO1,protein,,,Exportin 1 (CRM1),XPO1,mouse,nucleus,XPO1|CRM1|emb,HGNC:XPO1,differentiation,registry_gene_species_protein_accession_mapped,"{""pdb_structures"": [], ""registry_identity_sha256"": ""706c6c2b55a8d87fd8fa62b0d7be65e7dec753c7eb357cda9eb5418a63524cd8"", ""registry_identity_source"": ""data/raw/provenance/resolution_quality_v3/uniprot_c0818e2f9d5778df.json"", ""uniprot_id"": ""Q6P5F9"", ""uniprot_identity_status"": ""unique_reviewed_registry_gene_species_match""}","core_legacy_annotations_unverified; generated_enrichment_quarantined UniProt v3: unique reviewed primary gene/species match; canonical sequence reference, not experimental isoform confirmation."
LOCAL:protein:mouse:TYROBP,protein,,,Transmembrane immune signaling adaptor TYROBP (DAP12),TYROBP,mouse,plasma_membrane,TYROBP|DAP12|PLOSL,HGNC:TYROBP,immunomodulation,registry_gene_species_protein_accession_mapped,"{""pdb_structures"": [], ""registry_identity_sha256"": ""706c6c2b55a8d87fd8fa62b0d7be65e7dec753c7eb357cda9eb5418a63524cd8"", ""registry_identity_source"": ""data/raw/provenance/resolution_quality_v3/uniprot_c0818e2f9d5778df.json"", ""uniprot_id"": ""O54885"", ""uniprot_identity_status"": ""unique_reviewed_registry_gene_species_match""}","core_legacy_annotations_unverified; generated_enrichment_quarantined UniProt v3: unique reviewed primary gene/species match; canonical sequence reference, not experimental isoform confirmation."
LOCAL:protein:mouse:FCER1G,protein,,,Fc epsilon receptor Ig subunit gamma (FcR-gamma),FCER1G,mouse,plasma_membrane,FCER1G|FcRgamma,HGNC:FCER1G,differentiation,registry_gene_species_protein_accession_mapped,"{""pdb_structures"": [], ""registry_identity_sha256"": ""744880dcf10f5f8ba75bd8fd0782cf5c3928adede908fdcc7a809c1e21963937"", ""registry_identity_source"": ""data/raw/provenance/resolution_quality_v3/uniprot_d168eb5eb5796cbb.json"", ""uniprot_id"": ""P20491"", ""uniprot_identity_status"": ""unique_reviewed_registry_gene_species_match""}","core_legacy_annotations_unverified; generated_enrichment_quarantined UniProt v3: unique reviewed primary gene/species match; canonical sequence reference, not experimental isoform confirmation."
LOCAL:protein:mouse:OSCAR,protein,,,Osteoclast associated Ig-like receptor,OSCAR,mouse,plasma_membrane,OSCAR|PIIGR,HGNC:OSCAR,differentiation,registry_gene_species_protein_accession_mapped,"{""pdb_structures"": [], ""registry_identity_sha256"": ""2d5ad4961362bed9e66c5812a2f18bea8a1fbd71b7861980cc5f2b51e23e9e49"", ""registry_identity_source"": ""data/raw/provenance/resolution_quality_v3/uniprot_006f32829191c959.json"", ""uniprot_id"": ""Q8VBT3"", ""uniprot_identity_status"": ""unique_reviewed_registry_gene_species_match""}","core_legacy_annotations_unverified; generated_enrichment_quarantined UniProt v3: unique reviewed primary gene/species match; canonical sequence reference, not experimental isoform confirmation."
LOCAL:protein:mouse:TREM2,protein,,,Triggering receptor expressed on myeloid cells 2,TREM2,mouse,plasma_membrane,TREM2|PLOSL2,HGNC:TREM2,differentiation,registry_gene_species_protein_accession_mapped,"{""pdb_structures"": [], ""registry_identity_sha256"": ""706c6c2b55a8d87fd8fa62b0d7be65e7dec753c7eb357cda9eb5418a63524cd8"", ""registry_identity_source"": ""data/raw/provenance/resolution_quality_v3/uniprot_c0818e2f9d5778df.json"", ""uniprot_id"": ""Q99NH8"", ""uniprot_identity_status"": ""unique_reviewed_registry_gene_species_match""}","core_legacy_annotations_unverified; generated_enrichment_quarantined UniProt v3: unique reviewed primary gene/species match; canonical sequence reference, not experimental isoform confirmation."
LOCAL:protein:mouse:SYK,protein,,enzyme,Spleen associated tyrosine kinase,SYK,mouse,cytoplasm,SYK|p72syk,HGNC:SYK,metabolism,registry_gene_species_protein_accession_mapped,"{""pdb_structures"": [], ""registry_identity_sha256"": ""fff6754ca418684d19ac3baf961c0284ed2ddba4c51c86dece9814c37d5cb48b"", ""registry_identity_source"": ""data/raw/provenance/resolution_quality_v3/uniprot_4e470044f136f8ca.json"", ""uniprot_id"": ""P48025"", ""uniprot_identity_status"": ""unique_reviewed_registry_gene_species_match""}","core_legacy_annotations_unverified; generated_enrichment_quarantined UniProt v3: unique reviewed primary gene/species match; canonical sequence reference, not experimental isoform confirmation."
LOCAL:protein:mouse:BTK,protein,,enzyme,Bruton tyrosine kinase,BTK,mouse,cytoplasm,BTK|AGMX1|ATK,HGNC:BTK,metabolism,registry_gene_species_protein_accession_mapped,"{""pdb_structures"": [], ""registry_identity_sha256"": ""ba92e00e2c9fb939b805ed2459ad97ba447343cd0a7f3010b594d79e60f857db"", ""registry_identity_source"": ""data/raw/provenance/resolution_quality_v3/uniprot_6828c3d881b83cfa.json"", ""uniprot_id"": ""P35991"", ""uniprot_identity_status"": ""unique_reviewed_registry_gene_species_match""}","core_legacy_annotations_unverified; generated_enrichment_quarantined UniProt v3: unique reviewed primary gene/species match; canonical sequence reference, not experimental isoform confirmation."
LOCAL:protein:mouse:BLNK,protein,,,B-cell linker protein (SLP-65),BLNK,mouse,cytoplasm,BLNK|SLP65|BASH,HGNC:BLNK,differentiation,registry_gene_species_protein_accession_mapped,"{""pdb_structures"": [], ""registry_identity_sha256"": ""ba92e00e2c9fb939b805ed2459ad97ba447343cd0a7f3010b594d79e60f857db"", ""registry_identity_source"": ""data/raw/provenance/resolution_quality_v3/uniprot_6828c3d881b83cfa.json"", ""uniprot_id"": ""Q9QUN3"", ""uniprot_identity_status"": ""unique_reviewed_registry_gene_species_match""}","core_legacy_annotations_unverified; generated_enrichment_quarantined UniProt v3: unique reviewed primary gene/species match; canonical sequence reference, not experimental isoform confirmation."
LOCAL:protein:mouse:LCP2,protein,,,Lymphocyte cytosolic protein 2 (SLP-76),LCP2,mouse,cytoplasm,LCP2|SLP76,HGNC:LCP2,immunomodulation,registry_gene_species_protein_accession_mapped,"{""pdb_structures"": [], ""registry_identity_sha256"": ""a2822de83d5dc07866220959212d584411d8d744a4a537ec1c0d10057b7a43ce"", ""registry_identity_source"": ""data/raw/provenance/resolution_quality_v3/uniprot_dc686182e63af84e.json"", ""uniprot_id"": ""Q60787"", ""uniprot_identity_status"": ""unique_reviewed_registry_gene_species_match""}","core_legacy_annotations_unverified; generated_enrichment_quarantined UniProt v3: unique reviewed primary gene/species match; canonical sequence reference, not experimental isoform confirmation."
LOCAL:protein:mouse:PLCG2,protein,,enzyme,Phospholipase C gamma 2,PLCG2,mouse,cytoplasm,PLCG2|PLCgamma2,HGNC:PLCG2,differentiation,registry_gene_species_protein_accession_mapped,"{""pdb_structures"": [], ""registry_identity_sha256"": ""20407404ad1e0c2a4bc8f26515311f9476c3c8d3ee9b165c4f30ad5459a169cc"", ""registry_identity_source"": ""data/raw/provenance/resolution_quality_v3/uniprot_0f0ac7c5327151fb.json"", ""uniprot_id"": ""Q8CIH5"", ""uniprot_identity_status"": ""unique_reviewed_registry_gene_species_match""}","core_legacy_annotations_unverified; generated_enrichment_quarantined UniProt v3: unique reviewed primary gene/species match; canonical sequence reference, not experimental isoform confirmation."
LOCAL:protein:mouse:PPP3CA,protein,,enzyme,Protein phosphatase 3 catalytic subunit alpha (Calcineurin A),PPP3CA,mouse,cytoplasm,PPP3CA|Calcineurin|CNA1,HGNC:PPP3CA,immunomodulation,registry_gene_species_protein_accession_mapped,"{""pdb_structures"": [], ""registry_identity_sha256"": ""20407404ad1e0c2a4bc8f26515311f9476c3c8d3ee9b165c4f30ad5459a169cc"", ""registry_identity_source"": ""data/raw/provenance/resolution_quality_v3/uniprot_0f0ac7c5327151fb.json"", ""uniprot_id"": ""P63328"", ""uniprot_identity_status"": ""unique_reviewed_registry_gene_species_match""}","core_legacy_annotations_unverified; generated_enrichment_quarantined UniProt v3: unique reviewed primary gene/species match; canonical sequence reference, not experimental isoform confirmation."
LOCAL:protein:mouse:CALM1,protein,,,Calmodulin 1,CALM1,mouse,cytoplasm,CALM1|CaM,HGNC:CALM1,differentiation,registry_gene_species_protein_accession_mapped,"{""pdb_structures"": [], ""registry_identity_sha256"": ""ba92e00e2c9fb939b805ed2459ad97ba447343cd0a7f3010b594d79e60f857db"", ""registry_identity_source"": ""data/raw/provenance/resolution_quality_v3/uniprot_6828c3d881b83cfa.json"", ""uniprot_id"": ""P0DP26"", ""uniprot_identity_status"": ""unique_reviewed_registry_gene_species_match""}","core_legacy_annotations_unverified; generated_enrichment_quarantined UniProt v3: unique reviewed primary gene/species match; canonical sequence reference, not experimental isoform confirmation."
LOCAL:protein:mouse:CALCR,protein,,,Calcitonin receptor,CALCR,mouse,plasma_membrane,CALCR|CTR|CRT,HGNC:CALCR,hormonal_influence,registry_gene_species_protein_accession_mapped,"{""pdb_structures"": [], ""registry_identity_sha256"": ""ba92e00e2c9fb939b805ed2459ad97ba447343cd0a7f3010b594d79e60f857db"", ""registry_identity_source"": ""data/raw/provenance/resolution_quality_v3/uniprot_6828c3d881b83cfa.json"", ""uniprot_id"": ""Q60755"", ""uniprot_identity_status"": ""unique_reviewed_registry_gene_species_match""}","core_legacy_annotations_unverified; generated_enrichment_quarantined UniProt v3: unique reviewed primary gene/species match; canonical sequence reference, not experimental isoform confirmation."
LOCAL:protein:mouse:IFNB1,protein,,,Interferon beta 1,IFNB1,mouse,extracellular,IFNB1|IFN-beta|IFNB,HGNC:IFNB1,inflammation,registry_gene_species_protein_accession_mapped,"{""pdb_structures"": [], ""registry_identity_sha256"": ""a97fd6b14bda14e8c4e7b211e9d91cb3ec05a77f43c495e98cf5a9736b05086b"", ""registry_identity_source"": ""data/raw/provenance/resolution_quality_v3/uniprot_5ac89c3ebe8f83bb.json"", ""uniprot_id"": ""P01575"", ""uniprot_identity_status"": ""unique_reviewed_registry_gene_species_match""}","core_legacy_annotations_unverified; generated_enrichment_quarantined UniProt v3: unique reviewed primary gene/species match; canonical sequence reference, not experimental isoform confirmation."
LOCAL:protein:mouse:IFNAR1,protein,,,Interferon alpha and beta receptor subunit 1,IFNAR1,mouse,plasma_membrane,IFNAR1|IFNAR,HGNC:IFNAR1,inflammation,registry_gene_species_protein_accession_mapped,"{""pdb_structures"": [], ""registry_identity_sha256"": ""a97fd6b14bda14e8c4e7b211e9d91cb3ec05a77f43c495e98cf5a9736b05086b"", ""registry_identity_source"": ""data/raw/provenance/resolution_quality_v3/uniprot_5ac89c3ebe8f83bb.json"", ""uniprot_id"": ""P33896"", ""uniprot_identity_status"": ""unique_reviewed_registry_gene_species_match""}","core_legacy_annotations_unverified; generated_enrichment_quarantined UniProt v3: unique reviewed primary gene/species match; canonical sequence reference, not experimental isoform confirmation."
LOCAL:protein:mouse:HK2,protein,,enzyme,Hexokinase 2,HK2,mouse,cytoplasm,HK2|HKII,HGNC:HK2,metabolism,registry_gene_species_protein_accession_mapped,"{""pdb_structures"": [], ""registry_identity_sha256"": ""a97fd6b14bda14e8c4e7b211e9d91cb3ec05a77f43c495e98cf5a9736b05086b"", ""registry_identity_source"": ""data/raw/provenance/resolution_quality_v3/uniprot_5ac89c3ebe8f83bb.json"", ""uniprot_id"": ""O08528"", ""uniprot_identity_status"": ""unique_reviewed_registry_gene_species_match""}","core_legacy_annotations_unverified; generated_enrichment_quarantined UniProt v3: unique reviewed primary gene/species match; canonical sequence reference, not experimental isoform confirmation."
LOCAL:protein:mouse:GPI,protein,,enzyme,Glucose-6-phosphate isomerase,GPI,mouse,cytoplasm,GPI|PGI|AMF,HGNC:GPI,metabolism,registry_gene_species_protein_accession_mapped,"{""pdb_structures"": [], ""registry_identity_sha256"": ""a97fd6b14bda14e8c4e7b211e9d91cb3ec05a77f43c495e98cf5a9736b05086b"", ""registry_identity_source"": ""data/raw/provenance/resolution_quality_v3/uniprot_5ac89c3ebe8f83bb.json"", ""uniprot_id"": ""P06745"", ""uniprot_identity_status"": ""unique_reviewed_registry_gene_species_match""}","core_legacy_annotations_unverified; generated_enrichment_quarantined UniProt v3: unique reviewed primary gene/species match; canonical sequence reference, not experimental isoform confirmation."
LOCAL:protein:mouse:PFKFB3,protein,,enzyme,"6-phosphofructo-2-kinase/fructose-2,6-biphosphatase 3",PFKFB3,mouse,cytoplasm,PFKFB3|iPFK2,HGNC:PFKFB3,metabolism,legacy_identity_pending_registry_mapping,"{""pdb_structures"": [], ""uniprot_identity_status"": ""unresolved_gene_species_match"", ""identity_note"": ""Prior candidate accessions archived in protein_accession_decisions.json; no unique reviewed primary-gene/species mapping.""}",core_legacy_annotations_unverified; generated_enrichment_quarantined
LOCAL:protein:mouse:PFKM,protein,,enzyme,Phosphofructokinase muscle,PFKM,mouse,cytoplasm,PFKM|PFK-1|PFKX,HGNC:PFKM,metabolism,registry_gene_species_protein_accession_mapped,"{""pdb_structures"": [], ""registry_identity_sha256"": ""2d5ad4961362bed9e66c5812a2f18bea8a1fbd71b7861980cc5f2b51e23e9e49"", ""registry_identity_source"": ""data/raw/provenance/resolution_quality_v3/uniprot_006f32829191c959.json"", ""uniprot_id"": ""P47857"", ""uniprot_identity_status"": ""unique_reviewed_registry_gene_species_match""}","core_legacy_annotations_unverified; generated_enrichment_quarantined UniProt v3: unique reviewed primary gene/species match; canonical sequence reference, not experimental isoform confirmation."
LOCAL:protein:mouse:ALDOA,protein,,enzyme,Aldolase fructose-bisphosphate A,ALDOA,mouse,cytoplasm,ALDOA|ALDA,HGNC:ALDOA,metabolism,registry_gene_species_protein_accession_mapped,"{""pdb_structures"": [], ""registry_identity_sha256"": ""ba92e00e2c9fb939b805ed2459ad97ba447343cd0a7f3010b594d79e60f857db"", ""registry_identity_source"": ""data/raw/provenance/resolution_quality_v3/uniprot_6828c3d881b83cfa.json"", ""uniprot_id"": ""P05064"", ""uniprot_identity_status"": ""unique_reviewed_registry_gene_species_match""}","core_legacy_annotations_unverified; generated_enrichment_quarantined UniProt v3: unique reviewed primary gene/species match; canonical sequence reference, not experimental isoform confirmation."
LOCAL:protein:mouse:GAPDH,protein,,enzyme,Glyceraldehyde-3-phosphate dehydrogenase,GAPDH,mouse,cytoplasm,GAPDH|G3PD,HGNC:GAPDH,metabolism,registry_gene_species_protein_accession_mapped,"{""pdb_structures"": [], ""registry_identity_sha256"": ""744880dcf10f5f8ba75bd8fd0782cf5c3928adede908fdcc7a809c1e21963937"", ""registry_identity_source"": ""data/raw/provenance/resolution_quality_v3/uniprot_d168eb5eb5796cbb.json"", ""uniprot_id"": ""P16858"", ""uniprot_identity_status"": ""unique_reviewed_registry_gene_species_match""}","core_legacy_annotations_unverified; generated_enrichment_quarantined UniProt v3: unique reviewed primary gene/species match; canonical sequence reference, not experimental isoform confirmation."
LOCAL:protein:mouse:PGK1,protein,,enzyme,Phosphoglycerate kinase 1,PGK1,mouse,cytoplasm,PGK1|PGKA,HGNC:PGK1,metabolism,registry_gene_species_protein_accession_mapped,"{""pdb_structures"": [], ""registry_identity_sha256"": ""2d5ad4961362bed9e66c5812a2f18bea8a1fbd71b7861980cc5f2b51e23e9e49"", ""registry_identity_source"": ""data/raw/provenance/resolution_quality_v3/uniprot_006f32829191c959.json"", ""uniprot_id"": ""P09411"", ""uniprot_identity_status"": ""unique_reviewed_registry_gene_species_match""}","core_legacy_annotations_unverified; generated_enrichment_quarantined UniProt v3: unique reviewed primary gene/species match; canonical sequence reference, not experimental isoform confirmation."
LOCAL:protein:mouse:PGAM1,protein,,enzyme,Phosphoglycerate mutase 1,PGAM1,mouse,cytoplasm,PGAM1|PGAM-B,HGNC:PGAM1,metabolism,registry_gene_species_protein_accession_mapped,"{""pdb_structures"": [], ""registry_identity_sha256"": ""2d5ad4961362bed9e66c5812a2f18bea8a1fbd71b7861980cc5f2b51e23e9e49"", ""registry_identity_source"": ""data/raw/provenance/resolution_quality_v3/uniprot_006f32829191c959.json"", ""uniprot_id"": ""Q9DBJ1"", ""uniprot_identity_status"": ""unique_reviewed_registry_gene_species_match""}","core_legacy_annotations_unverified; generated_enrichment_quarantined UniProt v3: unique reviewed primary gene/species match; canonical sequence reference, not experimental isoform confirmation."
LOCAL:protein:mouse:ENO1,protein,,enzyme,Enolase 1,ENO1,mouse,cytoplasm,ENO1|ENO1L1,HGNC:ENO1,metabolism,registry_gene_species_protein_accession_mapped,"{""pdb_structures"": [], ""registry_identity_sha256"": ""744880dcf10f5f8ba75bd8fd0782cf5c3928adede908fdcc7a809c1e21963937"", ""registry_identity_source"": ""data/raw/provenance/resolution_quality_v3/uniprot_d168eb5eb5796cbb.json"", ""uniprot_id"": ""P17182"", ""uniprot_identity_status"": ""unique_reviewed_registry_gene_species_match""}","core_legacy_annotations_unverified; generated_enrichment_quarantined UniProt v3: unique reviewed primary gene/species match; canonical sequence reference, not experimental isoform confirmation."
LOCAL:protein:mouse:PKM,protein,,enzyme,Pyruvate kinase M1/2,PKM,mouse,cytoplasm,PKM|PKM2|PK3,HGNC:PKM,metabolism,registry_gene_species_protein_accession_mapped,"{""pdb_structures"": [], ""registry_identity_sha256"": ""20407404ad1e0c2a4bc8f26515311f9476c3c8d3ee9b165c4f30ad5459a169cc"", ""registry_identity_source"": ""data/raw/provenance/resolution_quality_v3/uniprot_0f0ac7c5327151fb.json"", ""uniprot_id"": ""P52480"", ""uniprot_identity_status"": ""unique_reviewed_registry_gene_species_match""}","core_legacy_annotations_unverified; generated_enrichment_quarantined UniProt v3: unique reviewed primary gene/species match; canonical sequence reference, not experimental isoform confirmation."
LOCAL:protein:mouse:LDHA,protein,,enzyme,Lactate dehydrogenase A,LDHA,mouse,cytoplasm,LDHA|LDHM,HGNC:LDHA,metabolism,registry_gene_species_protein_accession_mapped,"{""pdb_structures"": [], ""registry_identity_sha256"": ""a2822de83d5dc07866220959212d584411d8d744a4a537ec1c0d10057b7a43ce"", ""registry_identity_source"": ""data/raw/provenance/resolution_quality_v3/uniprot_dc686182e63af84e.json"", ""uniprot_id"": ""P06151"", ""uniprot_identity_status"": ""unique_reviewed_registry_gene_species_match""}","core_legacy_annotations_unverified; generated_enrichment_quarantined UniProt v3: unique reviewed primary gene/species match; canonical sequence reference, not experimental isoform confirmation."
LOCAL:protein:mouse:CS,protein,,enzyme,Citrate synthase,CS,mouse,mitochondria,CS,HGNC:CS,metabolism,registry_gene_species_protein_accession_mapped,"{""pdb_structures"": [], ""registry_identity_sha256"": ""744880dcf10f5f8ba75bd8fd0782cf5c3928adede908fdcc7a809c1e21963937"", ""registry_identity_source"": ""data/raw/provenance/resolution_quality_v3/uniprot_d168eb5eb5796cbb.json"", ""uniprot_id"": ""Q9CZU6"", ""uniprot_identity_status"": ""unique_reviewed_registry_gene_species_match""}","core_legacy_annotations_unverified; generated_enrichment_quarantined UniProt v3: unique reviewed primary gene/species match; canonical sequence reference, not experimental isoform confirmation."
LOCAL:protein:mouse:ACO2,protein,,enzyme,Aconitase 2,ACO2,mouse,mitochondria,ACO2|ACONM,HGNC:ACO2,differentiation,registry_gene_species_protein_accession_mapped,"{""pdb_structures"": [], ""registry_identity_sha256"": ""ba92e00e2c9fb939b805ed2459ad97ba447343cd0a7f3010b594d79e60f857db"", ""registry_identity_source"": ""data/raw/provenance/resolution_quality_v3/uniprot_6828c3d881b83cfa.json"", ""uniprot_id"": ""Q99KI0"", ""uniprot_identity_status"": ""unique_reviewed_registry_gene_species_match""}","core_legacy_annotations_unverified; generated_enrichment_quarantined UniProt v3: unique reviewed primary gene/species match; canonical sequence reference, not experimental isoform confirmation."
LOCAL:protein:mouse:IDH2,protein,,enzyme,Isocitrate dehydrogenase (NADP(+)) 2,IDH2,mouse,mitochondria,IDH2|ICD-M,HGNC:IDH2,metabolism,registry_gene_species_protein_accession_mapped,"{""pdb_structures"": [], ""registry_identity_sha256"": ""a97fd6b14bda14e8c4e7b211e9d91cb3ec05a77f43c495e98cf5a9736b05086b"", ""registry_identity_source"": ""data/raw/provenance/resolution_quality_v3/uniprot_5ac89c3ebe8f83bb.json"", ""uniprot_id"": ""P54071"", ""uniprot_identity_status"": ""unique_reviewed_registry_gene_species_match""}","core_legacy_annotations_unverified; generated_enrichment_quarantined UniProt v3: unique reviewed primary gene/species match; canonical sequence reference, not experimental isoform confirmation."
LOCAL:protein:mouse:OGDH,protein,,enzyme,Oxoglutarate dehydrogenase,OGDH,mouse,mitochondria,OGDH|AKGDH,HGNC:OGDH,metabolism,registry_gene_species_protein_accession_mapped,"{""pdb_structures"": [], ""registry_identity_sha256"": ""2d5ad4961362bed9e66c5812a2f18bea8a1fbd71b7861980cc5f2b51e23e9e49"", ""registry_identity_source"": ""data/raw/provenance/resolution_quality_v3/uniprot_006f32829191c959.json"", ""uniprot_id"": ""Q60597"", ""uniprot_identity_status"": ""unique_reviewed_registry_gene_species_match""}","core_legacy_annotations_unverified; generated_enrichment_quarantined UniProt v3: unique reviewed primary gene/species match; canonical sequence reference, not experimental isoform confirmation."
LOCAL:protein:mouse:SUCLG1,protein,,enzyme,Succinate-CoA ligase alpha subunit,SUCLG1,mouse,mitochondria,SUCLG1,HGNC:SUCLG1,differentiation,registry_gene_species_protein_accession_mapped,"{""pdb_structures"": [], ""registry_identity_sha256"": ""fff6754ca418684d19ac3baf961c0284ed2ddba4c51c86dece9814c37d5cb48b"", ""registry_identity_source"": ""data/raw/provenance/resolution_quality_v3/uniprot_4e470044f136f8ca.json"", ""uniprot_id"": ""Q9WUM5"", ""uniprot_identity_status"": ""unique_reviewed_registry_gene_species_match""}","core_legacy_annotations_unverified; generated_enrichment_quarantined UniProt v3: unique reviewed primary gene/species match; canonical sequence reference, not experimental isoform confirmation."
LOCAL:protein:mouse:SDHA,protein,,enzyme,Succinate dehydrogenase complex flavoprotein subunit A,SDHA,mouse,mitochondria,SDHA|SDH2,HGNC:SDHA,metabolism,registry_gene_species_protein_accession_mapped,"{""pdb_structures"": [], ""registry_identity_sha256"": ""20407404ad1e0c2a4bc8f26515311f9476c3c8d3ee9b165c4f30ad5459a169cc"", ""registry_identity_source"": ""data/raw/provenance/resolution_quality_v3/uniprot_0f0ac7c5327151fb.json"", ""uniprot_id"": ""Q8K2B3"", ""uniprot_identity_status"": ""unique_reviewed_registry_gene_species_match""}","core_legacy_annotations_unverified; generated_enrichment_quarantined UniProt v3: unique reviewed primary gene/species match; canonical sequence reference, not experimental isoform confirmation."
LOCAL:protein:mouse:FH,protein,,enzyme,Fumarate hydratase,FH,mouse,mitochondria,FH|FMR,HGNC:FH,differentiation,registry_gene_species_protein_accession_mapped,"{""pdb_structures"": [], ""registry_identity_sha256"": ""744880dcf10f5f8ba75bd8fd0782cf5c3928adede908fdcc7a809c1e21963937"", ""registry_identity_source"": ""data/raw/provenance/resolution_quality_v3/uniprot_d168eb5eb5796cbb.json"", ""uniprot_id"": ""P97807"", ""uniprot_identity_status"": ""unique_reviewed_registry_gene_species_match""}","core_legacy_annotations_unverified; generated_enrichment_quarantined UniProt v3: unique reviewed primary gene/species match; canonical sequence reference, not experimental isoform confirmation."
LOCAL:protein:mouse:MDH2,protein,,enzyme,Malate dehydrogenase 2,MDH2,mouse,mitochondria,MDH2|M-MDH,HGNC:MDH2,metabolism,registry_gene_species_protein_accession_mapped,"{""pdb_structures"": [], ""registry_identity_sha256"": ""2d5ad4961362bed9e66c5812a2f18bea8a1fbd71b7861980cc5f2b51e23e9e49"", ""registry_identity_source"": ""data/raw/provenance/resolution_quality_v3/uniprot_006f32829191c959.json"", ""uniprot_id"": ""P08249"", ""uniprot_identity_status"": ""unique_reviewed_registry_gene_species_match""}","core_legacy_annotations_unverified; generated_enrichment_quarantined UniProt v3: unique reviewed primary gene/species match; canonical sequence reference, not experimental isoform confirmation."
LOCAL:protein:mouse:PC,protein,,enzyme,Pyruvate carboxylase,PC,mouse,mitochondria,PC|PCB,HGNC:PC,differentiation,registry_gene_species_protein_accession_mapped,"{""pdb_structures"": [], ""registry_identity_sha256"": ""2d5ad4961362bed9e66c5812a2f18bea8a1fbd71b7861980cc5f2b51e23e9e49"", ""registry_identity_source"": ""data/raw/provenance/resolution_quality_v3/uniprot_006f32829191c959.json"", ""uniprot_id"": ""Q05920"", ""uniprot_identity_status"": ""unique_reviewed_registry_gene_species_match""}","core_legacy_annotations_unverified; generated_enrichment_quarantined UniProt v3: unique reviewed primary gene/species match; canonical sequence reference, not experimental isoform confirmation."
LOCAL:protein:mouse:GLS,protein,,enzyme,Glutaminase,GLS,mouse,mitochondria,GLS|GLS1|KGA,HGNC:GLS,metabolism,registry_gene_species_protein_accession_mapped,"{""pdb_structures"": [], ""registry_identity_sha256"": ""744880dcf10f5f8ba75bd8fd0782cf5c3928adede908fdcc7a809c1e21963937"", ""registry_identity_source"": ""data/raw/provenance/resolution_quality_v3/uniprot_d168eb5eb5796cbb.json"", ""uniprot_id"": ""D3Z7P3"", ""uniprot_identity_status"": ""unique_reviewed_registry_gene_species_match""}","core_legacy_annotations_unverified; generated_enrichment_quarantined UniProt v3: unique reviewed primary gene/species match; canonical sequence reference, not experimental isoform confirmation."
LOCAL:protein:mouse:PHGDH,protein,,enzyme,Phosphoglycerate dehydrogenase,PHGDH,mouse,cytoplasm,PHGDH|3-PGDH|SERA|UniProtKB:Q61753,HGNC:PHGDH,metabolism,reviewed_uniprot_mouse_protein,"{""pdb_structures"": [], ""registry_identity_sha256"": ""2d5ad4961362bed9e66c5812a2f18bea8a1fbd71b7861980cc5f2b51e23e9e49"", ""registry_identity_source"": ""data/raw/provenance/resolution_quality_v3/uniprot_006f32829191c959.json"", ""uniprot_id"": ""Q61753"", ""uniprot_identity_status"": ""unique_reviewed_registry_gene_species_match""}","Mouse protein identity checked against reviewed UniProt record; structure candidates not experimentally verified. UniProt v3: unique reviewed primary gene/species match; canonical sequence reference, not experimental isoform confirmation."
LOCAL:protein:mouse:PSAT1,protein,,enzyme,Phosphoserine aminotransferase 1,PSAT1,mouse,cytoplasm,PSAT1|PSA|UniProtKB:Q99K85,HGNC:PSAT1,differentiation,reviewed_uniprot_mouse_protein,"{""pdb_structures"": [], ""registry_identity_sha256"": ""20407404ad1e0c2a4bc8f26515311f9476c3c8d3ee9b165c4f30ad5459a169cc"", ""registry_identity_source"": ""data/raw/provenance/resolution_quality_v3/uniprot_0f0ac7c5327151fb.json"", ""uniprot_id"": ""Q99K85"", ""uniprot_identity_status"": ""unique_reviewed_registry_gene_species_match""}","Mouse protein identity checked against reviewed UniProt record; structure candidates not experimentally verified. UniProt v3: unique reviewed primary gene/species match; canonical sequence reference, not experimental isoform confirmation."
LOCAL:protein:mouse:PSPH,protein,,enzyme,Phosphoserine phosphatase,PSPH,mouse,cytoplasm,PSPH|PSP,HGNC:PSPH,differentiation,registry_gene_species_protein_accession_mapped,"{""pdb_structures"": [], ""registry_identity_sha256"": ""20407404ad1e0c2a4bc8f26515311f9476c3c8d3ee9b165c4f30ad5459a169cc"", ""registry_identity_source"": ""data/raw/provenance/resolution_quality_v3/uniprot_0f0ac7c5327151fb.json"", ""uniprot_id"": ""Q99LS3"", ""uniprot_identity_status"": ""unique_reviewed_registry_gene_species_match""}","core_legacy_annotations_unverified; generated_enrichment_quarantined UniProt v3: unique reviewed primary gene/species match; canonical sequence reference, not experimental isoform confirmation."
LOCAL:protein:mouse:ACOD1,protein,,enzyme,Aconitate decarboxylase 1 (IRG1),ACOD1,mouse,mitochondria,ACOD1|IRG1|CAD,HGNC:ACOD1,metabolism,registry_gene_species_protein_accession_mapped,"{""pdb_structures"": [""PDB_ACOD""], ""registry_identity_sha256"": ""ba92e00e2c9fb939b805ed2459ad97ba447343cd0a7f3010b594d79e60f857db"", ""registry_identity_source"": ""data/raw/provenance/resolution_quality_v3/uniprot_6828c3d881b83cfa.json"", ""uniprot_id"": ""P54987"", ""uniprot_identity_status"": ""unique_reviewed_registry_gene_species_match""}","core_legacy_annotations_unverified; generated_enrichment_quarantined UniProt v3: unique reviewed primary gene/species match; canonical sequence reference, not experimental isoform confirmation."
LOCAL:protein:mouse:PRMT6,protein,,enzyme,Protein arginine methyltransferase 6,PRMT6,mouse,nucleus,PRMT6|HRMT1L6,HGNC:PRMT6,differentiation,registry_gene_species_protein_accession_mapped,"{""pdb_structures"": [], ""registry_identity_sha256"": ""20407404ad1e0c2a4bc8f26515311f9476c3c8d3ee9b165c4f30ad5459a169cc"", ""registry_identity_source"": ""data/raw/provenance/resolution_quality_v3/uniprot_0f0ac7c5327151fb.json"", ""uniprot_id"": ""Q6NZB1"", ""uniprot_identity_status"": ""unique_reviewed_registry_gene_species_match""}","core_legacy_annotations_unverified; generated_enrichment_quarantined UniProt v3: unique reviewed primary gene/species match; canonical sequence reference, not experimental isoform confirmation."
LOCAL:protein:mouse:KDM6B,protein,,enzyme,Lysine demethylase 6B (JMJD3),KDM6B,mouse,nucleus,KDM6B|JMJD3,HGNC:KDM6B,differentiation,registry_gene_species_protein_accession_mapped,"{""pdb_structures"": [], ""registry_identity_sha256"": ""a2822de83d5dc07866220959212d584411d8d744a4a537ec1c0d10057b7a43ce"", ""registry_identity_source"": ""data/raw/provenance/resolution_quality_v3/uniprot_dc686182e63af84e.json"", ""uniprot_id"": ""Q5NCY0"", ""uniprot_identity_status"": ""unique_reviewed_registry_gene_species_match""}","core_legacy_annotations_unverified; generated_enrichment_quarantined UniProt v3: unique reviewed primary gene/species match; canonical sequence reference, not experimental isoform confirmation."
LOCAL:protein:mouse:KDM4A,protein,,enzyme,Lysine demethylase 4A,KDM4A,mouse,nucleus,KDM4A|JMJD2A,HGNC:KDM4A,differentiation,registry_gene_species_protein_accession_mapped,"{""pdb_structures"": [], ""registry_identity_sha256"": ""a2822de83d5dc07866220959212d584411d8d744a4a537ec1c0d10057b7a43ce"", ""registry_identity_source"": ""data/raw/provenance/resolution_quality_v3/uniprot_dc686182e63af84e.json"", ""uniprot_id"": ""Q8BW72"", ""uniprot_identity_status"": ""unique_reviewed_registry_gene_species_match""}","core_legacy_annotations_unverified; generated_enrichment_quarantined UniProt v3: unique reviewed primary gene/species match; canonical sequence reference, not experimental isoform confirmation."
LOCAL:protein:mouse:EZH2,protein,,enzyme,Enhancer of zeste 2 polycomb repressive complex 2 subunit,EZH2,mouse,nucleus,EZH2|KMT6,HGNC:EZH2,differentiation,registry_gene_species_protein_accession_mapped,"{""pdb_structures"": [], ""registry_identity_sha256"": ""744880dcf10f5f8ba75bd8fd0782cf5c3928adede908fdcc7a809c1e21963937"", ""registry_identity_source"": ""data/raw/provenance/resolution_quality_v3/uniprot_d168eb5eb5796cbb.json"", ""uniprot_id"": ""Q61188"", ""uniprot_identity_status"": ""unique_reviewed_registry_gene_species_match""}","core_legacy_annotations_unverified; generated_enrichment_quarantined UniProt v3: unique reviewed primary gene/species match; canonical sequence reference, not experimental isoform confirmation."
LOCAL:protein:mouse:SIRT3,protein,,enzyme,Sirtuin 3,SIRT3,mouse,mitochondria,SIRT3|SIR2L3,HGNC:SIRT3,differentiation,registry_gene_species_protein_accession_mapped,"{""pdb_structures"": [], ""registry_identity_sha256"": ""fff6754ca418684d19ac3baf961c0284ed2ddba4c51c86dece9814c37d5cb48b"", ""registry_identity_source"": ""data/raw/provenance/resolution_quality_v3/uniprot_4e470044f136f8ca.json"", ""uniprot_id"": ""Q8R104"", ""uniprot_identity_status"": ""unique_reviewed_registry_gene_species_match""}","core_legacy_annotations_unverified; generated_enrichment_quarantined UniProt v3: unique reviewed primary gene/species match; canonical sequence reference, not experimental isoform confirmation."
LOCAL:protein:mouse:PDHA1,protein,,enzyme,Pyruvate dehydrogenase E1 subunit alpha 1,PDHA1,mouse,mitochondria,PDHA1|PHE1A,HGNC:PDHA1,metabolism,registry_gene_species_protein_accession_mapped,"{""pdb_structures"": [], ""registry_identity_sha256"": ""2d5ad4961362bed9e66c5812a2f18bea8a1fbd71b7861980cc5f2b51e23e9e49"", ""registry_identity_source"": ""data/raw/provenance/resolution_quality_v3/uniprot_006f32829191c959.json"", ""uniprot_id"": ""P35486"", ""uniprot_identity_status"": ""unique_reviewed_registry_gene_species_match""}","core_legacy_annotations_unverified; generated_enrichment_quarantined UniProt v3: unique reviewed primary gene/species match; canonical sequence reference, not experimental isoform confirmation."
LOCAL:protein:mouse:EP300,protein,,enzyme,E1A binding protein p300 (HAT),EP300,mouse,nucleus,EP300|p300|KAT3B,HGNC:EP300,differentiation,registry_gene_species_protein_accession_mapped,"{""pdb_structures"": [], ""registry_identity_sha256"": ""744880dcf10f5f8ba75bd8fd0782cf5c3928adede908fdcc7a809c1e21963937"", ""registry_identity_source"": ""data/raw/provenance/resolution_quality_v3/uniprot_d168eb5eb5796cbb.json"", ""uniprot_id"": ""B2RWS6"", ""uniprot_identity_status"": ""unique_reviewed_registry_gene_species_match""}","core_legacy_annotations_unverified; generated_enrichment_quarantined UniProt v3: unique reviewed primary gene/species match; canonical sequence reference, not experimental isoform confirmation."
LOCAL:protein:mouse:TET2,protein,,enzyme,Tet methylcytosine dioxygenase 2,TET2,mouse,nucleus,TET2|KIAA1546,HGNC:TET2,metabolism,registry_gene_species_protein_accession_mapped,"{""pdb_structures"": [], ""registry_identity_sha256"": ""fff6754ca418684d19ac3baf961c0284ed2ddba4c51c86dece9814c37d5cb48b"", ""registry_identity_source"": ""data/raw/provenance/resolution_quality_v3/uniprot_4e470044f136f8ca.json"", ""uniprot_id"": ""Q4JK59"", ""uniprot_identity_status"": ""unique_reviewed_registry_gene_species_match""}","core_legacy_annotations_unverified; generated_enrichment_quarantined UniProt v3: unique reviewed primary gene/species match; canonical sequence reference, not experimental isoform confirmation."
LOCAL:protein:mouse:PPARD,protein,,,Peroxisome proliferator activated receptor delta,PPARD,mouse,nucleus,PPARD|PPARDELTA,HGNC:PPARD,differentiation,registry_gene_species_protein_accession_mapped,"{""pdb_structures"": [], ""registry_identity_sha256"": ""20407404ad1e0c2a4bc8f26515311f9476c3c8d3ee9b165c4f30ad5459a169cc"", ""registry_identity_source"": ""data/raw/provenance/resolution_quality_v3/uniprot_0f0ac7c5327151fb.json"", ""uniprot_id"": ""P35396"", ""uniprot_identity_status"": ""unique_reviewed_registry_gene_species_match""}","core_legacy_annotations_unverified; generated_enrichment_quarantined UniProt v3: unique reviewed primary gene/species match; canonical sequence reference, not experimental isoform confirmation."
LOCAL:protein:mouse:CPT1A,protein,,enzyme,Carnitine palmitoyltransferase 1A,CPT1A,mouse,mitochondria,CPT1A|CPT1,HGNC:CPT1A,differentiation,registry_gene_species_protein_accession_mapped,"{""pdb_structures"": [], ""registry_identity_sha256"": ""744880dcf10f5f8ba75bd8fd0782cf5c3928adede908fdcc7a809c1e21963937"", ""registry_identity_source"": ""data/raw/provenance/resolution_quality_v3/uniprot_d168eb5eb5796cbb.json"", ""uniprot_id"": ""P97742"", ""uniprot_identity_status"": ""unique_reviewed_registry_gene_species_match""}","core_legacy_annotations_unverified; generated_enrichment_quarantined UniProt v3: unique reviewed primary gene/species match; canonical sequence reference, not experimental isoform confirmation."
LOCAL:protein:mouse:MAFB,protein,,transcription_factor,MAF bZIP transcription factor B,MAFB,mouse,nucleus,MAFB|KRML,HGNC:MAFB,differentiation,registry_gene_species_protein_accession_mapped,"{""pdb_structures"": [], ""registry_identity_sha256"": ""a2822de83d5dc07866220959212d584411d8d744a4a537ec1c0d10057b7a43ce"", ""registry_identity_source"": ""data/raw/provenance/resolution_quality_v3/uniprot_dc686182e63af84e.json"", ""uniprot_id"": ""P54841"", ""uniprot_identity_status"": ""unique_reviewed_registry_gene_species_match""}","core_legacy_annotations_unverified; generated_enrichment_quarantined UniProt v3: unique reviewed primary gene/species match; canonical sequence reference, not experimental isoform confirmation."
LOCAL:protein:mouse:PDCD4,protein,,,Programmed cell death 4,PDCD4,mouse,nucleus,PDCD4,HGNC:PDCD4,differentiation,registry_gene_species_protein_accession_mapped,"{""pdb_structures"": [], ""registry_identity_sha256"": ""2d5ad4961362bed9e66c5812a2f18bea8a1fbd71b7861980cc5f2b51e23e9e49"", ""registry_identity_source"": ""data/raw/provenance/resolution_quality_v3/uniprot_006f32829191c959.json"", ""uniprot_id"": ""Q61823"", ""uniprot_identity_status"": ""unique_reviewed_registry_gene_species_match""}","core_legacy_annotations_unverified; generated_enrichment_quarantined UniProt v3: unique reviewed primary gene/species match; canonical sequence reference, not experimental isoform confirmation."
LOCAL:protein:mouse:TGIF2,protein,,transcription_factor,TGFB induced factor homeobox 2,TGIF2,mouse,nucleus,TGIF2,HGNC:TGIF2,differentiation,registry_gene_species_protein_accession_mapped,"{""pdb_structures"": [], ""registry_identity_sha256"": ""fff6754ca418684d19ac3baf961c0284ed2ddba4c51c86dece9814c37d5cb48b"", ""registry_identity_source"": ""data/raw/provenance/resolution_quality_v3/uniprot_4e470044f136f8ca.json"", ""uniprot_id"": ""Q8C0Y1"", ""uniprot_identity_status"": ""unique_reviewed_registry_gene_species_match""}","core_legacy_annotations_unverified; generated_enrichment_quarantined UniProt v3: unique reviewed primary gene/species match; canonical sequence reference, not experimental isoform confirmation."
LOCAL:protein:mouse:ITGAV,protein,,,Integrin subunit alpha V,ITGAV,mouse,plasma_membrane,ITGAV|CD51,HGNC:ITGAV,morphology_cytoskeleton,registry_gene_species_protein_accession_mapped,"{""pdb_structures"": [], ""registry_identity_sha256"": ""a97fd6b14bda14e8c4e7b211e9d91cb3ec05a77f43c495e98cf5a9736b05086b"", ""registry_identity_source"": ""data/raw/provenance/resolution_quality_v3/uniprot_5ac89c3ebe8f83bb.json"", ""uniprot_id"": ""P43406"", ""uniprot_identity_status"": ""unique_reviewed_registry_gene_species_match""}","core_legacy_annotations_unverified; generated_enrichment_quarantined UniProt v3: unique reviewed primary gene/species match; canonical sequence reference, not experimental isoform confirmation."
LOCAL:protein:mouse:ITGB3,protein,,,Integrin subunit beta 3,ITGB3,mouse,plasma_membrane,ITGB3|CD61,HGNC:ITGB3,morphology_cytoskeleton,registry_gene_species_protein_accession_mapped,"{""pdb_structures"": [], ""registry_identity_sha256"": ""a2822de83d5dc07866220959212d584411d8d744a4a537ec1c0d10057b7a43ce"", ""registry_identity_source"": ""data/raw/provenance/resolution_quality_v3/uniprot_dc686182e63af84e.json"", ""uniprot_id"": ""O54890"", ""uniprot_identity_status"": ""unique_reviewed_registry_gene_species_match""}","core_legacy_annotations_unverified; generated_enrichment_quarantined UniProt v3: unique reviewed primary gene/species match; canonical sequence reference, not experimental isoform confirmation."
LOCAL:protein:mouse:SRC,protein,,enzyme,SRC proto-oncogene non-receptor tyrosine kinase (c-Src),SRC,mouse,cytoplasm,SRC|c-Src|ASV,HGNC:SRC,morphology_cytoskeleton,registry_gene_species_protein_accession_mapped,"{""pdb_structures"": [], ""registry_identity_sha256"": ""fff6754ca418684d19ac3baf961c0284ed2ddba4c51c86dece9814c37d5cb48b"", ""registry_identity_source"": ""data/raw/provenance/resolution_quality_v3/uniprot_4e470044f136f8ca.json"", ""uniprot_id"": ""P05480"", ""uniprot_identity_status"": ""unique_reviewed_registry_gene_species_match""}","core_legacy_annotations_unverified; generated_enrichment_quarantined UniProt v3: unique reviewed primary gene/species match; canonical sequence reference, not experimental isoform confirmation."
LOCAL:protein:mouse:PTK2B,protein,,enzyme,Protein tyrosine kinase 2 beta (Pyk2),PTK2B,mouse,cytoplasm,PTK2B|Pyk2|FAK2,HGNC:PTK2B,metabolism,registry_mapped_gene_and_protein,"{""pdb_structures"": [], ""registry_gene_id"": ""NCBIGene:19229"", ""registry_identity_sha256"": ""20407404ad1e0c2a4bc8f26515311f9476c3c8d3ee9b165c4f30ad5459a169cc"", ""registry_identity_source"": ""data/raw/provenance/resolution_quality_v3/uniprot_0f0ac7c5327151fb.json"", ""uniprot_id"": ""Q9QVP9"", ""uniprot_identity_status"": ""unique_reviewed_registry_gene_species_match""}","core_legacy_annotations_unverified; generated_enrichment_quarantined UniProt v3: unique reviewed primary gene/species match; canonical sequence reference, not experimental isoform confirmation."
LOCAL:protein:mouse:VAV3,protein,,,Vav guanine nucleotide exchange factor 3,VAV3,mouse,cytoplasm,VAV3,HGNC:VAV3,differentiation,registry_gene_species_protein_accession_mapped,"{""pdb_structures"": [], ""registry_identity_sha256"": ""706c6c2b55a8d87fd8fa62b0d7be65e7dec753c7eb357cda9eb5418a63524cd8"", ""registry_identity_source"": ""data/raw/provenance/resolution_quality_v3/uniprot_c0818e2f9d5778df.json"", ""uniprot_id"": ""Q9R0C8"", ""uniprot_identity_status"": ""unique_reviewed_registry_gene_species_match""}","core_legacy_annotations_unverified; generated_enrichment_quarantined UniProt v3: unique reviewed primary gene/species match; canonical sequence reference, not experimental isoform confirmation."
LOCAL:protein:mouse:RAC1,protein,,,Rac family small GTPase 1,RAC1,mouse,plasma_membrane,RAC1|p21-Rac1,HGNC:RAC1,differentiation,registry_gene_species_protein_accession_mapped,"{""pdb_structures"": [], ""registry_identity_sha256"": ""20407404ad1e0c2a4bc8f26515311f9476c3c8d3ee9b165c4f30ad5459a169cc"", ""registry_identity_source"": ""data/raw/provenance/resolution_quality_v3/uniprot_0f0ac7c5327151fb.json"", ""uniprot_id"": ""P63001"", ""uniprot_identity_status"": ""unique_reviewed_registry_gene_species_match""}","core_legacy_annotations_unverified; generated_enrichment_quarantined UniProt v3: unique reviewed primary gene/species match; canonical sequence reference, not experimental isoform confirmation."
LOCAL:protein:mouse:CDC42,protein,,,Cell division cycle 42,CDC42,mouse,plasma_membrane,CDC42|G25K,HGNC:CDC42,differentiation,registry_gene_species_protein_accession_mapped,"{""pdb_structures"": [], ""registry_identity_sha256"": ""ba92e00e2c9fb939b805ed2459ad97ba447343cd0a7f3010b594d79e60f857db"", ""registry_identity_source"": ""data/raw/provenance/resolution_quality_v3/uniprot_6828c3d881b83cfa.json"", ""uniprot_id"": ""P60766"", ""uniprot_identity_status"": ""unique_reviewed_registry_gene_species_match""}","core_legacy_annotations_unverified; generated_enrichment_quarantined UniProt v3: unique reviewed primary gene/species match; canonical sequence reference, not experimental isoform confirmation."
LOCAL:protein:mouse:RHOA,protein,,,Ras homolog family member A,RHOA,mouse,plasma_membrane,RHOA|ARHA,HGNC:RHOA,differentiation,registry_gene_species_protein_accession_mapped,"{""pdb_structures"": [], ""registry_identity_sha256"": ""20407404ad1e0c2a4bc8f26515311f9476c3c8d3ee9b165c4f30ad5459a169cc"", ""registry_identity_source"": ""data/raw/provenance/resolution_quality_v3/uniprot_0f0ac7c5327151fb.json"", ""uniprot_id"": ""Q9QUI0"", ""uniprot_identity_status"": ""unique_reviewed_registry_gene_species_match""}","core_legacy_annotations_unverified; generated_enrichment_quarantined UniProt v3: unique reviewed primary gene/species match; canonical sequence reference, not experimental isoform confirmation."
LOCAL:protein:mouse:CTTN,protein,,,Cortactin,CTTN,mouse,cytoplasm,CTTN|EMS1,HGNC:CTTN,morphology_cytoskeleton,registry_gene_species_protein_accession_mapped,"{""pdb_structures"": [], ""registry_identity_sha256"": ""744880dcf10f5f8ba75bd8fd0782cf5c3928adede908fdcc7a809c1e21963937"", ""registry_identity_source"": ""data/raw/provenance/resolution_quality_v3/uniprot_d168eb5eb5796cbb.json"", ""uniprot_id"": ""Q60598"", ""uniprot_identity_status"": ""unique_reviewed_registry_gene_species_match""}","core_legacy_annotations_unverified; generated_enrichment_quarantined UniProt v3: unique reviewed primary gene/species match; canonical sequence reference, not experimental isoform confirmation."
LOCAL:protein:mouse:WAS,protein,,,WASP actin nucleation promoting factor,WAS,mouse,cytoplasm,WAS|WASP,HGNC:WAS,morphology_cytoskeleton,legacy_identity_pending_registry_mapping,"{""pdb_structures"": [], ""uniprot_identity_status"": ""unresolved_gene_species_match"", ""identity_note"": ""Prior candidate accessions archived in protein_accession_decisions.json; no unique reviewed primary-gene/species mapping.""}",core_legacy_annotations_unverified; generated_enrichment_quarantined
LOCAL:protein:mouse:MSN,protein,,,Moesin (ERM family cytoskeletal linker),MSN,mouse,cytoplasm,MSN|Moesin,HGNC:MSN,maturation_fusion,registry_gene_species_protein_accession_mapped,"{""pdb_structures"": [], ""registry_identity_sha256"": ""2d5ad4961362bed9e66c5812a2f18bea8a1fbd71b7861980cc5f2b51e23e9e49"", ""registry_identity_source"": ""data/raw/provenance/resolution_quality_v3/uniprot_006f32829191c959.json"", ""uniprot_id"": ""P26041"", ""uniprot_identity_status"": ""unique_reviewed_registry_gene_species_match""}","core_legacy_annotations_unverified; generated_enrichment_quarantined UniProt v3: unique reviewed primary gene/species match; canonical sequence reference, not experimental isoform confirmation."
LOCAL:protein:mouse:DCSTAMP,protein,,,Dendritic cell specific transmembrane protein,DCSTAMP,mouse,plasma_membrane,DCSTAMP|DC-STAMP|FIND,HGNC:DCSTAMP,differentiation,registry_gene_species_protein_accession_mapped,"{""pdb_structures"": [], ""registry_identity_sha256"": ""744880dcf10f5f8ba75bd8fd0782cf5c3928adede908fdcc7a809c1e21963937"", ""registry_identity_source"": ""data/raw/provenance/resolution_quality_v3/uniprot_d168eb5eb5796cbb.json"", ""uniprot_id"": ""Q7TNJ0"", ""uniprot_identity_status"": ""unique_reviewed_registry_gene_species_match""}","core_legacy_annotations_unverified; generated_enrichment_quarantined UniProt v3: unique reviewed primary gene/species match; canonical sequence reference, not experimental isoform confirmation."
LOCAL:protein:mouse:OCSTAMP,protein,,,Osteoclast stimulatory transmembrane protein,OCSTAMP,mouse,plasma_membrane,OCSTAMP|OC-STAMP,HGNC:OCSTAMP,differentiation,registry_gene_species_protein_accession_mapped,"{""pdb_structures"": [], ""registry_identity_sha256"": ""2d5ad4961362bed9e66c5812a2f18bea8a1fbd71b7861980cc5f2b51e23e9e49"", ""registry_identity_source"": ""data/raw/provenance/resolution_quality_v3/uniprot_006f32829191c959.json"", ""uniprot_id"": ""Q9D611"", ""uniprot_identity_status"": ""unique_reviewed_registry_gene_species_match""}","core_legacy_annotations_unverified; generated_enrichment_quarantined UniProt v3: unique reviewed primary gene/species match; canonical sequence reference, not experimental isoform confirmation."
LOCAL:protein:mouse:SNX10,protein,,,Sorting nexin 10,SNX10,mouse,cytoplasm,SNX10,HGNC:SNX10,differentiation,registry_gene_species_protein_accession_mapped,"{""pdb_structures"": [], ""registry_identity_sha256"": ""fff6754ca418684d19ac3baf961c0284ed2ddba4c51c86dece9814c37d5cb48b"", ""registry_identity_source"": ""data/raw/provenance/resolution_quality_v3/uniprot_4e470044f136f8ca.json"", ""uniprot_id"": ""Q9CWT3"", ""uniprot_identity_status"": ""unique_reviewed_registry_gene_species_match""}","core_legacy_annotations_unverified; generated_enrichment_quarantined UniProt v3: unique reviewed primary gene/species match; canonical sequence reference, not experimental isoform confirmation."
LOCAL:protein:mouse:ATP6V0D2,protein,,,ATPase H+ transporting V0 subunit d2,ATP6V0D2,mouse,lysosome,ATP6V0D2|V-ATPase d2,HGNC:ATP6V0D2,differentiation,registry_gene_species_protein_accession_mapped,"{""pdb_structures"": [], ""registry_identity_sha256"": ""ba92e00e2c9fb939b805ed2459ad97ba447343cd0a7f3010b594d79e60f857db"", ""registry_identity_source"": ""data/raw/provenance/resolution_quality_v3/uniprot_6828c3d881b83cfa.json"", ""uniprot_id"": ""Q80SY3"", ""uniprot_identity_status"": ""unique_reviewed_registry_gene_species_match""}","core_legacy_annotations_unverified; generated_enrichment_quarantined UniProt v3: unique reviewed primary gene/species match; canonical sequence reference, not experimental isoform confirmation."
LOCAL:protein:mouse:TCIRG1,protein,,,T-cell immune regulator 1 (V-ATPase a3 subunit),TCIRG1,mouse,plasma_membrane,TCIRG1|Atp6i|a3|OC116,HGNC:TCIRG1,activity_acidification,legacy_identity_pending_registry_mapping,"{""pdb_structures"": [], ""uniprot_identity_status"": ""unresolved_gene_species_match"", ""identity_note"": ""Prior candidate accessions archived in protein_accession_decisions.json; no unique reviewed primary-gene/species mapping.""}",core_legacy_annotations_unverified; generated_enrichment_quarantined
LOCAL:protein:mouse:ATP6V1C1,protein,,,ATPase H+ transporting V1 subunit C1,ATP6V1C1,mouse,plasma_membrane,ATP6V1C1|C1,HGNC:ATP6V1C1,differentiation,registry_gene_species_protein_accession_mapped,"{""pdb_structures"": [], ""registry_identity_sha256"": ""ba92e00e2c9fb939b805ed2459ad97ba447343cd0a7f3010b594d79e60f857db"", ""registry_identity_source"": ""data/raw/provenance/resolution_quality_v3/uniprot_6828c3d881b83cfa.json"", ""uniprot_id"": ""Q9Z1G3"", ""uniprot_identity_status"": ""unique_reviewed_registry_gene_species_match""}","core_legacy_annotations_unverified; generated_enrichment_quarantined UniProt v3: unique reviewed primary gene/species match; canonical sequence reference, not experimental isoform confirmation."
LOCAL:protein:mouse:ATP6AP1,protein,,,ATPase H+ transporting accessory protein 1 (Ac45),ATP6AP1,mouse,lysosome,ATP6AP1|Ac45,HGNC:ATP6AP1,differentiation,registry_gene_species_protein_accession_mapped,"{""pdb_structures"": [], ""registry_identity_sha256"": ""ba92e00e2c9fb939b805ed2459ad97ba447343cd0a7f3010b594d79e60f857db"", ""registry_identity_source"": ""data/raw/provenance/resolution_quality_v3/uniprot_6828c3d881b83cfa.json"", ""uniprot_id"": ""Q9R1Q9"", ""uniprot_identity_status"": ""unique_reviewed_registry_gene_species_match""}","core_legacy_annotations_unverified; generated_enrichment_quarantined UniProt v3: unique reviewed primary gene/species match; canonical sequence reference, not experimental isoform confirmation."
LOCAL:protein:mouse:CLCN7,protein,,,Chloride voltage-gated channel 7 (CLC-7),CLCN7,mouse,plasma_membrane,CLCN7|CLC-7,HGNC:CLCN7,activity_acidification,registry_gene_species_protein_accession_mapped,"{""pdb_structures"": [], ""registry_identity_sha256"": ""744880dcf10f5f8ba75bd8fd0782cf5c3928adede908fdcc7a809c1e21963937"", ""registry_identity_source"": ""data/raw/provenance/resolution_quality_v3/uniprot_d168eb5eb5796cbb.json"", ""uniprot_id"": ""O70496"", ""uniprot_identity_status"": ""unique_reviewed_registry_gene_species_match""}","core_legacy_annotations_unverified; generated_enrichment_quarantined UniProt v3: unique reviewed primary gene/species match; canonical sequence reference, not experimental isoform confirmation."
LOCAL:protein:mouse:OSTM1,protein,,,Osteopetrosis associated transmembrane protein 1,OSTM1,mouse,plasma_membrane,OSTM1|GL,HGNC:OSTM1,differentiation,registry_gene_species_protein_accession_mapped,"{""pdb_structures"": [], ""registry_identity_sha256"": ""2d5ad4961362bed9e66c5812a2f18bea8a1fbd71b7861980cc5f2b51e23e9e49"", ""registry_identity_source"": ""data/raw/provenance/resolution_quality_v3/uniprot_006f32829191c959.json"", ""uniprot_id"": ""Q8BGT0"", ""uniprot_identity_status"": ""unique_reviewed_registry_gene_species_match""}","core_legacy_annotations_unverified; generated_enrichment_quarantined UniProt v3: unique reviewed primary gene/species match; canonical sequence reference, not experimental isoform confirmation."
LOCAL:protein:mouse:CA2,protein,,enzyme,Carbonic anhydrase 2,CA2,mouse,cytoplasm,CA2|CAII,HGNC:CA2,activity_acidification,registry_gene_species_protein_accession_mapped,"{""pdb_structures"": [], ""registry_identity_sha256"": ""ba92e00e2c9fb939b805ed2459ad97ba447343cd0a7f3010b594d79e60f857db"", ""registry_identity_source"": ""data/raw/provenance/resolution_quality_v3/uniprot_6828c3d881b83cfa.json"", ""uniprot_id"": ""P00920"", ""uniprot_identity_status"": ""unique_reviewed_registry_gene_species_match""}","core_legacy_annotations_unverified; generated_enrichment_quarantined UniProt v3: unique reviewed primary gene/species match; canonical sequence reference, not experimental isoform confirmation."
LOCAL:protein:mouse:ACP5,protein,,enzyme,Acid phosphatase 5 tartrate resistant (TRAP),ACP5,mouse,lysosome,ACP5|TRAP|TRACP,HGNC:ACP5,activity_acidification,registry_gene_species_protein_accession_mapped,"{""pdb_structures"": [], ""registry_identity_sha256"": ""ba92e00e2c9fb939b805ed2459ad97ba447343cd0a7f3010b594d79e60f857db"", ""registry_identity_source"": ""data/raw/provenance/resolution_quality_v3/uniprot_6828c3d881b83cfa.json"", ""uniprot_id"": ""Q05117"", ""uniprot_identity_status"": ""unique_reviewed_registry_gene_species_match""}","core_legacy_annotations_unverified; generated_enrichment_quarantined UniProt v3: unique reviewed primary gene/species match; canonical sequence reference, not experimental isoform confirmation."
LOCAL:protein:mouse:CTSK,protein,,enzyme,Cathepsin K,CTSK,mouse,resorption_lacuna,CTSK|PKND,HGNC:CTSK,activity_acidification,registry_gene_species_protein_accession_mapped,"{""pdb_structures"": [], ""registry_identity_sha256"": ""744880dcf10f5f8ba75bd8fd0782cf5c3928adede908fdcc7a809c1e21963937"", ""registry_identity_source"": ""data/raw/provenance/resolution_quality_v3/uniprot_d168eb5eb5796cbb.json"", ""uniprot_id"": ""P55097"", ""uniprot_identity_status"": ""unique_reviewed_registry_gene_species_match""}","core_legacy_annotations_unverified; generated_enrichment_quarantined UniProt v3: unique reviewed primary gene/species match; canonical sequence reference, not experimental isoform confirmation."
LOCAL:protein:mouse:MMP9,protein,,enzyme,Matrix metallopeptidase 9,MMP9,mouse,lysosome,MMP9|GELB|CLG4B,HGNC:MMP9,activity_acidification,registry_gene_species_protein_accession_mapped,"{""pdb_structures"": [], ""registry_identity_sha256"": ""2d5ad4961362bed9e66c5812a2f18bea8a1fbd71b7861980cc5f2b51e23e9e49"", ""registry_identity_source"": ""data/raw/provenance/resolution_quality_v3/uniprot_006f32829191c959.json"", ""uniprot_id"": ""P41245"", ""uniprot_identity_status"": ""unique_reviewed_registry_gene_species_match""}","core_legacy_annotations_unverified; generated_enrichment_quarantined UniProt v3: unique reviewed primary gene/species match; canonical sequence reference, not experimental isoform confirmation."
LOCAL:protein:mouse:CD47,protein,,,CD47 molecule (Integrin associated protein),CD47,mouse,plasma_membrane,CD47|IAP,HGNC:CD47,morphology_cytoskeleton,registry_gene_species_protein_accession_mapped,"{""pdb_structures"": [], ""registry_identity_sha256"": ""ba92e00e2c9fb939b805ed2459ad97ba447343cd0a7f3010b594d79e60f857db"", ""registry_identity_source"": ""data/raw/provenance/resolution_quality_v3/uniprot_6828c3d881b83cfa.json"", ""uniprot_id"": ""Q61735"", ""uniprot_identity_status"": ""unique_reviewed_registry_gene_species_match""}","core_legacy_annotations_unverified; generated_enrichment_quarantined UniProt v3: unique reviewed primary gene/species match; canonical sequence reference, not experimental isoform confirmation."
LOCAL:protein:mouse:CD9,protein,,,CD9 molecule (Tetraspanin),CD9,mouse,plasma_membrane,CD9|MIC3|TSPAN29,HGNC:CD9,differentiation,registry_gene_species_protein_accession_mapped,"{""pdb_structures"": [], ""registry_identity_sha256"": ""ba92e00e2c9fb939b805ed2459ad97ba447343cd0a7f3010b594d79e60f857db"", ""registry_identity_source"": ""data/raw/provenance/resolution_quality_v3/uniprot_6828c3d881b83cfa.json"", ""uniprot_id"": ""P40240"", ""uniprot_identity_status"": ""unique_reviewed_registry_gene_species_match""}","core_legacy_annotations_unverified; generated_enrichment_quarantined UniProt v3: unique reviewed primary gene/species match; canonical sequence reference, not experimental isoform confirmation."
CHEBI:17234,intracellular_compound,,,D-glucose,,all,cytoplasm,Glucose|Glc,,metabolism,legacy_identity_pending_registry_mapping,"{""small_molecule_unavailable"":""Registry has no specific molecular structure""}",core_legacy_annotations_unverified; generated_enrichment_quarantined
CHEBI:14314,intracellular_compound,,,D-glucose 6-phosphate,,all,cytoplasm,G6P|Glucose-6-P,,metabolism,legacy_identity_pending_registry_mapping,"{""small_molecule_unavailable"":""Registry has no specific molecular structure""}",core_legacy_annotations_unverified; generated_enrichment_quarantined
CHEBI:15946,intracellular_compound,,,D-fructose 6-phosphate,,all,cytoplasm,F6P|Fructose-6-P,,metabolism,legacy_identity_pending_registry_mapping,"{""small_molecule"":{""registry_id"":""CHEBI:15946"",""registry_name"":""keto-D-fructose 6-phosphate"",""source_url"":""https://www.ebi.ac.uk/chebi/CHEBI:15946"",""smiles"":""O=C(CO)[C@@H](O)[C@H](O)[C@H](O)COP(=O)(O)O"",""inchikey"":""GSXOAOHZAIYLCY-HSUXUTPPSA-N"",""formal_charge"":0,""formula"":""C6H13O9P"",""sdf_url"":""assets/structures/chebi_15946.sdf"",""sdf_sha256"":""794fd5e0784f3c21b054e07858d6b4737dc5dbd8d18e5d7b0868a96ec65729e5"",""method"":""ETKDGv3 + MMFF94"",""rdkit_version"":""2026.03.6"",""random_seed"":20260930,""atom_count"":29,""source_sha256"":""91644c7c4859c33188af58ed6fb5001d56a047e622bc768fd94e1fc0baf693c0"",""mapping_status"":""exact_accession_structure_kg_interpretation_unverified"",""note"":""Exact accession structure; computed display geometry, not experimental coordinates or a physiological protonation assignment. Registry name differs from the KG label; use the displayed registry identity. KG naming and biological-pool mapping remain unverified.""}}",core_legacy_annotations_unverified; generated_enrichment_quarantined
CHEBI:16905,intracellular_compound,,,"D-fructose 1,6-bisphosphate",,all,cytoplasm,"F1,6BP|Fructose-1,6-P2",,metabolism,legacy_identity_pending_registry_mapping,"{""small_molecule"":{""registry_id"":""CHEBI:16905"",""registry_name"":""keto-D-fructose 1,6-bisphosphate"",""source_url"":""https://www.ebi.ac.uk/chebi/CHEBI:16905"",""smiles"":""O=C(COP(=O)(O)O)[C@@H](O)[C@H](O)[C@H](O)COP(=O)(O)O"",""inchikey"":""XPYBSIWDXQFNMH-UYFOZJQFSA-N"",""formal_charge"":0,""formula"":""C6H14O12P2"",""sdf_url"":""assets/structures/chebi_16905.sdf"",""sdf_sha256"":""8f83b80c03494af5470b9950be01fb141679e6be35b7cd28db9d7ff88182bda9"",""method"":""ETKDGv3 + MMFF94"",""rdkit_version"":""2026.03.6"",""random_seed"":20260930,""atom_count"":34,""source_sha256"":""1541c899a239932ea3afa2ecfdd6ed55d6e117954c7fe4c75d610f165d1f85c5"",""mapping_status"":""exact_accession_structure_kg_interpretation_unverified"",""note"":""Exact accession structure; computed display geometry, not experimental coordinates or a physiological protonation assignment. Registry name differs from the KG label; use the displayed registry identity. KG naming and biological-pool mapping remain unverified.""}}",core_legacy_annotations_unverified; generated_enrichment_quarantined
CHEBI:17138,intracellular_compound,,,glyceraldehyde 3-phosphate,,all,cytoplasm,GA3P|G3P,,metabolism,legacy_identity_pending_registry_mapping,"{""small_molecule_unavailable"":""Registry structure leaves stereochemistry unspecified""}",core_legacy_annotations_unverified; generated_enrichment_quarantined
CHEBI:16001,intracellular_compound,,,"1,3-bisphospho-D-glycerate",,all,cytoplasm,"1,3BPG",,metabolism,legacy_identity_pending_registry_mapping,"{""small_molecule"":{""registry_id"":""CHEBI:16001"",""registry_name"":""3-phospho-D-glyceroyl dihydrogen phosphate"",""source_url"":""https://www.ebi.ac.uk/chebi/CHEBI:16001"",""smiles"":""O=C(OP(=O)(O)O)[C@H](O)COP(=O)(O)O"",""inchikey"":""LJQLQCAXBUHEAZ-UWTATZPHSA-N"",""formal_charge"":0,""formula"":""C3H8O10P2"",""sdf_url"":""assets/structures/chebi_16001.sdf"",""sdf_sha256"":""75fe037d5597226d0fd8a6dde7c0ba4006e126183e13666bcd1b97aac3b12e4a"",""method"":""ETKDGv3 + MMFF94"",""rdkit_version"":""2026.03.6"",""random_seed"":20260930,""atom_count"":23,""source_sha256"":""1978ac3d9d89648ab5b490e589dc02818c5b394813a0631bc1e2f3b552b096c0"",""mapping_status"":""exact_accession_structure_kg_interpretation_unverified"",""note"":""Exact accession structure; computed display geometry, not experimental coordinates or a physiological protonation assignment. Registry name differs from the KG label; use the displayed registry identity. KG naming and biological-pool mapping remain unverified.""}}",core_legacy_annotations_unverified; generated_enrichment_quarantined
CHEBI:17794,intracellular_compound,,,3-phospho-D-glycerate,,all,cytoplasm,3PG|3-P-glycerate,,metabolism,legacy_identity_pending_registry_mapping,"{""small_molecule"":{""registry_id"":""CHEBI:17794"",""registry_name"":""3-phospho-D-glyceric acid"",""source_url"":""https://www.ebi.ac.uk/chebi/CHEBI:17794"",""smiles"":""O=C(O)[C@H](O)COP(=O)(O)O"",""inchikey"":""OSJPPGNTCRNQQC-UWTATZPHSA-N"",""formal_charge"":0,""formula"":""C3H7O7P"",""sdf_url"":""assets/structures/chebi_17794.sdf"",""sdf_sha256"":""3452f7809472cfe3e2cb781fbca6296b4fbedebf19d48dd9e8d0fa1e4150cf8a"",""method"":""ETKDGv3 + MMFF94"",""rdkit_version"":""2026.03.6"",""random_seed"":20260930,""atom_count"":18,""source_sha256"":""e55619afb2d2a86dff6c77ed832b9ff9e30095dad54947b39ecd667ae5d3829d"",""mapping_status"":""exact_accession_structure_kg_interpretation_unverified"",""note"":""Exact accession structure; computed display geometry, not experimental coordinates or a physiological protonation assignment. Registry name differs from the KG label; use the displayed registry identity. KG naming and biological-pool mapping remain unverified.""}}",core_legacy_annotations_unverified; generated_enrichment_quarantined
CHEBI:17835,intracellular_compound,,,2-phospho-D-glycerate,,all,cytoplasm,2PG,,metabolism,legacy_identity_pending_registry_mapping,"{""small_molecule"":{""registry_id"":""CHEBI:17835"",""registry_name"":""2-phospho-D-glyceric acid"",""source_url"":""https://www.ebi.ac.uk/chebi/CHEBI:17835"",""smiles"":""O=C(O)[C@@H](CO)OP(=O)(O)O"",""inchikey"":""GXIURPTVHJPJLF-UWTATZPHSA-N"",""formal_charge"":0,""formula"":""C3H7O7P"",""sdf_url"":""assets/structures/chebi_17835.sdf"",""sdf_sha256"":""fad5d44c18e87435bfa6a84627e8b46cd85897aebb9262dad2e05eb3630cd09d"",""method"":""ETKDGv3 + MMFF94"",""rdkit_version"":""2026.03.6"",""random_seed"":20260930,""atom_count"":18,""source_sha256"":""c234dd3c982fbb4b6cad4c2b49f1d0f1e4d957cee2e54aa1f580394fdbaef156"",""mapping_status"":""exact_accession_structure_kg_interpretation_unverified"",""note"":""Exact accession structure; computed display geometry, not experimental coordinates or a physiological protonation assignment. Registry name differs from the KG label; use the displayed registry identity. KG naming and biological-pool mapping remain unverified.""}}",core_legacy_annotations_unverified; generated_enrichment_quarantined
CHEBI:18021,intracellular_compound,,,phosphoenolpyruvate (PEP),,all,cytoplasm,PEP|Phosphoenolpyruvate,,metabolism,legacy_identity_pending_registry_mapping,"{""small_molecule"":{""registry_id"":""CHEBI:18021"",""registry_name"":""phosphoenolpyruvate"",""source_url"":""https://www.ebi.ac.uk/chebi/CHEBI:18021"",""smiles"":""C=C(OP(=O)(O)O)C(=O)[O-]"",""inchikey"":""DTBNBXWJWCWCIK-UHFFFAOYSA-M"",""formal_charge"":-1,""formula"":""C3H4O6P"",""sdf_url"":""assets/structures/chebi_18021.sdf"",""sdf_sha256"":""cc8eeef4eb7f587fc3365ff198d2a17caed9be2c3763a6e66a0db86ff2c10e5e"",""method"":""ETKDGv3 + MMFF94"",""rdkit_version"":""2026.03.6"",""random_seed"":20260930,""atom_count"":14,""source_sha256"":""5ce503e676c9efc5a056665cd047fd077f3dc83971411afa05070692753be6f0"",""mapping_status"":""exact_accession_structure_kg_interpretation_unverified"",""note"":""Exact accession structure; computed display geometry, not experimental coordinates or a physiological protonation assignment. Registry name differs from the KG label; use the displayed registry identity. KG naming and biological-pool mapping remain unverified.""}}",core_legacy_annotations_unverified; generated_enrichment_quarantined
CHEBI:32816,intracellular_compound,,,pyruvate,,all,cytoplasm,Pyruvic acid|pyruvate,,metabolism,legacy_identity_pending_registry_mapping,"{""small_molecule"":{""registry_id"":""CHEBI:32816"",""registry_name"":""pyruvic acid"",""source_url"":""https://www.ebi.ac.uk/chebi/CHEBI:32816"",""smiles"":""CC(=O)C(=O)O"",""inchikey"":""LCTONWCANYUPML-UHFFFAOYSA-N"",""formal_charge"":0,""formula"":""C3H4O3"",""sdf_url"":""assets/structures/chebi_32816.sdf"",""sdf_sha256"":""f78a776263d3e9c6bed0f766ecc82f3490fe469f7a506e3f21106374bb190c42"",""method"":""ETKDGv3 + MMFF94"",""rdkit_version"":""2026.03.6"",""random_seed"":20260930,""atom_count"":10,""source_sha256"":""8b45028eaea27ddbc242fe63ed24feb09c297e6ec5890b5590367c7ce6439c97"",""mapping_status"":""exact_accession_structure_kg_interpretation_unverified"",""note"":""Exact accession structure; computed display geometry, not experimental coordinates or a physiological protonation assignment. Registry name differs from the KG label; use the displayed registry identity. KG naming and biological-pool mapping remain unverified.""}}",core_legacy_annotations_unverified; generated_enrichment_quarantined
CHEBI:16651,intracellular_compound,,,L-lactate,,all,cytoplasm,Lactate|Lactic acid,,metabolism,legacy_identity_pending_registry_mapping,"{""small_molecule"":{""registry_id"":""CHEBI:16651"",""registry_name"":""(S)-lactate"",""source_url"":""https://www.ebi.ac.uk/chebi/CHEBI:16651"",""smiles"":""C[C@H](O)C(=O)[O-]"",""inchikey"":""JVTAAEKCZFNVCJ-REOHCLBHSA-M"",""formal_charge"":-1,""formula"":""C3H5O3"",""sdf_url"":""assets/structures/chebi_16651.sdf"",""sdf_sha256"":""afefc8fc146ac82d44c2ea300c2914a02a67bb9b0af43f74cbe9f4488348d4a2"",""method"":""ETKDGv3 + MMFF94"",""rdkit_version"":""2026.03.6"",""random_seed"":20260930,""atom_count"":11,""source_sha256"":""dd9f35973697fe127bd45da64625a925414dc97f2bb4405f539b04cb2fb93e3a"",""mapping_status"":""exact_accession_structure_kg_interpretation_unverified"",""note"":""Exact accession structure; computed display geometry, not experimental coordinates or a physiological protonation assignment. Registry name differs from the KG label; use the displayed registry identity. KG naming and biological-pool mapping remain unverified.""}}",core_legacy_annotations_unverified; generated_enrichment_quarantined
CHEBI:15351,intracellular_compound,,,acetyl-CoA,,all,mitochondria,Acetyl-CoA|Ac-CoA,,differentiation,legacy_identity_pending_registry_mapping,"{""small_molecule_unavailable"":""Registry structure leaves stereochemistry unspecified""}",core_legacy_annotations_unverified; generated_enrichment_quarantined
CHEBI:16947,intracellular_compound,,,citrate,,all,mitochondria,Citric acid|Citrate,,metabolism,legacy_identity_pending_registry_mapping,"{""small_molecule"":{""registry_id"":""CHEBI:16947"",""registry_name"":""citrate(3−)"",""source_url"":""https://www.ebi.ac.uk/chebi/CHEBI:16947"",""smiles"":""O=C([O-])CC(O)(CC(=O)[O-])C(=O)[O-]"",""inchikey"":""KRKNYBCHXYNGOX-UHFFFAOYSA-K"",""formal_charge"":-3,""formula"":""C6H5O7"",""sdf_url"":""assets/structures/chebi_16947.sdf"",""sdf_sha256"":""c5d5dd33493471d0c5d322aad6eedaba15056d300cb0eb7df8ffdc098df0d750"",""method"":""ETKDGv3 + MMFF94"",""rdkit_version"":""2026.03.6"",""random_seed"":20260930,""atom_count"":18,""source_sha256"":""d1fd2dd0bb7a3bbabb5ca5f362b3c1cf40ea9d11392130d15c6553435f7e966d"",""mapping_status"":""exact_accession_structure_kg_interpretation_unverified"",""note"":""Exact accession structure; computed display geometry, not experimental coordinates or a physiological protonation assignment. Registry name differs from the KG label; use the displayed registry identity. KG naming and biological-pool mapping remain unverified.""}}",core_legacy_annotations_unverified; generated_enrichment_quarantined
CHEBI:16383,intracellular_compound,,,cis-aconitate(3-),,all,mitochondria,cis-aconitate,,differentiation,registry_identity_corrected,"{""small_molecule"":{""registry_id"":""CHEBI:16383"",""registry_name"":""cis-aconitate(3−)"",""source_url"":""https://www.ebi.ac.uk/chebi/CHEBI:16383"",""smiles"":""O=C([O-])/C=C(/CC(=O)[O-])C(=O)[O-]"",""inchikey"":""GTZCVFVGUGFEME-IWQZZHSRSA-K"",""formal_charge"":-3,""formula"":""C6H3O6"",""sdf_url"":""assets/structures/chebi_16383.sdf"",""sdf_sha256"":""40d38de419464a25d6145885a1b0b923d53cff0f882ddf8242b153a6bf24a4db"",""method"":""ETKDGv3 + MMFF94"",""rdkit_version"":""2026.03.6"",""random_seed"":20260930,""atom_count"":15,""source_sha256"":""2ee46dc49fff32984b2b6993ddd55dffbcc588f0892b9b6f1708bd39d62b868e"",""mapping_status"":""exact_accession_structure_kg_interpretation_unverified"",""note"":""Exact accession structure; computed display geometry, not experimental coordinates or a physiological protonation assignment. Registry name differs from the KG label; use the displayed registry identity. KG naming and biological-pool mapping remain unverified.""}}",core_legacy_annotations_unverified; generated_enrichment_quarantined; Corrected erroneous accession CHEBI:32838. Standard chemical representation; experimental protonation is not established. See resolution_quality_v3/identity_review.json.
CHEBI:30887,intracellular_compound,,,isocitrate,,all,mitochondria,Isocitric acid|Isocitrate,,differentiation,legacy_identity_pending_registry_mapping,"{""small_molecule_unavailable"":""Registry structure leaves stereochemistry unspecified""}",core_legacy_annotations_unverified; generated_enrichment_quarantined
CHEBI:30915,intracellular_compound,,,2-oxoglutaric acid (alpha-ketoglutaric acid),,all,,alpha-KG|2-ketoglutarate|aKG,,differentiation,registry_label_checked_pool_mapping_pending,"{""small_molecule"":{""registry_id"":""CHEBI:30915"",""registry_name"":""2-oxoglutaric acid"",""source_url"":""https://www.ebi.ac.uk/chebi/CHEBI:30915"",""smiles"":""O=C(O)CCC(=O)C(=O)O"",""inchikey"":""KPGXRSRHYNQIFN-UHFFFAOYSA-N"",""formal_charge"":0,""formula"":""C5H6O5"",""sdf_url"":""assets/structures/chebi_30915.sdf"",""sdf_sha256"":""15348d4027c6e07af151e6d5527e22e06c7de8746b206308ca06679b3c724f11"",""method"":""ETKDGv3 + MMFF94"",""rdkit_version"":""2026.03.6"",""random_seed"":20260930,""atom_count"":16,""source_sha256"":""088122fe36b95b05f00a1383fe5a662ec5de68930bc999f50b50c2cba829bcd0"",""mapping_status"":""exact_accession_structure_kg_interpretation_unverified"",""note"":""Exact accession structure; computed display geometry, not experimental coordinates or a physiological protonation assignment. Registry name differs from the KG label; use the displayed registry identity. KG naming and biological-pool mapping remain unverified.""}}",ChEBI:30915 is neutral acid. Paper measures an intracellular alpha-ketoglutarate pool without resolving protonation or subcellular localization; dimethyl-alphaKG rescue is a distinct intervention.
CHEBI:15380,intracellular_compound,,,succinyl-CoA,,all,mitochondria,Succinyl-CoA,,metabolism,legacy_identity_pending_registry_mapping,"{""small_molecule_unavailable"":""Registry structure leaves stereochemistry unspecified""}",core_legacy_annotations_unverified; generated_enrichment_quarantined
CHEBI:15741,intracellular_compound,,,succinate,,all,mitochondria,Succinic acid|Succinate,,differentiation,legacy_identity_pending_registry_mapping,"{""small_molecule"":{""registry_id"":""CHEBI:15741"",""registry_name"":""succinic acid"",""source_url"":""https://www.ebi.ac.uk/chebi/CHEBI:15741"",""smiles"":""O=C(O)CCC(=O)O"",""inchikey"":""KDYFGRWQOYBRFD-UHFFFAOYSA-N"",""formal_charge"":0,""formula"":""C4H6O4"",""sdf_url"":""assets/structures/chebi_15741.sdf"",""sdf_sha256"":""81ff60dd17ab3f5a0bcd506d3e467b5eabdebcbb3d8c037ed4ec20ddcf8bce0f"",""method"":""ETKDGv3 + MMFF94"",""rdkit_version"":""2026.03.6"",""random_seed"":20260930,""atom_count"":14,""source_sha256"":""5257f32f05fc36a4c5fc0bfa35202bffe17d4f910289a3c1330f2c5d47908c24"",""mapping_status"":""exact_accession_structure_kg_interpretation_unverified"",""note"":""Exact accession structure; computed display geometry, not experimental coordinates or a physiological protonation assignment. Registry name differs from the KG label; use the displayed registry identity. KG naming and biological-pool mapping remain unverified.""}}",core_legacy_annotations_unverified; generated_enrichment_quarantined
CHEBI:18012,intracellular_compound,,,fumarate,,all,mitochondria,Fumaric acid|Fumarate,,metabolism,legacy_identity_pending_registry_mapping,"{""small_molecule"":{""registry_id"":""CHEBI:18012"",""registry_name"":""fumaric acid"",""source_url"":""https://www.ebi.ac.uk/chebi/CHEBI:18012"",""smiles"":""O=C(O)/C=C/C(=O)O"",""inchikey"":""VZCYOOQTPOCHFL-OWOJBTEDSA-N"",""formal_charge"":0,""formula"":""C4H4O4"",""sdf_url"":""assets/structures/chebi_18012.sdf"",""sdf_sha256"":""fd18d4b1e8e4d68d8fb68fa4667284d6b3efc5598d7558e4ffaeccef0908cea6"",""method"":""ETKDGv3 + MMFF94"",""rdkit_version"":""2026.03.6"",""random_seed"":20260930,""atom_count"":12,""source_sha256"":""0f6cbfdb25fafff3be264d0e26593b89d96803913b5a94697f08dcb8fc952d59"",""mapping_status"":""exact_accession_structure_kg_interpretation_unverified"",""note"":""Exact accession structure; computed display geometry, not experimental coordinates or a physiological protonation assignment. Registry name differs from the KG label; use the displayed registry identity. KG naming and biological-pool mapping remain unverified.""}}",core_legacy_annotations_unverified; generated_enrichment_quarantined
CHEBI:15589,intracellular_compound,,,(S)-malate,,all,mitochondria,L-malate|Malic acid,,differentiation,legacy_identity_pending_registry_mapping,"{""small_molecule"":{""registry_id"":""CHEBI:15589"",""registry_name"":""(S)-malate(2−)"",""source_url"":""https://www.ebi.ac.uk/chebi/CHEBI:15589"",""smiles"":""O=C([O-])C[C@H](O)C(=O)[O-]"",""inchikey"":""BJEPYKJPYRNKOW-REOHCLBHSA-L"",""formal_charge"":-2,""formula"":""C4H4O5"",""sdf_url"":""assets/structures/chebi_15589.sdf"",""sdf_sha256"":""a663a9ae349f1cae5509f2101de21358fa9d55cd401c61553dcdbc2aa171486a"",""method"":""ETKDGv3 + MMFF94"",""rdkit_version"":""2026.03.6"",""random_seed"":20260930,""atom_count"":13,""source_sha256"":""b6d38463a1be6d04305b555da4eed1910522b84413f5314e4d255fea778aae19"",""mapping_status"":""exact_accession_structure_kg_interpretation_unverified"",""note"":""Exact accession structure; computed display geometry, not experimental coordinates or a physiological protonation assignment. Registry name differs from the KG label; use the displayed registry identity. KG naming and biological-pool mapping remain unverified.""}}",core_legacy_annotations_unverified; generated_enrichment_quarantined
CHEBI:16452,intracellular_compound,,,oxaloacetate,,all,mitochondria,OAA|Oxalacetate,,metabolism,legacy_identity_pending_registry_mapping,"{""small_molecule"":{""registry_id"":""CHEBI:16452"",""registry_name"":""oxaloacetate(2−)"",""source_url"":""https://www.ebi.ac.uk/chebi/CHEBI:16452"",""smiles"":""O=C([O-])CC(=O)C(=O)[O-]"",""inchikey"":""KHPXUQMNIQBQEV-UHFFFAOYSA-L"",""formal_charge"":-2,""formula"":""C4H2O5"",""sdf_url"":""assets/structures/chebi_16452.sdf"",""sdf_sha256"":""6f59bcdaed9cc745b0f91a25b1f2e614cd5c1a5035b537a24c0eabafab89d88d"",""method"":""ETKDGv3 + MMFF94"",""rdkit_version"":""2026.03.6"",""random_seed"":20260930,""atom_count"":11,""source_sha256"":""44d3686a6cb18be22e9f06f98cd6aeaab94e97aeed1efcae193458e883a3dee1"",""mapping_status"":""exact_accession_structure_kg_interpretation_unverified"",""note"":""Exact accession structure; computed display geometry, not experimental coordinates or a physiological protonation assignment. Registry name differs from the KG label; use the displayed registry identity. KG naming and biological-pool mapping remain unverified.""}}",core_legacy_annotations_unverified; generated_enrichment_quarantined
CHEBI:17240,intracellular_compound,,,itaconate(2-),,all,cytoplasm,itaconate|2-methylenesuccinate,,metabolism,registry_identity_corrected,"{""small_molecule"":{""registry_id"":""CHEBI:17240"",""registry_name"":""itaconate(2−)"",""source_url"":""https://www.ebi.ac.uk/chebi/CHEBI:17240"",""smiles"":""C=C(CC(=O)[O-])C(=O)[O-]"",""inchikey"":""LVHBHZANLOWSRM-UHFFFAOYSA-L"",""formal_charge"":-2,""formula"":""C5H4O4"",""sdf_url"":""assets/structures/chebi_17240.sdf"",""sdf_sha256"":""65ec28917c6a37493420daa513a836e8955c6fbcd83f47f5a6bf8f178dbf114e"",""method"":""ETKDGv3 + MMFF94"",""rdkit_version"":""2026.03.6"",""random_seed"":20260930,""atom_count"":13,""source_sha256"":""48b63543821507f699f482d34524561f9d8b888c41f1b2b8d8376bfb5a9f7f0c"",""mapping_status"":""exact_accession_structure_kg_interpretation_unverified"",""note"":""Exact accession structure; computed display geometry, not experimental coordinates or a physiological protonation assignment. Registry name differs from the KG label; use the displayed registry identity. KG naming and biological-pool mapping remain unverified.""}}",core_legacy_annotations_unverified; generated_enrichment_quarantined; Corrected erroneous accession CHEBI:30805. Standard chemical representation; experimental protonation is not established. See resolution_quality_v3/identity_review.json.
CHEBI:18050,intracellular_compound,,,L-glutamine,,all,cytoplasm,Glutamine|Gln,,metabolism,legacy_identity_pending_registry_mapping,"{""small_molecule"":{""registry_id"":""CHEBI:18050"",""registry_name"":""L-glutamine"",""source_url"":""https://www.ebi.ac.uk/chebi/CHEBI:18050"",""smiles"":""NC(=O)CC[C@H](N)C(=O)O"",""inchikey"":""ZDXPYRJPNDTMRX-VKHMYHEASA-N"",""formal_charge"":0,""formula"":""C5H10N2O3"",""sdf_url"":""assets/structures/chebi_18050.sdf"",""sdf_sha256"":""8f9ca1628b2694eaa0ed268c5960160e2b9713ac4f4b22e9096e7706718f2b26"",""method"":""ETKDGv3 + MMFF94"",""rdkit_version"":""2026.03.6"",""random_seed"":20260930,""atom_count"":20,""source_sha256"":""a6edf29eddc255a20b1a10b4a9e973c29c8ee58bc7a0bb259720f9956103cea2"",""mapping_status"":""exact_accession_structure_kg_interpretation_unverified"",""note"":""Exact accession structure; computed display geometry, not experimental coordinates or a physiological protonation assignment.""}}",core_legacy_annotations_unverified; generated_enrichment_quarantined
CHEBI:16015,intracellular_compound,,,L-glutamic acid,,all,cytoplasm,Glutamic acid|Glu,,metabolism,registry_name_checked; biological_form_and_context_pending,"{""small_molecule"":{""registry_id"":""CHEBI:16015"",""registry_name"":""L-glutamic acid"",""source_url"":""https://www.ebi.ac.uk/chebi/CHEBI:16015"",""smiles"":""N[C@@H](CCC(=O)O)C(=O)O"",""inchikey"":""WHUUTDBJXJRKMK-VKHMYHEASA-N"",""formal_charge"":0,""formula"":""C5H9NO4"",""sdf_url"":""assets/structures/chebi_16015.sdf"",""sdf_sha256"":""e8c3bd15aabddab2394b18ee083dfeba80da46cd6b6870871f4d3f8f2ac01378"",""method"":""ETKDGv3 + MMFF94"",""rdkit_version"":""2026.03.6"",""random_seed"":20260930,""atom_count"":19,""source_sha256"":""ab958ee01395a0f66d7f48054114c289d94307bd1d49bee9f54cd81b8c78dc91"",""mapping_status"":""exact_accession_structure_kg_interpretation_unverified"",""note"":""Exact accession structure; computed display geometry, not experimental coordinates or a physiological protonation assignment.""}}",core_legacy_annotations_unverified; generated_enrichment_quarantined; name checked against https://www.ebi.ac.uk/chebi/CHEBI:16015 on 2026-09-29; not merged with CHEBI:30915
CHEBI:17115,intracellular_compound,,,L-serine,,all,cytoplasm,Serine|L-Ser,,metabolism,legacy_identity_pending_registry_mapping,"{""small_molecule"":{""registry_id"":""CHEBI:17115"",""registry_name"":""L-serine"",""source_url"":""https://www.ebi.ac.uk/chebi/CHEBI:17115"",""smiles"":""N[C@@H](CO)C(=O)O"",""inchikey"":""MTCFGRXMJLQNBG-REOHCLBHSA-N"",""formal_charge"":0,""formula"":""C3H7NO3"",""sdf_url"":""assets/structures/chebi_17115.sdf"",""sdf_sha256"":""8a90c5c00f7976394f3f6a88e4e5b644aee73e51eae418b2b4564bfb4cd42c04"",""method"":""ETKDGv3 + MMFF94"",""rdkit_version"":""2026.03.6"",""random_seed"":20260930,""atom_count"":14,""source_sha256"":""e4890cd1514d245f4464e19d422df5235d28ab212dfaddedca2f8a7b3e9dfb95"",""mapping_status"":""exact_accession_structure_kg_interpretation_unverified"",""note"":""Exact accession structure; computed display geometry, not experimental coordinates or a physiological protonation assignment.""}}",core_legacy_annotations_unverified; generated_enrichment_quarantined
CHEBI:29108,intracellular_compound,,,calcium(2+),,all,cytoplasm,Ca2+|Calcium,,immunomodulation,legacy_identity_pending_registry_mapping,"{""small_molecule"":{""registry_id"":""CHEBI:29108"",""registry_name"":""calcium(2+)"",""source_url"":""https://www.ebi.ac.uk/chebi/CHEBI:29108"",""smiles"":""[Ca+2]"",""inchikey"":""BHPQYMZQTOCNFJ-UHFFFAOYSA-N"",""formal_charge"":2,""formula"":""Ca"",""sdf_url"":""assets/structures/chebi_29108.sdf"",""sdf_sha256"":""e22a72717b596fd38118761b9fca2af002039d30a4d46d962dffd44ab3b21142"",""method"":""Single atom at origin; no molecular conformation"",""rdkit_version"":""2026.03.6"",""random_seed"":20260930,""atom_count"":1,""source_sha256"":""57e7436e8b01b433b538501a52915087997670931768a5160ae9842bcee92797"",""mapping_status"":""exact_accession_structure_kg_interpretation_unverified"",""note"":""Exact accession structure; computed display geometry, not experimental coordinates or a physiological protonation assignment.""}}",core_legacy_annotations_unverified; generated_enrichment_quarantined
CHEBI:15378,extracellular_compound,,,hydron (H+),,all,extracellular,H+|hydron,,activity_acidification,registry_identity_corrected,"{""small_molecule"":{""registry_id"":""CHEBI:15378"",""registry_name"":""hydron"",""source_url"":""https://www.ebi.ac.uk/chebi/CHEBI:15378"",""smiles"":""[H+]"",""inchikey"":""GPRLSGONYQIRFK-UHFFFAOYSA-N"",""formal_charge"":1,""formula"":""H"",""sdf_url"":""assets/structures/chebi_15378.sdf"",""sdf_sha256"":""58a86d15ecbd14d9f3b0eca704e2f32061e91f226a394e5c0c4e91643a174384"",""method"":""Single atom at origin; no molecular conformation"",""rdkit_version"":""2026.03.6"",""random_seed"":20260930,""atom_count"":1,""source_sha256"":""f34a9e435d0819031a1afea1406458164ca0b89f267c9bf5d2c612f9d3a10e5f"",""mapping_status"":""exact_accession_structure_kg_interpretation_unverified"",""note"":""Exact accession structure; computed display geometry, not experimental coordinates or a physiological protonation assignment. Registry name differs from the KG label; use the displayed registry identity. KG naming and biological-pool mapping remain unverified.""}}",core_legacy_annotations_unverified; generated_enrichment_quarantined; Corrected erroneous accession CHEBI:17544. Standard chemical representation; experimental protonation is not established. See resolution_quality_v3/identity_review.json.
CHEBI:17996,extracellular_compound,,,chloride(1-),,all,extracellular,Cl-|Chloride,,activity_acidification,legacy_identity_pending_registry_mapping,"{""small_molecule"":{""registry_id"":""CHEBI:17996"",""registry_name"":""chloride"",""source_url"":""https://www.ebi.ac.uk/chebi/CHEBI:17996"",""smiles"":""[Cl-]"",""inchikey"":""VEXZGXHMUGYJMC-UHFFFAOYSA-M"",""formal_charge"":-1,""formula"":""Cl"",""sdf_url"":""assets/structures/chebi_17996.sdf"",""sdf_sha256"":""bb034dae1b493cae9439c11b27edcdd9f475627854e92365367fff04b9e6eff7"",""method"":""Single atom at origin; no molecular conformation"",""rdkit_version"":""2026.03.6"",""random_seed"":20260930,""atom_count"":1,""source_sha256"":""72d2784409a502d607c08ce3ecfc0750d43650f8f8a6b70c35d455159c20d7d0"",""mapping_status"":""exact_accession_structure_kg_interpretation_unverified"",""note"":""Exact accession structure; computed display geometry, not experimental coordinates or a physiological protonation assignment. Registry name differs from the KG label; use the displayed registry identity. KG naming and biological-pool mapping remain unverified.""}}",core_legacy_annotations_unverified; generated_enrichment_quarantined
RXN:CHROMATIN_H3K27me3_demethylation_Nfatc1,reaction,,,KDM6B-mediated H3K27me3 demethylation at Nfatc1,,all,nucleus,KDM6B_Nfatc1_activation,,differentiation,legacy_identity_pending_registry_mapping,{},core_legacy_annotations_unverified; generated_enrichment_quarantined
RXN:CHROMATIN_H3R2me2a_fao_promoters,reaction,,,PRMT6-mediated H3R2me2a at FAO gene promoters,,all,nucleus,PRMT6_H3R2me2a_Ppard_repression,,metabolism,legacy_identity_pending_registry_mapping,{},core_legacy_annotations_unverified; generated_enrichment_quarantined
RXN:CHROMATIN_H3K9ac_H3K27ac_promoters,reaction,,,Histone acetylation at osteoclast promoters,,all,nucleus,HAT_p300_osteoclast_permissive_chromatin,,differentiation,legacy_identity_pending_registry_mapping,{},core_legacy_annotations_unverified; generated_enrichment_quarantined
RXN:CHROMATIN_TET2_5hmC_hydroxymethylation,reaction,,,TET2 5hmC hydroxymethylation,,all,nucleus,TET2_5hmC_osteoclast_enhancers,,metabolism,legacy_identity_pending_registry_mapping,{},core_legacy_annotations_unverified; generated_enrichment_quarantined
RXN:CHROMATIN_EZH2_H3K27me3_repression,reaction,,,EZH2-mediated H3K27me3 gene silencing,,all,nucleus,EZH2_H3K27me3_repression,,differentiation,legacy_identity_pending_registry_mapping,{},core_legacy_annotations_unverified; generated_enrichment_quarantined
PATHWAY:MONOCYTE_BMM_PRECURSOR,pathway,,,Uncommitted monocyte / BMM precursor,,mouse,whole_cell,PU1_CSF1R_positive_macrophage,,differentiation,legacy_identity_pending_registry_mapping,{},core_legacy_annotations_unverified; generated_enrichment_quarantined
PATHWAY:EARLY_MONONUCLEAR_PRE_OSTEOCLAST,pathway,,,Early mononuclear pre-osteoclast,,mouse,whole_cell,RANKL_primed_day1_preosteoclast,,differentiation,legacy_identity_pending_registry_mapping,{},core_legacy_annotations_unverified; generated_enrichment_quarantined
PATHWAY:COMMITTED_MONONUCLEAR_TRAP_POS,pathway,,,Committed mononuclear TRAP+ osteoclast,,mouse,whole_cell,TRAP_positive_mononuclear_day3,,differentiation,legacy_identity_pending_registry_mapping,{},core_legacy_annotations_unverified; generated_enrichment_quarantined
PATHWAY:SYNCYTIUM_PREFUSION_POLYKARYON,pathway,,,Prefusion polykaryon syncytium,,mouse,whole_cell,Multinucleating_fusing_cells_day4,,maturation_fusion,legacy_identity_pending_registry_mapping,{},core_legacy_annotations_unverified; generated_enrichment_quarantined
PATHWAY:MATURE_RESORBING_OSTEOCLAST,pathway,,,Mature multinucleated resorbing osteoclast,,mouse,whole_cell,Fully_polarized_resorbing_osteoclast_day5,,activity_acidification,legacy_identity_pending_registry_mapping,{},core_legacy_annotations_unverified; generated_enrichment_quarantined
PATHWAY:PODOSOME_BELT,pathway,,,Podosome assembly and podosome belt,,mouse,cytoplasm,Podosome_ring|Podosome_belt,,morphology_cytoskeleton,legacy_identity_pending_registry_mapping,{},core_legacy_annotations_unverified; generated_enrichment_quarantined
PATHWAY:F_ACTIN_SEALING_ZONE,pathway,,,F-actin sealing zone (actin ring),,mouse,plasma_membrane,Actin_ring|Circumferential_sealing_zone,,morphology_cytoskeleton,legacy_identity_pending_registry_mapping,{},core_legacy_annotations_unverified; generated_enrichment_quarantined
PATHWAY:RUFFLED_BORDER,pathway,,,Ruffled border membrane,,mouse,plasma_membrane,Ruffled_membrane|Secretory_domain,,morphology_cytoskeleton,legacy_identity_pending_registry_mapping,{},core_legacy_annotations_unverified; generated_enrichment_quarantined
PATHWAY:SYNCYTIUM,pathway,,,Multinucleated syncytium,,mouse,whole_cell,Multinucleated_polykaryon,,maturation_fusion,legacy_identity_pending_registry_mapping,{},core_legacy_annotations_unverified; generated_enrichment_quarantined
PATHWAY:RESORPTION_LACUNA,pathway,,,Acidified resorption lacuna (Howship pit),,mouse,extracellular,Resorption_pit|Subosteoclastic_clearance,,activity_acidification,legacy_identity_pending_registry_mapping,{},core_legacy_annotations_unverified; generated_enrichment_quarantined
LOCAL:rna:mouse:mmu-miR-21a-5p,rna,mirna,,MicroRNA miR-21a-5p,miR-21a-5p,mouse,cytoplasm,mmu-miR-21|miR-21,GENE:mmu-miR-21a-5p,differentiation,legacy_identity_pending_registry_mapping,{},core_legacy_annotations_unverified; generated_enrichment_quarantined
LOCAL:rna:mouse:mmu-miR-148a-3p,rna,mirna,,MicroRNA miR-148a-3p,miR-148a-3p,mouse,cytoplasm,mmu-miR-148a|miR-148a,GENE:mmu-miR-148a-3p,differentiation,legacy_identity_pending_registry_mapping,{},core_legacy_annotations_unverified; generated_enrichment_quarantined
LOCAL:rna:mouse:mmu-miR-34a-5p,rna,mirna,,MicroRNA miR-34a-5p,miR-34a-5p,mouse,cytoplasm,mmu-miR-34a|miR-34a,GENE:mmu-miR-34a-5p,differentiation,legacy_identity_pending_registry_mapping,{},core_legacy_annotations_unverified; generated_enrichment_quarantined
LOCAL:rna:mouse:mmu-miR-124-3p,rna,mirna,,MicroRNA miR-124-3p,miR-124-3p,mouse,cytoplasm,mmu-miR-124|miR-124,GENE:mmu-miR-124-3p,differentiation,legacy_identity_pending_registry_mapping,{},core_legacy_annotations_unverified; generated_enrichment_quarantined
LOCAL:rna:mouse:mmu-miR-146a-5p,rna,mirna,,MicroRNA miR-146a-5p,miR-146a-5p,mouse,cytoplasm,mmu-miR-146a|miR-146a,GENE:mmu-miR-146a-5p,inflammation,legacy_identity_pending_registry_mapping,{},core_legacy_annotations_unverified; generated_enrichment_quarantined
LOCAL:rna:mouse:Nfatc1,rna,mrna,,Nfatc1 messenger RNA,,mouse,cytoplasm,mRNA_Nfatc1|Nfatc1_transcript,GENE:Nfatc1,differentiation,legacy_identity_pending_registry_mapping,{},core_legacy_annotations_unverified; generated_enrichment_quarantined
LOCAL:rna:mouse:Dcstamp,rna,mrna,,Dcstamp messenger RNA,,mouse,cytoplasm,mRNA_Dcstamp|Dcstamp_transcript,GENE:Dcstamp,maturation_fusion,legacy_identity_pending_registry_mapping,{},core_legacy_annotations_unverified; generated_enrichment_quarantined
LOCAL:rna:mouse:Acp5,rna,mrna,,Acp5 (TRAP) messenger RNA,,mouse,cytoplasm,mRNA_Acp5|Acp5_transcript,GENE:Acp5,activity_acidification,legacy_identity_pending_registry_mapping,{},core_legacy_annotations_unverified; generated_enrichment_quarantined
LOCAL:rna:mouse:Ctsk,rna,mrna,,Ctsk messenger RNA,,mouse,cytoplasm,mRNA_Ctsk|Ctsk_transcript,GENE:Ctsk,activity_acidification,legacy_identity_pending_registry_mapping,{},core_legacy_annotations_unverified; generated_enrichment_quarantined
LOCAL:rna:mouse:Pkm,rna,mrna,,Pkm messenger RNA,,mouse,cytoplasm,mRNA_Pkm|Pkm2_transcript,GENE:Pkm,differentiation,legacy_identity_pending_registry_mapping,{},core_legacy_annotations_unverified; generated_enrichment_quarantined
LOCAL:rna:mouse:Pfkfb3,rna,mrna,,Pfkfb3 messenger RNA,,mouse,cytoplasm,mRNA_Pfkfb3|Pfkfb3_transcript,GENE:Pfkfb3,metabolism,legacy_identity_pending_registry_mapping,{},core_legacy_annotations_unverified; generated_enrichment_quarantined
PATHWAY:OSTEOCLAST_DIFFERENTIATION,pathway,,,Osteoclast differentiation and multinucleation,,mouse,whole_cell,osteoclastogenesis|TRAP_positive_multinucleation,,maturation_fusion,legacy_identity_pending_registry_mapping,{},core_legacy_annotations_unverified; generated_enrichment_quarantined
PATHWAY:BONE_RESORPTION,pathway,,,Osteoclastic bone resorption and pit excavation,,mouse,extracellular,pit_formation|bone_erosion,,activity_acidification,legacy_identity_pending_registry_mapping,{},core_legacy_annotations_unverified; generated_enrichment_quarantined
PATHWAY:TRAP_PRODUCTION,pathway,,,TRAP enzyme production and secretion,,mouse,resorption_lacuna,TRAP_synthesis_secretion,,activity_acidification,legacy_identity_pending_registry_mapping,{},core_legacy_annotations_unverified; generated_enrichment_quarantined
PATHWAY:CELL_VIABILITY,pathway,,,Precursor survival and anti-apoptotic signaling,,mouse,whole_cell,cellular_viability|metabolic_viability,,differentiation,legacy_identity_pending_registry_mapping,{},core_legacy_annotations_unverified; generated_enrichment_quarantined
LOCAL:protein:mouse:CSF1R,protein,,,Colony stimulating factor 1 receptor (c-Fms),CSF1R,mouse,plasma_membrane,c-Fms|CSF1R|CD115|FMS,HGNC:CSF1R,differentiation,registry_gene_species_protein_accession_mapped,"{""pdb_structures"": [], ""registry_identity_sha256"": ""744880dcf10f5f8ba75bd8fd0782cf5c3928adede908fdcc7a809c1e21963937"", ""registry_identity_source"": ""data/raw/provenance/resolution_quality_v3/uniprot_d168eb5eb5796cbb.json"", ""uniprot_id"": ""P09581"", ""uniprot_identity_status"": ""unique_reviewed_registry_gene_species_match""}","core_legacy_annotations_unverified; generated_enrichment_quarantined UniProt v3: unique reviewed primary gene/species match; canonical sequence reference, not experimental isoform confirmation."
LOCAL:protein:mouse:SIRPB1,protein,,,Signal regulatory protein beta 1,SIRPB1,mouse,plasma_membrane,SIRPB1|SIRP-beta-1|CD172b,HGNC:SIRPB1,differentiation,legacy_identity_pending_registry_mapping,"{""pdb_structures"": [], ""uniprot_identity_status"": ""unresolved_gene_species_match"", ""identity_note"": ""Prior candidate accessions archived in protein_accession_decisions.json; no unique reviewed primary-gene/species mapping.""}",core_legacy_annotations_unverified; generated_enrichment_quarantined
LOCAL:protein:mouse:PIRA,protein,,,Paired immunoglobulin-like receptor A,PIRA,mouse,plasma_membrane,PIRA|PIR-A|Pira1|Lilra,HGNC:PIRA,differentiation,legacy_identity_pending_registry_mapping,"{""pdb_structures"": [], ""uniprot_identity_status"": ""unresolved_gene_species_match"", ""identity_note"": ""Prior candidate accessions archived in protein_accession_decisions.json; no unique reviewed primary-gene/species mapping.""}",core_legacy_annotations_unverified; generated_enrichment_quarantined
LOCAL:protein:mouse:EPHB4,protein,,,EPH receptor B4,EPHB4,mouse,plasma_membrane,EPHB4|HTK|MYK1|TYRO11,HGNC:EPHB4,differentiation,registry_gene_species_protein_accession_mapped,"{""pdb_structures"": [], ""registry_identity_sha256"": ""744880dcf10f5f8ba75bd8fd0782cf5c3928adede908fdcc7a809c1e21963937"", ""registry_identity_source"": ""data/raw/provenance/resolution_quality_v3/uniprot_d168eb5eb5796cbb.json"", ""uniprot_id"": ""P54761"", ""uniprot_identity_status"": ""unique_reviewed_registry_gene_species_match""}","core_legacy_annotations_unverified; generated_enrichment_quarantined UniProt v3: unique reviewed primary gene/species match; canonical sequence reference, not experimental isoform confirmation."
LOCAL:protein:mouse:EFNB2,protein,,,Ephrin B2,EFNB2,mouse,plasma_membrane,EFNB2|Ephrin-B2|EPLG5|HTKL,HGNC:EFNB2,interactions_with_other_processes,registry_gene_species_protein_accession_mapped,"{""pdb_structures"": [], ""registry_identity_sha256"": ""744880dcf10f5f8ba75bd8fd0782cf5c3928adede908fdcc7a809c1e21963937"", ""registry_identity_source"": ""data/raw/provenance/resolution_quality_v3/uniprot_d168eb5eb5796cbb.json"", ""uniprot_id"": ""P52800"", ""uniprot_identity_status"": ""unique_reviewed_registry_gene_species_match""}","core_legacy_annotations_unverified; generated_enrichment_quarantined UniProt v3: unique reviewed primary gene/species match; canonical sequence reference, not experimental isoform confirmation."
LOCAL:protein:mouse:TNFRSF1A,protein,,,TNF receptor superfamily member 1A (TNFR1),TNFRSF1A,mouse,plasma_membrane,TNFRSF1A|TNFR1|CD120a|TNFR-I,HGNC:TNFRSF1A,inflammation,registry_gene_species_protein_accession_mapped,"{""pdb_structures"": [], ""registry_identity_sha256"": ""706c6c2b55a8d87fd8fa62b0d7be65e7dec753c7eb357cda9eb5418a63524cd8"", ""registry_identity_source"": ""data/raw/provenance/resolution_quality_v3/uniprot_c0818e2f9d5778df.json"", ""uniprot_id"": ""P25118"", ""uniprot_identity_status"": ""unique_reviewed_registry_gene_species_match""}","core_legacy_annotations_unverified; generated_enrichment_quarantined UniProt v3: unique reviewed primary gene/species match; canonical sequence reference, not experimental isoform confirmation."
LOCAL:protein:mouse:TNFRSF1B,protein,,,TNF receptor superfamily member 1B (TNFR2),TNFRSF1B,mouse,plasma_membrane,TNFRSF1B|TNFR2|CD120b|TNFR-II,HGNC:TNFRSF1B,inflammation,registry_gene_species_protein_accession_mapped,"{""pdb_structures"": [], ""registry_identity_sha256"": ""706c6c2b55a8d87fd8fa62b0d7be65e7dec753c7eb357cda9eb5418a63524cd8"", ""registry_identity_source"": ""data/raw/provenance/resolution_quality_v3/uniprot_c0818e2f9d5778df.json"", ""uniprot_id"": ""P25119"", ""uniprot_identity_status"": ""unique_reviewed_registry_gene_species_match""}","core_legacy_annotations_unverified; generated_enrichment_quarantined UniProt v3: unique reviewed primary gene/species match; canonical sequence reference, not experimental isoform confirmation."
LOCAL:protein:mouse:IL1R1,protein,,,Interleukin 1 receptor type 1,IL1R1,mouse,plasma_membrane,IL1R1|IL-1R|CD121a|IL1R,HGNC:IL1R1,inflammation,registry_gene_species_protein_accession_mapped,"{""pdb_structures"": [], ""registry_identity_sha256"": ""a97fd6b14bda14e8c4e7b211e9d91cb3ec05a77f43c495e98cf5a9736b05086b"", ""registry_identity_source"": ""data/raw/provenance/resolution_quality_v3/uniprot_5ac89c3ebe8f83bb.json"", ""uniprot_id"": ""P13504"", ""uniprot_identity_status"": ""unique_reviewed_registry_gene_species_match""}","core_legacy_annotations_unverified; generated_enrichment_quarantined UniProt v3: unique reviewed primary gene/species match; canonical sequence reference, not experimental isoform confirmation."
LOCAL:protein:mouse:IL6R,protein,,,Interleukin 6 receptor,IL6R,mouse,plasma_membrane,IL6R|IL-6R|CD126|IL6RA,HGNC:IL6R,inflammation,legacy_identity_pending_registry_mapping,"{""pdb_structures"": [], ""uniprot_identity_status"": ""unresolved_gene_species_match"", ""identity_note"": ""Prior candidate accessions archived in protein_accession_decisions.json; no unique reviewed primary-gene/species mapping.""}",core_legacy_annotations_unverified; generated_enrichment_quarantined
LOCAL:protein:mouse:IL6ST,protein,,,Interleukin 6 signal transducer (gp130),IL6ST,mouse,plasma_membrane,IL6ST|gp130|CD130,HGNC:IL6ST,inflammation,registry_gene_species_protein_accession_mapped,"{""pdb_structures"": [], ""registry_identity_sha256"": ""a97fd6b14bda14e8c4e7b211e9d91cb3ec05a77f43c495e98cf5a9736b05086b"", ""registry_identity_source"": ""data/raw/provenance/resolution_quality_v3/uniprot_5ac89c3ebe8f83bb.json"", ""uniprot_id"": ""Q00560"", ""uniprot_identity_status"": ""unique_reviewed_registry_gene_species_match""}","core_legacy_annotations_unverified; generated_enrichment_quarantined UniProt v3: unique reviewed primary gene/species match; canonical sequence reference, not experimental isoform confirmation."
LOCAL:protein:mouse:TLR4,protein,,,Toll like receptor 4,TLR4,mouse,plasma_membrane,TLR4|CD284|TOLL|ARMD10,HGNC:TLR4,differentiation,registry_gene_species_protein_accession_mapped,"{""pdb_structures"": [], ""registry_identity_sha256"": ""fff6754ca418684d19ac3baf961c0284ed2ddba4c51c86dece9814c37d5cb48b"", ""registry_identity_source"": ""data/raw/provenance/resolution_quality_v3/uniprot_4e470044f136f8ca.json"", ""uniprot_id"": ""Q9QUK6"", ""uniprot_identity_status"": ""unique_reviewed_registry_gene_species_match""}","core_legacy_annotations_unverified; generated_enrichment_quarantined UniProt v3: unique reviewed primary gene/species match; canonical sequence reference, not experimental isoform confirmation."
LOCAL:protein:mouse:CD40,protein,,,CD40 molecule,CD40,mouse,plasma_membrane,CD40|TNFRSF5|p50|Bp50,HGNC:CD40,differentiation,registry_gene_species_protein_accession_mapped,"{""pdb_structures"": [], ""registry_identity_sha256"": ""ba92e00e2c9fb939b805ed2459ad97ba447343cd0a7f3010b594d79e60f857db"", ""registry_identity_source"": ""data/raw/provenance/resolution_quality_v3/uniprot_6828c3d881b83cfa.json"", ""uniprot_id"": ""P27512"", ""uniprot_identity_status"": ""unique_reviewed_registry_gene_species_match""}","core_legacy_annotations_unverified; generated_enrichment_quarantined UniProt v3: unique reviewed primary gene/species match; canonical sequence reference, not experimental isoform confirmation."
LOCAL:protein:mouse:CSF1,protein,,,Colony stimulating factor 1 (M-CSF),CSF1,mouse,extracellular,CSF1|M-CSF|MCSF|lanimostim,HGNC:CSF1,differentiation,registry_gene_species_protein_accession_mapped,"{""pdb_structures"": [], ""registry_identity_sha256"": ""744880dcf10f5f8ba75bd8fd0782cf5c3928adede908fdcc7a809c1e21963937"", ""registry_identity_source"": ""data/raw/provenance/resolution_quality_v3/uniprot_d168eb5eb5796cbb.json"", ""uniprot_id"": ""P07141"", ""uniprot_identity_status"": ""unique_reviewed_registry_gene_species_match""}","core_legacy_annotations_unverified; generated_enrichment_quarantined UniProt v3: unique reviewed primary gene/species match; canonical sequence reference, not experimental isoform confirmation."
LOCAL:protein:mouse:TNF,protein,,,Tumor necrosis factor alpha (TNF-alpha),TNF,mouse,extracellular,TNF|TNFA|TNF-alpha|cachectin,HGNC:TNF,inflammation,registry_gene_species_protein_accession_mapped,"{""pdb_structures"": [], ""registry_identity_sha256"": ""fff6754ca418684d19ac3baf961c0284ed2ddba4c51c86dece9814c37d5cb48b"", ""registry_identity_source"": ""data/raw/provenance/resolution_quality_v3/uniprot_4e470044f136f8ca.json"", ""uniprot_id"": ""P06804"", ""uniprot_identity_status"": ""unique_reviewed_registry_gene_species_match""}","core_legacy_annotations_unverified; generated_enrichment_quarantined UniProt v3: unique reviewed primary gene/species match; canonical sequence reference, not experimental isoform confirmation."
LOCAL:protein:mouse:IL1B,protein,,,Interleukin 1 beta,IL1B,mouse,extracellular,IL1B|IL-1beta|IL-1B,HGNC:IL1B,inflammation,registry_gene_species_protein_accession_mapped,"{""pdb_structures"": [], ""registry_identity_sha256"": ""a97fd6b14bda14e8c4e7b211e9d91cb3ec05a77f43c495e98cf5a9736b05086b"", ""registry_identity_source"": ""data/raw/provenance/resolution_quality_v3/uniprot_5ac89c3ebe8f83bb.json"", ""uniprot_id"": ""P10749"", ""uniprot_identity_status"": ""unique_reviewed_registry_gene_species_match""}","core_legacy_annotations_unverified; generated_enrichment_quarantined UniProt v3: unique reviewed primary gene/species match; canonical sequence reference, not experimental isoform confirmation."
LOCAL:protein:mouse:IL6,protein,,,Interleukin 6,IL6,mouse,extracellular,IL6|IL-6|BSF2|IFNB2,HGNC:IL6,inflammation,registry_gene_species_protein_accession_mapped,"{""pdb_structures"": [], ""registry_identity_sha256"": ""a97fd6b14bda14e8c4e7b211e9d91cb3ec05a77f43c495e98cf5a9736b05086b"", ""registry_identity_source"": ""data/raw/provenance/resolution_quality_v3/uniprot_5ac89c3ebe8f83bb.json"", ""uniprot_id"": ""P08505"", ""uniprot_identity_status"": ""unique_reviewed_registry_gene_species_match""}","core_legacy_annotations_unverified; generated_enrichment_quarantined UniProt v3: unique reviewed primary gene/species match; canonical sequence reference, not experimental isoform confirmation."
LOCAL:protein:mouse:IL10,protein,,,Interleukin 10,IL10,mouse,extracellular,IL10|IL-10|CSIF|TGIF,HGNC:IL10,inflammation,registry_gene_species_protein_accession_mapped,"{""pdb_structures"": [], ""registry_identity_sha256"": ""a97fd6b14bda14e8c4e7b211e9d91cb3ec05a77f43c495e98cf5a9736b05086b"", ""registry_identity_source"": ""data/raw/provenance/resolution_quality_v3/uniprot_5ac89c3ebe8f83bb.json"", ""uniprot_id"": ""P18893"", ""uniprot_identity_status"": ""unique_reviewed_registry_gene_species_match""}","core_legacy_annotations_unverified; generated_enrichment_quarantined UniProt v3: unique reviewed primary gene/species match; canonical sequence reference, not experimental isoform confirmation."
LOCAL:protein:mouse:IL3,protein,,,Interleukin 3,IL3,mouse,extracellular,IL3|IL-3|MCGF|BPA,HGNC:IL3,inflammation,registry_gene_species_protein_accession_mapped,"{""pdb_structures"": [], ""registry_identity_sha256"": ""a97fd6b14bda14e8c4e7b211e9d91cb3ec05a77f43c495e98cf5a9736b05086b"", ""registry_identity_source"": ""data/raw/provenance/resolution_quality_v3/uniprot_5ac89c3ebe8f83bb.json"", ""uniprot_id"": ""P01586"", ""uniprot_identity_status"": ""unique_reviewed_registry_gene_species_match""}","core_legacy_annotations_unverified; generated_enrichment_quarantined UniProt v3: unique reviewed primary gene/species match; canonical sequence reference, not experimental isoform confirmation."
LOCAL:protein:mouse:IL4,protein,,,Interleukin 4,IL4,mouse,extracellular,IL4|IL-4|BSF-1|BCGF1,HGNC:IL4,inflammation,registry_gene_species_protein_accession_mapped,"{""pdb_structures"": [], ""registry_identity_sha256"": ""a97fd6b14bda14e8c4e7b211e9d91cb3ec05a77f43c495e98cf5a9736b05086b"", ""registry_identity_source"": ""data/raw/provenance/resolution_quality_v3/uniprot_5ac89c3ebe8f83bb.json"", ""uniprot_id"": ""P07750"", ""uniprot_identity_status"": ""unique_reviewed_registry_gene_species_match""}","core_legacy_annotations_unverified; generated_enrichment_quarantined UniProt v3: unique reviewed primary gene/species match; canonical sequence reference, not experimental isoform confirmation."
LOCAL:protein:mouse:IL13,protein,,,Interleukin 13,IL13,mouse,extracellular,IL13|IL-13|ALRH|NC30,HGNC:IL13,inflammation,registry_gene_species_protein_accession_mapped,"{""pdb_structures"": [], ""registry_identity_sha256"": ""a97fd6b14bda14e8c4e7b211e9d91cb3ec05a77f43c495e98cf5a9736b05086b"", ""registry_identity_source"": ""data/raw/provenance/resolution_quality_v3/uniprot_5ac89c3ebe8f83bb.json"", ""uniprot_id"": ""P20109"", ""uniprot_identity_status"": ""unique_reviewed_registry_gene_species_match""}","core_legacy_annotations_unverified; generated_enrichment_quarantined UniProt v3: unique reviewed primary gene/species match; canonical sequence reference, not experimental isoform confirmation."
LOCAL:protein:mouse:IL33,protein,,,Interleukin 33,IL33,mouse,extracellular,IL33|IL-33|NF-HEV|DVS27,HGNC:IL33,inflammation,registry_gene_species_protein_accession_mapped,"{""pdb_structures"": [], ""registry_identity_sha256"": ""a97fd6b14bda14e8c4e7b211e9d91cb3ec05a77f43c495e98cf5a9736b05086b"", ""registry_identity_source"": ""data/raw/provenance/resolution_quality_v3/uniprot_5ac89c3ebe8f83bb.json"", ""uniprot_id"": ""Q8BVZ5"", ""uniprot_identity_status"": ""unique_reviewed_registry_gene_species_match""}","core_legacy_annotations_unverified; generated_enrichment_quarantined UniProt v3: unique reviewed primary gene/species match; canonical sequence reference, not experimental isoform confirmation."
LOCAL:protein:mouse:IL17A,protein,,,Interleukin 17A,IL17A,mouse,extracellular,IL17A|IL-17|IL17|CTLA8,HGNC:IL17A,inflammation,registry_gene_species_protein_accession_mapped,"{""pdb_structures"": [], ""registry_identity_sha256"": ""a97fd6b14bda14e8c4e7b211e9d91cb3ec05a77f43c495e98cf5a9736b05086b"", ""registry_identity_source"": ""data/raw/provenance/resolution_quality_v3/uniprot_5ac89c3ebe8f83bb.json"", ""uniprot_id"": ""Q62386"", ""uniprot_identity_status"": ""unique_reviewed_registry_gene_species_match""}","core_legacy_annotations_unverified; generated_enrichment_quarantined UniProt v3: unique reviewed primary gene/species match; canonical sequence reference, not experimental isoform confirmation."
LOCAL:protein:mouse:CCL2,protein,,,C-C motif chemokine ligand 2 (MCP-1),CCL2,mouse,extracellular,CCL2|MCP-1|SCYA2|MCAF,HGNC:CCL2,differentiation,registry_gene_species_protein_accession_mapped,"{""pdb_structures"": [], ""registry_identity_sha256"": ""ba92e00e2c9fb939b805ed2459ad97ba447343cd0a7f3010b594d79e60f857db"", ""registry_identity_source"": ""data/raw/provenance/resolution_quality_v3/uniprot_6828c3d881b83cfa.json"", ""uniprot_id"": ""P10148"", ""uniprot_identity_status"": ""unique_reviewed_registry_gene_species_match""}","core_legacy_annotations_unverified; generated_enrichment_quarantined UniProt v3: unique reviewed primary gene/species match; canonical sequence reference, not experimental isoform confirmation."
LOCAL:protein:mouse:CCL3,protein,,,C-C motif chemokine ligand 3 (MIP-1alpha),CCL3,mouse,extracellular,CCL3|MIP-1a|MIP1A|SCYA3,HGNC:CCL3,differentiation,registry_gene_species_protein_accession_mapped,"{""pdb_structures"": [], ""registry_identity_sha256"": ""ba92e00e2c9fb939b805ed2459ad97ba447343cd0a7f3010b594d79e60f857db"", ""registry_identity_source"": ""data/raw/provenance/resolution_quality_v3/uniprot_6828c3d881b83cfa.json"", ""uniprot_id"": ""P10855"", ""uniprot_identity_status"": ""unique_reviewed_registry_gene_species_match""}","core_legacy_annotations_unverified; generated_enrichment_quarantined UniProt v3: unique reviewed primary gene/species match; canonical sequence reference, not experimental isoform confirmation."
LOCAL:protein:mouse:IFNG,protein,,,Interferon gamma (IFN-gamma),IFNG,mouse,extracellular,IFNG|IFN-gamma|IFG|IFI,HGNC:IFNG,inflammation,registry_gene_species_protein_accession_mapped,"{""pdb_structures"": [], ""registry_identity_sha256"": ""a97fd6b14bda14e8c4e7b211e9d91cb3ec05a77f43c495e98cf5a9736b05086b"", ""registry_identity_source"": ""data/raw/provenance/resolution_quality_v3/uniprot_5ac89c3ebe8f83bb.json"", ""uniprot_id"": ""P01580"", ""uniprot_identity_status"": ""unique_reviewed_registry_gene_species_match""}","core_legacy_annotations_unverified; generated_enrichment_quarantined UniProt v3: unique reviewed primary gene/species match; canonical sequence reference, not experimental isoform confirmation."
CHEBI:15551,extracellular_compound,,,prostaglandin E2,,all,extracellular,PGE2|dinoprostone|prostaglandin E2,,inflammation,registry_identity_corrected,"{""small_molecule"":{""registry_id"":""CHEBI:15551"",""registry_name"":""prostaglandin E2"",""source_url"":""https://www.ebi.ac.uk/chebi/CHEBI:15551"",""smiles"":""CCCCC[C@H](O)/C=C/[C@H]1[C@H](O)CC(=O)[C@@H]1C/C=C\\CCCC(=O)O"",""inchikey"":""XEYBRNLFEZDVAW-ARSRFYASSA-N"",""formal_charge"":0,""formula"":""C20H32O5"",""sdf_url"":""assets/structures/chebi_15551.sdf"",""sdf_sha256"":""fc0b06cf765787ffef2e433153df5d5610c34b9f3920200622c4bad660790149"",""method"":""ETKDGv3 + MMFF94"",""rdkit_version"":""2026.03.6"",""random_seed"":20260930,""atom_count"":57,""source_sha256"":""f9dab8a3b16ac8bc24b4d8bd531eedbb14778524e9818bbbca69c1908cc71ea9"",""mapping_status"":""exact_accession_structure_kg_interpretation_unverified"",""note"":""Exact accession structure; computed display geometry, not experimental coordinates or a physiological protonation assignment.""}}",core_legacy_annotations_unverified; generated_enrichment_quarantined; Corrected erroneous accession CHEBI:15554. Standard chemical representation; experimental protonation is not established. See resolution_quality_v3/identity_review.json.
LOCAL:protein:mouse:SOST,protein,,,Sclerostin,SOST,mouse,extracellular,SOST|sclerostin|VBCH,HGNC:SOST,interactions_with_other_processes,registry_gene_species_protein_accession_mapped,"{""pdb_structures"": [], ""registry_identity_sha256"": ""fff6754ca418684d19ac3baf961c0284ed2ddba4c51c86dece9814c37d5cb48b"", ""registry_identity_source"": ""data/raw/provenance/resolution_quality_v3/uniprot_4e470044f136f8ca.json"", ""uniprot_id"": ""Q99P68"", ""uniprot_identity_status"": ""unique_reviewed_registry_gene_species_match""}","core_legacy_annotations_unverified; generated_enrichment_quarantined UniProt v3: unique reviewed primary gene/species match; canonical sequence reference, not experimental isoform confirmation."
LOCAL:protein:mouse:CCN2,protein,,,Cellular communication network factor 2 (CTGF),CCN2,mouse,extracellular,CCN2|CTGF|IGFBP8|HCS24,HGNC:CCN2,differentiation,registry_gene_species_protein_accession_mapped,"{""pdb_structures"": [], ""registry_identity_sha256"": ""ba92e00e2c9fb939b805ed2459ad97ba447343cd0a7f3010b594d79e60f857db"", ""registry_identity_source"": ""data/raw/provenance/resolution_quality_v3/uniprot_6828c3d881b83cfa.json"", ""uniprot_id"": ""P29268"", ""uniprot_identity_status"": ""unique_reviewed_registry_gene_species_match""}","core_legacy_annotations_unverified; generated_enrichment_quarantined UniProt v3: unique reviewed primary gene/species match; canonical sequence reference, not experimental isoform confirmation."
LOCAL:protein:mouse:CCN1,protein,,,Cellular communication network factor 1 (CYR61),CCN1,mouse,extracellular,CCN1|CYR61|GIG1|IGFBP10,HGNC:CCN1,differentiation,registry_gene_species_protein_accession_mapped,"{""pdb_structures"": [], ""registry_identity_sha256"": ""ba92e00e2c9fb939b805ed2459ad97ba447343cd0a7f3010b594d79e60f857db"", ""registry_identity_source"": ""data/raw/provenance/resolution_quality_v3/uniprot_6828c3d881b83cfa.json"", ""uniprot_id"": ""P18406"", ""uniprot_identity_status"": ""unique_reviewed_registry_gene_species_match""}","core_legacy_annotations_unverified; generated_enrichment_quarantined UniProt v3: unique reviewed primary gene/species match; canonical sequence reference, not experimental isoform confirmation."
LOCAL:protein:mouse:CBL,protein,,enzyme,Cbl proto-oncogene (c-Cbl),CBL,mouse,cytoplasm,CBL|c-Cbl|RNF55|CBL2,HGNC:CBL,differentiation,registry_gene_species_protein_accession_mapped,"{""pdb_structures"": [], ""registry_identity_sha256"": ""ba92e00e2c9fb939b805ed2459ad97ba447343cd0a7f3010b594d79e60f857db"", ""registry_identity_source"": ""data/raw/provenance/resolution_quality_v3/uniprot_6828c3d881b83cfa.json"", ""uniprot_id"": ""P22682"", ""uniprot_identity_status"": ""unique_reviewed_registry_gene_species_match""}","core_legacy_annotations_unverified; generated_enrichment_quarantined UniProt v3: unique reviewed primary gene/species match; canonical sequence reference, not experimental isoform confirmation."
LOCAL:protein:mouse:PIK3AP1,protein,,enzyme,Phosphoinositide-3-kinase adaptor protein 1 (BCAP),PIK3AP1,mouse,cytoplasm,PIK3AP1|BCAP,HGNC:PIK3AP1,metabolism,registry_gene_species_protein_accession_mapped,"{""pdb_structures"": [], ""registry_identity_sha256"": ""20407404ad1e0c2a4bc8f26515311f9476c3c8d3ee9b165c4f30ad5459a169cc"", ""registry_identity_source"": ""data/raw/provenance/resolution_quality_v3/uniprot_0f0ac7c5327151fb.json"", ""uniprot_id"": ""Q9EQ32"", ""uniprot_identity_status"": ""unique_reviewed_registry_gene_species_match""}","core_legacy_annotations_unverified; generated_enrichment_quarantined UniProt v3: unique reviewed primary gene/species match; canonical sequence reference, not experimental isoform confirmation."
LOCAL:protein:mouse:MAP3K5,protein,,enzyme,Mitogen-activated protein kinase kinase kinase 5 (ASK1),MAP3K5,mouse,cytoplasm,MAP3K5|ASK1|MEKK5|MAPKKK5,HGNC:MAP3K5,metabolism,registry_gene_species_protein_accession_mapped,"{""pdb_structures"": [], ""registry_identity_sha256"": ""a2822de83d5dc07866220959212d584411d8d744a4a537ec1c0d10057b7a43ce"", ""registry_identity_source"": ""data/raw/provenance/resolution_quality_v3/uniprot_dc686182e63af84e.json"", ""uniprot_id"": ""O35099"", ""uniprot_identity_status"": ""unique_reviewed_registry_gene_species_match""}","core_legacy_annotations_unverified; generated_enrichment_quarantined UniProt v3: unique reviewed primary gene/species match; canonical sequence reference, not experimental isoform confirmation."
LOCAL:protein:mouse:RAF1,protein,,enzyme,"Raf-1 proto-oncogene, serine/threonine kinase",RAF1,mouse,cytoplasm,RAF1|c-Raf|Raf|CRAF,HGNC:RAF1,metabolism,registry_gene_species_protein_accession_mapped,"{""pdb_structures"": [], ""registry_identity_sha256"": ""20407404ad1e0c2a4bc8f26515311f9476c3c8d3ee9b165c4f30ad5459a169cc"", ""registry_identity_source"": ""data/raw/provenance/resolution_quality_v3/uniprot_0f0ac7c5327151fb.json"", ""uniprot_id"": ""Q99N57"", ""uniprot_identity_status"": ""unique_reviewed_registry_gene_species_match""}","core_legacy_annotations_unverified; generated_enrichment_quarantined UniProt v3: unique reviewed primary gene/species match; canonical sequence reference, not experimental isoform confirmation."
LOCAL:protein:mouse:MAP2K1,protein,,enzyme,Mitogen-activated protein kinase kinase 1 (MEK1),MAP2K1,mouse,cytoplasm,MAP2K1|MEK1|PRKMK1|MKK1,HGNC:MAP2K1,metabolism,registry_gene_species_protein_accession_mapped,"{""pdb_structures"": [], ""registry_identity_sha256"": ""a2822de83d5dc07866220959212d584411d8d744a4a537ec1c0d10057b7a43ce"", ""registry_identity_source"": ""data/raw/provenance/resolution_quality_v3/uniprot_dc686182e63af84e.json"", ""uniprot_id"": ""P31938"", ""uniprot_identity_status"": ""unique_reviewed_registry_gene_species_match""}","core_legacy_annotations_unverified; generated_enrichment_quarantined UniProt v3: unique reviewed primary gene/species match; canonical sequence reference, not experimental isoform confirmation."
LOCAL:protein:mouse:MAP2K2,protein,,enzyme,Mitogen-activated protein kinase kinase 2 (MEK2),MAP2K2,mouse,cytoplasm,MAP2K2|MEK2|PRKMK2|MKK2,HGNC:MAP2K2,metabolism,registry_gene_species_protein_accession_mapped,"{""pdb_structures"": [], ""registry_identity_sha256"": ""a2822de83d5dc07866220959212d584411d8d744a4a537ec1c0d10057b7a43ce"", ""registry_identity_source"": ""data/raw/provenance/resolution_quality_v3/uniprot_dc686182e63af84e.json"", ""uniprot_id"": ""Q63932"", ""uniprot_identity_status"": ""unique_reviewed_registry_gene_species_match""}","core_legacy_annotations_unverified; generated_enrichment_quarantined UniProt v3: unique reviewed primary gene/species match; canonical sequence reference, not experimental isoform confirmation."
LOCAL:protein:mouse:MAP2K3,protein,,enzyme,Mitogen-activated protein kinase kinase 3 (MKK3),MAP2K3,mouse,cytoplasm,MAP2K3|MKK3|MEK3|PRKMK3,HGNC:MAP2K3,metabolism,registry_gene_species_protein_accession_mapped,"{""pdb_structures"": [], ""registry_identity_sha256"": ""a2822de83d5dc07866220959212d584411d8d744a4a537ec1c0d10057b7a43ce"", ""registry_identity_source"": ""data/raw/provenance/resolution_quality_v3/uniprot_dc686182e63af84e.json"", ""uniprot_id"": ""O09110"", ""uniprot_identity_status"": ""unique_reviewed_registry_gene_species_match""}","core_legacy_annotations_unverified; generated_enrichment_quarantined UniProt v3: unique reviewed primary gene/species match; canonical sequence reference, not experimental isoform confirmation."
LOCAL:protein:mouse:MAP2K6,protein,,enzyme,Mitogen-activated protein kinase kinase 6 (MKK6),MAP2K6,mouse,cytoplasm,MAP2K6|MKK6|MEK6|SAPKK3,HGNC:MAP2K6,metabolism,registry_gene_species_protein_accession_mapped,"{""pdb_structures"": [], ""registry_identity_sha256"": ""a2822de83d5dc07866220959212d584411d8d744a4a537ec1c0d10057b7a43ce"", ""registry_identity_source"": ""data/raw/provenance/resolution_quality_v3/uniprot_dc686182e63af84e.json"", ""uniprot_id"": ""P70236"", ""uniprot_identity_status"": ""unique_reviewed_registry_gene_species_match""}","core_legacy_annotations_unverified; generated_enrichment_quarantined UniProt v3: unique reviewed primary gene/species match; canonical sequence reference, not experimental isoform confirmation."
LOCAL:protein:mouse:MAP2K4,protein,,enzyme,Mitogen-activated protein kinase kinase 4 (MKK4),MAP2K4,mouse,cytoplasm,MAP2K4|MKK4|JNKK1|SEK1,HGNC:MAP2K4,metabolism,registry_gene_species_protein_accession_mapped,"{""pdb_structures"": [], ""registry_identity_sha256"": ""a2822de83d5dc07866220959212d584411d8d744a4a537ec1c0d10057b7a43ce"", ""registry_identity_source"": ""data/raw/provenance/resolution_quality_v3/uniprot_dc686182e63af84e.json"", ""uniprot_id"": ""P47809"", ""uniprot_identity_status"": ""unique_reviewed_registry_gene_species_match""}","core_legacy_annotations_unverified; generated_enrichment_quarantined UniProt v3: unique reviewed primary gene/species match; canonical sequence reference, not experimental isoform confirmation."
LOCAL:protein:mouse:MAP2K7,protein,,enzyme,Mitogen-activated protein kinase kinase 7 (MKK7),MAP2K7,mouse,cytoplasm,MAP2K7|MKK7|JNKK2|MAPKK7,HGNC:MAP2K7,metabolism,registry_gene_species_protein_accession_mapped,"{""pdb_structures"": [], ""registry_identity_sha256"": ""a2822de83d5dc07866220959212d584411d8d744a4a537ec1c0d10057b7a43ce"", ""registry_identity_source"": ""data/raw/provenance/resolution_quality_v3/uniprot_dc686182e63af84e.json"", ""uniprot_id"": ""Q8CE90"", ""uniprot_identity_status"": ""unique_reviewed_registry_gene_species_match""}","core_legacy_annotations_unverified; generated_enrichment_quarantined UniProt v3: unique reviewed primary gene/species match; canonical sequence reference, not experimental isoform confirmation."
LOCAL:protein:mouse:MAPK3,protein,,enzyme,Mitogen-activated protein kinase 3 (ERK1),MAPK3,mouse,cytoplasm,MAPK3|ERK1|PRKM3|P44MAPK,HGNC:MAPK3,metabolism,registry_gene_species_protein_accession_mapped,"{""pdb_structures"": [], ""registry_identity_sha256"": ""a2822de83d5dc07866220959212d584411d8d744a4a537ec1c0d10057b7a43ce"", ""registry_identity_source"": ""data/raw/provenance/resolution_quality_v3/uniprot_dc686182e63af84e.json"", ""uniprot_id"": ""Q63844"", ""uniprot_identity_status"": ""unique_reviewed_registry_gene_species_match""}","core_legacy_annotations_unverified; generated_enrichment_quarantined UniProt v3: unique reviewed primary gene/species match; canonical sequence reference, not experimental isoform confirmation."
LOCAL:protein:mouse:MAPK11,protein,,enzyme,Mitogen-activated protein kinase 11 (p38 beta),MAPK11,mouse,cytoplasm,MAPK11|p38beta|SAPK2|p38-2,HGNC:MAPK11,metabolism,registry_gene_species_protein_accession_mapped,"{""pdb_structures"": [], ""registry_identity_sha256"": ""a2822de83d5dc07866220959212d584411d8d744a4a537ec1c0d10057b7a43ce"", ""registry_identity_source"": ""data/raw/provenance/resolution_quality_v3/uniprot_dc686182e63af84e.json"", ""uniprot_id"": ""Q9WUI1"", ""uniprot_identity_status"": ""unique_reviewed_registry_gene_species_match""}","core_legacy_annotations_unverified; generated_enrichment_quarantined UniProt v3: unique reviewed primary gene/species match; canonical sequence reference, not experimental isoform confirmation."
LOCAL:protein:mouse:MAPK12,protein,,enzyme,Mitogen-activated protein kinase 12 (p38 gamma),MAPK12,mouse,cytoplasm,MAPK12|p38gamma|SAPK3|ERK6,HGNC:MAPK12,metabolism,registry_gene_species_protein_accession_mapped,"{""pdb_structures"": [], ""registry_identity_sha256"": ""a2822de83d5dc07866220959212d584411d8d744a4a537ec1c0d10057b7a43ce"", ""registry_identity_source"": ""data/raw/provenance/resolution_quality_v3/uniprot_dc686182e63af84e.json"", ""uniprot_id"": ""O08911"", ""uniprot_identity_status"": ""unique_reviewed_registry_gene_species_match""}","core_legacy_annotations_unverified; generated_enrichment_quarantined UniProt v3: unique reviewed primary gene/species match; canonical sequence reference, not experimental isoform confirmation."
LOCAL:protein:mouse:MAPK13,protein,,enzyme,Mitogen-activated protein kinase 13 (p38 delta),MAPK13,mouse,cytoplasm,MAPK13|p38delta|SAPK4|PRKM13,HGNC:MAPK13,metabolism,registry_gene_species_protein_accession_mapped,"{""pdb_structures"": [], ""registry_identity_sha256"": ""a2822de83d5dc07866220959212d584411d8d744a4a537ec1c0d10057b7a43ce"", ""registry_identity_source"": ""data/raw/provenance/resolution_quality_v3/uniprot_dc686182e63af84e.json"", ""uniprot_id"": ""Q9Z1B7"", ""uniprot_identity_status"": ""unique_reviewed_registry_gene_species_match""}","core_legacy_annotations_unverified; generated_enrichment_quarantined UniProt v3: unique reviewed primary gene/species match; canonical sequence reference, not experimental isoform confirmation."
LOCAL:protein:mouse:MAPK9,protein,,enzyme,Mitogen-activated protein kinase 9 (JNK2),MAPK9,mouse,cytoplasm,MAPK9|JNK2|PRKM9|SAPK1A,HGNC:MAPK9,metabolism,registry_gene_species_protein_accession_mapped,"{""pdb_structures"": [], ""registry_identity_sha256"": ""2d5ad4961362bed9e66c5812a2f18bea8a1fbd71b7861980cc5f2b51e23e9e49"", ""registry_identity_source"": ""data/raw/provenance/resolution_quality_v3/uniprot_006f32829191c959.json"", ""uniprot_id"": ""Q9WTU6"", ""uniprot_identity_status"": ""unique_reviewed_registry_gene_species_match""}","core_legacy_annotations_unverified; generated_enrichment_quarantined UniProt v3: unique reviewed primary gene/species match; canonical sequence reference, not experimental isoform confirmation."
LOCAL:protein:mouse:MAPK10,protein,,enzyme,Mitogen-activated protein kinase 10 (JNK3),MAPK10,mouse,cytoplasm,MAPK10|JNK3|PRKM10|SAPK1B,HGNC:MAPK10,metabolism,registry_gene_species_protein_accession_mapped,"{""pdb_structures"": [], ""registry_identity_sha256"": ""a2822de83d5dc07866220959212d584411d8d744a4a537ec1c0d10057b7a43ce"", ""registry_identity_source"": ""data/raw/provenance/resolution_quality_v3/uniprot_dc686182e63af84e.json"", ""uniprot_id"": ""Q61831"", ""uniprot_identity_status"": ""unique_reviewed_registry_gene_species_match""}","core_legacy_annotations_unverified; generated_enrichment_quarantined UniProt v3: unique reviewed primary gene/species match; canonical sequence reference, not experimental isoform confirmation."
LOCAL:protein:mouse:PIK3CA,protein,,enzyme,"Phosphatidylinositol-4,5-bisphosphate 3-kinase catalytic subunit alpha (PI3K)",PIK3CA,mouse,cytoplasm,PIK3CA|PI3K|p110alpha|PI3K-alpha,HGNC:PIK3CA,metabolism,registry_gene_species_protein_accession_mapped,"{""pdb_structures"": [], ""registry_identity_sha256"": ""20407404ad1e0c2a4bc8f26515311f9476c3c8d3ee9b165c4f30ad5459a169cc"", ""registry_identity_source"": ""data/raw/provenance/resolution_quality_v3/uniprot_0f0ac7c5327151fb.json"", ""uniprot_id"": ""P42337"", ""uniprot_identity_status"": ""unique_reviewed_registry_gene_species_match""}","core_legacy_annotations_unverified; generated_enrichment_quarantined UniProt v3: unique reviewed primary gene/species match; canonical sequence reference, not experimental isoform confirmation."
LOCAL:protein:mouse:AKT1,protein,,enzyme,AKT serine/threonine kinase 1 (Akt),AKT1,mouse,cytoplasm,AKT1|Akt|PKB|RAC-ALPHA,HGNC:AKT1,metabolism,registry_gene_species_protein_accession_mapped,"{""pdb_structures"": [], ""registry_identity_sha256"": ""ba92e00e2c9fb939b805ed2459ad97ba447343cd0a7f3010b594d79e60f857db"", ""registry_identity_source"": ""data/raw/provenance/resolution_quality_v3/uniprot_6828c3d881b83cfa.json"", ""uniprot_id"": ""P31750"", ""uniprot_identity_status"": ""unique_reviewed_registry_gene_species_match""}","core_legacy_annotations_unverified; generated_enrichment_quarantined UniProt v3: unique reviewed primary gene/species match; canonical sequence reference, not experimental isoform confirmation."
LOCAL:protein:mouse:GSK3B,protein,,enzyme,Glycogen synthase kinase 3 beta,GSK3B,mouse,cytoplasm,GSK3B|GSK3beta|GSK3BETA,HGNC:GSK3B,metabolism,registry_gene_species_protein_accession_mapped,"{""pdb_structures"": [], ""registry_identity_sha256"": ""a97fd6b14bda14e8c4e7b211e9d91cb3ec05a77f43c495e98cf5a9736b05086b"", ""registry_identity_source"": ""data/raw/provenance/resolution_quality_v3/uniprot_5ac89c3ebe8f83bb.json"", ""uniprot_id"": ""Q9WV60"", ""uniprot_identity_status"": ""unique_reviewed_registry_gene_species_match""}","core_legacy_annotations_unverified; generated_enrichment_quarantined UniProt v3: unique reviewed primary gene/species match; canonical sequence reference, not experimental isoform confirmation."
LOCAL:protein:mouse:TEC,protein,,enzyme,Tec protein tyrosine kinase,TEC,mouse,cytoplasm,TEC|PSCTK4,HGNC:TEC,metabolism,registry_gene_species_protein_accession_mapped,"{""pdb_structures"": [], ""registry_identity_sha256"": ""fff6754ca418684d19ac3baf961c0284ed2ddba4c51c86dece9814c37d5cb48b"", ""registry_identity_source"": ""data/raw/provenance/resolution_quality_v3/uniprot_4e470044f136f8ca.json"", ""uniprot_id"": ""P24604"", ""uniprot_identity_status"": ""unique_reviewed_registry_gene_species_match""}","core_legacy_annotations_unverified; generated_enrichment_quarantined UniProt v3: unique reviewed primary gene/species match; canonical sequence reference, not experimental isoform confirmation."
LOCAL:protein:mouse:DUSP1,protein,,enzyme,Dual specificity phosphatase 1 (MKP-1),DUSP1,mouse,nucleus,DUSP1|MKP-1|CL100|PTPN10,HGNC:DUSP1,differentiation,registry_gene_species_protein_accession_mapped,"{""pdb_structures"": [], ""registry_identity_sha256"": ""744880dcf10f5f8ba75bd8fd0782cf5c3928adede908fdcc7a809c1e21963937"", ""registry_identity_source"": ""data/raw/provenance/resolution_quality_v3/uniprot_d168eb5eb5796cbb.json"", ""uniprot_id"": ""P28563"", ""uniprot_identity_status"": ""unique_reviewed_registry_gene_species_match""}","core_legacy_annotations_unverified; generated_enrichment_quarantined UniProt v3: unique reviewed primary gene/species match; canonical sequence reference, not experimental isoform confirmation."
LOCAL:protein:mouse:DUSP6,protein,,enzyme,Dual specificity phosphatase 6 (MKP-3),DUSP6,mouse,cytoplasm,DUSP6|MKP-3|PYST1,HGNC:DUSP6,differentiation,registry_gene_species_protein_accession_mapped,"{""pdb_structures"": [], ""registry_identity_sha256"": ""744880dcf10f5f8ba75bd8fd0782cf5c3928adede908fdcc7a809c1e21963937"", ""registry_identity_source"": ""data/raw/provenance/resolution_quality_v3/uniprot_d168eb5eb5796cbb.json"", ""uniprot_id"": ""Q9DBB1"", ""uniprot_identity_status"": ""unique_reviewed_registry_gene_species_match""}","core_legacy_annotations_unverified; generated_enrichment_quarantined UniProt v3: unique reviewed primary gene/species match; canonical sequence reference, not experimental isoform confirmation."
LOCAL:protein:mouse:PPM1D,protein,,enzyme,"Protein phosphatase, Mg2+/Mn2+ dependent 1D (WIP1)",PPM1D,mouse,nucleus,PPM1D|WIP1|PP2C-DELTA,HGNC:PPM1D,differentiation,registry_gene_species_protein_accession_mapped,"{""pdb_structures"": [], ""registry_identity_sha256"": ""20407404ad1e0c2a4bc8f26515311f9476c3c8d3ee9b165c4f30ad5459a169cc"", ""registry_identity_source"": ""data/raw/provenance/resolution_quality_v3/uniprot_0f0ac7c5327151fb.json"", ""uniprot_id"": ""Q9QZ67"", ""uniprot_identity_status"": ""unique_reviewed_registry_gene_species_match""}","core_legacy_annotations_unverified; generated_enrichment_quarantined UniProt v3: unique reviewed primary gene/species match; canonical sequence reference, not experimental isoform confirmation."
LOCAL:protein:mouse:AMBN,protein,,,Ameloblastin,AMBN,mouse,extracellular,AMBN|Ambn,HGNC:AMBN,differentiation,registry_gene_species_protein_accession_mapped,"{""pdb_structures"": [], ""registry_identity_sha256"": ""ba92e00e2c9fb939b805ed2459ad97ba447343cd0a7f3010b594d79e60f857db"", ""registry_identity_source"": ""data/raw/provenance/resolution_quality_v3/uniprot_6828c3d881b83cfa.json"", ""uniprot_id"": ""O55189"", ""uniprot_identity_status"": ""unique_reviewed_registry_gene_species_match""}","core_legacy_annotations_unverified; generated_enrichment_quarantined UniProt v3: unique reviewed primary gene/species match; canonical sequence reference, not experimental isoform confirmation."
LOCAL:protein:mouse:SREBF2,protein,,transcription_factor,Sterol regulatory element binding transcription factor 2 (SREBP2),SREBF2,mouse,nucleus,SREBF2|SREBP2|bHLHd2,HGNC:SREBF2,differentiation,registry_gene_species_protein_accession_mapped,"{""pdb_structures"": [], ""registry_identity_sha256"": ""fff6754ca418684d19ac3baf961c0284ed2ddba4c51c86dece9814c37d5cb48b"", ""registry_identity_source"": ""data/raw/provenance/resolution_quality_v3/uniprot_4e470044f136f8ca.json"", ""uniprot_id"": ""Q3U1N2"", ""uniprot_identity_status"": ""unique_reviewed_registry_gene_species_match""}","core_legacy_annotations_unverified; generated_enrichment_quarantined UniProt v3: unique reviewed primary gene/species match; canonical sequence reference, not experimental isoform confirmation."
LOCAL:protein:mouse:IRF7,protein,,transcription_factor,Interferon regulatory factor 7,IRF7,mouse,nucleus,IRF7|IRF-7|IMD61,HGNC:IRF7,inflammation,registry_gene_species_protein_accession_mapped,"{""pdb_structures"": [], ""registry_identity_sha256"": ""a97fd6b14bda14e8c4e7b211e9d91cb3ec05a77f43c495e98cf5a9736b05086b"", ""registry_identity_source"": ""data/raw/provenance/resolution_quality_v3/uniprot_5ac89c3ebe8f83bb.json"", ""uniprot_id"": ""P70434"", ""uniprot_identity_status"": ""unique_reviewed_registry_gene_species_match""}","core_legacy_annotations_unverified; generated_enrichment_quarantined UniProt v3: unique reviewed primary gene/species match; canonical sequence reference, not experimental isoform confirmation."
LOCAL:protein:mouse:DNMT3A,protein,,enzyme,DNA methyltransferase 3 alpha,DNMT3A,mouse,nucleus,DNMT3A|DNMT3a|TBRS,HGNC:DNMT3A,differentiation,registry_gene_species_protein_accession_mapped,"{""pdb_structures"": [], ""registry_identity_sha256"": ""744880dcf10f5f8ba75bd8fd0782cf5c3928adede908fdcc7a809c1e21963937"", ""registry_identity_source"": ""data/raw/provenance/resolution_quality_v3/uniprot_d168eb5eb5796cbb.json"", ""uniprot_id"": ""O88508"", ""uniprot_identity_status"": ""unique_reviewed_registry_gene_species_match""}","core_legacy_annotations_unverified; generated_enrichment_quarantined UniProt v3: unique reviewed primary gene/species match; canonical sequence reference, not experimental isoform confirmation."
LOCAL:protein:mouse:DPY30,protein,,enzyme,Dpy-30 histone methyltransferase complex subunit,DPY30,mouse,nucleus,DPY30|Dpy30|Hpy-30,HGNC:DPY30,differentiation,registry_gene_species_protein_accession_mapped,"{""pdb_structures"": [], ""registry_identity_sha256"": ""744880dcf10f5f8ba75bd8fd0782cf5c3928adede908fdcc7a809c1e21963937"", ""registry_identity_source"": ""data/raw/provenance/resolution_quality_v3/uniprot_d168eb5eb5796cbb.json"", ""uniprot_id"": ""Q99LT0"", ""uniprot_identity_status"": ""unique_reviewed_registry_gene_species_match""}","core_legacy_annotations_unverified; generated_enrichment_quarantined UniProt v3: unique reviewed primary gene/species match; canonical sequence reference, not experimental isoform confirmation."
LOCAL:protein:mouse:ASXL1,protein,,,ASXL transcriptional regulator 1,ASXL1,mouse,nucleus,ASXL1|MDS|BOPS,HGNC:ASXL1,differentiation,registry_gene_species_protein_accession_mapped,"{""pdb_structures"": [], ""registry_identity_sha256"": ""ba92e00e2c9fb939b805ed2459ad97ba447343cd0a7f3010b594d79e60f857db"", ""registry_identity_source"": ""data/raw/provenance/resolution_quality_v3/uniprot_6828c3d881b83cfa.json"", ""uniprot_id"": ""P59598"", ""uniprot_identity_status"": ""unique_reviewed_registry_gene_species_match""}","core_legacy_annotations_unverified; generated_enrichment_quarantined UniProt v3: unique reviewed primary gene/species match; canonical sequence reference, not experimental isoform confirmation."
LOCAL:protein:mouse:HDAC1,protein,,enzyme,Histone deacetylase 1,HDAC1,mouse,nucleus,HDAC1|RPD3|HD1|GON-10,HGNC:HDAC1,differentiation,registry_gene_species_protein_accession_mapped,"{""pdb_structures"": [], ""registry_identity_sha256"": ""a97fd6b14bda14e8c4e7b211e9d91cb3ec05a77f43c495e98cf5a9736b05086b"", ""registry_identity_source"": ""data/raw/provenance/resolution_quality_v3/uniprot_5ac89c3ebe8f83bb.json"", ""uniprot_id"": ""O09106"", ""uniprot_identity_status"": ""unique_reviewed_registry_gene_species_match""}","core_legacy_annotations_unverified; generated_enrichment_quarantined UniProt v3: unique reviewed primary gene/species match; canonical sequence reference, not experimental isoform confirmation."
LOCAL:protein:mouse:HDAC2,protein,,enzyme,Histone deacetylase 2,HDAC2,mouse,nucleus,HDAC2|RPD3-2,HGNC:HDAC2,differentiation,registry_gene_species_protein_accession_mapped,"{""pdb_structures"": [], ""registry_identity_sha256"": ""a97fd6b14bda14e8c4e7b211e9d91cb3ec05a77f43c495e98cf5a9736b05086b"", ""registry_identity_source"": ""data/raw/provenance/resolution_quality_v3/uniprot_5ac89c3ebe8f83bb.json"", ""uniprot_id"": ""P70288"", ""uniprot_identity_status"": ""unique_reviewed_registry_gene_species_match""}","core_legacy_annotations_unverified; generated_enrichment_quarantined UniProt v3: unique reviewed primary gene/species match; canonical sequence reference, not experimental isoform confirmation."
LOCAL:protein:mouse:HDAC5,protein,,enzyme,Histone deacetylase 5,HDAC5,mouse,nucleus,HDAC5|NY-CO-9,HGNC:HDAC5,differentiation,registry_gene_species_protein_accession_mapped,"{""pdb_structures"": [], ""registry_identity_sha256"": ""a97fd6b14bda14e8c4e7b211e9d91cb3ec05a77f43c495e98cf5a9736b05086b"", ""registry_identity_source"": ""data/raw/provenance/resolution_quality_v3/uniprot_5ac89c3ebe8f83bb.json"", ""uniprot_id"": ""Q9Z2V6"", ""uniprot_identity_status"": ""unique_reviewed_registry_gene_species_match""}","core_legacy_annotations_unverified; generated_enrichment_quarantined UniProt v3: unique reviewed primary gene/species match; canonical sequence reference, not experimental isoform confirmation."
LOCAL:protein:mouse:SIRT1,protein,,enzyme,Sirtuin 1,SIRT1,mouse,nucleus,SIRT1|SIR2L1,HGNC:SIRT1,differentiation,registry_gene_species_protein_accession_mapped,"{""pdb_structures"": [], ""registry_identity_sha256"": ""fff6754ca418684d19ac3baf961c0284ed2ddba4c51c86dece9814c37d5cb48b"", ""registry_identity_source"": ""data/raw/provenance/resolution_quality_v3/uniprot_4e470044f136f8ca.json"", ""uniprot_id"": ""Q923E4"", ""uniprot_identity_status"": ""unique_reviewed_registry_gene_species_match""}","core_legacy_annotations_unverified; generated_enrichment_quarantined UniProt v3: unique reviewed primary gene/species match; canonical sequence reference, not experimental isoform confirmation."
LOCAL:protein:mouse:SIRT6,protein,,enzyme,Sirtuin 6,SIRT6,mouse,nucleus,SIRT6|SIR2L6,HGNC:SIRT6,differentiation,registry_gene_species_protein_accession_mapped,"{""pdb_structures"": [], ""registry_identity_sha256"": ""fff6754ca418684d19ac3baf961c0284ed2ddba4c51c86dece9814c37d5cb48b"", ""registry_identity_source"": ""data/raw/provenance/resolution_quality_v3/uniprot_4e470044f136f8ca.json"", ""uniprot_id"": ""P59941"", ""uniprot_identity_status"": ""unique_reviewed_registry_gene_species_match""}","core_legacy_annotations_unverified; generated_enrichment_quarantined UniProt v3: unique reviewed primary gene/species match; canonical sequence reference, not experimental isoform confirmation."
LOCAL:rna:mouse:mmu-miR-19a-3p,rna,mirna,,MicroRNA miR-19a-3p,,mouse,cytoplasm,mmu-miR-19a|miR-19a|mmu-mir-19a,GENE:mmu-miR-19a-3p,differentiation,legacy_identity_pending_registry_mapping,{},core_legacy_annotations_unverified; generated_enrichment_quarantined
LOCAL:rna:mouse:lncRNA_AW011738,rna,lncrna,,Long non-coding RNA AW011738,,mouse,extracellular,AW011738|lncRNA-AW011738,RNA:lncRNA_AW011738,differentiation,legacy_identity_pending_registry_mapping,{},core_legacy_annotations_unverified; generated_enrichment_quarantined
LOCAL:protein:mouse:CYLD,protein,,enzyme,CYLD lysine 63 deubiquitinase,CYLD,mouse,cytoplasm,CYLD|BRSS|CDMT|CYLD1,HGNC:CYLD,differentiation,registry_gene_species_protein_accession_mapped,"{""pdb_structures"": [], ""registry_identity_sha256"": ""744880dcf10f5f8ba75bd8fd0782cf5c3928adede908fdcc7a809c1e21963937"", ""registry_identity_source"": ""data/raw/provenance/resolution_quality_v3/uniprot_d168eb5eb5796cbb.json"", ""uniprot_id"": ""Q80TQ2"", ""uniprot_identity_status"": ""unique_reviewed_registry_gene_species_match""}","core_legacy_annotations_unverified; generated_enrichment_quarantined UniProt v3: unique reviewed primary gene/species match; canonical sequence reference, not experimental isoform confirmation."
LOCAL:protein:mouse:TREM1,protein,,,Triggering receptor expressed on myeloid cells 1,TREM1,mouse,plasma_membrane,TREM1|CD354,HGNC:TREM1,differentiation,registry_gene_species_protein_accession_mapped,"{""pdb_structures"": [], ""registry_identity_sha256"": ""706c6c2b55a8d87fd8fa62b0d7be65e7dec753c7eb357cda9eb5418a63524cd8"", ""registry_identity_source"": ""data/raw/provenance/resolution_quality_v3/uniprot_c0818e2f9d5778df.json"", ""uniprot_id"": ""Q9JKE2"", ""uniprot_identity_status"": ""unique_reviewed_registry_gene_species_match""}","core_legacy_annotations_unverified; generated_enrichment_quarantined UniProt v3: unique reviewed primary gene/species match; canonical sequence reference, not experimental isoform confirmation."
LOCAL:protein:mouse:MMP2,protein,,enzyme,Matrix metallopeptidase 2 (gelatinase A),MMP2,mouse,extracellular,MMP2|MMP-2|gelatinase A|CLG4A,HGNC:MMP2,differentiation,registry_gene_species_protein_accession_mapped,"{""pdb_structures"": [], ""registry_identity_sha256"": ""2d5ad4961362bed9e66c5812a2f18bea8a1fbd71b7861980cc5f2b51e23e9e49"", ""registry_identity_source"": ""data/raw/provenance/resolution_quality_v3/uniprot_006f32829191c959.json"", ""uniprot_id"": ""P33434"", ""uniprot_identity_status"": ""unique_reviewed_registry_gene_species_match""}","core_legacy_annotations_unverified; generated_enrichment_quarantined UniProt v3: unique reviewed primary gene/species match; canonical sequence reference, not experimental isoform confirmation."
LOCAL:protein:mouse:MMP3,protein,,enzyme,Matrix metallopeptidase 3 (stromelysin-1),MMP3,mouse,extracellular,MMP3|MMP-3|stromelysin-1|SL-1,HGNC:MMP3,differentiation,registry_gene_species_protein_accession_mapped,"{""pdb_structures"": [], ""registry_identity_sha256"": ""2d5ad4961362bed9e66c5812a2f18bea8a1fbd71b7861980cc5f2b51e23e9e49"", ""registry_identity_source"": ""data/raw/provenance/resolution_quality_v3/uniprot_006f32829191c959.json"", ""uniprot_id"": ""P28862"", ""uniprot_identity_status"": ""unique_reviewed_registry_gene_species_match""}","core_legacy_annotations_unverified; generated_enrichment_quarantined UniProt v3: unique reviewed primary gene/species match; canonical sequence reference, not experimental isoform confirmation."
LOCAL:protein:mouse:MMP8,protein,,enzyme,Matrix metallopeptidase 8 (collagenase-2),MMP8,mouse,extracellular,MMP8|MMP-8|collagenase-2|HNC,HGNC:MMP8,differentiation,registry_gene_species_protein_accession_mapped,"{""pdb_structures"": [], ""registry_identity_sha256"": ""2d5ad4961362bed9e66c5812a2f18bea8a1fbd71b7861980cc5f2b51e23e9e49"", ""registry_identity_source"": ""data/raw/provenance/resolution_quality_v3/uniprot_006f32829191c959.json"", ""uniprot_id"": ""O70138"", ""uniprot_identity_status"": ""unique_reviewed_registry_gene_species_match""}","core_legacy_annotations_unverified; generated_enrichment_quarantined UniProt v3: unique reviewed primary gene/species match; canonical sequence reference, not experimental isoform confirmation."
LOCAL:protein:mouse:MMP13,protein,,enzyme,Matrix metallopeptidase 13 (collagenase-3),MMP13,mouse,extracellular,MMP13|MMP-13|collagenase-3|CLG3,HGNC:MMP13,differentiation,registry_gene_species_protein_accession_mapped,"{""pdb_structures"": [], ""registry_identity_sha256"": ""2d5ad4961362bed9e66c5812a2f18bea8a1fbd71b7861980cc5f2b51e23e9e49"", ""registry_identity_source"": ""data/raw/provenance/resolution_quality_v3/uniprot_006f32829191c959.json"", ""uniprot_id"": ""P33435"", ""uniprot_identity_status"": ""unique_reviewed_registry_gene_species_match""}","core_legacy_annotations_unverified; generated_enrichment_quarantined UniProt v3: unique reviewed primary gene/species match; canonical sequence reference, not experimental isoform confirmation."
LOCAL:protein:mouse:TIMP1,protein,,enzyme,TIMP metallopeptidase inhibitor 1,TIMP1,mouse,extracellular,TIMP1|TIMP-1|EPA|EPO,HGNC:TIMP1,differentiation,registry_gene_species_protein_accession_mapped,"{""pdb_structures"": [], ""registry_identity_sha256"": ""fff6754ca418684d19ac3baf961c0284ed2ddba4c51c86dece9814c37d5cb48b"", ""registry_identity_source"": ""data/raw/provenance/resolution_quality_v3/uniprot_4e470044f136f8ca.json"", ""uniprot_id"": ""P12032"", ""uniprot_identity_status"": ""unique_reviewed_registry_gene_species_match""}","core_legacy_annotations_unverified; generated_enrichment_quarantined UniProt v3: unique reviewed primary gene/species match; canonical sequence reference, not experimental isoform confirmation."
LOCAL:protein:mouse:TIMP2,protein,,enzyme,TIMP metallopeptidase inhibitor 2,TIMP2,mouse,extracellular,TIMP2|TIMP-2|CSC-21K,HGNC:TIMP2,differentiation,registry_gene_species_protein_accession_mapped,"{""pdb_structures"": [], ""registry_identity_sha256"": ""fff6754ca418684d19ac3baf961c0284ed2ddba4c51c86dece9814c37d5cb48b"", ""registry_identity_source"": ""data/raw/provenance/resolution_quality_v3/uniprot_4e470044f136f8ca.json"", ""uniprot_id"": ""P25785"", ""uniprot_identity_status"": ""unique_reviewed_registry_gene_species_match""}","core_legacy_annotations_unverified; generated_enrichment_quarantined UniProt v3: unique reviewed primary gene/species match; canonical sequence reference, not experimental isoform confirmation."
LOCAL:protein:mouse:TIMP3,protein,,enzyme,TIMP metallopeptidase inhibitor 3,TIMP3,mouse,extracellular,TIMP3|TIMP-3|SFD|HSMR384,HGNC:TIMP3,differentiation,registry_gene_species_protein_accession_mapped,"{""pdb_structures"": [], ""registry_identity_sha256"": ""fff6754ca418684d19ac3baf961c0284ed2ddba4c51c86dece9814c37d5cb48b"", ""registry_identity_source"": ""data/raw/provenance/resolution_quality_v3/uniprot_4e470044f136f8ca.json"", ""uniprot_id"": ""P39876"", ""uniprot_identity_status"": ""unique_reviewed_registry_gene_species_match""}","core_legacy_annotations_unverified; generated_enrichment_quarantined UniProt v3: unique reviewed primary gene/species match; canonical sequence reference, not experimental isoform confirmation."
LOCAL:protein:mouse:CST6,protein,,,Cystatin E/M,CST6,mouse,extracellular,CST6|cystatin M|cystatin E,HGNC:CST6,differentiation,legacy_identity_pending_registry_mapping,"{""pdb_structures"": [], ""uniprot_identity_status"": ""unresolved_gene_species_match"", ""identity_note"": ""Prior candidate accessions archived in protein_accession_decisions.json; no unique reviewed primary-gene/species mapping.""}",core_legacy_annotations_unverified; generated_enrichment_quarantined
LOCAL:protein:mouse:HIF1A,protein,,transcription_factor,Hypoxia inducible factor 1 subunit alpha (HIF1a),HIF1A,mouse,nucleus,HIF1A|HIF1alpha|MOP1|PASD8,HGNC:HIF1A,interactions_with_other_processes,registry_gene_species_protein_accession_mapped,"{""pdb_structures"": [], ""registry_identity_sha256"": ""a97fd6b14bda14e8c4e7b211e9d91cb3ec05a77f43c495e98cf5a9736b05086b"", ""registry_identity_source"": ""data/raw/provenance/resolution_quality_v3/uniprot_5ac89c3ebe8f83bb.json"", ""uniprot_id"": ""Q61221"", ""uniprot_identity_status"": ""unique_reviewed_registry_gene_species_match""}","core_legacy_annotations_unverified; generated_enrichment_quarantined UniProt v3: unique reviewed primary gene/species match; canonical sequence reference, not experimental isoform confirmation."
CHEBI:26523,intracellular_compound,,,Reactive oxygen species (ROS),,all,cytoplasm,ROS|reactive oxygen species,,differentiation,legacy_identity_pending_registry_mapping,"{""small_molecule_unavailable"":""Registry has no specific molecular structure""}",core_legacy_annotations_unverified; generated_enrichment_quarantined
LOCAL:protein:mouse:MAP3K1,protein,,enzyme,Mitogen-activated protein kinase kinase kinase 1 (MEKK1),MAP3K1,mouse,cytoplasm,MAP3K1|MEKK1|MEKK,HGNC:MAP3K1,metabolism,registry_gene_species_protein_accession_mapped,"{""pdb_structures"": [], ""registry_identity_sha256"": ""a2822de83d5dc07866220959212d584411d8d744a4a537ec1c0d10057b7a43ce"", ""registry_identity_source"": ""data/raw/provenance/resolution_quality_v3/uniprot_dc686182e63af84e.json"", ""uniprot_id"": ""P53349"", ""uniprot_identity_status"": ""unique_reviewed_registry_gene_species_match""}","core_legacy_annotations_unverified; generated_enrichment_quarantined UniProt v3: unique reviewed primary gene/species match; canonical sequence reference, not experimental isoform confirmation."
LOCAL:protein:mouse:REL,protein,,transcription_factor,"REL proto-oncogene, NF-kB subunit (c-Rel)",REL,mouse,nucleus,REL|c-Rel|C-Rel,HGNC:REL,differentiation,registry_gene_species_protein_accession_mapped,"{""pdb_structures"": [], ""registry_identity_sha256"": ""20407404ad1e0c2a4bc8f26515311f9476c3c8d3ee9b165c4f30ad5459a169cc"", ""registry_identity_source"": ""data/raw/provenance/resolution_quality_v3/uniprot_0f0ac7c5327151fb.json"", ""uniprot_id"": ""P15307"", ""uniprot_identity_status"": ""unique_reviewed_registry_gene_species_match""}","core_legacy_annotations_unverified; generated_enrichment_quarantined UniProt v3: unique reviewed primary gene/species match; canonical sequence reference, not experimental isoform confirmation."
LOCAL:protein:mouse:NFKBIA,protein,,,NF-kB inhibitor alpha (IkB-alpha),NFKBIA,mouse,cytoplasm,NFKBIA|IkBalpha|IKBA|MAD-3,HGNC:NFKBIA,differentiation,registry_gene_species_protein_accession_mapped,"{""pdb_structures"": [], ""registry_identity_sha256"": ""2d5ad4961362bed9e66c5812a2f18bea8a1fbd71b7861980cc5f2b51e23e9e49"", ""registry_identity_source"": ""data/raw/provenance/resolution_quality_v3/uniprot_006f32829191c959.json"", ""uniprot_id"": ""Q9Z1E3"", ""uniprot_identity_status"": ""unique_reviewed_registry_gene_species_match""}","core_legacy_annotations_unverified; generated_enrichment_quarantined UniProt v3: unique reviewed primary gene/species match; canonical sequence reference, not experimental isoform confirmation."
PATHWAY:RANKL_RANK_SIGNALING,pathway,,,RANKL-RANK Signaling Cascade,,mouse,plasma_membrane,RANKL/RANK|Osteoclast signaling,,differentiation,legacy_identity_pending_registry_mapping,{},core_legacy_annotations_unverified; generated_enrichment_quarantined
PATHWAY:GLYCOLYSIS,pathway,,,Glycolysis and Lactate Fermentation,,mouse,cytoplasm,Glycolytic Pathway|Warburg-like glycolysis,,metabolism,legacy_identity_pending_registry_mapping,{},core_legacy_annotations_unverified; generated_enrichment_quarantined
PATHWAY:TCA_CYCLE,pathway,,,Tricarboxylic Acid (TCA) Cycle & OXPHOS,,mouse,mitochondria,Krebs cycle|Citric acid cycle,,differentiation,legacy_identity_pending_registry_mapping,{},core_legacy_annotations_unverified; generated_enrichment_quarantined
PATHWAY:GLUTAMINOLYSIS,pathway,,,Glutamine Anaplerosis and Glutaminolysis,,mouse,mitochondria,Glutamate metabolism|GLS1 pathway,,differentiation,legacy_identity_pending_registry_mapping,{},core_legacy_annotations_unverified; generated_enrichment_quarantined
PATHWAY:SERINE_ONE_CARBON,pathway,,,De Novo Serine Synthesis & One-Carbon Metabolism,,mouse,cytoplasm,PHGDH pathway|Serine biosynthesis,,differentiation,legacy_identity_pending_registry_mapping,{},core_legacy_annotations_unverified; generated_enrichment_quarantined
PATHWAY:CALCIUM_NFAT_SIGNALING,pathway,,,Costimulatory Calcium Oscillation & NFATc1 Activation,,mouse,cytoplasm,ITAM|Calcineurin-NFAT pathway,,immunomodulation,legacy_identity_pending_registry_mapping,{},core_legacy_annotations_unverified; generated_enrichment_quarantined
PATHWAY:ACTIN_CYTOSKELETON,pathway,,,Podosome Belt and F-Actin Sealing Zone Assembly,,mouse,cytoplasm,Actin ring|Cytoskeletal polarization,,morphology_cytoskeleton,legacy_identity_pending_registry_mapping,{},core_legacy_annotations_unverified; generated_enrichment_quarantined
LOCAL:protein:mouse:PPP3R1,protein,,enzyme,"Protein phosphatase 3 regulatory subunit B, alpha (Calcineurin B1)",PPP3R1,mouse,cytoplasm,Ppp3r1|Calcineurin B1|CNB1|regulatory subunit,HGNC:PPP3R1,immunomodulation,registry_gene_species_protein_accession_mapped,"{""pdb_structures"": [], ""registry_identity_sha256"": ""20407404ad1e0c2a4bc8f26515311f9476c3c8d3ee9b165c4f30ad5459a169cc"", ""registry_identity_source"": ""data/raw/provenance/resolution_quality_v3/uniprot_0f0ac7c5327151fb.json"", ""uniprot_id"": ""Q63810"", ""uniprot_identity_status"": ""unique_reviewed_registry_gene_species_match""}","core_legacy_annotations_unverified; generated_enrichment_quarantined UniProt v3: unique reviewed primary gene/species match; canonical sequence reference, not experimental isoform confirmation."
LOCAL:protein:mouse:PXN,protein,,,Paxillin (Focal adhesion and podosome belt adaptor),PXN,mouse,plasma_membrane,Pxn|Paxillin|Podosome belt adaptor|Actin ring scaffold,HGNC:PXN,morphology_cytoskeleton,registry_gene_species_protein_accession_mapped,"{""pdb_structures"": [], ""registry_identity_sha256"": ""20407404ad1e0c2a4bc8f26515311f9476c3c8d3ee9b165c4f30ad5459a169cc"", ""registry_identity_source"": ""data/raw/provenance/resolution_quality_v3/uniprot_0f0ac7c5327151fb.json"", ""uniprot_id"": ""Q8VI36"", ""uniprot_identity_status"": ""unique_reviewed_registry_gene_species_match""}","core_legacy_annotations_unverified; generated_enrichment_quarantined UniProt v3: unique reviewed primary gene/species match; canonical sequence reference, not experimental isoform confirmation."
LOCAL:protein:mouse:PTK2,protein,,enzyme,Protein tyrosine kinase 2 (Focal adhesion kinase / FAK),PTK2,mouse,cytoplasm,Ptk2|FAK|Focal adhesion kinase|Ptk2a,HGNC:PTK2,metabolism,registry_mapped_gene_and_protein,"{""pdb_structures"": [], ""registry_gene_id"": ""NCBIGene:14083"", ""registry_identity_sha256"": ""20407404ad1e0c2a4bc8f26515311f9476c3c8d3ee9b165c4f30ad5459a169cc"", ""registry_identity_source"": ""data/raw/provenance/resolution_quality_v3/uniprot_0f0ac7c5327151fb.json"", ""uniprot_id"": ""P34152"", ""uniprot_identity_status"": ""unique_reviewed_registry_gene_species_match""}","core_legacy_annotations_unverified; generated_enrichment_quarantined UniProt v3: unique reviewed primary gene/species match; canonical sequence reference, not experimental isoform confirmation."
LOCAL:protein:mouse:TAB3,protein,,enzyme,TGF-beta activated kinase 1 binding protein 3,TAB3,mouse,cytoplasm,Tab3|MAP3K7IP3|TAK1-binding protein 3,HGNC:TAB3,metabolism,registry_gene_species_protein_accession_mapped,"{""pdb_structures"": [], ""registry_identity_sha256"": ""fff6754ca418684d19ac3baf961c0284ed2ddba4c51c86dece9814c37d5cb48b"", ""registry_identity_source"": ""data/raw/provenance/resolution_quality_v3/uniprot_4e470044f136f8ca.json"", ""uniprot_id"": ""Q571K4"", ""uniprot_identity_status"": ""unique_reviewed_registry_gene_species_match""}","core_legacy_annotations_unverified; generated_enrichment_quarantined UniProt v3: unique reviewed primary gene/species match; canonical sequence reference, not experimental isoform confirmation."
LOCAL:protein:mouse:SQSTM1,protein,,,Sequestosome 1 (p62 scaffold / Paget disease regulator),SQSTM1,mouse,cytoplasm,Sqstm1|p62|Paget disease marker|A170,HGNC:SQSTM1,differentiation,registry_gene_species_protein_accession_mapped,"{""pdb_structures"": [], ""registry_identity_sha256"": ""fff6754ca418684d19ac3baf961c0284ed2ddba4c51c86dece9814c37d5cb48b"", ""registry_identity_source"": ""data/raw/provenance/resolution_quality_v3/uniprot_4e470044f136f8ca.json"", ""uniprot_id"": ""Q64337"", ""uniprot_identity_status"": ""unique_reviewed_registry_gene_species_match""}","core_legacy_annotations_unverified; generated_enrichment_quarantined UniProt v3: unique reviewed primary gene/species match; canonical sequence reference, not experimental isoform confirmation."
LOCAL:protein:mouse:UBE2N,protein,,enzyme,Ubiquitin-conjugating enzyme E2 N (Ubc13),UBE2N,mouse,cytoplasm,Ube2n|Ubc13|K63 ubiquitin conjugating enzyme,HGNC:UBE2N,differentiation,registry_gene_species_protein_accession_mapped,"{""pdb_structures"": [], ""registry_identity_sha256"": ""706c6c2b55a8d87fd8fa62b0d7be65e7dec753c7eb357cda9eb5418a63524cd8"", ""registry_identity_source"": ""data/raw/provenance/resolution_quality_v3/uniprot_c0818e2f9d5778df.json"", ""uniprot_id"": ""P61089"", ""uniprot_identity_status"": ""unique_reviewed_registry_gene_species_match""}","core_legacy_annotations_unverified; generated_enrichment_quarantined UniProt v3: unique reviewed primary gene/species match; canonical sequence reference, not experimental isoform confirmation."
LOCAL:protein:NCBIGene:107321,protein,,,Lpxn protein,Lpxn,mouse,,LPXN,,,registry_gene_species_protein_accession_mapped,"{""pdb_structures"": [], ""registry_identity_sha256"": ""a2822de83d5dc07866220959212d584411d8d744a4a537ec1c0d10057b7a43ce"", ""registry_identity_source"": ""data/raw/provenance/resolution_quality_v3/uniprot_dc686182e63af84e.json"", ""uniprot_id"": ""Q99N69"", ""uniprot_identity_status"": ""unique_reviewed_registry_gene_species_match""}","Automated exact registry alias and explicit species match. Molecular form is extracted and unreviewed. Registry provenance is in full_integration_v1/entity_decisions.jsonl. UniProt v3: unique reviewed primary gene/species match; canonical sequence reference, not experimental isoform confirmation."
LOCAL:gene:NCBIGene:22341,gene,,,Vegfc gene,Vegfc,mouse,,VEGF-C,,,registry_gene_locus_mapped,{},Automated exact registry alias and explicit species match. Molecular form is extracted and unreviewed. Registry provenance is in full_integration_v1/entity_decisions.jsonl.
LOCAL:gene:NCBIGene:17096,gene,,,Lyn gene,Lyn,mouse,,Lyn,,,registry_gene_locus_mapped,{},Automated exact registry alias and explicit species match. Molecular form is extracted and unreviewed. Registry provenance is in full_integration_v1/entity_decisions.jsonl.
LOCAL:protein:NCBIGene:19267,protein,,,Ptpre protein,Ptpre,mouse,,PTPe,,,registry_gene_species_protein_accession_mapped,"{""pdb_structures"": [], ""registry_identity_sha256"": ""20407404ad1e0c2a4bc8f26515311f9476c3c8d3ee9b165c4f30ad5459a169cc"", ""registry_identity_source"": ""data/raw/provenance/resolution_quality_v3/uniprot_0f0ac7c5327151fb.json"", ""uniprot_id"": ""P49446"", ""uniprot_identity_status"": ""unique_reviewed_registry_gene_species_match""}","Automated exact registry alias and explicit species match. Molecular form is extracted and unreviewed. Registry provenance is in full_integration_v1/entity_decisions.jsonl. UniProt v3: unique reviewed primary gene/species match; canonical sequence reference, not experimental isoform confirmation."
LOCAL:protein:NCBIGene:24055,protein,,,Sh3bp2 protein,Sh3bp2,mouse,,3BP2,,,registry_gene_locus_mapped_protein_accession_pending,"{""pdb_structures"": [], ""uniprot_identity_status"": ""unresolved_gene_species_match"", ""identity_note"": ""Prior candidate accessions archived in protein_accession_decisions.json; no unique reviewed primary-gene/species mapping.""}",Automated exact registry alias and explicit species match. Molecular form is extracted and unreviewed. Registry provenance is in full_integration_v1/entity_decisions.jsonl.
LOCAL:gene:NCBIGene:170826,gene,,,Ppargc1b gene,Ppargc1b,mouse,,PGC-1beta,,,registry_gene_locus_mapped,{},Automated exact registry alias and explicit species match. Molecular form is extracted and unreviewed. Registry provenance is in full_integration_v1/entity_decisions.jsonl.
LOCAL:protein:NCBIGene:76701,protein,,,Ctrc protein,Ctrc,mouse,,caldecrin,,,registry_gene_species_protein_accession_mapped,"{""pdb_structures"": [], ""registry_identity_sha256"": ""744880dcf10f5f8ba75bd8fd0782cf5c3928adede908fdcc7a809c1e21963937"", ""registry_identity_source"": ""data/raw/provenance/resolution_quality_v3/uniprot_d168eb5eb5796cbb.json"", ""uniprot_id"": ""Q3SYP2"", ""uniprot_identity_status"": ""unique_reviewed_registry_gene_species_match""}","Automated exact registry alias and explicit species match. Molecular form is extracted and unreviewed. Registry provenance is in full_integration_v1/entity_decisions.jsonl. UniProt v3: unique reviewed primary gene/species match; canonical sequence reference, not experimental isoform confirmation."
LOCAL:gene:NCBIGene:216805,gene,,,Flcn gene,Flcn,mouse,,Flcn,,,registry_gene_locus_mapped,{},Automated exact registry alias and explicit species match. Molecular form is extracted and unreviewed. Registry provenance is in full_integration_v1/entity_decisions.jsonl.
LOCAL:protein:NCBIGene:19277,protein,,,Ptpro protein,Ptpro,mouse,,PTPROt,,,registry_gene_species_protein_accession_mapped,"{""pdb_structures"": [], ""registry_identity_sha256"": ""20407404ad1e0c2a4bc8f26515311f9476c3c8d3ee9b165c4f30ad5459a169cc"", ""registry_identity_source"": ""data/raw/provenance/resolution_quality_v3/uniprot_0f0ac7c5327151fb.json"", ""uniprot_id"": ""E9Q612"", ""uniprot_identity_status"": ""unique_reviewed_registry_gene_species_match""}","Automated exact registry alias and explicit species match. Molecular form is extracted and unreviewed. Registry provenance is in full_integration_v1/entity_decisions.jsonl. UniProt v3: unique reviewed primary gene/species match; canonical sequence reference, not experimental isoform confirmation."
LOCAL:protein:NCBIGene:56213,protein,,,Htra1 protein,Htra1,mouse,,HtrA1,,,registry_gene_species_protein_accession_mapped,"{""pdb_structures"": [], ""registry_identity_sha256"": ""a97fd6b14bda14e8c4e7b211e9d91cb3ec05a77f43c495e98cf5a9736b05086b"", ""registry_identity_source"": ""data/raw/provenance/resolution_quality_v3/uniprot_5ac89c3ebe8f83bb.json"", ""uniprot_id"": ""Q9R118"", ""uniprot_identity_status"": ""unique_reviewed_registry_gene_species_match""}","Automated exact registry alias and explicit species match. Molecular form is extracted and unreviewed. Registry provenance is in full_integration_v1/entity_decisions.jsonl. UniProt v3: unique reviewed primary gene/species match; canonical sequence reference, not experimental isoform confirmation."
LOCAL:gene:NCBIGene:54673,gene,,,Sh3glb1 gene,Sh3glb1,mouse,,Bif-1,,,registry_gene_locus_mapped,{},Automated exact registry alias and explicit species match. Molecular form is extracted and unreviewed. Registry provenance is in full_integration_v1/entity_decisions.jsonl.
LOCAL:gene:NCBIGene:16562,gene,,,Kif1c gene,Kif1c,mouse,,Kif1c,,,registry_gene_locus_mapped,{},Automated exact registry alias and explicit species match. Molecular form is extracted and unreviewed. Registry provenance is in full_integration_v1/entity_decisions.jsonl.
LOCAL:rna:NCBIGene:387161,rna,mirna,,Mir143 RNA,Mir143,mouse,,miR-143,,,registry_gene_locus_mapped_transcript_accession_pending,{},Automated exact registry alias and explicit species match. Molecular form is extracted and unreviewed. Registry provenance is in full_integration_v1/entity_decisions.jsonl.
LOCAL:process:osteoclast_formation,pathway,,,osteoclast formation,,all,,,,,local_process_definition,{},"Local process label; formation, fusion and activity are separate endpoints, not asserted ontology accessions."
LOCAL:gene:NCBIGene:2034,gene,,,EPAS1 gene,EPAS1,human,,HIF-2alpha,,,registry_gene_locus_mapped,{},Automated exact registry alias and explicit species match. Molecular form is extracted and unreviewed. Registry provenance is in full_integration_v1/entity_decisions.jsonl.
LOCAL:gene:NCBIGene:3091,gene,,,HIF1A gene,HIF1A,human,,HIF-1alpha,,,registry_gene_locus_mapped,{},Automated exact registry alias and explicit species match. Molecular form is extracted and unreviewed. Registry provenance is in full_integration_v1/entity_decisions.jsonl.
LOCAL:gene:NCBIGene:20535,gene,,,Slc4a2 gene,Slc4a2,mouse,,Slc4a2,,,registry_gene_locus_mapped,{},Automated exact registry alias and explicit species match. Molecular form is extracted and unreviewed. Registry provenance is in full_integration_v1/entity_decisions.jsonl.
LOCAL:protein:NCBIGene:23028,protein,,,KDM1A protein,KDM1A,human,,LSD1,,,registry_gene_species_protein_accession_mapped,"{""pdb_structures"": [], ""registry_identity_sha256"": ""7263899bf40ced21b23918c19da658350c67cbf81d66e681bd22604e97ccfc83"", ""registry_identity_source"": ""data/raw/provenance/resolution_quality_v3/uniprot_cbd6f213f02791f4.json"", ""uniprot_id"": ""O60341"", ""uniprot_identity_status"": ""unique_reviewed_registry_gene_species_match""}","Automated exact registry alias and explicit species match. Molecular form is extracted and unreviewed. Registry provenance is in full_integration_v1/entity_decisions.jsonl. UniProt v3: unique reviewed primary gene/species match; canonical sequence reference, not experimental isoform confirmation."
LOCAL:gene:NCBIGene:19744,gene,,,Rheb gene,Rheb,mouse,,Rheb1,,,registry_gene_locus_mapped,{},Automated exact registry alias and explicit species match. Molecular form is extracted and unreviewed. Registry provenance is in full_integration_v1/entity_decisions.jsonl.
LOCAL:protein:NCBIGene:14268,protein,,,Fn1 protein,Fn1,mouse,,Fibronectin,,,registry_gene_species_protein_accession_mapped,"{""pdb_structures"": [], ""registry_identity_sha256"": ""744880dcf10f5f8ba75bd8fd0782cf5c3928adede908fdcc7a809c1e21963937"", ""registry_identity_source"": ""data/raw/provenance/resolution_quality_v3/uniprot_d168eb5eb5796cbb.json"", ""uniprot_id"": ""P11276"", ""uniprot_identity_status"": ""unique_reviewed_registry_gene_species_match""}","Automated exact registry alias and explicit species match. Molecular form is extracted and unreviewed. Registry provenance is in full_integration_v1/entity_decisions.jsonl. UniProt v3: unique reviewed primary gene/species match; canonical sequence reference, not experimental isoform confirmation."
LOCAL:rna:NCBIGene:387166,rna,mirna,,Mir148a RNA,Mir148a,mouse,,miR-148a,,,registry_gene_locus_mapped_transcript_accession_pending,{},Automated exact registry alias and explicit species match. Molecular form is extracted and unreviewed. Registry provenance is in full_integration_v1/entity_decisions.jsonl.
LOCAL:gene:NCBIGene:15251,gene,,,Hif1a gene,Hif1a,mouse,,HIF-1alpha,,,registry_gene_locus_mapped,{},Automated exact registry alias and explicit species match. Molecular form is extracted and unreviewed. Registry provenance is in full_integration_v1/entity_decisions.jsonl.
LOCAL:gene:NCBIGene:21937,gene,,,Tnfrsf1a gene,Tnfrsf1a,mouse,,TNFRp55,,,registry_gene_locus_mapped,{},Automated exact registry alias and explicit species match. Molecular form is extracted and unreviewed. Registry provenance is in full_integration_v1/entity_decisions.jsonl.
LOCAL:gene:NCBIGene:22223,gene,,,Uchl1 gene,Uchl1,mouse,,UCHL1,,,registry_gene_locus_mapped,{},Automated exact registry alias and explicit species match. Molecular form is extracted and unreviewed. Registry provenance is in full_integration_v1/entity_decisions.jsonl.
LOCAL:gene:NCBIGene:105787,gene,,,Prkaa1 gene,Prkaa1,mouse,,AMPKalpha1,,,registry_gene_locus_mapped,{},Automated exact registry alias and explicit species match. Molecular form is extracted and unreviewed. Registry provenance is in full_integration_v1/entity_decisions.jsonl.
LOCAL:gene:NCBIGene:12894,gene,,,Cpt1a gene,Cpt1a,mouse,,Cpt1a,,,registry_gene_locus_mapped,{},Automated exact registry alias and explicit species match. Molecular form is extracted and unreviewed. Registry provenance is in full_integration_v1/entity_decisions.jsonl.
LOCAL:gene:NCBIGene:12772,gene,,,Ccr2 gene,Ccr2,mouse,,Ccr2,,,registry_gene_locus_mapped,{},Automated exact registry alias and explicit species match. Molecular form is extracted and unreviewed. Registry provenance is in full_integration_v1/entity_decisions.jsonl.
LOCAL:process:osteoclast_activity,pathway,,,osteoclast activity,,all,,,,,local_process_definition,{},"Local process label; formation, fusion and activity are separate endpoints, not asserted ontology accessions."
LOCAL:gene:NCBIGene:23959,gene,,,Nt5e gene,Nt5e,mouse,,CD73,,,registry_gene_locus_mapped,{},Automated exact registry alias and explicit species match. Molecular form is extracted and unreviewed. Registry provenance is in full_integration_v1/entity_decisions.jsonl.
LOCAL:rna:NCBIGene:70036,rna,other,,Dancr RNA,Dancr,mouse,,Dancr,,,registry_gene_locus_mapped_transcript_accession_pending,{},Automated exact registry alias and explicit species match. Molecular form is extracted and unreviewed. Registry provenance is in full_integration_v1/entity_decisions.jsonl.
LOCAL:protein:NCBIGene:11532,protein,,,Adh5 protein,Adh5,mouse,,GSNOR,,,registry_gene_species_protein_accession_mapped,"{""pdb_structures"": [], ""registry_identity_sha256"": ""ba92e00e2c9fb939b805ed2459ad97ba447343cd0a7f3010b594d79e60f857db"", ""registry_identity_source"": ""data/raw/provenance/resolution_quality_v3/uniprot_6828c3d881b83cfa.json"", ""uniprot_id"": ""P28474"", ""uniprot_identity_status"": ""unique_reviewed_registry_gene_species_match""}","Automated exact registry alias and explicit species match. Molecular form is extracted and unreviewed. Registry provenance is in full_integration_v1/entity_decisions.jsonl. UniProt v3: unique reviewed primary gene/species match; canonical sequence reference, not experimental isoform confirmation."
LOCAL:gene:NCBIGene:216799,gene,,,Nlrp3 gene,Nlrp3,mouse,,Nlrp3,,,registry_gene_locus_mapped,{},Automated exact registry alias and explicit species match. Molecular form is extracted and unreviewed. Registry provenance is in full_integration_v1/entity_decisions.jsonl.
LOCAL:gene:NCBIGene:17289,gene,,,Mertk gene,Mertk,mouse,,Mertk,,,registry_gene_locus_mapped,{},Automated exact registry alias and explicit species match. Molecular form is extracted and unreviewed. Registry provenance is in full_integration_v1/entity_decisions.jsonl.
LOCAL:gene:NCBIGene:18606,gene,,,Enpp2 gene,Enpp2,mouse,,ATX,,,registry_gene_locus_mapped,{},Automated exact registry alias and explicit species match. Molecular form is extracted and unreviewed. Registry provenance is in full_integration_v1/entity_decisions.jsonl.
LOCAL:protein:NCBIGene:80722,protein,,,Sost protein,Sost,rat,,sclerostin,,,registry_gene_species_protein_accession_mapped,"{""pdb_structures"": [], ""registry_identity_sha256"": ""8cce289d75743eda2d73bc6e2a8feacac65b0f4b30c4b7b8b0e5306ae817245b"", ""registry_identity_source"": ""data/raw/provenance/resolution_quality_v3/uniprot_d735ed70fbd9624d.json"", ""uniprot_id"": ""Q99P67"", ""uniprot_identity_status"": ""unique_reviewed_registry_gene_species_match""}","Automated exact registry alias and explicit species match. Molecular form is extracted and unreviewed. Registry provenance is in full_integration_v1/entity_decisions.jsonl. UniProt v3: unique reviewed primary gene/species match; canonical sequence reference, not experimental isoform confirmation."
LOCAL:gene:NCBIGene:71198,gene,,,Otud1 gene,Otud1,mouse,,OTUD1,,,registry_gene_locus_mapped,{},Automated exact registry alias and explicit species match. Molecular form is extracted and unreviewed. Registry provenance is in full_integration_v1/entity_decisions.jsonl.
LOCAL:gene:NCBIGene:12151,gene,,,Bmi1 gene,Bmi1,mouse,,Bmi1,,,registry_gene_locus_mapped,{},Automated exact registry alias and explicit species match. Molecular form is extracted and unreviewed. Registry provenance is in full_integration_v1/entity_decisions.jsonl.
LOCAL:gene:NCBIGene:83619,gene,,,Nfe2l2 gene,Nfe2l2,rat,,Nrf2,,,registry_gene_locus_mapped,{},Automated exact registry alias and explicit species match. Molecular form is extracted and unreviewed. Registry provenance is in full_integration_v1/entity_decisions.jsonl.
LOCAL:gene:NCBIGene:54484,gene,,,Mkrn1 gene,Mkrn1,mouse,,Mkrn1,,,registry_gene_locus_mapped,{},Automated exact registry alias and explicit species match. Molecular form is extracted and unreviewed. Registry provenance is in full_integration_v1/entity_decisions.jsonl.
LOCAL:protein:NCBIGene:20698,protein,,,Sphk1 protein,Sphk1,mouse,,SphK1,,,registry_gene_species_protein_accession_mapped,"{""pdb_structures"": [], ""registry_identity_sha256"": ""fff6754ca418684d19ac3baf961c0284ed2ddba4c51c86dece9814c37d5cb48b"", ""registry_identity_source"": ""data/raw/provenance/resolution_quality_v3/uniprot_4e470044f136f8ca.json"", ""uniprot_id"": ""Q8CI15"", ""uniprot_identity_status"": ""unique_reviewed_registry_gene_species_match""}","Automated exact registry alias and explicit species match. Molecular form is extracted and unreviewed. Registry provenance is in full_integration_v1/entity_decisions.jsonl. UniProt v3: unique reviewed primary gene/species match; canonical sequence reference, not experimental isoform confirmation."
LOCAL:protein:NCBIGene:17387,protein,,,Mmp14 protein,Mmp14,mouse,,MMP14,,,registry_gene_species_protein_accession_mapped,"{""pdb_structures"": [], ""registry_identity_sha256"": ""2d5ad4961362bed9e66c5812a2f18bea8a1fbd71b7861980cc5f2b51e23e9e49"", ""registry_identity_source"": ""data/raw/provenance/resolution_quality_v3/uniprot_006f32829191c959.json"", ""uniprot_id"": ""P53690"", ""uniprot_identity_status"": ""unique_reviewed_registry_gene_species_match""}","Automated exact registry alias and explicit species match. Molecular form is extracted and unreviewed. Registry provenance is in full_integration_v1/entity_decisions.jsonl. UniProt v3: unique reviewed primary gene/species match; canonical sequence reference, not experimental isoform confirmation."
LOCAL:protein:NCBIGene:50929,protein,,,Il22 protein,Il22,mouse,,IL-22,,,registry_gene_species_protein_accession_mapped,"{""pdb_structures"": [], ""registry_identity_sha256"": ""a2822de83d5dc07866220959212d584411d8d744a4a537ec1c0d10057b7a43ce"", ""registry_identity_source"": ""data/raw/provenance/resolution_quality_v3/uniprot_dc686182e63af84e.json"", ""uniprot_id"": ""Q9JJY9"", ""uniprot_identity_status"": ""unique_reviewed_registry_gene_species_match""}","Automated exact registry alias and explicit species match. Molecular form is extracted and unreviewed. Registry provenance is in full_integration_v1/entity_decisions.jsonl. UniProt v3: unique reviewed primary gene/species match; canonical sequence reference, not experimental isoform confirmation."
LOCAL:gene:NCBIGene:297073,gene,,,Rarres2 gene,Rarres2,rat,,RARRES2,,,registry_gene_locus_mapped,{},Automated exact registry alias and explicit species match. Molecular form is extracted and unreviewed. Registry provenance is in full_integration_v1/entity_decisions.jsonl.
LOCAL:gene:NCBIGene:16147,gene,,,Ihh gene,Ihh,mouse,,Ihh,,,registry_gene_locus_mapped,{},Automated exact registry alias and explicit species match. Molecular form is extracted and unreviewed. Registry provenance is in full_integration_v1/entity_decisions.jsonl.
LOCAL:gene:NCBIGene:11891,gene,,,Rab27a gene,Rab27a,mouse,,Rab27A,,,registry_gene_locus_mapped,{},Automated exact registry alias and explicit species match. Molecular form is extracted and unreviewed. Registry provenance is in full_integration_v1/entity_decisions.jsonl.
LOCAL:gene:NCBIGene:231386,gene,,,Ythdc1 gene,Ythdc1,mouse,,YTHDC1,,,registry_gene_locus_mapped,{},Automated exact registry alias and explicit species match. Molecular form is extracted and unreviewed. Registry provenance is in full_integration_v1/entity_decisions.jsonl.
LOCAL:protein:NCBIGene:68588,protein,,,Cthrc1 protein,Cthrc1,mouse,,CTHRC1,,,registry_gene_species_protein_accession_mapped,"{""pdb_structures"": [], ""registry_identity_sha256"": ""744880dcf10f5f8ba75bd8fd0782cf5c3928adede908fdcc7a809c1e21963937"", ""registry_identity_source"": ""data/raw/provenance/resolution_quality_v3/uniprot_d168eb5eb5796cbb.json"", ""uniprot_id"": ""Q9D1D6"", ""uniprot_identity_status"": ""unique_reviewed_registry_gene_species_match""}","Automated exact registry alias and explicit species match. Molecular form is extracted and unreviewed. Registry provenance is in full_integration_v1/entity_decisions.jsonl. UniProt v3: unique reviewed primary gene/species match; canonical sequence reference, not experimental isoform confirmation."
LOCAL:gene:NCBIGene:16176,gene,,,Il1b gene,Il1b,mouse,,interleukin-1beta,,,registry_gene_locus_mapped,{},Automated exact registry alias and explicit species match. Molecular form is extracted and unreviewed. Registry provenance is in full_integration_v1/entity_decisions.jsonl.
LOCAL:protein:NCBIGene:17096,protein,,,Lyn protein,Lyn,mouse,,Lyn,,,registry_gene_species_protein_accession_mapped,"{""pdb_structures"": [], ""registry_identity_sha256"": ""a2822de83d5dc07866220959212d584411d8d744a4a537ec1c0d10057b7a43ce"", ""registry_identity_source"": ""data/raw/provenance/resolution_quality_v3/uniprot_dc686182e63af84e.json"", ""uniprot_id"": ""P25911"", ""uniprot_identity_status"": ""unique_reviewed_registry_gene_species_match""}","Automated exact registry alias and explicit species match. Molecular form is extracted and unreviewed. Registry provenance is in full_integration_v1/entity_decisions.jsonl. UniProt v3: unique reviewed primary gene/species match; canonical sequence reference, not experimental isoform confirmation."
LOCAL:protein:NCBIGene:20491,protein,,,Sla protein,Sla,mouse,,SLAP,,,registry_gene_species_protein_accession_mapped,"{""pdb_structures"": [], ""registry_identity_sha256"": ""fff6754ca418684d19ac3baf961c0284ed2ddba4c51c86dece9814c37d5cb48b"", ""registry_identity_source"": ""data/raw/provenance/resolution_quality_v3/uniprot_4e470044f136f8ca.json"", ""uniprot_id"": ""Q60898"", ""uniprot_identity_status"": ""unique_reviewed_registry_gene_species_match""}","Automated exact registry alias and explicit species match. Molecular form is extracted and unreviewed. Registry provenance is in full_integration_v1/entity_decisions.jsonl. UniProt v3: unique reviewed primary gene/species match; canonical sequence reference, not experimental isoform confirmation."
LOCAL:protein:NCBIGene:14784,protein,,,Grb2 protein,Grb2,mouse,,GRB2,,,registry_gene_species_protein_accession_mapped,"{""pdb_structures"": [], ""registry_identity_sha256"": ""a97fd6b14bda14e8c4e7b211e9d91cb3ec05a77f43c495e98cf5a9736b05086b"", ""registry_identity_source"": ""data/raw/provenance/resolution_quality_v3/uniprot_5ac89c3ebe8f83bb.json"", ""uniprot_id"": ""Q60631"", ""uniprot_identity_status"": ""unique_reviewed_registry_gene_species_match""}","Automated exact registry alias and explicit species match. Molecular form is extracted and unreviewed. Registry provenance is in full_integration_v1/entity_decisions.jsonl. UniProt v3: unique reviewed primary gene/species match; canonical sequence reference, not experimental isoform confirmation."
LOCAL:protein:NCBIGene:76448,protein,,,Ppp1r18 protein,Ppp1r18,mouse,,PPP1r18,,,registry_gene_species_protein_accession_mapped,"{""pdb_structures"": [], ""registry_identity_sha256"": ""20407404ad1e0c2a4bc8f26515311f9476c3c8d3ee9b165c4f30ad5459a169cc"", ""registry_identity_source"": ""data/raw/provenance/resolution_quality_v3/uniprot_0f0ac7c5327151fb.json"", ""uniprot_id"": ""Q8BQ30"", ""uniprot_identity_status"": ""unique_reviewed_registry_gene_species_match""}","Automated exact registry alias and explicit species match. Molecular form is extracted and unreviewed. Registry provenance is in full_integration_v1/entity_decisions.jsonl. UniProt v3: unique reviewed primary gene/species match; canonical sequence reference, not experimental isoform confirmation."
LOCAL:gene:NCBIGene:209446,gene,,,Tfe3 gene,Tfe3,mouse,,Tfe3,,,registry_gene_locus_mapped,{},Automated exact registry alias and explicit species match. Molecular form is extracted and unreviewed. Registry provenance is in full_integration_v1/entity_decisions.jsonl.
LOCAL:protein:NCBIGene:8743,protein,,,TNFSF10 protein,TNFSF10,human,,TRAIL,,,registry_gene_species_protein_accession_mapped,"{""pdb_structures"": [], ""registry_identity_sha256"": ""7263899bf40ced21b23918c19da658350c67cbf81d66e681bd22604e97ccfc83"", ""registry_identity_source"": ""data/raw/provenance/resolution_quality_v3/uniprot_cbd6f213f02791f4.json"", ""uniprot_id"": ""P50591"", ""uniprot_identity_status"": ""unique_reviewed_registry_gene_species_match""}","Automated exact registry alias and explicit species match. Molecular form is extracted and unreviewed. Registry provenance is in full_integration_v1/entity_decisions.jsonl. UniProt v3: unique reviewed primary gene/species match; canonical sequence reference, not experimental isoform confirmation."
LOCAL:protein:NCBIGene:263803,protein,,,Pkn3 protein,Pkn3,mouse,,Pkn3,,,registry_gene_species_protein_accession_mapped,"{""pdb_structures"": [], ""registry_identity_sha256"": ""20407404ad1e0c2a4bc8f26515311f9476c3c8d3ee9b165c4f30ad5459a169cc"", ""registry_identity_source"": ""data/raw/provenance/resolution_quality_v3/uniprot_0f0ac7c5327151fb.json"", ""uniprot_id"": ""Q8K045"", ""uniprot_identity_status"": ""unique_reviewed_registry_gene_species_match""}","Automated exact registry alias and explicit species match. Molecular form is extracted and unreviewed. Registry provenance is in full_integration_v1/entity_decisions.jsonl. UniProt v3: unique reviewed primary gene/species match; canonical sequence reference, not experimental isoform confirmation."
LOCAL:gene:NCBIGene:21934,gene,,,Tnfrsf11a gene,Tnfrsf11a,mouse,,RANK,,,registry_gene_locus_mapped,{},Automated exact registry alias and explicit species match. Molecular form is extracted and unreviewed. Registry provenance is in full_integration_v1/entity_decisions.jsonl.
LOCAL:gene:NCBIGene:18604,gene,,,Pdk2 gene,Pdk2,mouse,,Pdk2,,,registry_gene_locus_mapped,{},Automated exact registry alias and explicit species match. Molecular form is extracted and unreviewed. Registry provenance is in full_integration_v1/entity_decisions.jsonl.
LOCAL:process:bone_loss,pathway,,,bone loss,,all,,,,,local_process_definition,{},"Local process definition; composite outcomes are kept composite, not split or treated as equivalent to individual endpoints."
LOCAL:protein:NCBIGene:17700,protein,,,Mstn protein,Mstn,mouse,,myostatin,,,registry_gene_species_protein_accession_mapped,"{""pdb_structures"": [], ""registry_identity_sha256"": ""2d5ad4961362bed9e66c5812a2f18bea8a1fbd71b7861980cc5f2b51e23e9e49"", ""registry_identity_source"": ""data/raw/provenance/resolution_quality_v3/uniprot_006f32829191c959.json"", ""uniprot_id"": ""O08689"", ""uniprot_identity_status"": ""unique_reviewed_registry_gene_species_match""}","Automated exact registry alias and explicit species match. Molecular form is extracted and unreviewed. Registry provenance is in full_integration_v1/entity_decisions.jsonl. UniProt v3: unique reviewed primary gene/species match; canonical sequence reference, not experimental isoform confirmation."
LOCAL:protein:NCBIGene:23945,protein,,,Mgll protein,Mgll,mouse,,MAGL,,,registry_gene_species_protein_accession_mapped,"{""pdb_structures"": [], ""registry_identity_sha256"": ""2d5ad4961362bed9e66c5812a2f18bea8a1fbd71b7861980cc5f2b51e23e9e49"", ""registry_identity_source"": ""data/raw/provenance/resolution_quality_v3/uniprot_006f32829191c959.json"", ""uniprot_id"": ""O35678"", ""uniprot_identity_status"": ""unique_reviewed_registry_gene_species_match""}","Automated exact registry alias and explicit species match. Molecular form is extracted and unreviewed. Registry provenance is in full_integration_v1/entity_decisions.jsonl. UniProt v3: unique reviewed primary gene/species match; canonical sequence reference, not experimental isoform confirmation."
LOCAL:gene:NCBIGene:140580,gene,,,Elmo1 gene,Elmo1,mouse,,ELMO1,,,registry_gene_locus_mapped,{},Automated exact registry alias and explicit species match. Molecular form is extracted and unreviewed. Registry provenance is in full_integration_v1/entity_decisions.jsonl.
LOCAL:protein:NCBIGene:8600,protein,,,TNFSF11 protein,TNFSF11,human,,RANKL,,,registry_gene_species_protein_accession_mapped,"{""pdb_structures"": [], ""registry_identity_sha256"": ""7263899bf40ced21b23918c19da658350c67cbf81d66e681bd22604e97ccfc83"", ""registry_identity_source"": ""data/raw/provenance/resolution_quality_v3/uniprot_cbd6f213f02791f4.json"", ""uniprot_id"": ""O14788"", ""uniprot_identity_status"": ""unique_reviewed_registry_gene_species_match""}","Automated exact registry alias and explicit species match. Molecular form is extracted and unreviewed. Registry provenance is in full_integration_v1/entity_decisions.jsonl. UniProt v3: unique reviewed primary gene/species match; canonical sequence reference, not experimental isoform confirmation."
LOCAL:gene:NCBIGene:214133,gene,,,Tet2 gene,Tet2,mouse,,Tet2,,,registry_gene_locus_mapped,{},Automated exact registry alias and explicit species match. Molecular form is extracted and unreviewed. Registry provenance is in full_integration_v1/entity_decisions.jsonl.
LOCAL:process:autophagy,pathway,,,autophagy,,all,,,,,local_process_definition,{},"Local process definition; composite outcomes are kept composite, not split or treated as equivalent to individual endpoints."
LOCAL:gene:NCBIGene:20185,gene,,,Ncor1 gene,Ncor1,mouse,,Ncor1,,,registry_gene_locus_mapped,{},Automated exact registry alias and explicit species match. Molecular form is extracted and unreviewed. Registry provenance is in full_integration_v1/entity_decisions.jsonl.
LOCAL:gene:NCBIGene:729230,gene,,,CCR2 gene,CCR2,human,,CCR2,,,registry_gene_locus_mapped,{},Automated exact registry alias and explicit species match. Molecular form is extracted and unreviewed. Registry provenance is in full_integration_v1/entity_decisions.jsonl.
LOCAL:gene:NCBIGene:108664,gene,,,Atp6v1h gene,Atp6v1h,mouse,,Atp6v1h,,,registry_gene_locus_mapped,{},Automated exact registry alias and explicit species match. Molecular form is extracted and unreviewed. Registry provenance is in full_integration_v1/entity_decisions.jsonl.
LOCAL:gene:NCBIGene:338523,gene,,,Kdm7a gene,Kdm7a,mouse,,Kdm7a,,,registry_gene_locus_mapped,{},Automated exact registry alias and explicit species match. Molecular form is extracted and unreviewed. Registry provenance is in full_integration_v1/entity_decisions.jsonl.
LOCAL:gene:NCBIGene:21943,gene,,,Tnfsf11 gene,Tnfsf11,mouse,,RANKL,,,registry_gene_locus_mapped,{},Automated exact registry alias and explicit species match. Molecular form is extracted and unreviewed. Registry provenance is in full_integration_v1/entity_decisions.jsonl.
LOCAL:gene:NCBIGene:67181,gene,,,Ctdnep1 gene,Ctdnep1,mouse,,Ctdnep1,,,registry_gene_locus_mapped,{},Automated exact registry alias and explicit species match. Molecular form is extracted and unreviewed. Registry provenance is in full_integration_v1/entity_decisions.jsonl.
LOCAL:gene:NCBIGene:21898,gene,,,Tlr4 gene,Tlr4,mouse,,Tlr4,,,registry_gene_locus_mapped,{},Automated exact registry alias and explicit species match. Molecular form is extracted and unreviewed. Registry provenance is in full_integration_v1/entity_decisions.jsonl.
LOCAL:gene:NCBIGene:23918,gene,,,Impdh2 gene,Impdh2,mouse,,Impdh2,,,registry_gene_locus_mapped,{},Automated exact registry alias and explicit species match. Molecular form is extracted and unreviewed. Registry provenance is in full_integration_v1/entity_decisions.jsonl.
LOCAL:process:oxidative_phosphorylation,pathway,,,oxidative phosphorylation,,all,,,,,local_process_definition,{},"Local process definition; composite outcomes are kept composite, not split or treated as equivalent to individual endpoints."
LOCAL:gene:NCBIGene:13653,gene,,,Egr1 gene,Egr1,mouse,,EGR1,,,registry_gene_locus_mapped,{},Automated exact registry alias and explicit species match. Molecular form is extracted and unreviewed. Registry provenance is in full_integration_v1/entity_decisions.jsonl.
LOCAL:gene:NCBIGene:93759,gene,,,Sirt1 gene,Sirt1,mouse,,Sirt1,,,registry_gene_locus_mapped,{},Automated exact registry alias and explicit species match. Molecular form is extracted and unreviewed. Registry provenance is in full_integration_v1/entity_decisions.jsonl.
LOCAL:gene:NCBIGene:14104,gene,,,Fasn gene,Fasn,mouse,,Fasn,,,registry_gene_locus_mapped,{},Automated exact registry alias and explicit species match. Molecular form is extracted and unreviewed. Registry provenance is in full_integration_v1/entity_decisions.jsonl.
LOCAL:protein:NCBIGene:17750,protein,,,Mt2 protein,Mt2,mouse,,MT2,,,registry_gene_species_protein_accession_mapped,"{""pdb_structures"": [], ""registry_identity_sha256"": ""2d5ad4961362bed9e66c5812a2f18bea8a1fbd71b7861980cc5f2b51e23e9e49"", ""registry_identity_source"": ""data/raw/provenance/resolution_quality_v3/uniprot_006f32829191c959.json"", ""uniprot_id"": ""P02798"", ""uniprot_identity_status"": ""unique_reviewed_registry_gene_species_match""}","Automated exact registry alias and explicit species match. Molecular form is extracted and unreviewed. Registry provenance is in full_integration_v1/entity_decisions.jsonl. UniProt v3: unique reviewed primary gene/species match; canonical sequence reference, not experimental isoform confirmation."
LOCAL:gene:NCBIGene:12176,gene,,,Bnip3 gene,Bnip3,mouse,,BNIP3,,,registry_gene_locus_mapped,{},Automated exact registry alias and explicit species match. Molecular form is extracted and unreviewed. Registry provenance is in full_integration_v1/entity_decisions.jsonl.
LOCAL:gene:NCBIGene:19055,gene,,,Ppp3ca gene,Ppp3ca,mouse,,PPP3CA,,,registry_gene_locus_mapped,{},Automated exact registry alias and explicit species match. Molecular form is extracted and unreviewed. Registry provenance is in full_integration_v1/entity_decisions.jsonl.
LOCAL:gene:NCBIGene:20312,gene,,,Cx3cl1 gene,Cx3cl1,mouse,,CX3CL1,,,registry_gene_locus_mapped,{},Automated exact registry alias and explicit species match. Molecular form is extracted and unreviewed. Registry provenance is in full_integration_v1/entity_decisions.jsonl.
LOCAL:gene:NCBIGene:50883,gene,,,Chek2 gene,Chek2,mouse,,Chk2,,,registry_gene_locus_mapped,{},Automated exact registry alias and explicit species match. Molecular form is extracted and unreviewed. Registry provenance is in full_integration_v1/entity_decisions.jsonl.
LOCAL:gene:NCBIGene:252870,gene,,,Usp7 gene,Usp7,mouse,,USP7,,,registry_gene_locus_mapped,{},Automated exact registry alias and explicit species match. Molecular form is extracted and unreviewed. Registry provenance is in full_integration_v1/entity_decisions.jsonl.
LOCAL:rna:NCBIGene:433367,rna,other,,Gm5532 RNA,Gm5532,mouse,,Gm5532,,,registry_gene_locus_mapped_transcript_accession_pending,{},Automated exact registry alias and explicit species match. Molecular form is extracted and unreviewed. Registry provenance is in full_integration_v1/entity_decisions.jsonl.
LOCAL:gene:NCBIGene:16819,gene,,,Lcn2 gene,Lcn2,mouse,,Lcn2,,,registry_gene_locus_mapped,{},Automated exact registry alias and explicit species match. Molecular form is extracted and unreviewed. Registry provenance is in full_integration_v1/entity_decisions.jsonl.
LOCAL:gene:NCBIGene:89813,gene,,,Pdk4 gene,Pdk4,rat,,PDK4,,,registry_gene_locus_mapped,{},Automated exact registry alias and explicit species match. Molecular form is extracted and unreviewed. Registry provenance is in full_integration_v1/entity_decisions.jsonl.
LOCAL:protein:NCBIGene:20750,protein,,,Spp1 protein,Spp1,mouse,,OPN,,,registry_gene_species_protein_accession_mapped,"{""pdb_structures"": [], ""registry_identity_sha256"": ""fff6754ca418684d19ac3baf961c0284ed2ddba4c51c86dece9814c37d5cb48b"", ""registry_identity_source"": ""data/raw/provenance/resolution_quality_v3/uniprot_4e470044f136f8ca.json"", ""uniprot_id"": ""P10923"", ""uniprot_identity_status"": ""unique_reviewed_registry_gene_species_match""}","Automated exact registry alias and explicit species match. Molecular form is extracted and unreviewed. Registry provenance is in full_integration_v1/entity_decisions.jsonl. UniProt v3: unique reviewed primary gene/species match; canonical sequence reference, not experimental isoform confirmation."
LOCAL:gene:NCBIGene:303637,gene,,,Abca8 gene,Abca8,rat,,ABCA8,,,registry_gene_locus_mapped,{},Automated exact registry alias and explicit species match. Molecular form is extracted and unreviewed. Registry provenance is in full_integration_v1/entity_decisions.jsonl.
LOCAL:protein:NCBIGene:231386,protein,,,Ythdc1 protein,Ythdc1,mouse,,YTHDC1,,,registry_gene_species_protein_accession_mapped,"{""pdb_structures"": [], ""registry_identity_sha256"": ""706c6c2b55a8d87fd8fa62b0d7be65e7dec753c7eb357cda9eb5418a63524cd8"", ""registry_identity_source"": ""data/raw/provenance/resolution_quality_v3/uniprot_c0818e2f9d5778df.json"", ""uniprot_id"": ""E9Q5K9"", ""uniprot_identity_status"": ""unique_reviewed_registry_gene_species_match""}","Automated exact registry alias and explicit species match. Molecular form is extracted and unreviewed. Registry provenance is in full_integration_v1/entity_decisions.jsonl. UniProt v3: unique reviewed primary gene/species match; canonical sequence reference, not experimental isoform confirmation."
LOCAL:gene:NCBIGene:93760,gene,,,Arid1a gene,Arid1a,mouse,,ARID1A,,,registry_gene_locus_mapped,{},Automated exact registry alias and explicit species match. Molecular form is extracted and unreviewed. Registry provenance is in full_integration_v1/entity_decisions.jsonl.
LOCAL:protein:NCBIGene:28199,protein,,,Dcaf11 protein,Dcaf11,mouse,,WDR23,,,registry_gene_species_protein_accession_mapped,"{""pdb_structures"": [], ""registry_identity_sha256"": ""744880dcf10f5f8ba75bd8fd0782cf5c3928adede908fdcc7a809c1e21963937"", ""registry_identity_source"": ""data/raw/provenance/resolution_quality_v3/uniprot_d168eb5eb5796cbb.json"", ""uniprot_id"": ""Q91VU6"", ""uniprot_identity_status"": ""unique_reviewed_registry_gene_species_match""}","Automated exact registry alias and explicit species match. Molecular form is extracted and unreviewed. Registry provenance is in full_integration_v1/entity_decisions.jsonl. UniProt v3: unique reviewed primary gene/species match; canonical sequence reference, not experimental isoform confirmation."
LOCAL:process:glycolysis,pathway,,,glycolysis,,all,,,,,local_process_definition,{},"Local process definition; composite outcomes are kept composite, not split or treated as equivalent to individual endpoints."
LOCAL:protein:NCBIGene:7189,protein,,,TRAF6 protein,TRAF6,human,,TRAF6,,,registry_gene_species_protein_accession_mapped,"{""pdb_structures"": [], ""registry_identity_sha256"": ""7263899bf40ced21b23918c19da658350c67cbf81d66e681bd22604e97ccfc83"", ""registry_identity_source"": ""data/raw/provenance/resolution_quality_v3/uniprot_cbd6f213f02791f4.json"", ""uniprot_id"": ""Q9Y4K3"", ""uniprot_identity_status"": ""unique_reviewed_registry_gene_species_match""}","Automated registry alias/species mapping; exact molecular form and experiment remain unreviewed. Decisions: data/staging/full_integration_v3/entity_decisions.jsonl. UniProt v3: unique reviewed primary gene/species match; canonical sequence reference, not experimental isoform confirmation."
LOCAL:gene:NCBIGene:71660,gene,,,Rarres2 gene,Rarres2,mouse,,chemerin,,,registry_gene_locus_mapped,{},Automated registry alias/species mapping; exact molecular form and experiment remain unreviewed. Decisions: data/staging/full_integration_v3/entity_decisions.jsonl.
LOCAL:protein:NCBIGene:3091,protein,,,HIF1A protein,HIF1A,human,,HIF-1alpha protein,,,registry_gene_species_protein_accession_mapped,"{""pdb_structures"": [], ""registry_identity_sha256"": ""7263899bf40ced21b23918c19da658350c67cbf81d66e681bd22604e97ccfc83"", ""registry_identity_source"": ""data/raw/provenance/resolution_quality_v3/uniprot_cbd6f213f02791f4.json"", ""uniprot_id"": ""Q16665"", ""uniprot_identity_status"": ""unique_reviewed_registry_gene_species_match""}","Automated registry alias/species mapping; exact molecular form and experiment remain unreviewed. Decisions: data/staging/full_integration_v3/entity_decisions.jsonl. UniProt v3: unique reviewed primary gene/species match; canonical sequence reference, not experimental isoform confirmation."
LOCAL:gene:NCBIGene:12043,gene,,,Bcl2 gene,Bcl2,mouse,,BCL2,,,registry_gene_locus_mapped,{},Automated registry alias/species mapping; exact molecular form and experiment remain unreviewed. Decisions: data/staging/full_integration_v3/entity_decisions.jsonl.
LOCAL:process:alveolar_bone_resorption,pathway,,,alveolar bone resorption,,all,,,,,local_process_definition,{},Bounded process definition; no equivalence to a broader endpoint asserted.
LOCAL:gene:NCBIGene:81661,gene,,,Gmfb gene,Gmfb,rat,,Gmfb,,,registry_gene_locus_mapped,{},Automated registry alias/species mapping; exact molecular form and experiment remain unreviewed. Decisions: data/staging/full_integration_v3/entity_decisions.jsonl.
LOCAL:process:actin_depolymerization,pathway,,,actin depolymerization,,all,,,,,local_process_definition,{},Bounded process definition; no equivalence to a broader endpoint asserted.
LOCAL:gene:NCBIGene:26940,gene,,,Ecsit gene,Ecsit,mouse,,ECSIT,,,registry_gene_locus_mapped,{},Automated registry alias/species mapping; exact molecular form and experiment remain unreviewed. Decisions: data/staging/full_integration_v3/entity_decisions.jsonl.
LOCAL:gene:NCBIGene:12166,gene,,,Bmpr1a gene,Bmpr1a,mouse,,Bmpr1a,,,registry_gene_locus_mapped,{},Automated registry alias/species mapping; exact molecular form and experiment remain unreviewed. Decisions: data/staging/full_integration_v3/entity_decisions.jsonl.
LOCAL:gene:NCBIGene:56620,gene,,,Clec4n gene,Clec4n,mouse,,Dectin-2,,,registry_gene_locus_mapped,{},Automated registry alias/species mapping; exact molecular form and experiment remain unreviewed. Decisions: data/staging/full_integration_v3/entity_decisions.jsonl.
LOCAL:gene:NCBIGene:319520,gene,,,Dusp4 gene,Dusp4,mouse,,DUSP4,,,registry_gene_locus_mapped,{},Automated registry alias/species mapping; exact molecular form and experiment remain unreviewed. Decisions: data/staging/full_integration_v3/entity_decisions.jsonl.
LOCAL:gene:NCBIGene:28240,gene,,,Trpm2 gene,Trpm2,mouse,,TRPM2,,,registry_gene_locus_mapped,{},Automated registry alias/species mapping; exact molecular form and experiment remain unreviewed. Decisions: data/staging/full_integration_v3/entity_decisions.jsonl.
LOCAL:gene:NCBIGene:13076,gene,,,Cyp1a1 gene,Cyp1a1,mouse,,Cyp1a1,,,registry_gene_locus_mapped,{},Automated registry alias/species mapping; exact molecular form and experiment remain unreviewed. Decisions: data/staging/full_integration_v3/entity_decisions.jsonl.
LOCAL:protein:NCBIGene:320202,protein,,,Lefty2 protein,Lefty2,mouse,,Lefty2,,,registry_gene_species_protein_accession_mapped,"{""pdb_structures"": [], ""registry_identity_sha256"": ""a2822de83d5dc07866220959212d584411d8d744a4a537ec1c0d10057b7a43ce"", ""registry_identity_source"": ""data/raw/provenance/resolution_quality_v3/uniprot_dc686182e63af84e.json"", ""uniprot_id"": ""P57785"", ""uniprot_identity_status"": ""unique_reviewed_registry_gene_species_match""}","Automated registry alias/species mapping; exact molecular form and experiment remain unreviewed. Decisions: data/staging/full_integration_v3/entity_decisions.jsonl. UniProt v3: unique reviewed primary gene/species match; canonical sequence reference, not experimental isoform confirmation."
LOCAL:gene:NCBIGene:170720,gene,,,Card14 gene,Card14,mouse,,CARD14,,,registry_gene_locus_mapped,{},Automated registry alias/species mapping; exact molecular form and experiment remain unreviewed. Decisions: data/staging/full_integration_v3/entity_decisions.jsonl.
LOCAL:protein:NCBIGene:244349,protein,,,Kat6a protein,Kat6a,mouse,,KAT6A,,,registry_gene_locus_mapped_protein_accession_pending,"{""pdb_structures"": [], ""uniprot_identity_status"": ""unresolved_gene_species_match"", ""identity_note"": ""Prior candidate accessions archived in protein_accession_decisions.json; no unique reviewed primary-gene/species mapping.""}",Automated registry alias/species mapping; exact molecular form and experiment remain unreviewed. Decisions: data/staging/full_integration_v3/entity_decisions.jsonl.
LOCAL:protein:NCBIGene:18024,protein,,,Nfe2l2 protein,Nfe2l2,mouse,,NRF2,,,registry_gene_species_protein_accession_mapped,"{""pdb_structures"": [], ""registry_identity_sha256"": ""2d5ad4961362bed9e66c5812a2f18bea8a1fbd71b7861980cc5f2b51e23e9e49"", ""registry_identity_source"": ""data/raw/provenance/resolution_quality_v3/uniprot_006f32829191c959.json"", ""uniprot_id"": ""Q60795"", ""uniprot_identity_status"": ""unique_reviewed_registry_gene_species_match""}","Automated registry alias/species mapping; exact molecular form and experiment remain unreviewed. Decisions: data/staging/full_integration_v3/entity_decisions.jsonl. UniProt v3: unique reviewed primary gene/species match; canonical sequence reference, not experimental isoform confirmation."
LOCAL:rna:NCBIGene:102635290,rna,lncrna,,Ttc39aos1 RNA,Ttc39aos1,mouse,,LincRNA-EPS,,,registry_gene_locus_mapped_transcript_accession_pending,{},Automated registry alias/species mapping; exact molecular form and experiment remain unreviewed. Decisions: data/staging/full_integration_v3/entity_decisions.jsonl.
LOCAL:gene:NCBIGene:23849,gene,,,Klf6 gene,Klf6,mouse,,KLF6,,,registry_gene_locus_mapped,{},Automated registry alias/species mapping; exact molecular form and experiment remain unreviewed. Decisions: data/staging/full_integration_v3/entity_decisions.jsonl.
LOCAL:protein:NCBIGene:56480,protein,,,Tbk1 protein,Tbk1,mouse,,TBK1,,,registry_gene_species_protein_accession_mapped,"{""pdb_structures"": [], ""registry_identity_sha256"": ""706c6c2b55a8d87fd8fa62b0d7be65e7dec753c7eb357cda9eb5418a63524cd8"", ""registry_identity_source"": ""data/raw/provenance/resolution_quality_v3/uniprot_c0818e2f9d5778df.json"", ""uniprot_id"": ""Q9WUN2"", ""uniprot_identity_status"": ""unique_reviewed_registry_gene_species_match""}","Automated registry alias/species mapping; exact molecular form and experiment remain unreviewed. Decisions: data/staging/full_integration_v3/entity_decisions.jsonl. UniProt v3: unique reviewed primary gene/species match; canonical sequence reference, not experimental isoform confirmation."
