database,article,doi,node type,node name,data
ChEBI,"Hastings et al., 2016 (Nucleic Acids Res) - ChEBI in 2016: Chemical Entities of Biological Interest ontology and database",10.1093/nar/gkv1072,extracellular_compound,Prostaglandin E2 (PGE2),Chemical Entity of Biological Interest (ChEBI). Small molecule metabolite or ion localized in extracellular.
ChEBI,"Hastings et al., 2016 (Nucleic Acids Res) - ChEBI in 2016: Chemical Entities of Biological Interest ontology and database",10.1093/nar/gkv1072,extracellular_compound,chloride(1-),Chemical Entity of Biological Interest (ChEBI). Small molecule metabolite or ion localized in extracellular.
ChEBI,"Hastings et al., 2016 (Nucleic Acids Res) - ChEBI in 2016: Chemical Entities of Biological Interest ontology and database",10.1093/nar/gkv1072,extracellular_compound,hydronium (H+),Chemical Entity of Biological Interest (ChEBI). Small molecule metabolite or ion localized in extracellular.
ChEBI,"Hastings et al., 2016 (Nucleic Acids Res) - ChEBI in 2016: Chemical Entities of Biological Interest ontology and database",10.1093/nar/gkv1072,intracellular_compound,(S)-malate,Chemical Entity of Biological Interest (ChEBI). Small molecule metabolite or ion localized in mitochondria.
ChEBI,"Hastings et al., 2016 (Nucleic Acids Res) - ChEBI in 2016: Chemical Entities of Biological Interest ontology and database",10.1093/nar/gkv1072,intracellular_compound,"1,3-bisphospho-D-glycerate",Chemical Entity of Biological Interest (ChEBI). Small molecule metabolite or ion localized in cytoplasm.
ChEBI,"Hastings et al., 2016 (Nucleic Acids Res) - ChEBI in 2016: Chemical Entities of Biological Interest ontology and database",10.1093/nar/gkv1072,intracellular_compound,2-oxoglutarate (alpha-ketoglutarate),Chemical Entity of Biological Interest (ChEBI). Small molecule metabolite or ion localized in mitochondria.
ChEBI,"Hastings et al., 2016 (Nucleic Acids Res) - ChEBI in 2016: Chemical Entities of Biological Interest ontology and database",10.1093/nar/gkv1072,intracellular_compound,2-phospho-D-glycerate,Chemical Entity of Biological Interest (ChEBI). Small molecule metabolite or ion localized in cytoplasm.
ChEBI,"Hastings et al., 2016 (Nucleic Acids Res) - ChEBI in 2016: Chemical Entities of Biological Interest ontology and database",10.1093/nar/gkv1072,intracellular_compound,3-phospho-D-glycerate,Chemical Entity of Biological Interest (ChEBI). Small molecule metabolite or ion localized in cytoplasm.
ChEBI,"Hastings et al., 2016 (Nucleic Acids Res) - ChEBI in 2016: Chemical Entities of Biological Interest ontology and database",10.1093/nar/gkv1072,intracellular_compound,"D-fructose 1,6-bisphosphate",Chemical Entity of Biological Interest (ChEBI). Small molecule metabolite or ion localized in cytoplasm.
ChEBI,"Hastings et al., 2016 (Nucleic Acids Res) - ChEBI in 2016: Chemical Entities of Biological Interest ontology and database",10.1093/nar/gkv1072,intracellular_compound,D-fructose 6-phosphate,Chemical Entity of Biological Interest (ChEBI). Small molecule metabolite or ion localized in cytoplasm.
ChEBI,"Hastings et al., 2016 (Nucleic Acids Res) - ChEBI in 2016: Chemical Entities of Biological Interest ontology and database",10.1093/nar/gkv1072,intracellular_compound,D-glucose,Chemical Entity of Biological Interest (ChEBI). Small molecule metabolite or ion localized in cytoplasm.
ChEBI,"Hastings et al., 2016 (Nucleic Acids Res) - ChEBI in 2016: Chemical Entities of Biological Interest ontology and database",10.1093/nar/gkv1072,intracellular_compound,D-glucose 6-phosphate,Chemical Entity of Biological Interest (ChEBI). Small molecule metabolite or ion localized in cytoplasm.
ChEBI,"Hastings et al., 2016 (Nucleic Acids Res) - ChEBI in 2016: Chemical Entities of Biological Interest ontology and database",10.1093/nar/gkv1072,intracellular_compound,L-glutamate,Chemical Entity of Biological Interest (ChEBI). Small molecule metabolite or ion localized in cytoplasm.
ChEBI,"Hastings et al., 2016 (Nucleic Acids Res) - ChEBI in 2016: Chemical Entities of Biological Interest ontology and database",10.1093/nar/gkv1072,intracellular_compound,L-glutamine,Chemical Entity of Biological Interest (ChEBI). Small molecule metabolite or ion localized in cytoplasm.
ChEBI,"Hastings et al., 2016 (Nucleic Acids Res) - ChEBI in 2016: Chemical Entities of Biological Interest ontology and database",10.1093/nar/gkv1072,intracellular_compound,L-lactate,Chemical Entity of Biological Interest (ChEBI). Small molecule metabolite or ion localized in cytoplasm.
ChEBI,"Hastings et al., 2016 (Nucleic Acids Res) - ChEBI in 2016: Chemical Entities of Biological Interest ontology and database",10.1093/nar/gkv1072,intracellular_compound,L-serine,Chemical Entity of Biological Interest (ChEBI). Small molecule metabolite or ion localized in cytoplasm.
ChEBI,"Hastings et al., 2016 (Nucleic Acids Res) - ChEBI in 2016: Chemical Entities of Biological Interest ontology and database",10.1093/nar/gkv1072,intracellular_compound,Reactive oxygen species (ROS),Chemical Entity of Biological Interest (ChEBI). Small molecule metabolite or ion localized in cytoplasm.
ChEBI,"Hastings et al., 2016 (Nucleic Acids Res) - ChEBI in 2016: Chemical Entities of Biological Interest ontology and database",10.1093/nar/gkv1072,intracellular_compound,acetyl-CoA,Chemical Entity of Biological Interest (ChEBI). Small molecule metabolite or ion localized in mitochondria.
ChEBI,"Hastings et al., 2016 (Nucleic Acids Res) - ChEBI in 2016: Chemical Entities of Biological Interest ontology and database",10.1093/nar/gkv1072,intracellular_compound,calcium(2+),Chemical Entity of Biological Interest (ChEBI). Small molecule metabolite or ion localized in cytoplasm.
ChEBI,"Hastings et al., 2016 (Nucleic Acids Res) - ChEBI in 2016: Chemical Entities of Biological Interest ontology and database",10.1093/nar/gkv1072,intracellular_compound,cis-aconitate,Chemical Entity of Biological Interest (ChEBI). Small molecule metabolite or ion localized in mitochondria.
ChEBI,"Hastings et al., 2016 (Nucleic Acids Res) - ChEBI in 2016: Chemical Entities of Biological Interest ontology and database",10.1093/nar/gkv1072,intracellular_compound,citrate,Chemical Entity of Biological Interest (ChEBI). Small molecule metabolite or ion localized in mitochondria.
ChEBI,"Hastings et al., 2016 (Nucleic Acids Res) - ChEBI in 2016: Chemical Entities of Biological Interest ontology and database",10.1093/nar/gkv1072,intracellular_compound,fumarate,Chemical Entity of Biological Interest (ChEBI). Small molecule metabolite or ion localized in mitochondria.
ChEBI,"Hastings et al., 2016 (Nucleic Acids Res) - ChEBI in 2016: Chemical Entities of Biological Interest ontology and database",10.1093/nar/gkv1072,intracellular_compound,glyceraldehyde 3-phosphate,Chemical Entity of Biological Interest (ChEBI). Small molecule metabolite or ion localized in cytoplasm.
ChEBI,"Hastings et al., 2016 (Nucleic Acids Res) - ChEBI in 2016: Chemical Entities of Biological Interest ontology and database",10.1093/nar/gkv1072,intracellular_compound,isocitrate,Chemical Entity of Biological Interest (ChEBI). Small molecule metabolite or ion localized in mitochondria.
ChEBI,"Hastings et al., 2016 (Nucleic Acids Res) - ChEBI in 2016: Chemical Entities of Biological Interest ontology and database",10.1093/nar/gkv1072,intracellular_compound,itaconate,Chemical Entity of Biological Interest (ChEBI). Small molecule metabolite or ion localized in cytoplasm.
ChEBI,"Hastings et al., 2016 (Nucleic Acids Res) - ChEBI in 2016: Chemical Entities of Biological Interest ontology and database",10.1093/nar/gkv1072,intracellular_compound,oxaloacetate,Chemical Entity of Biological Interest (ChEBI). Small molecule metabolite or ion localized in mitochondria.
ChEBI,"Hastings et al., 2016 (Nucleic Acids Res) - ChEBI in 2016: Chemical Entities of Biological Interest ontology and database",10.1093/nar/gkv1072,intracellular_compound,phosphoenolpyruvate,Chemical Entity of Biological Interest (ChEBI). Small molecule metabolite or ion localized in cytoplasm.
ChEBI,"Hastings et al., 2016 (Nucleic Acids Res) - ChEBI in 2016: Chemical Entities of Biological Interest ontology and database",10.1093/nar/gkv1072,intracellular_compound,pyruvate,Chemical Entity of Biological Interest (ChEBI). Small molecule metabolite or ion localized in cytoplasm.
ChEBI,"Hastings et al., 2016 (Nucleic Acids Res) - ChEBI in 2016: Chemical Entities of Biological Interest ontology and database",10.1093/nar/gkv1072,intracellular_compound,succinate,Chemical Entity of Biological Interest (ChEBI). Small molecule metabolite or ion localized in mitochondria.
ChEBI,"Hastings et al., 2016 (Nucleic Acids Res) - ChEBI in 2016: Chemical Entities of Biological Interest ontology and database",10.1093/nar/gkv1072,intracellular_compound,succinyl-CoA,Chemical Entity of Biological Interest (ChEBI). Small molecule metabolite or ion localized in mitochondria.
ChEMBL,ChEMBL Bioactive Compound Annotation (CHEMBL:FK506),https://www.ebi.ac.uk/chembl/compound_report_card/FK506,enzyme,Protein phosphatase 3 catalytic subunit alpha (Calcineurin A),"Tacrolimus (FK506) potently suppresses Calcineurin activity and prevents osteoclast formation. [Assay: Fluo-4 imaging, Treatment: RANKL + DAP12/FcRgamma co-stimulation, Effect: PLCgamma2 induces sustained Ca2+ oscillations activating Calcineurin]"
ChEMBL,ChEMBL Bioactive Compound Annotation (CHEMBL:DASATINIB),https://www.ebi.ac.uk/chembl/compound_report_card/DASATINIB,enzyme,SRC proto-oncogene non-receptor tyrosine kinase (c-Src),"Dasatinib directly inhibits c-Src kinase activity preventing sealing zone formation and bone pit excavation. [Assay: Confocal and interferometry, Treatment: RANKL on dentin + Pyk2/Src inhibitor, Effect: Disrupts sealing zone attachment and eliminates pit depth]"
ChEMBL,ChEMBL Bioactive Compound Annotation (CHEMBL:SARACATINIB),https://www.ebi.ac.uk/chembl/compound_report_card/SARACATINIB,enzyme,SRC proto-oncogene non-receptor tyrosine kinase (c-Src),"Saracatinib specifically inhibits c-Src preventing Pyk2/Vav3 phosphorylation and sealing zone formation. [Assay: Confocal and interferometry, Treatment: RANKL on dentin + Pyk2/Src inhibitor, Effect: Disrupts sealing zone attachment and eliminates pit depth]"
ChEMBL,"Zdrazil et al., 2024 (Nucleic Acids Res) - The ChEMBL Database in 2024: curated bioactive molecules and drug targets",10.1093/nar/gkae1039,extracellular_compound,2-Deoxy-D-glucose (HK inhibitor),ChEMBL Bioactive molecule. Targeted pharmacological inhibitor evaluated in osteoclast differentiation assays.
ChEMBL,"Zdrazil et al., 2024 (Nucleic Acids Res) - The ChEMBL Database in 2024: curated bioactive molecules and drug targets",10.1093/nar/gkae1039,extracellular_compound,4-Octyl itaconate,ChEMBL Bioactive molecule. Targeted pharmacological inhibitor evaluated in osteoclast differentiation assays.
ChEMBL,"Zdrazil et al., 2024 (Nucleic Acids Res) - The ChEMBL Database in 2024: curated bioactive molecules and drug targets",10.1093/nar/gkae1039,extracellular_compound,Alendronic acid (Bisphosphonate),ChEMBL Bioactive molecule. Targeted pharmacological inhibitor evaluated in osteoclast differentiation assays.
ChEMBL,"Zdrazil et al., 2024 (Nucleic Acids Res) - The ChEMBL Database in 2024: curated bioactive molecules and drug targets",10.1093/nar/gkae1039,extracellular_compound,CBR-5884 (PHGDH inhibitor),ChEMBL Bioactive molecule. Targeted pharmacological inhibitor evaluated in osteoclast differentiation assays.
ChEMBL,ChEMBL Bioactive Compound Annotation (CHEMBL:DASATINIB),https://www.ebi.ac.uk/chembl/compound_report_card/DASATINIB,extracellular_compound,Dasatinib (Src inhibitor FDA approved),"Dasatinib directly inhibits c-Src kinase activity preventing sealing zone formation and bone pit excavation. [Assay: Confocal and interferometry, Treatment: RANKL on dentin + Pyk2/Src inhibitor, Effect: Disrupts sealing zone attachment and eliminates pit depth]"
ChEMBL,"Zdrazil et al., 2024 (Nucleic Acids Res) - The ChEMBL Database in 2024: curated bioactive molecules and drug targets",10.1093/nar/gkae1039,extracellular_compound,Dasatinib (Src inhibitor FDA approved),ChEMBL Bioactive molecule. Targeted pharmacological inhibitor evaluated in osteoclast differentiation assays.
ChEMBL,"Zdrazil et al., 2024 (Nucleic Acids Res) - The ChEMBL Database in 2024: curated bioactive molecules and drug targets",10.1093/nar/gkae1039,extracellular_compound,Denosumab (Anti-RANKL mAb),ChEMBL Bioactive molecule. Targeted pharmacological inhibitor evaluated in osteoclast differentiation assays.
ChEMBL,"Zdrazil et al., 2024 (Nucleic Acids Res) - The ChEMBL Database in 2024: curated bioactive molecules and drug targets",10.1093/nar/gkae1039,extracellular_compound,EPZ020411 (PRMT6 inhibitor),ChEMBL Bioactive molecule. Targeted pharmacological inhibitor evaluated in osteoclast differentiation assays.
ChEMBL,"Zdrazil et al., 2024 (Nucleic Acids Res) - The ChEMBL Database in 2024: curated bioactive molecules and drug targets",10.1093/nar/gkae1039,extracellular_compound,PFK-15 (PFKFB3 inhibitor),ChEMBL Bioactive molecule. Targeted pharmacological inhibitor evaluated in osteoclast differentiation assays.
ChEMBL,ChEMBL Bioactive Compound Annotation (CHEMBL:SARACATINIB),https://www.ebi.ac.uk/chembl/compound_report_card/SARACATINIB,extracellular_compound,Saracatinib (Src inhibitor AZD0530),"Saracatinib specifically inhibits c-Src preventing Pyk2/Vav3 phosphorylation and sealing zone formation. [Assay: Confocal and interferometry, Treatment: RANKL on dentin + Pyk2/Src inhibitor, Effect: Disrupts sealing zone attachment and eliminates pit depth]"
ChEMBL,"Zdrazil et al., 2024 (Nucleic Acids Res) - The ChEMBL Database in 2024: curated bioactive molecules and drug targets",10.1093/nar/gkae1039,extracellular_compound,Saracatinib (Src inhibitor AZD0530),ChEMBL Bioactive molecule. Targeted pharmacological inhibitor evaluated in osteoclast differentiation assays.
ChEMBL,"Zdrazil et al., 2024 (Nucleic Acids Res) - The ChEMBL Database in 2024: curated bioactive molecules and drug targets",10.1093/nar/gkae1039,extracellular_compound,Selinexor (XPO1 inhibitor),ChEMBL Bioactive molecule. Targeted pharmacological inhibitor evaluated in osteoclast differentiation assays.
ChEMBL,"Zdrazil et al., 2024 (Nucleic Acids Res) - The ChEMBL Database in 2024: curated bioactive molecules and drug targets",10.1093/nar/gkae1039,extracellular_compound,Shikonin (PKM2 inhibitor),ChEMBL Bioactive molecule. Targeted pharmacological inhibitor evaluated in osteoclast differentiation assays.
ChEMBL,ChEMBL Bioactive Compound Annotation (CHEMBL:FK506),https://www.ebi.ac.uk/chembl/compound_report_card/FK506,extracellular_compound,Tacrolimus (FK506 Calcineurin inhibitor FDA approved),"Tacrolimus (FK506) potently suppresses Calcineurin activity and prevents osteoclast formation. [Assay: Fluo-4 imaging, Treatment: RANKL + DAP12/FcRgamma co-stimulation, Effect: PLCgamma2 induces sustained Ca2+ oscillations activating Calcineurin]"
ChEMBL,"Zdrazil et al., 2024 (Nucleic Acids Res) - The ChEMBL Database in 2024: curated bioactive molecules and drug targets",10.1093/nar/gkae1039,extracellular_compound,Tacrolimus (FK506 Calcineurin inhibitor FDA approved),ChEMBL Bioactive molecule. Targeted pharmacological inhibitor evaluated in osteoclast differentiation assays.
ChEMBL,"Zdrazil et al., 2024 (Nucleic Acids Res) - The ChEMBL Database in 2024: curated bioactive molecules and drug targets",10.1093/nar/gkae1039,extracellular_compound,Telaglenastat (CB-839 GLS1 inhibitor),ChEMBL Bioactive molecule. Targeted pharmacological inhibitor evaluated in osteoclast differentiation assays.
ChEMBL,"Zdrazil et al., 2024 (Nucleic Acids Res) - The ChEMBL Database in 2024: curated bioactive molecules and drug targets",10.1093/nar/gkae1039,extracellular_compound,Zoledronic acid (Nitrogen-containing bisphosphonate),ChEMBL Bioactive molecule. Targeted pharmacological inhibitor evaluated in osteoclast differentiation assays.
Curated Osteoclast Knowledgebase,Curated Osteoclastogenesis Causal Mechanism Dataset,N/A,gene,Long non-coding RNA AW011738,Osteoclast functional entity. Compartment: extracellular.
EMBO Press,"Hu et al., 2024 (EMBO Mol Med) - Glutaminase-1 (GLS1) regulates bone resorption through osteoclast differentiation",10.1038/s44319-024-00255-x,enzyme,Glutaminase,"CB-839 markedly curtailed osteoclast differentiation and resorption pit depth in BMMs. [Assay: TRAP staining, Treatment: RANKL (50 ng/mL) + CB-839 (Telaglenastat), Effect: 70% reduction in osteoclast count and bone resorption]"
EMBO Press,"Hu et al., 2024 (EMBO Mol Med) - Glutaminase-1 (GLS1) regulates bone resorption through osteoclast differentiation",10.1038/s44319-024-00255-x,enzyme,Glutaminase,"Glutaminolysis maintains nucleotide pools and TCA intermediates required for osteoclast maturation. [Assay: TRAP staining, Treatment: RANKL (50 ng/mL) + CB-839 (Telaglenastat), Effect: 70% reduction in osteoclast count and bone resorption]"
EMBO Press,"Hu et al., 2024 (EMBO Mol Med) - Glutaminase-1 (GLS1) regulates bone resorption through osteoclast differentiation",10.1038/s44319-024-00255-x,extracellular_compound,Telaglenastat (CB-839 GLS1 inhibitor),"CB-839 markedly curtailed osteoclast differentiation and resorption pit depth in BMMs. [Assay: TRAP staining, Treatment: RANKL (50 ng/mL) + CB-839 (Telaglenastat), Effect: 70% reduction in osteoclast count and bone resorption]"
EMBO Press,"Hu et al., 2024 (EMBO Mol Med) - Glutaminase-1 (GLS1) regulates bone resorption through osteoclast differentiation",10.1038/s44319-024-00255-x,pathway,Osteoclast differentiation and multinucleation,"Glutaminolysis maintains nucleotide pools and TCA intermediates required for osteoclast maturation. [Assay: TRAP staining, Treatment: RANKL (50 ng/mL) + CB-839 (Telaglenastat), Effect: 70% reduction in osteoclast count and bone resorption]"
HGNC,"Tweedie et al., 2021 (Nucleic Acids Res) - Genenames.org: the HGNC resources in 2021",10.1093/nar/gkaa980,enzyme,"6-phosphofructo-2-kinase/fructose-2,6-biphosphatase 3",Canonical mammalian gene/protein annotation. Cellular compartment: cytoplasm. Aliases: PFKFB3|iPFK2
HGNC,"Tweedie et al., 2021 (Nucleic Acids Res) - Genenames.org: the HGNC resources in 2021",10.1093/nar/gkaa980,enzyme,AKT serine/threonine kinase 1 (Akt),Canonical mammalian gene/protein annotation. Cellular compartment: cytoplasm. Aliases: AKT1|Akt|PKB|RAC-ALPHA
HGNC,"Tweedie et al., 2021 (Nucleic Acids Res) - Genenames.org: the HGNC resources in 2021",10.1093/nar/gkaa980,enzyme,Acid phosphatase 5 tartrate resistant (TRAP),Canonical mammalian gene/protein annotation. Cellular compartment: lysosome. Aliases: ACP5|TRAP|TRACP
HGNC,"Tweedie et al., 2021 (Nucleic Acids Res) - Genenames.org: the HGNC resources in 2021",10.1093/nar/gkaa980,enzyme,Aconitase 2,Canonical mammalian gene/protein annotation. Cellular compartment: mitochondria. Aliases: ACO2|ACONM
HGNC,"Tweedie et al., 2021 (Nucleic Acids Res) - Genenames.org: the HGNC resources in 2021",10.1093/nar/gkaa980,enzyme,Aconitate decarboxylase 1 (IRG1),Canonical mammalian gene/protein annotation. Cellular compartment: mitochondria. Aliases: ACOD1|IRG1|CAD
HGNC,"Tweedie et al., 2021 (Nucleic Acids Res) - Genenames.org: the HGNC resources in 2021",10.1093/nar/gkaa980,enzyme,Aldolase fructose-bisphosphate A,Canonical mammalian gene/protein annotation. Cellular compartment: cytoplasm. Aliases: ALDOA|ALDA
HGNC,"Tweedie et al., 2021 (Nucleic Acids Res) - Genenames.org: the HGNC resources in 2021",10.1093/nar/gkaa980,enzyme,Bruton tyrosine kinase,Canonical mammalian gene/protein annotation. Cellular compartment: cytoplasm. Aliases: BTK|AGMX1|ATK
HGNC,"Tweedie et al., 2021 (Nucleic Acids Res) - Genenames.org: the HGNC resources in 2021",10.1093/nar/gkaa980,enzyme,CYLD lysine 63 deubiquitinase,Canonical mammalian gene/protein annotation. Cellular compartment: cytoplasm. Aliases: CYLD|BRSS|CDMT|CYLD1
HGNC,"Tweedie et al., 2021 (Nucleic Acids Res) - Genenames.org: the HGNC resources in 2021",10.1093/nar/gkaa980,enzyme,Calcium/calmodulin dependent protein kinase IV,Canonical mammalian gene/protein annotation. Cellular compartment: cytoplasm. Aliases: CAMK4|CaMKIV
HGNC,"Tweedie et al., 2021 (Nucleic Acids Res) - Genenames.org: the HGNC resources in 2021",10.1093/nar/gkaa980,enzyme,Carbonic anhydrase 2,Canonical mammalian gene/protein annotation. Cellular compartment: cytoplasm. Aliases: CA2|CAII
HGNC,"Tweedie et al., 2021 (Nucleic Acids Res) - Genenames.org: the HGNC resources in 2021",10.1093/nar/gkaa980,enzyme,Carnitine palmitoyltransferase 1A,Canonical mammalian gene/protein annotation. Cellular compartment: mitochondria. Aliases: CPT1A|CPT1
HGNC,"Tweedie et al., 2021 (Nucleic Acids Res) - Genenames.org: the HGNC resources in 2021",10.1093/nar/gkaa980,enzyme,Cathepsin K,Canonical mammalian gene/protein annotation. Cellular compartment: lysosome. Aliases: CTSK|PKND
HGNC,"Tweedie et al., 2021 (Nucleic Acids Res) - Genenames.org: the HGNC resources in 2021",10.1093/nar/gkaa980,enzyme,Cbl proto-oncogene (c-Cbl),Canonical mammalian gene/protein annotation. Cellular compartment: cytoplasm. Aliases: CBL|c-Cbl|RNF55|CBL2
HGNC,"Tweedie et al., 2021 (Nucleic Acids Res) - Genenames.org: the HGNC resources in 2021",10.1093/nar/gkaa980,enzyme,Cbl proto-oncogene B (E3 ubiquitin ligase),Canonical mammalian gene/protein annotation. Cellular compartment: cytoplasm. Aliases: CBLB|Cbl-b|RNF56
HGNC,"Tweedie et al., 2021 (Nucleic Acids Res) - Genenames.org: the HGNC resources in 2021",10.1093/nar/gkaa980,enzyme,Citrate synthase,Canonical mammalian gene/protein annotation. Cellular compartment: mitochondria. Aliases: CS
HGNC,"Tweedie et al., 2021 (Nucleic Acids Res) - Genenames.org: the HGNC resources in 2021",10.1093/nar/gkaa980,enzyme,Conserved helix-loop-helix ubiquitous kinase (IKK-alpha),Canonical mammalian gene/protein annotation. Cellular compartment: cytoplasm. Aliases: CHUK|IKKA|IKK1
HGNC,"Tweedie et al., 2021 (Nucleic Acids Res) - Genenames.org: the HGNC resources in 2021",10.1093/nar/gkaa980,enzyme,DNA methyltransferase 3 alpha,Canonical mammalian gene/protein annotation. Cellular compartment: nucleus. Aliases: DNMT3A|DNMT3a|TBRS
HGNC,"Tweedie et al., 2021 (Nucleic Acids Res) - Genenames.org: the HGNC resources in 2021",10.1093/nar/gkaa980,enzyme,Dpy-30 histone methyltransferase complex subunit,Canonical mammalian gene/protein annotation. Cellular compartment: nucleus. Aliases: DPY30|Dpy30|Hpy-30
HGNC,"Tweedie et al., 2021 (Nucleic Acids Res) - Genenames.org: the HGNC resources in 2021",10.1093/nar/gkaa980,enzyme,Dual specificity phosphatase 1 (MKP-1),Canonical mammalian gene/protein annotation. Cellular compartment: nucleus. Aliases: DUSP1|MKP-1|CL100|PTPN10
HGNC,"Tweedie et al., 2021 (Nucleic Acids Res) - Genenames.org: the HGNC resources in 2021",10.1093/nar/gkaa980,enzyme,Dual specificity phosphatase 6 (MKP-3),Canonical mammalian gene/protein annotation. Cellular compartment: cytoplasm. Aliases: DUSP6|MKP-3|PYST1
HGNC,"Tweedie et al., 2021 (Nucleic Acids Res) - Genenames.org: the HGNC resources in 2021",10.1093/nar/gkaa980,enzyme,E1A binding protein p300 (HAT),Canonical mammalian gene/protein annotation. Cellular compartment: nucleus. Aliases: EP300|p300|KAT3B
HGNC,"Tweedie et al., 2021 (Nucleic Acids Res) - Genenames.org: the HGNC resources in 2021",10.1093/nar/gkaa980,enzyme,Enhancer of zeste 2 polycomb repressive complex 2 subunit,Canonical mammalian gene/protein annotation. Cellular compartment: nucleus. Aliases: EZH2|KMT6
HGNC,"Tweedie et al., 2021 (Nucleic Acids Res) - Genenames.org: the HGNC resources in 2021",10.1093/nar/gkaa980,enzyme,Enolase 1,Canonical mammalian gene/protein annotation. Cellular compartment: cytoplasm. Aliases: ENO1|ENO1L1
HGNC,"Tweedie et al., 2021 (Nucleic Acids Res) - Genenames.org: the HGNC resources in 2021",10.1093/nar/gkaa980,enzyme,Fumarate hydratase,Canonical mammalian gene/protein annotation. Cellular compartment: mitochondria. Aliases: FH|FMR
HGNC,"Tweedie et al., 2021 (Nucleic Acids Res) - Genenames.org: the HGNC resources in 2021",10.1093/nar/gkaa980,enzyme,Glucose-6-phosphate isomerase,Canonical mammalian gene/protein annotation. Cellular compartment: cytoplasm. Aliases: GPI|PGI|AMF
HGNC,"Tweedie et al., 2021 (Nucleic Acids Res) - Genenames.org: the HGNC resources in 2021",10.1093/nar/gkaa980,enzyme,Glutaminase,Canonical mammalian gene/protein annotation. Cellular compartment: mitochondria. Aliases: GLS|GLS1|KGA
HGNC,"Tweedie et al., 2021 (Nucleic Acids Res) - Genenames.org: the HGNC resources in 2021",10.1093/nar/gkaa980,enzyme,Glyceraldehyde-3-phosphate dehydrogenase,Canonical mammalian gene/protein annotation. Cellular compartment: cytoplasm. Aliases: GAPDH|G3PD
HGNC,"Tweedie et al., 2021 (Nucleic Acids Res) - Genenames.org: the HGNC resources in 2021",10.1093/nar/gkaa980,enzyme,Glycogen synthase kinase 3 beta,Canonical mammalian gene/protein annotation. Cellular compartment: cytoplasm. Aliases: GSK3B|GSK3beta|GSK3BETA
HGNC,"Tweedie et al., 2021 (Nucleic Acids Res) - Genenames.org: the HGNC resources in 2021",10.1093/nar/gkaa980,enzyme,Hexokinase 2,Canonical mammalian gene/protein annotation. Cellular compartment: cytoplasm. Aliases: HK2|HKII
HGNC,"Tweedie et al., 2021 (Nucleic Acids Res) - Genenames.org: the HGNC resources in 2021",10.1093/nar/gkaa980,enzyme,Histone deacetylase 1,Canonical mammalian gene/protein annotation. Cellular compartment: nucleus. Aliases: HDAC1|RPD3|HD1|GON-10
HGNC,"Tweedie et al., 2021 (Nucleic Acids Res) - Genenames.org: the HGNC resources in 2021",10.1093/nar/gkaa980,enzyme,Histone deacetylase 2,Canonical mammalian gene/protein annotation. Cellular compartment: nucleus. Aliases: HDAC2|RPD3-2
HGNC,"Tweedie et al., 2021 (Nucleic Acids Res) - Genenames.org: the HGNC resources in 2021",10.1093/nar/gkaa980,enzyme,Histone deacetylase 5,Canonical mammalian gene/protein annotation. Cellular compartment: nucleus. Aliases: HDAC5|NY-CO-9
HGNC,"Tweedie et al., 2021 (Nucleic Acids Res) - Genenames.org: the HGNC resources in 2021",10.1093/nar/gkaa980,enzyme,Inhibitor of nuclear factor kappa B kinase regulatory subunit gamma (NEMO),Canonical mammalian gene/protein annotation. Cellular compartment: cytoplasm. Aliases: IKBKG|NEMO|IKK-gamma
HGNC,"Tweedie et al., 2021 (Nucleic Acids Res) - Genenames.org: the HGNC resources in 2021",10.1093/nar/gkaa980,enzyme,Inhibitor of nuclear factor kappa B kinase subunit beta (IKK-beta),Canonical mammalian gene/protein annotation. Cellular compartment: cytoplasm. Aliases: IKBKB|IKKB|IKK2
HGNC,"Tweedie et al., 2021 (Nucleic Acids Res) - Genenames.org: the HGNC resources in 2021",10.1093/nar/gkaa980,enzyme,Isocitrate dehydrogenase (NADP(+)) 2,Canonical mammalian gene/protein annotation. Cellular compartment: mitochondria. Aliases: IDH2|ICD-M
HGNC,"Tweedie et al., 2021 (Nucleic Acids Res) - Genenames.org: the HGNC resources in 2021",10.1093/nar/gkaa980,enzyme,Lactate dehydrogenase A,Canonical mammalian gene/protein annotation. Cellular compartment: cytoplasm. Aliases: LDHA|LDHM
HGNC,"Tweedie et al., 2021 (Nucleic Acids Res) - Genenames.org: the HGNC resources in 2021",10.1093/nar/gkaa980,enzyme,Lysine demethylase 4A,Canonical mammalian gene/protein annotation. Cellular compartment: nucleus. Aliases: KDM4A|JMJD2A
HGNC,"Tweedie et al., 2021 (Nucleic Acids Res) - Genenames.org: the HGNC resources in 2021",10.1093/nar/gkaa980,enzyme,Lysine demethylase 6B (JMJD3),Canonical mammalian gene/protein annotation. Cellular compartment: nucleus. Aliases: KDM6B|JMJD3
HGNC,"Tweedie et al., 2021 (Nucleic Acids Res) - Genenames.org: the HGNC resources in 2021",10.1093/nar/gkaa980,enzyme,Malate dehydrogenase 2,Canonical mammalian gene/protein annotation. Cellular compartment: mitochondria. Aliases: MDH2|M-MDH
HGNC,"Tweedie et al., 2021 (Nucleic Acids Res) - Genenames.org: the HGNC resources in 2021",10.1093/nar/gkaa980,enzyme,Matrix metallopeptidase 13 (collagenase-3),Canonical mammalian gene/protein annotation. Cellular compartment: extracellular. Aliases: MMP13|MMP-13|collagenase-3|CLG3
HGNC,"Tweedie et al., 2021 (Nucleic Acids Res) - Genenames.org: the HGNC resources in 2021",10.1093/nar/gkaa980,enzyme,Matrix metallopeptidase 2 (gelatinase A),Canonical mammalian gene/protein annotation. Cellular compartment: extracellular. Aliases: MMP2|MMP-2|gelatinase A|CLG4A
HGNC,"Tweedie et al., 2021 (Nucleic Acids Res) - Genenames.org: the HGNC resources in 2021",10.1093/nar/gkaa980,enzyme,Matrix metallopeptidase 3 (stromelysin-1),Canonical mammalian gene/protein annotation. Cellular compartment: extracellular. Aliases: MMP3|MMP-3|stromelysin-1|SL-1
HGNC,"Tweedie et al., 2021 (Nucleic Acids Res) - Genenames.org: the HGNC resources in 2021",10.1093/nar/gkaa980,enzyme,Matrix metallopeptidase 8 (collagenase-2),Canonical mammalian gene/protein annotation. Cellular compartment: extracellular. Aliases: MMP8|MMP-8|collagenase-2|HNC
HGNC,"Tweedie et al., 2021 (Nucleic Acids Res) - Genenames.org: the HGNC resources in 2021",10.1093/nar/gkaa980,enzyme,Matrix metallopeptidase 9,Canonical mammalian gene/protein annotation. Cellular compartment: lysosome. Aliases: MMP9|GELB|CLG4B
HGNC,"Tweedie et al., 2021 (Nucleic Acids Res) - Genenames.org: the HGNC resources in 2021",10.1093/nar/gkaa980,enzyme,Mitogen-activated protein kinase 1 (ERK2),Canonical mammalian gene/protein annotation. Cellular compartment: cytoplasm. Aliases: MAPK1|ERK2|PRKM1
HGNC,"Tweedie et al., 2021 (Nucleic Acids Res) - Genenames.org: the HGNC resources in 2021",10.1093/nar/gkaa980,enzyme,Mitogen-activated protein kinase 10 (JNK3),Canonical mammalian gene/protein annotation. Cellular compartment: cytoplasm. Aliases: MAPK10|JNK3|PRKM10|SAPK1B
HGNC,"Tweedie et al., 2021 (Nucleic Acids Res) - Genenames.org: the HGNC resources in 2021",10.1093/nar/gkaa980,enzyme,Mitogen-activated protein kinase 11 (p38 beta),Canonical mammalian gene/protein annotation. Cellular compartment: cytoplasm. Aliases: MAPK11|p38beta|SAPK2|p38-2
HGNC,"Tweedie et al., 2021 (Nucleic Acids Res) - Genenames.org: the HGNC resources in 2021",10.1093/nar/gkaa980,enzyme,Mitogen-activated protein kinase 12 (p38 gamma),Canonical mammalian gene/protein annotation. Cellular compartment: cytoplasm. Aliases: MAPK12|p38gamma|SAPK3|ERK6
HGNC,"Tweedie et al., 2021 (Nucleic Acids Res) - Genenames.org: the HGNC resources in 2021",10.1093/nar/gkaa980,enzyme,Mitogen-activated protein kinase 13 (p38 delta),Canonical mammalian gene/protein annotation. Cellular compartment: cytoplasm. Aliases: MAPK13|p38delta|SAPK4|PRKM13
HGNC,"Tweedie et al., 2021 (Nucleic Acids Res) - Genenames.org: the HGNC resources in 2021",10.1093/nar/gkaa980,enzyme,Mitogen-activated protein kinase 14 (p38 alpha),Canonical mammalian gene/protein annotation. Cellular compartment: cytoplasm. Aliases: MAPK14|p38|p38alpha
HGNC,"Tweedie et al., 2021 (Nucleic Acids Res) - Genenames.org: the HGNC resources in 2021",10.1093/nar/gkaa980,enzyme,Mitogen-activated protein kinase 3 (ERK1),Canonical mammalian gene/protein annotation. Cellular compartment: cytoplasm. Aliases: MAPK3|ERK1|PRKM3|P44MAPK
HGNC,"Tweedie et al., 2021 (Nucleic Acids Res) - Genenames.org: the HGNC resources in 2021",10.1093/nar/gkaa980,enzyme,Mitogen-activated protein kinase 8 (JNK1),Canonical mammalian gene/protein annotation. Cellular compartment: cytoplasm. Aliases: MAPK8|JNK1|PRKM8
HGNC,"Tweedie et al., 2021 (Nucleic Acids Res) - Genenames.org: the HGNC resources in 2021",10.1093/nar/gkaa980,enzyme,Mitogen-activated protein kinase 9 (JNK2),Canonical mammalian gene/protein annotation. Cellular compartment: cytoplasm. Aliases: MAPK9|JNK2|PRKM9|SAPK1A
HGNC,"Tweedie et al., 2021 (Nucleic Acids Res) - Genenames.org: the HGNC resources in 2021",10.1093/nar/gkaa980,enzyme,Mitogen-activated protein kinase kinase 1 (MEK1),Canonical mammalian gene/protein annotation. Cellular compartment: cytoplasm. Aliases: MAP2K1|MEK1|PRKMK1|MKK1
HGNC,"Tweedie et al., 2021 (Nucleic Acids Res) - Genenames.org: the HGNC resources in 2021",10.1093/nar/gkaa980,enzyme,Mitogen-activated protein kinase kinase 2 (MEK2),Canonical mammalian gene/protein annotation. Cellular compartment: cytoplasm. Aliases: MAP2K2|MEK2|PRKMK2|MKK2
HGNC,"Tweedie et al., 2021 (Nucleic Acids Res) - Genenames.org: the HGNC resources in 2021",10.1093/nar/gkaa980,enzyme,Mitogen-activated protein kinase kinase 3 (MKK3),Canonical mammalian gene/protein annotation. Cellular compartment: cytoplasm. Aliases: MAP2K3|MKK3|MEK3|PRKMK3
HGNC,"Tweedie et al., 2021 (Nucleic Acids Res) - Genenames.org: the HGNC resources in 2021",10.1093/nar/gkaa980,enzyme,Mitogen-activated protein kinase kinase 4 (MKK4),Canonical mammalian gene/protein annotation. Cellular compartment: cytoplasm. Aliases: MAP2K4|MKK4|JNKK1|SEK1
HGNC,"Tweedie et al., 2021 (Nucleic Acids Res) - Genenames.org: the HGNC resources in 2021",10.1093/nar/gkaa980,enzyme,Mitogen-activated protein kinase kinase 6 (MKK6),Canonical mammalian gene/protein annotation. Cellular compartment: cytoplasm. Aliases: MAP2K6|MKK6|MEK6|SAPKK3
HGNC,"Tweedie et al., 2021 (Nucleic Acids Res) - Genenames.org: the HGNC resources in 2021",10.1093/nar/gkaa980,enzyme,Mitogen-activated protein kinase kinase 7 (MKK7),Canonical mammalian gene/protein annotation. Cellular compartment: cytoplasm. Aliases: MAP2K7|MKK7|JNKK2|MAPKK7
HGNC,"Tweedie et al., 2021 (Nucleic Acids Res) - Genenames.org: the HGNC resources in 2021",10.1093/nar/gkaa980,enzyme,Mitogen-activated protein kinase kinase kinase 1 (MEKK1),Canonical mammalian gene/protein annotation. Cellular compartment: cytoplasm. Aliases: MAP3K1|MEKK1|MEKK
HGNC,"Tweedie et al., 2021 (Nucleic Acids Res) - Genenames.org: the HGNC resources in 2021",10.1093/nar/gkaa980,enzyme,Mitogen-activated protein kinase kinase kinase 14 (NIK),Canonical mammalian gene/protein annotation. Cellular compartment: cytoplasm. Aliases: MAP3K14|NIK|HS
HGNC,"Tweedie et al., 2021 (Nucleic Acids Res) - Genenames.org: the HGNC resources in 2021",10.1093/nar/gkaa980,enzyme,Mitogen-activated protein kinase kinase kinase 5 (ASK1),Canonical mammalian gene/protein annotation. Cellular compartment: cytoplasm. Aliases: MAP3K5|ASK1|MEKK5|MAPKKK5
HGNC,"Tweedie et al., 2021 (Nucleic Acids Res) - Genenames.org: the HGNC resources in 2021",10.1093/nar/gkaa980,enzyme,Mitogen-activated protein kinase kinase kinase 7 (TAK1),Canonical mammalian gene/protein annotation. Cellular compartment: cytoplasm. Aliases: MAP3K7|TAK1|MEKK7
HGNC,"Tweedie et al., 2021 (Nucleic Acids Res) - Genenames.org: the HGNC resources in 2021",10.1093/nar/gkaa980,enzyme,Oxoglutarate dehydrogenase,Canonical mammalian gene/protein annotation. Cellular compartment: mitochondria. Aliases: OGDH|AKGDH
HGNC,"Tweedie et al., 2021 (Nucleic Acids Res) - Genenames.org: the HGNC resources in 2021",10.1093/nar/gkaa980,enzyme,"Phosphatidylinositol-4,5-bisphosphate 3-kinase catalytic subunit alpha (PI3K)",Canonical mammalian gene/protein annotation. Cellular compartment: cytoplasm. Aliases: PIK3CA|PI3K|p110alpha|PI3K-alpha
HGNC,"Tweedie et al., 2021 (Nucleic Acids Res) - Genenames.org: the HGNC resources in 2021",10.1093/nar/gkaa980,enzyme,Phosphofructokinase muscle,Canonical mammalian gene/protein annotation. Cellular compartment: cytoplasm. Aliases: PFKM|PFK-1|PFKX
HGNC,"Tweedie et al., 2021 (Nucleic Acids Res) - Genenames.org: the HGNC resources in 2021",10.1093/nar/gkaa980,enzyme,Phosphoglycerate dehydrogenase,Canonical mammalian gene/protein annotation. Cellular compartment: cytoplasm. Aliases: PHGDH|3-PGDH|SERA
HGNC,"Tweedie et al., 2021 (Nucleic Acids Res) - Genenames.org: the HGNC resources in 2021",10.1093/nar/gkaa980,enzyme,Phosphoglycerate kinase 1,Canonical mammalian gene/protein annotation. Cellular compartment: cytoplasm. Aliases: PGK1|PGKA
HGNC,"Tweedie et al., 2021 (Nucleic Acids Res) - Genenames.org: the HGNC resources in 2021",10.1093/nar/gkaa980,enzyme,Phosphoglycerate mutase 1,Canonical mammalian gene/protein annotation. Cellular compartment: cytoplasm. Aliases: PGAM1|PGAM-B
HGNC,"Tweedie et al., 2021 (Nucleic Acids Res) - Genenames.org: the HGNC resources in 2021",10.1093/nar/gkaa980,enzyme,Phosphoinositide-3-kinase adaptor protein 1 (BCAP),Canonical mammalian gene/protein annotation. Cellular compartment: cytoplasm. Aliases: PIK3AP1|BCAP
HGNC,"Tweedie et al., 2021 (Nucleic Acids Res) - Genenames.org: the HGNC resources in 2021",10.1093/nar/gkaa980,enzyme,Phospholipase C gamma 2,Canonical mammalian gene/protein annotation. Cellular compartment: cytoplasm. Aliases: PLCG2|PLCgamma2
HGNC,"Tweedie et al., 2021 (Nucleic Acids Res) - Genenames.org: the HGNC resources in 2021",10.1093/nar/gkaa980,enzyme,Phosphoserine aminotransferase 1,Canonical mammalian gene/protein annotation. Cellular compartment: cytoplasm. Aliases: PSAT1|PSA
HGNC,"Tweedie et al., 2021 (Nucleic Acids Res) - Genenames.org: the HGNC resources in 2021",10.1093/nar/gkaa980,enzyme,Phosphoserine phosphatase,Canonical mammalian gene/protein annotation. Cellular compartment: cytoplasm. Aliases: PSPH|PSP
HGNC,"Tweedie et al., 2021 (Nucleic Acids Res) - Genenames.org: the HGNC resources in 2021",10.1093/nar/gkaa980,enzyme,Protein arginine methyltransferase 6,Canonical mammalian gene/protein annotation. Cellular compartment: nucleus. Aliases: PRMT6|HRMT1L6
HGNC,"Tweedie et al., 2021 (Nucleic Acids Res) - Genenames.org: the HGNC resources in 2021",10.1093/nar/gkaa980,enzyme,Protein phosphatase 3 catalytic subunit alpha (Calcineurin A),Canonical mammalian gene/protein annotation. Cellular compartment: cytoplasm. Aliases: PPP3CA|Calcineurin|CNA1
HGNC,"Tweedie et al., 2021 (Nucleic Acids Res) - Genenames.org: the HGNC resources in 2021",10.1093/nar/gkaa980,enzyme,"Protein phosphatase 3 regulatory subunit B, alpha (Calcineurin B1)",Canonical mammalian gene/protein annotation. Cellular compartment: cytoplasm. Aliases: Ppp3r1 | Calcineurin B1 | CNB1 | regulatory subunit
HGNC,"Tweedie et al., 2021 (Nucleic Acids Res) - Genenames.org: the HGNC resources in 2021",10.1093/nar/gkaa980,enzyme,"Protein phosphatase, Mg2+/Mn2+ dependent 1D (WIP1)",Canonical mammalian gene/protein annotation. Cellular compartment: nucleus. Aliases: PPM1D|WIP1|PP2C-DELTA
HGNC,"Tweedie et al., 2021 (Nucleic Acids Res) - Genenames.org: the HGNC resources in 2021",10.1093/nar/gkaa980,enzyme,Protein tyrosine kinase 2 (Focal adhesion kinase / FAK),Canonical mammalian gene/protein annotation. Cellular compartment: cytoplasm. Aliases: Ptk2 | FAK | Focal adhesion kinase | Ptk2a
HGNC,"Tweedie et al., 2021 (Nucleic Acids Res) - Genenames.org: the HGNC resources in 2021",10.1093/nar/gkaa980,enzyme,Protein tyrosine kinase 2 beta (Pyk2),Canonical mammalian gene/protein annotation. Cellular compartment: cytoplasm. Aliases: PTK2B|Pyk2|FAK2
HGNC,"Tweedie et al., 2021 (Nucleic Acids Res) - Genenames.org: the HGNC resources in 2021",10.1093/nar/gkaa980,enzyme,Pyruvate carboxylase,Canonical mammalian gene/protein annotation. Cellular compartment: mitochondria. Aliases: PC|PCB
HGNC,"Tweedie et al., 2021 (Nucleic Acids Res) - Genenames.org: the HGNC resources in 2021",10.1093/nar/gkaa980,enzyme,Pyruvate dehydrogenase E1 subunit alpha 1,Canonical mammalian gene/protein annotation. Cellular compartment: mitochondria. Aliases: PDHA1|PHE1A
HGNC,"Tweedie et al., 2021 (Nucleic Acids Res) - Genenames.org: the HGNC resources in 2021",10.1093/nar/gkaa980,enzyme,Pyruvate kinase M1/2,Canonical mammalian gene/protein annotation. Cellular compartment: cytoplasm. Aliases: PKM|PKM2|PK3
HGNC,"Tweedie et al., 2021 (Nucleic Acids Res) - Genenames.org: the HGNC resources in 2021",10.1093/nar/gkaa980,enzyme,"Raf-1 proto-oncogene, serine/threonine kinase",Canonical mammalian gene/protein annotation. Cellular compartment: cytoplasm. Aliases: RAF1|c-Raf|Raf|CRAF
HGNC,"Tweedie et al., 2021 (Nucleic Acids Res) - Genenames.org: the HGNC resources in 2021",10.1093/nar/gkaa980,enzyme,SRC proto-oncogene non-receptor tyrosine kinase (c-Src),Canonical mammalian gene/protein annotation. Cellular compartment: plasma_membrane. Aliases: SRC|c-Src|ASV
HGNC,"Tweedie et al., 2021 (Nucleic Acids Res) - Genenames.org: the HGNC resources in 2021",10.1093/nar/gkaa980,enzyme,Sirtuin 1,Canonical mammalian gene/protein annotation. Cellular compartment: nucleus. Aliases: SIRT1|SIR2L1
HGNC,"Tweedie et al., 2021 (Nucleic Acids Res) - Genenames.org: the HGNC resources in 2021",10.1093/nar/gkaa980,enzyme,Sirtuin 3,Canonical mammalian gene/protein annotation. Cellular compartment: mitochondria. Aliases: SIRT3|SIR2L3
HGNC,"Tweedie et al., 2021 (Nucleic Acids Res) - Genenames.org: the HGNC resources in 2021",10.1093/nar/gkaa980,enzyme,Sirtuin 6,Canonical mammalian gene/protein annotation. Cellular compartment: nucleus. Aliases: SIRT6|SIR2L6
HGNC,"Tweedie et al., 2021 (Nucleic Acids Res) - Genenames.org: the HGNC resources in 2021",10.1093/nar/gkaa980,enzyme,Spleen associated tyrosine kinase,Canonical mammalian gene/protein annotation. Cellular compartment: cytoplasm. Aliases: SYK|p72syk
HGNC,"Tweedie et al., 2021 (Nucleic Acids Res) - Genenames.org: the HGNC resources in 2021",10.1093/nar/gkaa980,enzyme,Succinate dehydrogenase complex flavoprotein subunit A,Canonical mammalian gene/protein annotation. Cellular compartment: mitochondria. Aliases: SDHA|SDH2
HGNC,"Tweedie et al., 2021 (Nucleic Acids Res) - Genenames.org: the HGNC resources in 2021",10.1093/nar/gkaa980,enzyme,Succinate-CoA ligase alpha subunit,Canonical mammalian gene/protein annotation. Cellular compartment: mitochondria. Aliases: SUCLG1
HGNC,"Tweedie et al., 2021 (Nucleic Acids Res) - Genenames.org: the HGNC resources in 2021",10.1093/nar/gkaa980,enzyme,TGF-beta activated kinase 1 binding protein 1,Canonical mammalian gene/protein annotation. Cellular compartment: cytoplasm. Aliases: TAB1|MAP3K7IP1
HGNC,"Tweedie et al., 2021 (Nucleic Acids Res) - Genenames.org: the HGNC resources in 2021",10.1093/nar/gkaa980,enzyme,TGF-beta activated kinase 1 binding protein 2,Canonical mammalian gene/protein annotation. Cellular compartment: cytoplasm. Aliases: TAB2|MAP3K7IP2
HGNC,"Tweedie et al., 2021 (Nucleic Acids Res) - Genenames.org: the HGNC resources in 2021",10.1093/nar/gkaa980,enzyme,TGF-beta activated kinase 1 binding protein 3,Canonical mammalian gene/protein annotation. Cellular compartment: cytoplasm. Aliases: Tab3 | MAP3K7IP3 | TAK1-binding protein 3
HGNC,"Tweedie et al., 2021 (Nucleic Acids Res) - Genenames.org: the HGNC resources in 2021",10.1093/nar/gkaa980,enzyme,TIMP metallopeptidase inhibitor 1,Canonical mammalian gene/protein annotation. Cellular compartment: extracellular. Aliases: TIMP1|TIMP-1|EPA|EPO
HGNC,"Tweedie et al., 2021 (Nucleic Acids Res) - Genenames.org: the HGNC resources in 2021",10.1093/nar/gkaa980,enzyme,TIMP metallopeptidase inhibitor 2,Canonical mammalian gene/protein annotation. Cellular compartment: extracellular. Aliases: TIMP2|TIMP-2|CSC-21K
HGNC,"Tweedie et al., 2021 (Nucleic Acids Res) - Genenames.org: the HGNC resources in 2021",10.1093/nar/gkaa980,enzyme,TIMP metallopeptidase inhibitor 3,Canonical mammalian gene/protein annotation. Cellular compartment: extracellular. Aliases: TIMP3|TIMP-3|SFD|HSMR384
HGNC,"Tweedie et al., 2021 (Nucleic Acids Res) - Genenames.org: the HGNC resources in 2021",10.1093/nar/gkaa980,enzyme,Tec protein tyrosine kinase,Canonical mammalian gene/protein annotation. Cellular compartment: cytoplasm. Aliases: TEC|PSCTK4
HGNC,"Tweedie et al., 2021 (Nucleic Acids Res) - Genenames.org: the HGNC resources in 2021",10.1093/nar/gkaa980,enzyme,Tet methylcytosine dioxygenase 2,Canonical mammalian gene/protein annotation. Cellular compartment: nucleus. Aliases: TET2|KIAA1546
HGNC,"Tweedie et al., 2021 (Nucleic Acids Res) - Genenames.org: the HGNC resources in 2021",10.1093/nar/gkaa980,enzyme,Ubiquitin-conjugating enzyme E2 N (Ubc13),Canonical mammalian gene/protein annotation. Cellular compartment: cytoplasm. Aliases: Ube2n | Ubc13 | K63 ubiquitin conjugating enzyme
HGNC,"Tweedie et al., 2021 (Nucleic Acids Res) - Genenames.org: the HGNC resources in 2021",10.1093/nar/gkaa980,protein,ASXL transcriptional regulator 1,Canonical mammalian gene/protein annotation. Cellular compartment: nucleus. Aliases: ASXL1|MDS|BOPS
HGNC,"Tweedie et al., 2021 (Nucleic Acids Res) - Genenames.org: the HGNC resources in 2021",10.1093/nar/gkaa980,protein,ATPase H+ transporting V0 subunit d2,Canonical mammalian gene/protein annotation. Cellular compartment: lysosome. Aliases: ATP6V0D2|V-ATPase d2
HGNC,"Tweedie et al., 2021 (Nucleic Acids Res) - Genenames.org: the HGNC resources in 2021",10.1093/nar/gkaa980,protein,ATPase H+ transporting V1 subunit C1,Canonical mammalian gene/protein annotation. Cellular compartment: plasma_membrane. Aliases: ATP6V1C1|C1
HGNC,"Tweedie et al., 2021 (Nucleic Acids Res) - Genenames.org: the HGNC resources in 2021",10.1093/nar/gkaa980,protein,ATPase H+ transporting accessory protein 1 (Ac45),Canonical mammalian gene/protein annotation. Cellular compartment: lysosome. Aliases: ATP6AP1|Ac45
HGNC,"Tweedie et al., 2021 (Nucleic Acids Res) - Genenames.org: the HGNC resources in 2021",10.1093/nar/gkaa980,protein,Ameloblastin,Canonical mammalian gene/protein annotation. Cellular compartment: extracellular. Aliases: AMBN|Ambn
HGNC,"Tweedie et al., 2021 (Nucleic Acids Res) - Genenames.org: the HGNC resources in 2021",10.1093/nar/gkaa980,protein,B-cell linker protein (SLP-65),Canonical mammalian gene/protein annotation. Cellular compartment: cytoplasm. Aliases: BLNK|SLP65|BASH
HGNC,"Tweedie et al., 2021 (Nucleic Acids Res) - Genenames.org: the HGNC resources in 2021",10.1093/nar/gkaa980,protein,C-C motif chemokine ligand 2 (MCP-1),Canonical mammalian gene/protein annotation. Cellular compartment: extracellular. Aliases: CCL2|MCP-1|SCYA2|MCAF
HGNC,"Tweedie et al., 2021 (Nucleic Acids Res) - Genenames.org: the HGNC resources in 2021",10.1093/nar/gkaa980,protein,C-C motif chemokine ligand 3 (MIP-1alpha),Canonical mammalian gene/protein annotation. Cellular compartment: extracellular. Aliases: CCL3|MIP-1a|MIP1A|SCYA3
HGNC,"Tweedie et al., 2021 (Nucleic Acids Res) - Genenames.org: the HGNC resources in 2021",10.1093/nar/gkaa980,protein,CD40 molecule,Canonical mammalian gene/protein annotation. Cellular compartment: plasma_membrane. Aliases: CD40|TNFRSF5|p50|Bp50
HGNC,"Tweedie et al., 2021 (Nucleic Acids Res) - Genenames.org: the HGNC resources in 2021",10.1093/nar/gkaa980,protein,CD47 molecule (Integrin associated protein),Canonical mammalian gene/protein annotation. Cellular compartment: plasma_membrane. Aliases: CD47|IAP
HGNC,"Tweedie et al., 2021 (Nucleic Acids Res) - Genenames.org: the HGNC resources in 2021",10.1093/nar/gkaa980,protein,CD9 molecule (Tetraspanin),Canonical mammalian gene/protein annotation. Cellular compartment: plasma_membrane. Aliases: CD9|MIC3|TSPAN29
HGNC,"Tweedie et al., 2021 (Nucleic Acids Res) - Genenames.org: the HGNC resources in 2021",10.1093/nar/gkaa980,protein,Calcitonin receptor,Canonical mammalian gene/protein annotation. Cellular compartment: plasma_membrane. Aliases: CALCR|CTR|CRT
HGNC,"Tweedie et al., 2021 (Nucleic Acids Res) - Genenames.org: the HGNC resources in 2021",10.1093/nar/gkaa980,protein,Calmodulin 1,Canonical mammalian gene/protein annotation. Cellular compartment: cytoplasm. Aliases: CALM1|CaM
HGNC,"Tweedie et al., 2021 (Nucleic Acids Res) - Genenames.org: the HGNC resources in 2021",10.1093/nar/gkaa980,protein,Cell division cycle 42,Canonical mammalian gene/protein annotation. Cellular compartment: plasma_membrane. Aliases: CDC42|G25K
HGNC,"Tweedie et al., 2021 (Nucleic Acids Res) - Genenames.org: the HGNC resources in 2021",10.1093/nar/gkaa980,protein,Cellular communication network factor 1 (CYR61),Canonical mammalian gene/protein annotation. Cellular compartment: extracellular. Aliases: CCN1|CYR61|GIG1|IGFBP10
HGNC,"Tweedie et al., 2021 (Nucleic Acids Res) - Genenames.org: the HGNC resources in 2021",10.1093/nar/gkaa980,protein,Cellular communication network factor 2 (CTGF),Canonical mammalian gene/protein annotation. Cellular compartment: extracellular. Aliases: CCN2|CTGF|IGFBP8|HCS24
HGNC,"Tweedie et al., 2021 (Nucleic Acids Res) - Genenames.org: the HGNC resources in 2021",10.1093/nar/gkaa980,protein,Chloride voltage-gated channel 7 (CLC-7),Canonical mammalian gene/protein annotation. Cellular compartment: plasma_membrane. Aliases: CLCN7|CLC-7
HGNC,"Tweedie et al., 2021 (Nucleic Acids Res) - Genenames.org: the HGNC resources in 2021",10.1093/nar/gkaa980,protein,Colony stimulating factor 1 (M-CSF),Canonical mammalian gene/protein annotation. Cellular compartment: extracellular. Aliases: CSF1|M-CSF|MCSF|lanimostim
HGNC,"Tweedie et al., 2021 (Nucleic Acids Res) - Genenames.org: the HGNC resources in 2021",10.1093/nar/gkaa980,protein,Colony stimulating factor 1 receptor (c-Fms),Canonical mammalian gene/protein annotation. Cellular compartment: plasma_membrane. Aliases: c-Fms|CSF1R|CD115|FMS
HGNC,"Tweedie et al., 2021 (Nucleic Acids Res) - Genenames.org: the HGNC resources in 2021",10.1093/nar/gkaa980,protein,Cortactin,Canonical mammalian gene/protein annotation. Cellular compartment: cytoplasm. Aliases: CTTN|EMS1
HGNC,"Tweedie et al., 2021 (Nucleic Acids Res) - Genenames.org: the HGNC resources in 2021",10.1093/nar/gkaa980,protein,Cystatin E/M,Canonical mammalian gene/protein annotation. Cellular compartment: extracellular. Aliases: CST6|cystatin M|cystatin E
HGNC,"Tweedie et al., 2021 (Nucleic Acids Res) - Genenames.org: the HGNC resources in 2021",10.1093/nar/gkaa980,protein,Dendritic cell specific transmembrane protein,Canonical mammalian gene/protein annotation. Cellular compartment: plasma_membrane. Aliases: DCSTAMP|DC-STAMP|FIND
HGNC,"Tweedie et al., 2021 (Nucleic Acids Res) - Genenames.org: the HGNC resources in 2021",10.1093/nar/gkaa980,protein,EPH receptor B4,Canonical mammalian gene/protein annotation. Cellular compartment: plasma_membrane. Aliases: EPHB4|HTK|MYK1|TYRO11
HGNC,"Tweedie et al., 2021 (Nucleic Acids Res) - Genenames.org: the HGNC resources in 2021",10.1093/nar/gkaa980,protein,Ephrin B2,Canonical mammalian gene/protein annotation. Cellular compartment: plasma_membrane. Aliases: EFNB2|Ephrin-B2|EPLG5|HTKL
HGNC,"Tweedie et al., 2021 (Nucleic Acids Res) - Genenames.org: the HGNC resources in 2021",10.1093/nar/gkaa980,protein,Exportin 1 (CRM1),Canonical mammalian gene/protein annotation. Cellular compartment: nucleus. Aliases: XPO1|CRM1|emb
HGNC,"Tweedie et al., 2021 (Nucleic Acids Res) - Genenames.org: the HGNC resources in 2021",10.1093/nar/gkaa980,protein,Fc epsilon receptor Ig subunit gamma (FcR-gamma),Canonical mammalian gene/protein annotation. Cellular compartment: plasma_membrane. Aliases: FCER1G|FcRgamma
HGNC,"Tweedie et al., 2021 (Nucleic Acids Res) - Genenames.org: the HGNC resources in 2021",10.1093/nar/gkaa980,protein,G protein subunit alpha 13 (Galpha13),Canonical mammalian gene/protein annotation. Cellular compartment: plasma_membrane. Aliases: GNA13|Galpha13
HGNC,"Tweedie et al., 2021 (Nucleic Acids Res) - Genenames.org: the HGNC resources in 2021",10.1093/nar/gkaa980,protein,Integrin subunit alpha V,Canonical mammalian gene/protein annotation. Cellular compartment: plasma_membrane. Aliases: ITGAV|CD51
HGNC,"Tweedie et al., 2021 (Nucleic Acids Res) - Genenames.org: the HGNC resources in 2021",10.1093/nar/gkaa980,protein,Integrin subunit beta 3,Canonical mammalian gene/protein annotation. Cellular compartment: plasma_membrane. Aliases: ITGB3|CD61
HGNC,"Tweedie et al., 2021 (Nucleic Acids Res) - Genenames.org: the HGNC resources in 2021",10.1093/nar/gkaa980,protein,Interferon alpha and beta receptor subunit 1,Canonical mammalian gene/protein annotation. Cellular compartment: plasma_membrane. Aliases: IFNAR1|IFNAR
HGNC,"Tweedie et al., 2021 (Nucleic Acids Res) - Genenames.org: the HGNC resources in 2021",10.1093/nar/gkaa980,protein,Interferon beta 1,Canonical mammalian gene/protein annotation. Cellular compartment: extracellular. Aliases: IFNB1|IFN-beta|IFNB
HGNC,"Tweedie et al., 2021 (Nucleic Acids Res) - Genenames.org: the HGNC resources in 2021",10.1093/nar/gkaa980,protein,Interferon gamma (IFN-gamma),Canonical mammalian gene/protein annotation. Cellular compartment: extracellular. Aliases: IFNG|IFN-gamma|IFG|IFI
HGNC,"Tweedie et al., 2021 (Nucleic Acids Res) - Genenames.org: the HGNC resources in 2021",10.1093/nar/gkaa980,protein,Interleukin 1 beta,Canonical mammalian gene/protein annotation. Cellular compartment: extracellular. Aliases: IL1B|IL-1beta|IL-1B
HGNC,"Tweedie et al., 2021 (Nucleic Acids Res) - Genenames.org: the HGNC resources in 2021",10.1093/nar/gkaa980,protein,Interleukin 1 receptor type 1,Canonical mammalian gene/protein annotation. Cellular compartment: plasma_membrane. Aliases: IL1R1|IL-1R|CD121a|IL1R
HGNC,"Tweedie et al., 2021 (Nucleic Acids Res) - Genenames.org: the HGNC resources in 2021",10.1093/nar/gkaa980,protein,Interleukin 10,Canonical mammalian gene/protein annotation. Cellular compartment: extracellular. Aliases: IL10|IL-10|CSIF|TGIF
HGNC,"Tweedie et al., 2021 (Nucleic Acids Res) - Genenames.org: the HGNC resources in 2021",10.1093/nar/gkaa980,protein,Interleukin 13,Canonical mammalian gene/protein annotation. Cellular compartment: extracellular. Aliases: IL13|IL-13|ALRH|NC30
HGNC,"Tweedie et al., 2021 (Nucleic Acids Res) - Genenames.org: the HGNC resources in 2021",10.1093/nar/gkaa980,protein,Interleukin 17A,Canonical mammalian gene/protein annotation. Cellular compartment: extracellular. Aliases: IL17A|IL-17|IL17|CTLA8
HGNC,"Tweedie et al., 2021 (Nucleic Acids Res) - Genenames.org: the HGNC resources in 2021",10.1093/nar/gkaa980,protein,Interleukin 3,Canonical mammalian gene/protein annotation. Cellular compartment: extracellular. Aliases: IL3|IL-3|MCGF|BPA
HGNC,"Tweedie et al., 2021 (Nucleic Acids Res) - Genenames.org: the HGNC resources in 2021",10.1093/nar/gkaa980,protein,Interleukin 33,Canonical mammalian gene/protein annotation. Cellular compartment: extracellular. Aliases: IL33|IL-33|NF-HEV|DVS27
HGNC,"Tweedie et al., 2021 (Nucleic Acids Res) - Genenames.org: the HGNC resources in 2021",10.1093/nar/gkaa980,protein,Interleukin 4,Canonical mammalian gene/protein annotation. Cellular compartment: extracellular. Aliases: IL4|IL-4|BSF-1|BCGF1
HGNC,"Tweedie et al., 2021 (Nucleic Acids Res) - Genenames.org: the HGNC resources in 2021",10.1093/nar/gkaa980,protein,Interleukin 6,Canonical mammalian gene/protein annotation. Cellular compartment: extracellular. Aliases: IL6|IL-6|BSF2|IFNB2
HGNC,"Tweedie et al., 2021 (Nucleic Acids Res) - Genenames.org: the HGNC resources in 2021",10.1093/nar/gkaa980,protein,Interleukin 6 receptor,Canonical mammalian gene/protein annotation. Cellular compartment: plasma_membrane. Aliases: IL6R|IL-6R|CD126|IL6RA
HGNC,"Tweedie et al., 2021 (Nucleic Acids Res) - Genenames.org: the HGNC resources in 2021",10.1093/nar/gkaa980,protein,Interleukin 6 signal transducer (gp130),Canonical mammalian gene/protein annotation. Cellular compartment: plasma_membrane. Aliases: IL6ST|gp130|CD130
HGNC,"Tweedie et al., 2021 (Nucleic Acids Res) - Genenames.org: the HGNC resources in 2021",10.1093/nar/gkaa980,protein,Intraflagellar transport 80,Canonical mammalian gene/protein annotation. Cellular compartment: cytoplasm. Aliases: IFT80|WDR56
HGNC,"Tweedie et al., 2021 (Nucleic Acids Res) - Genenames.org: the HGNC resources in 2021",10.1093/nar/gkaa980,protein,Lymphocyte cytosolic protein 2 (SLP-76),Canonical mammalian gene/protein annotation. Cellular compartment: cytoplasm. Aliases: LCP2|SLP76
HGNC,"Tweedie et al., 2021 (Nucleic Acids Res) - Genenames.org: the HGNC resources in 2021",10.1093/nar/gkaa980,protein,Moesin (ERM family cytoskeletal linker),Canonical mammalian gene/protein annotation. Cellular compartment: cytoplasm. Aliases: MSN|Moesin
HGNC,"Tweedie et al., 2021 (Nucleic Acids Res) - Genenames.org: the HGNC resources in 2021",10.1093/nar/gkaa980,protein,NF-kB inhibitor alpha (IkB-alpha),Canonical mammalian gene/protein annotation. Cellular compartment: cytoplasm. Aliases: NFKBIA|IkBalpha|IKBA|MAD-3
HGNC,"Tweedie et al., 2021 (Nucleic Acids Res) - Genenames.org: the HGNC resources in 2021",10.1093/nar/gkaa980,protein,Osteoclast associated Ig-like receptor,Canonical mammalian gene/protein annotation. Cellular compartment: plasma_membrane. Aliases: OSCAR|PIIGR
HGNC,"Tweedie et al., 2021 (Nucleic Acids Res) - Genenames.org: the HGNC resources in 2021",10.1093/nar/gkaa980,protein,Osteoclast stimulatory transmembrane protein,Canonical mammalian gene/protein annotation. Cellular compartment: plasma_membrane. Aliases: OCSTAMP|OC-STAMP
HGNC,"Tweedie et al., 2021 (Nucleic Acids Res) - Genenames.org: the HGNC resources in 2021",10.1093/nar/gkaa980,protein,Osteopetrosis associated transmembrane protein 1,Canonical mammalian gene/protein annotation. Cellular compartment: plasma_membrane. Aliases: OSTM1|GL
HGNC,"Tweedie et al., 2021 (Nucleic Acids Res) - Genenames.org: the HGNC resources in 2021",10.1093/nar/gkaa980,protein,Paired immunoglobulin-like receptor A,Canonical mammalian gene/protein annotation. Cellular compartment: plasma_membrane. Aliases: PIRA|PIR-A|Pira1|Lilra
HGNC,"Tweedie et al., 2021 (Nucleic Acids Res) - Genenames.org: the HGNC resources in 2021",10.1093/nar/gkaa980,protein,Paxillin (Focal adhesion and podosome belt adaptor),Canonical mammalian gene/protein annotation. Cellular compartment: plasma_membrane. Aliases: Pxn | Paxillin | Podosome belt adaptor | Actin ring scaffold
HGNC,"Tweedie et al., 2021 (Nucleic Acids Res) - Genenames.org: the HGNC resources in 2021",10.1093/nar/gkaa980,protein,Peroxisome proliferator activated receptor delta,Canonical mammalian gene/protein annotation. Cellular compartment: nucleus. Aliases: PPARD|PPARDELTA
HGNC,"Tweedie et al., 2021 (Nucleic Acids Res) - Genenames.org: the HGNC resources in 2021",10.1093/nar/gkaa980,protein,Programmed cell death 4,Canonical mammalian gene/protein annotation. Cellular compartment: nucleus. Aliases: PDCD4
HGNC,"Tweedie et al., 2021 (Nucleic Acids Res) - Genenames.org: the HGNC resources in 2021",10.1093/nar/gkaa980,protein,Rac family small GTPase 1,Canonical mammalian gene/protein annotation. Cellular compartment: plasma_membrane. Aliases: RAC1|p21-Rac1
HGNC,"Tweedie et al., 2021 (Nucleic Acids Res) - Genenames.org: the HGNC resources in 2021",10.1093/nar/gkaa980,protein,Ras homolog family member A,Canonical mammalian gene/protein annotation. Cellular compartment: plasma_membrane. Aliases: RHOA|ARHA
HGNC,"Tweedie et al., 2021 (Nucleic Acids Res) - Genenames.org: the HGNC resources in 2021",10.1093/nar/gkaa980,protein,Regulator of G protein signaling 10,Canonical mammalian gene/protein annotation. Cellular compartment: cytoplasm. Aliases: RGS10|RGS10A
HGNC,"Tweedie et al., 2021 (Nucleic Acids Res) - Genenames.org: the HGNC resources in 2021",10.1093/nar/gkaa980,protein,Regulator of G protein signaling 12,Canonical mammalian gene/protein annotation. Cellular compartment: plasma_membrane. Aliases: RGS12
HGNC,"Tweedie et al., 2021 (Nucleic Acids Res) - Genenames.org: the HGNC resources in 2021",10.1093/nar/gkaa980,protein,Sclerostin,Canonical mammalian gene/protein annotation. Cellular compartment: extracellular. Aliases: SOST|sclerostin|VBCH
HGNC,"Tweedie et al., 2021 (Nucleic Acids Res) - Genenames.org: the HGNC resources in 2021",10.1093/nar/gkaa980,protein,Sequestosome 1 (p62 scaffold / Paget disease regulator),Canonical mammalian gene/protein annotation. Cellular compartment: cytoplasm. Aliases: Sqstm1 | p62 | Paget disease marker | A170
HGNC,"Tweedie et al., 2021 (Nucleic Acids Res) - Genenames.org: the HGNC resources in 2021",10.1093/nar/gkaa980,protein,Signal regulatory protein beta 1,Canonical mammalian gene/protein annotation. Cellular compartment: plasma_membrane. Aliases: SIRPB1|SIRP-beta-1|CD172b
HGNC,"Tweedie et al., 2021 (Nucleic Acids Res) - Genenames.org: the HGNC resources in 2021",10.1093/nar/gkaa980,protein,Sorting nexin 10,Canonical mammalian gene/protein annotation. Cellular compartment: cytoplasm. Aliases: SNX10
HGNC,"Tweedie et al., 2021 (Nucleic Acids Res) - Genenames.org: the HGNC resources in 2021",10.1093/nar/gkaa980,protein,T cell immune regulator 1 ATPase a3 subunit (Atp6i),Canonical mammalian gene/protein annotation. Cellular compartment: plasma_membrane. Aliases: TCIRG1|Atp6i|a3|OC116
HGNC,"Tweedie et al., 2021 (Nucleic Acids Res) - Genenames.org: the HGNC resources in 2021",10.1093/nar/gkaa980,protein,TNF receptor associated factor 3,Canonical mammalian gene/protein annotation. Cellular compartment: cytoplasm. Aliases: TRAF3|LAP1
HGNC,"Tweedie et al., 2021 (Nucleic Acids Res) - Genenames.org: the HGNC resources in 2021",10.1093/nar/gkaa980,protein,TNF receptor associated factor 6,Canonical mammalian gene/protein annotation. Cellular compartment: cytoplasm. Aliases: TRAF6|RNF85
HGNC,"Tweedie et al., 2021 (Nucleic Acids Res) - Genenames.org: the HGNC resources in 2021",10.1093/nar/gkaa980,protein,TNF receptor superfamily member 11a (RANK),Canonical mammalian gene/protein annotation. Cellular compartment: plasma_membrane. Aliases: RANK|TNFRSF11A|ODFR
HGNC,"Tweedie et al., 2021 (Nucleic Acids Res) - Genenames.org: the HGNC resources in 2021",10.1093/nar/gkaa980,protein,TNF receptor superfamily member 11b (OPG),Canonical mammalian gene/protein annotation. Cellular compartment: extracellular. Aliases: OPG|TNFRSF11B|TR1
HGNC,"Tweedie et al., 2021 (Nucleic Acids Res) - Genenames.org: the HGNC resources in 2021",10.1093/nar/gkaa980,protein,TNF receptor superfamily member 1A (TNFR1),Canonical mammalian gene/protein annotation. Cellular compartment: plasma_membrane. Aliases: TNFRSF1A|TNFR1|CD120a|TNFR-I
HGNC,"Tweedie et al., 2021 (Nucleic Acids Res) - Genenames.org: the HGNC resources in 2021",10.1093/nar/gkaa980,protein,TNF receptor superfamily member 1B (TNFR2),Canonical mammalian gene/protein annotation. Cellular compartment: plasma_membrane. Aliases: TNFRSF1B|TNFR2|CD120b|TNFR-II
HGNC,"Tweedie et al., 2021 (Nucleic Acids Res) - Genenames.org: the HGNC resources in 2021",10.1093/nar/gkaa980,protein,TNF superfamily member 11 (RANKL),Canonical mammalian gene/protein annotation. Cellular compartment: extracellular. Aliases: RANKL|TNFSF11|TRANCE|ODF
HGNC,"Tweedie et al., 2021 (Nucleic Acids Res) - Genenames.org: the HGNC resources in 2021",10.1093/nar/gkaa980,protein,Toll like receptor 4,Canonical mammalian gene/protein annotation. Cellular compartment: plasma_membrane. Aliases: TLR4|CD284|TOLL|ARMD10
HGNC,"Tweedie et al., 2021 (Nucleic Acids Res) - Genenames.org: the HGNC resources in 2021",10.1093/nar/gkaa980,protein,Transmembrane immune signaling adaptor TYROBP (DAP12),Canonical mammalian gene/protein annotation. Cellular compartment: plasma_membrane. Aliases: TYROBP|DAP12|PLOSL
HGNC,"Tweedie et al., 2021 (Nucleic Acids Res) - Genenames.org: the HGNC resources in 2021",10.1093/nar/gkaa980,protein,Triggering receptor expressed on myeloid cells 1,Canonical mammalian gene/protein annotation. Cellular compartment: plasma_membrane. Aliases: TREM1|CD354
HGNC,"Tweedie et al., 2021 (Nucleic Acids Res) - Genenames.org: the HGNC resources in 2021",10.1093/nar/gkaa980,protein,Triggering receptor expressed on myeloid cells 2,Canonical mammalian gene/protein annotation. Cellular compartment: plasma_membrane. Aliases: TREM2|PLOSL2
HGNC,"Tweedie et al., 2021 (Nucleic Acids Res) - Genenames.org: the HGNC resources in 2021",10.1093/nar/gkaa980,protein,Tumor necrosis factor alpha (TNF-alpha),Canonical mammalian gene/protein annotation. Cellular compartment: extracellular. Aliases: TNF|TNFA|TNF-alpha|cachectin
HGNC,"Tweedie et al., 2021 (Nucleic Acids Res) - Genenames.org: the HGNC resources in 2021",10.1093/nar/gkaa980,protein,Vav guanine nucleotide exchange factor 3,Canonical mammalian gene/protein annotation. Cellular compartment: cytoplasm. Aliases: VAV3
HGNC,"Tweedie et al., 2021 (Nucleic Acids Res) - Genenames.org: the HGNC resources in 2021",10.1093/nar/gkaa980,protein,WASP actin nucleation promoting factor,Canonical mammalian gene/protein annotation. Cellular compartment: cytoplasm. Aliases: WAS|WASP
HGNC,"Tweedie et al., 2021 (Nucleic Acids Res) - Genenames.org: the HGNC resources in 2021",10.1093/nar/gkaa980,transcription_factor,B-cell lymphoma 6 protein,Canonical mammalian gene/protein annotation. Cellular compartment: nucleus. Aliases: BCL6|ZNF51|LAZ3
HGNC,"Tweedie et al., 2021 (Nucleic Acids Res) - Genenames.org: the HGNC resources in 2021",10.1093/nar/gkaa980,transcription_factor,CCAAT enhancer binding protein alpha (C/EBP-alpha),Canonical mammalian gene/protein annotation. Cellular compartment: nucleus. Aliases: CEBPA|C/EBPa
HGNC,"Tweedie et al., 2021 (Nucleic Acids Res) - Genenames.org: the HGNC resources in 2021",10.1093/nar/gkaa980,transcription_factor,Fos proto-oncogene AP-1 transcription factor subunit (c-Fos),Canonical mammalian gene/protein annotation. Cellular compartment: nucleus. Aliases: FOS|c-Fos|AP-1
HGNC,"Tweedie et al., 2021 (Nucleic Acids Res) - Genenames.org: the HGNC resources in 2021",10.1093/nar/gkaa980,transcription_factor,Hypoxia inducible factor 1 subunit alpha (HIF1a),Canonical mammalian gene/protein annotation. Cellular compartment: nucleus. Aliases: HIF1A|HIF1alpha|MOP1|PASD8
HGNC,"Tweedie et al., 2021 (Nucleic Acids Res) - Genenames.org: the HGNC resources in 2021",10.1093/nar/gkaa980,transcription_factor,Interferon regulatory factor 7,Canonical mammalian gene/protein annotation. Cellular compartment: nucleus. Aliases: IRF7|IRF-7|IMD61
HGNC,"Tweedie et al., 2021 (Nucleic Acids Res) - Genenames.org: the HGNC resources in 2021",10.1093/nar/gkaa980,transcription_factor,Interferon regulatory factor 8 (ICSBP),Canonical mammalian gene/protein annotation. Cellular compartment: nucleus. Aliases: IRF8|ICSBP|IRF-8
HGNC,"Tweedie et al., 2021 (Nucleic Acids Res) - Genenames.org: the HGNC resources in 2021",10.1093/nar/gkaa980,transcription_factor,Jun proto-oncogene AP-1 transcription factor subunit (c-Jun),Canonical mammalian gene/protein annotation. Cellular compartment: nucleus. Aliases: JUN|c-Jun|AP1
HGNC,"Tweedie et al., 2021 (Nucleic Acids Res) - Genenames.org: the HGNC resources in 2021",10.1093/nar/gkaa980,transcription_factor,MAF bZIP transcription factor B,Canonical mammalian gene/protein annotation. Cellular compartment: nucleus. Aliases: MAFB|KRML
HGNC,"Tweedie et al., 2021 (Nucleic Acids Res) - Genenames.org: the HGNC resources in 2021",10.1093/nar/gkaa980,transcription_factor,Melanocyte inducing transcription factor,Canonical mammalian gene/protein annotation. Cellular compartment: nucleus. Aliases: MITF|MI|WS2A
HGNC,"Tweedie et al., 2021 (Nucleic Acids Res) - Genenames.org: the HGNC resources in 2021",10.1093/nar/gkaa980,transcription_factor,Nuclear factor kappa B subunit 1 (p50),Canonical mammalian gene/protein annotation. Cellular compartment: nucleus. Aliases: NFKB1|p50|p105
HGNC,"Tweedie et al., 2021 (Nucleic Acids Res) - Genenames.org: the HGNC resources in 2021",10.1093/nar/gkaa980,transcription_factor,Nuclear factor kappa B subunit 2 (p52/p100),Canonical mammalian gene/protein annotation. Cellular compartment: nucleus. Aliases: NFKB2|p52|p100
HGNC,"Tweedie et al., 2021 (Nucleic Acids Res) - Genenames.org: the HGNC resources in 2021",10.1093/nar/gkaa980,transcription_factor,Nuclear factor of activated T cells 1,Canonical mammalian gene/protein annotation. Cellular compartment: nucleus. Aliases: NFATC1|NFAT2|NFATc
HGNC,"Tweedie et al., 2021 (Nucleic Acids Res) - Genenames.org: the HGNC resources in 2021",10.1093/nar/gkaa980,transcription_factor,PR / SET domain 1 (Blimp1),Canonical mammalian gene/protein annotation. Cellular compartment: nucleus. Aliases: PRDM1|Blimp1|BLIMP-1
HGNC,"Tweedie et al., 2021 (Nucleic Acids Res) - Genenames.org: the HGNC resources in 2021",10.1093/nar/gkaa980,transcription_factor,"REL proto-oncogene, NF-kB subunit (c-Rel)",Canonical mammalian gene/protein annotation. Cellular compartment: nucleus. Aliases: REL|c-Rel|C-Rel
HGNC,"Tweedie et al., 2021 (Nucleic Acids Res) - Genenames.org: the HGNC resources in 2021",10.1093/nar/gkaa980,transcription_factor,RELA proto-oncogene NF-kB subunit (p65),Canonical mammalian gene/protein annotation. Cellular compartment: nucleus. Aliases: RELA|p65|NFKB3
HGNC,"Tweedie et al., 2021 (Nucleic Acids Res) - Genenames.org: the HGNC resources in 2021",10.1093/nar/gkaa980,transcription_factor,RELB proto-oncogene NF-kB subunit,Canonical mammalian gene/protein annotation. Cellular compartment: nucleus. Aliases: RELB|I-REL
HGNC,"Tweedie et al., 2021 (Nucleic Acids Res) - Genenames.org: the HGNC resources in 2021",10.1093/nar/gkaa980,transcription_factor,Recombination signal binding protein for Ig kappa J region,Canonical mammalian gene/protein annotation. Cellular compartment: nucleus. Aliases: RBPJ|RBP-J|CBF1
HGNC,"Tweedie et al., 2021 (Nucleic Acids Res) - Genenames.org: the HGNC resources in 2021",10.1093/nar/gkaa980,transcription_factor,Spi-1 proto-oncogene (PU.1),Canonical mammalian gene/protein annotation. Cellular compartment: nucleus. Aliases: SPI1|PU.1|SFPI1
HGNC,"Tweedie et al., 2021 (Nucleic Acids Res) - Genenames.org: the HGNC resources in 2021",10.1093/nar/gkaa980,transcription_factor,Sterol regulatory element binding transcription factor 2 (SREBP2),Canonical mammalian gene/protein annotation. Cellular compartment: nucleus. Aliases: SREBF2|SREBP2|bHLHd2
HGNC,"Tweedie et al., 2021 (Nucleic Acids Res) - Genenames.org: the HGNC resources in 2021",10.1093/nar/gkaa980,transcription_factor,TGFB induced factor homeobox 2,Canonical mammalian gene/protein annotation. Cellular compartment: nucleus. Aliases: TGIF2
HGNC,"Tweedie et al., 2021 (Nucleic Acids Res) - Genenames.org: the HGNC resources in 2021",10.1093/nar/gkaa980,transcription_factor,Telomeric repeat binding factor 3,Canonical mammalian gene/protein annotation. Cellular compartment: nucleus. Aliases: TFE3|bHLHe33
HGNC,"Tweedie et al., 2021 (Nucleic Acids Res) - Genenames.org: the HGNC resources in 2021",10.1093/nar/gkaa980,transcription_factor,cAMP responsive element binding protein 1,Canonical mammalian gene/protein annotation. Cellular compartment: nucleus. Aliases: CREB1|CREB
KEGG,"Kanehisa et al., 2023 (Nucleic Acids Res) - KEGG for taxonomy-based analysis of pathways and osteoclast signaling (mmu04380)",10.1093/nar/gkac963,pathway,Acidified resorption lacuna (Howship pit),Biological pathway / morphologic osteoclast differentiation stage. Cellular compartment: extracellular.
KEGG,"Kanehisa et al., 2023 (Nucleic Acids Res) - KEGG for taxonomy-based analysis of pathways and osteoclast signaling (mmu04380)",10.1093/nar/gkac963,pathway,Committed mononuclear TRAP+ osteoclast,Biological pathway / morphologic osteoclast differentiation stage. Cellular compartment: whole_cell.
KEGG,"Kanehisa et al., 2023 (Nucleic Acids Res) - KEGG for taxonomy-based analysis of pathways and osteoclast signaling (mmu04380)",10.1093/nar/gkac963,pathway,Costimulatory Calcium Oscillation & NFATc1 Activation,Biological pathway / morphologic osteoclast differentiation stage. Cellular compartment: cytoplasm.
KEGG,"Kanehisa et al., 2023 (Nucleic Acids Res) - KEGG for taxonomy-based analysis of pathways and osteoclast signaling (mmu04380)",10.1093/nar/gkac963,pathway,De Novo Serine Synthesis & One-Carbon Metabolism,Biological pathway / morphologic osteoclast differentiation stage. Cellular compartment: cytoplasm.
KEGG,"Kanehisa et al., 2023 (Nucleic Acids Res) - KEGG for taxonomy-based analysis of pathways and osteoclast signaling (mmu04380)",10.1093/nar/gkac963,pathway,Early mononuclear pre-osteoclast,Biological pathway / morphologic osteoclast differentiation stage. Cellular compartment: whole_cell.
KEGG,"Kanehisa et al., 2023 (Nucleic Acids Res) - KEGG for taxonomy-based analysis of pathways and osteoclast signaling (mmu04380)",10.1093/nar/gkac963,pathway,F-actin sealing zone (actin ring),Biological pathway / morphologic osteoclast differentiation stage. Cellular compartment: plasma_membrane.
KEGG,"Kanehisa et al., 2023 (Nucleic Acids Res) - KEGG for taxonomy-based analysis of pathways and osteoclast signaling (mmu04380)",10.1093/nar/gkac963,pathway,Glutamine Anaplerosis and Glutaminolysis,Biological pathway / morphologic osteoclast differentiation stage. Cellular compartment: mitochondria.
KEGG,"Kanehisa et al., 2023 (Nucleic Acids Res) - KEGG for taxonomy-based analysis of pathways and osteoclast signaling (mmu04380)",10.1093/nar/gkac963,pathway,Glycolysis and Lactate Fermentation,Biological pathway / morphologic osteoclast differentiation stage. Cellular compartment: cytoplasm.
KEGG,"Kanehisa et al., 2023 (Nucleic Acids Res) - KEGG for taxonomy-based analysis of pathways and osteoclast signaling (mmu04380)",10.1093/nar/gkac963,pathway,Mature multinucleated resorbing osteoclast,Biological pathway / morphologic osteoclast differentiation stage. Cellular compartment: whole_cell.
KEGG,"Kanehisa et al., 2023 (Nucleic Acids Res) - KEGG for taxonomy-based analysis of pathways and osteoclast signaling (mmu04380)",10.1093/nar/gkac963,pathway,Multinucleated syncytium,Biological pathway / morphologic osteoclast differentiation stage. Cellular compartment: whole_cell.
KEGG,"Kanehisa et al., 2023 (Nucleic Acids Res) - KEGG for taxonomy-based analysis of pathways and osteoclast signaling (mmu04380)",10.1093/nar/gkac963,pathway,Osteoclast differentiation and multinucleation,Biological pathway / morphologic osteoclast differentiation stage. Cellular compartment: whole_cell.
KEGG,"Kanehisa et al., 2023 (Nucleic Acids Res) - KEGG for taxonomy-based analysis of pathways and osteoclast signaling (mmu04380)",10.1093/nar/gkac963,pathway,Osteoclastic bone resorption and pit excavation,Biological pathway / morphologic osteoclast differentiation stage. Cellular compartment: extracellular.
KEGG,"Kanehisa et al., 2023 (Nucleic Acids Res) - KEGG for taxonomy-based analysis of pathways and osteoclast signaling (mmu04380)",10.1093/nar/gkac963,pathway,Podosome Belt and F-Actin Sealing Zone Assembly,Biological pathway / morphologic osteoclast differentiation stage. Cellular compartment: cytoplasm.
KEGG,"Kanehisa et al., 2023 (Nucleic Acids Res) - KEGG for taxonomy-based analysis of pathways and osteoclast signaling (mmu04380)",10.1093/nar/gkac963,pathway,Podosome assembly and podosome belt,Biological pathway / morphologic osteoclast differentiation stage. Cellular compartment: cytoplasm.
KEGG,"Kanehisa et al., 2023 (Nucleic Acids Res) - KEGG for taxonomy-based analysis of pathways and osteoclast signaling (mmu04380)",10.1093/nar/gkac963,pathway,Precursor cell viability and survival,Biological pathway / morphologic osteoclast differentiation stage. Cellular compartment: whole_cell.
KEGG,"Kanehisa et al., 2023 (Nucleic Acids Res) - KEGG for taxonomy-based analysis of pathways and osteoclast signaling (mmu04380)",10.1093/nar/gkac963,pathway,RANKL-RANK Signaling Cascade,Biological pathway / morphologic osteoclast differentiation stage. Cellular compartment: plasma_membrane.
KEGG,"Kanehisa et al., 2023 (Nucleic Acids Res) - KEGG for taxonomy-based analysis of pathways and osteoclast signaling (mmu04380)",10.1093/nar/gkac963,pathway,Ruffled border membrane,Biological pathway / morphologic osteoclast differentiation stage. Cellular compartment: plasma_membrane.
KEGG,"Kanehisa et al., 2023 (Nucleic Acids Res) - KEGG for taxonomy-based analysis of pathways and osteoclast signaling (mmu04380)",10.1093/nar/gkac963,pathway,Syncytium / prefusion polykaryon,Biological pathway / morphologic osteoclast differentiation stage. Cellular compartment: whole_cell.
KEGG,"Kanehisa et al., 2023 (Nucleic Acids Res) - KEGG for taxonomy-based analysis of pathways and osteoclast signaling (mmu04380)",10.1093/nar/gkac963,pathway,TRAP enzyme production and secretion,Biological pathway / morphologic osteoclast differentiation stage. Cellular compartment: resorption_lacuna.
KEGG,"Kanehisa et al., 2023 (Nucleic Acids Res) - KEGG for taxonomy-based analysis of pathways and osteoclast signaling (mmu04380)",10.1093/nar/gkac963,pathway,Tricarboxylic Acid (TCA) Cycle & OXPHOS,Biological pathway / morphologic osteoclast differentiation stage. Cellular compartment: mitochondria.
KEGG,"Kanehisa et al., 2023 (Nucleic Acids Res) - KEGG for taxonomy-based analysis of pathways and osteoclast signaling (mmu04380)",10.1093/nar/gkac963,pathway,Uncommitted monocyte / BMM precursor,Biological pathway / morphologic osteoclast differentiation stage. Cellular compartment: whole_cell.
NCBI Gene / miRBase,NCBI RefSeq & miRBase microRNA / transcript database,10.1093/nar/gky1141,gene,Acp5 (TRAP) messenger RNA,Osteoclast functional transcript / regulatory microRNA. Cellular compartment: cytoplasm.
NCBI Gene / miRBase,NCBI RefSeq & miRBase microRNA / transcript database,10.1093/nar/gky1141,gene,Ctsk messenger RNA,Osteoclast functional transcript / regulatory microRNA. Cellular compartment: cytoplasm.
NCBI Gene / miRBase,NCBI RefSeq & miRBase microRNA / transcript database,10.1093/nar/gky1141,gene,Dcstamp messenger RNA,Osteoclast functional transcript / regulatory microRNA. Cellular compartment: cytoplasm.
NCBI Gene / miRBase,NCBI RefSeq & miRBase microRNA / transcript database,10.1093/nar/gky1141,gene,MicroRNA miR-124-3p,Osteoclast functional transcript / regulatory microRNA. Cellular compartment: cytoplasm.
NCBI Gene / miRBase,NCBI RefSeq & miRBase microRNA / transcript database,10.1093/nar/gky1141,gene,MicroRNA miR-146a-5p,Osteoclast functional transcript / regulatory microRNA. Cellular compartment: cytoplasm.
NCBI Gene / miRBase,NCBI RefSeq & miRBase microRNA / transcript database,10.1093/nar/gky1141,gene,MicroRNA miR-148a-3p,Osteoclast functional transcript / regulatory microRNA. Cellular compartment: cytoplasm.
NCBI Gene / miRBase,NCBI RefSeq & miRBase microRNA / transcript database,10.1093/nar/gky1141,gene,MicroRNA miR-19a-3p,Osteoclast functional transcript / regulatory microRNA. Cellular compartment: cytoplasm.
NCBI Gene / miRBase,NCBI RefSeq & miRBase microRNA / transcript database,10.1093/nar/gky1141,gene,MicroRNA miR-21a-5p,Osteoclast functional transcript / regulatory microRNA. Cellular compartment: cytoplasm.
NCBI Gene / miRBase,NCBI RefSeq & miRBase microRNA / transcript database,10.1093/nar/gky1141,gene,MicroRNA miR-34a-5p,Osteoclast functional transcript / regulatory microRNA. Cellular compartment: cytoplasm.
NCBI Gene / miRBase,NCBI RefSeq & miRBase microRNA / transcript database,10.1093/nar/gky1141,gene,Nfatc1 messenger RNA,Osteoclast functional transcript / regulatory microRNA. Cellular compartment: cytoplasm.
NCBI Gene / miRBase,NCBI RefSeq & miRBase microRNA / transcript database,10.1093/nar/gky1141,gene,Pfkfb3 messenger RNA,Osteoclast functional transcript / regulatory microRNA. Cellular compartment: cytoplasm.
NCBI Gene / miRBase,NCBI RefSeq & miRBase microRNA / transcript database,10.1093/nar/gky1141,gene,Pkm messenger RNA,Osteoclast functional transcript / regulatory microRNA. Cellular compartment: cytoplasm.
Nature Publishing Group,"Rong et al., 2025 (Bone Res) - Itaconate suppresses osteoclastogenesis via TET2 DNA hydroxymethylation",10.1038/s41413-025-00437-w,enzyme,Tet methylcytosine dioxygenase 2,"Itaconate directly blocks the catalytic activity of TET2 dioxygenase. [Assay: Dot blot and TRAP staining, Treatment: RANKL + 4-octyl itaconate (4-OI), Effect: Inhibits TET2 5hmC deposition and dampens osteoclastogenesis]"
Nature Publishing Group,"Rong et al., 2025 (Bone Res) - Itaconate suppresses osteoclastogenesis via TET2 DNA hydroxymethylation",10.1038/s41413-025-00437-w,enzyme,Tet methylcytosine dioxygenase 2,"TET2 mediates 5hmC deposition at pro-osteoclastogenic enhancer elements. [Assay: Dot blot and TRAP staining, Treatment: RANKL + 4-octyl itaconate (4-OI), Effect: Inhibits TET2 5hmC deposition and dampens osteoclastogenesis]"
Nature Publishing Group,"Rong et al., 2025 (Bone Res) - Itaconate suppresses osteoclastogenesis via TET2 DNA hydroxymethylation",10.1038/s41413-025-00437-w,extracellular_compound,4-Octyl itaconate,"Exogenous 4-OI treatment in BMM cultures suppressed TRAP-positive multinucleated cell formation. [Assay: Dot blot and TRAP staining, Treatment: RANKL + 4-octyl itaconate (4-OI), Effect: Inhibits TET2 5hmC deposition and dampens osteoclastogenesis]"
Nature Publishing Group,"Rong et al., 2025 (Bone Res) - Itaconate suppresses osteoclastogenesis via TET2 DNA hydroxymethylation",10.1038/s41413-025-00437-w,intracellular_compound,itaconate,"Exogenous 4-OI treatment in BMM cultures suppressed TRAP-positive multinucleated cell formation. [Assay: Dot blot and TRAP staining, Treatment: RANKL + 4-octyl itaconate (4-OI), Effect: Inhibits TET2 5hmC deposition and dampens osteoclastogenesis]"
Nature Publishing Group,"Rong et al., 2025 (Bone Res) - Itaconate suppresses osteoclastogenesis via TET2 DNA hydroxymethylation",10.1038/s41413-025-00437-w,intracellular_compound,itaconate,"Itaconate directly blocks the catalytic activity of TET2 dioxygenase. [Assay: Dot blot and TRAP staining, Treatment: RANKL + 4-octyl itaconate (4-OI), Effect: Inhibits TET2 5hmC deposition and dampens osteoclastogenesis]"
Nature Publishing Group,"Rong et al., 2025 (Bone Res) - Itaconate suppresses osteoclastogenesis via TET2 DNA hydroxymethylation",10.1038/s41413-025-00437-w,pathway,Osteoclast differentiation and multinucleation,"TET2 knockdown severely compromises terminal osteoclast differentiation. [Assay: Dot blot and TRAP staining, Treatment: RANKL + 4-octyl itaconate (4-OI), Effect: Inhibits TET2 5hmC deposition and dampens osteoclastogenesis]"
Nature Publishing Group,"Rong et al., 2025 (Bone Res) - Itaconate suppresses osteoclastogenesis via TET2 DNA hydroxymethylation",10.1038/s41413-025-00437-w,reaction,TET2-mediated DNA 5hmC deposition at enhancers,"TET2 mediates 5hmC deposition at pro-osteoclastogenic enhancer elements. [Assay: Dot blot and TRAP staining, Treatment: RANKL + 4-octyl itaconate (4-OI), Effect: Inhibits TET2 5hmC deposition and dampens osteoclastogenesis]"
Nature Publishing Group,"Rong et al., 2025 (Bone Res) - Itaconate suppresses osteoclastogenesis via TET2 DNA hydroxymethylation",10.1038/s41413-025-00437-w,reaction,TET2-mediated DNA 5hmC deposition at enhancers,"TET2 knockdown severely compromises terminal osteoclast differentiation. [Assay: Dot blot and TRAP staining, Treatment: RANKL + 4-octyl itaconate (4-OI), Effect: Inhibits TET2 5hmC deposition and dampens osteoclastogenesis]"
PubMed,"Taubmann et al., 2020 (Nat Commun) - Metabolic reprogramming of osteoclasts under RANKL driving aerobic glycolysis",10.1038/s41467-020-17453-6,enzyme,"6-phosphofructo-2-kinase/fructose-2,6-biphosphatase 3","PFKFB3 produces fructose-2,6-bisphosphate allosterically activating PFKM and accelerating glycolytic flux. [Confirmed by STRING v12.0 mouse PPI: score=0.964, escore=0.052] [Assay: Enzymatic assay and TRAP staining, Treatment: RANKL (100 ng/mL) + 2-Deoxyglucose (2-DG), Effect: Blocks glycolytic shift and curtails osteoclast multinucleation]"
PubMed,"Taubmann et al., 2020 (Nat Commun) - Metabolic reprogramming of osteoclasts under RANKL driving aerobic glycolysis",10.1038/s41467-020-17453-6,enzyme,"6-phosphofructo-2-kinase/fructose-2,6-biphosphatase 3","Small-molecule PFKFB3 inhibition with PFK-15 blunts the metabolic switch in RAW 264.7 cells. [Assay: Enzymatic assay and TRAP staining, Treatment: RANKL (100 ng/mL) + 2-Deoxyglucose (2-DG), Effect: Blocks glycolytic shift and curtails osteoclast multinucleation]"
PubMed,"Bozec et al., 2010 (J Cell Biol) - HIF1A drives glycolytic reprogramming (HK2, PFKFB3, LDHA) essential for osteoclast bone resorption",10.1083/jcb.201002035,enzyme,"6-phosphofructo-2-kinase/fructose-2,6-biphosphatase 3","HIF1alpha transactivates PFKFB3 driving fructose-2,6-bisphosphate production. [Assay: qRT-PCR, Seahorse ECAR, and dentin slice resorption pit assay, Treatment: RANKL stimulation in Hif1a-deficient vs WT BMMs, Effect: HIF1a drives aerobic glycolysis and lacunar bone resorption]"
PubMed,"Chu et al., 2024 (Cell Metab) - PRMT6-mediated H3R2me2a controls fatty acid oxidation during osteoclastogenesis",10.1016/j.cmet.2024.07.009,enzyme,"6-phosphofructo-2-kinase/fructose-2,6-biphosphatase 3","Fructose-6-phosphate is converted by PFKFB3 into fructose-2,6-bisphosphate. [Assay: TRAP staining and Seahorse glycolysis, Treatment: RANKL (50 ng/mL) + EPZ020411, Effect: 75% decrease in osteoclast formation; restores FAO]"
PubMed,"Bozec et al., 2010 (J Cell Biol) - HIF1A drives glycolytic reprogramming (HK2, PFKFB3, LDHA) essential for osteoclast bone resorption",10.1083/jcb.201002035,enzyme,"6-phosphofructo-2-kinase/fructose-2,6-biphosphatase 3","Pfkfb3 mRNA is translated into active PFKFB3 kinase. [Assay: qRT-PCR, Seahorse ECAR, and dentin slice resorption pit assay, Treatment: RANKL stimulation in Hif1a-deficient vs WT BMMs, Effect: HIF1a drives aerobic glycolysis and lacunar bone resorption]"
PubMed,"Boyce et al., 2015 (Immunol Res) - M-CSF / CSF1R signaling and AKT/MAPK cascades in osteoclast lineage survival and development",10.1007/s12026-015-8640-1,enzyme,AKT serine/threonine kinase 1 (Akt),"PI3K generation of PIP3 triggers Akt phosphorylation at Thr308 and Ser473. [Confirmed by STRING v12.0 mouse PPI: score=0.994, escore=0.383] [Assay: Western blot and MTT assay, Treatment: RANKL + M-CSF, Effect: M-CSF binds c-Fms to activate ERK and PI3K/Akt promoting precursor survival]"
PubMed,"Boyce et al., 2015 (Immunol Res) - M-CSF / CSF1R signaling and AKT/MAPK cascades in osteoclast lineage survival and development",10.1007/s12026-015-8640-1,enzyme,AKT serine/threonine kinase 1 (Akt),"Akt phosphorylates GSK-3beta at Ser9 to inhibit its kinase activity. [Confirmed by STRING v12.0 mouse PPI: score=0.992, escore=0.882] [Assay: Western blot and MTT assay, Treatment: RANKL + M-CSF, Effect: M-CSF binds c-Fms to activate ERK and PI3K/Akt promoting precursor survival]"
PubMed,"Boyce et al., 2015 (Immunol Res) - M-CSF / CSF1R signaling and AKT/MAPK cascades in osteoclast lineage survival and development",10.1007/s12026-015-8640-1,enzyme,AKT serine/threonine kinase 1 (Akt),"Akt signaling enhances C/EBP-alpha transcriptional activity. [Assay: Western blot and MTT assay, Treatment: RANKL + M-CSF, Effect: M-CSF binds c-Fms to activate ERK and PI3K/Akt promoting precursor survival]"
PubMed,"Teitelbaum, 2007 (Science) - Osteoclasts: what do they do and how do they do it?",10.1126/science.1136892,enzyme,Acid phosphatase 5 tartrate resistant (TRAP),Canonical signaling transduction step: MRNA:Acp5 translated_to HGNC:ACP5 reported in PMID:17626889.
PubMed,"Teitelbaum, 2007 (Science) - Osteoclasts: what do they do and how do they do it?",10.1126/science.1136892,enzyme,Acid phosphatase 5 tartrate resistant (TRAP),"TRAP is packaged into transcytotic vesicles and exocytosed into the acidified resorption lacuna. [Assay: Immunofluorescence and pH imaging, Treatment: RANKL-matured osteoclasts on cortical bone, Effect: Secretion of ACP5 and CTSK into sealed acidified lacuna (pH 4.5)]"
PubMed,"Teitelbaum, 2007 (Science) - Osteoclasts: what do they do and how do they do it?",10.1126/science.1136892,enzyme,Acid phosphatase 5 tartrate resistant (TRAP),Canonical signaling transduction step: HGNC:ACP5 activates PHENO:trap_production reported in PMID:17626889.
PubMed,"Takayanagi et al., 2002 (Nature) - Induction and activation of the transcription factor NFATc1 in osteoclast differentiation",10.1038/416744a,enzyme,Acid phosphatase 5 tartrate resistant (TRAP),"Acp5 mRNA is translated into tartrate-resistant acid phosphatase protein. [Assay: Northern blot, Western blot, and retroviral overexpression, Treatment: RANKL stimulation, Effect: NFATc1 functions as a master transcription factor for terminal osteoclast differentiation]"
PubMed,"Stegen et al., 2024 (Nat Metab) - Phosphoglycerate dehydrogenase provides alpha-ketoglutarate to drive epigenetic osteoclast differentiation",10.1038/s42255-023-00958-8,enzyme,Aconitase 2,"Citrate is dehydrated by aconitase ACO2 to cis-aconitate. [Assay: TRAP staining, Treatment: M-CSF (30 ng/mL) + RANKL (50 ng/mL) + CBR-5884, Effect: 82% reduction in multinucleated osteoclasts]"
PubMed,"Stegen et al., 2024 (Nat Metab) - Phosphoglycerate dehydrogenase provides alpha-ketoglutarate to drive epigenetic osteoclast differentiation",10.1038/s42255-023-00958-8,enzyme,Aconitase 2,"Aconitase ACO2 produces cis-aconitate intermediate. [Assay: TRAP staining, Treatment: M-CSF (30 ng/mL) + RANKL (50 ng/mL) + CBR-5884, Effect: 82% reduction in multinucleated osteoclasts]"
PubMed,"Stegen et al., 2024 (Nat Metab) - Phosphoglycerate dehydrogenase provides alpha-ketoglutarate to drive epigenetic osteoclast differentiation",10.1038/s42255-023-00958-8,enzyme,Aconitase 2,"cis-Aconitate is rehydrated by ACO2 to D-isocitrate. [Assay: TRAP staining, Treatment: M-CSF (30 ng/mL) + RANKL (50 ng/mL) + CBR-5884, Effect: 82% reduction in multinucleated osteoclasts]"
PubMed,"Stegen et al., 2024 (Nat Metab) - Phosphoglycerate dehydrogenase provides alpha-ketoglutarate to drive epigenetic osteoclast differentiation",10.1038/s42255-023-00958-8,enzyme,Aconitase 2,"Aconitase generates isocitrate for oxidative decarboxylation. [Assay: TRAP staining, Treatment: M-CSF (30 ng/mL) + RANKL (50 ng/mL) + CBR-5884, Effect: 82% reduction in multinucleated osteoclasts]"
PubMed,"Sun et al., 2018 (Nat Commun) - Itaconate and ACOD1 (IRG1) regulate succinate dehydrogenase and oxidative stress during osteoclastogenesis",10.1038/s41467-018-07281-2,enzyme,Aconitate decarboxylase 1 (IRG1),"cis-Aconitate is decarboxylated by ACOD1/IRG1 into itaconate. [Assay: Complex II enzyme assay, DCFH-DA ROS flow cytometry, and TRAP staining, Treatment: RANKL + 4-octyl itaconate (OI), Effect: Itaconate directly inhibits SDH and suppresses intracellular ROS generation]"
PubMed,"Sun et al., 2018 (Nat Commun) - Itaconate and ACOD1 (IRG1) regulate succinate dehydrogenase and oxidative stress during osteoclastogenesis",10.1038/s41467-018-07281-2,enzyme,Aconitate decarboxylase 1 (IRG1),"ACOD1 enzymatic activity synthesizes anti-inflammatory itaconate. [Assay: Complex II enzyme assay, DCFH-DA ROS flow cytometry, and TRAP staining, Treatment: RANKL + 4-octyl itaconate (OI), Effect: Itaconate directly inhibits SDH and suppresses intracellular ROS generation]"
PubMed,"Chu et al., 2024 (Cell Metab) - PRMT6-mediated H3R2me2a controls fatty acid oxidation during osteoclastogenesis",10.1016/j.cmet.2024.07.009,enzyme,Aldolase fructose-bisphosphate A,"Fructose-1,6-bisphosphate is cleaved by aldolase A into dihydroxyacetone phosphate and glyceraldehyde-3-phosphate. [Assay: TRAP staining and Seahorse glycolysis, Treatment: RANKL (50 ng/mL) + EPZ020411, Effect: 75% decrease in osteoclast formation; restores FAO]"
PubMed,"Kim et al., 2005 (Immunol Rev) - Signaling mechanisms of osteoclast differentiation by RANKL and immunoreceptors",10.1111/j.0105-2896.2005.00331.x,enzyme,Bruton tyrosine kinase,"Canonical signaling transduction step: HGNC:FCER1G activates HGNC:BTK reported in PMID:16339965. [Confirmed by STRING v12.0 mouse PPI: score=0.762, escore=0.097]"
PubMed,"Kim et al., 2005 (Immunol Rev) - Signaling mechanisms of osteoclast differentiation by RANKL and immunoreceptors",10.1111/j.0105-2896.2005.00331.x,enzyme,Bruton tyrosine kinase,"Canonical signaling transduction step: HGNC:BTK activates HGNC:PLCG2 reported in PMID:16339965. [Confirmed by STRING v12.0 mouse PPI: score=0.999, escore=0.168]"
PubMed,"Koga et al., 2004 (Nature) - Costimulatory signals for NFATc1 in bone homeostasis by ITAM-harboring adaptors",10.1038/nature02444,enzyme,Bruton tyrosine kinase,"SLP-76 recruits and activates Bruton tyrosine kinase BTK. [Confirmed by STRING v12.0 mouse PPI: score=0.998, escore=0.154] [Assay: Immunoprecipitation and Fura-2 calcium imaging, Treatment: RANKL + M-CSF, Effect: DAP12 and FcRg phosphorylate Syk and PLCg2 initiating Ca2+ oscillations]"
PubMed,"Koga et al., 2004 (Nature) - Costimulatory signals for NFATc1 in bone homeostasis by ITAM-harboring adaptors",10.1038/nature02444,enzyme,Bruton tyrosine kinase,"BTK phosphorylates PLC-gamma-2 at Tyr753/759. [Confirmed by STRING v12.0 mouse PPI: score=0.999, escore=0.168] [Assay: Immunoprecipitation and Fura-2 calcium imaging, Treatment: RANKL + M-CSF, Effect: DAP12 and FcRg phosphorylate Syk and PLCg2 initiating Ca2+ oscillations]"
PubMed,"Kim et al., 2005 (Immunol Rev) - Signaling mechanisms of osteoclast differentiation by RANKL and immunoreceptors",10.1111/j.0105-2896.2005.00331.x,enzyme,CYLD lysine 63 deubiquitinase,"miR-19a binds 3-prime UTR of Cyld mRNA suppressing translation. [Assay: Fluo-4 imaging, Treatment: RANKL + DAP12/FcRgamma co-stimulation, Effect: PLCgamma2 induces sustained Ca2+ oscillations activating Calcineurin]"
PubMed,"Kim et al., 2005 (Immunol Rev) - Signaling mechanisms of osteoclast differentiation by RANKL and immunoreceptors",10.1111/j.0105-2896.2005.00331.x,enzyme,CYLD lysine 63 deubiquitinase,"CYLD deubiquitinates Lys63 chains on TRAF6 terminating activation. [Confirmed by STRING v12.0 mouse PPI: score=0.998, escore=0.7] [Assay: Fluo-4 imaging, Treatment: RANKL + DAP12/FcRgamma co-stimulation, Effect: PLCgamma2 induces sustained Ca2+ oscillations activating Calcineurin]"
PubMed,"Koga et al., 2004 (Nature) - Costimulatory signals for NFATc1 in bone homeostasis by ITAM-harboring adaptors",10.1038/nature02444,enzyme,Calcium/calmodulin dependent protein kinase IV,"Ca2+/calmodulin activates calcium/calmodulin-dependent protein kinase IV. [Assay: Immunoprecipitation and Fura-2 calcium imaging, Treatment: RANKL + M-CSF, Effect: DAP12 and FcRg phosphorylate Syk and PLCg2 initiating Ca2+ oscillations]"
PubMed,"Koga et al., 2004 (Nature) - Costimulatory signals for NFATc1 in bone homeostasis by ITAM-harboring adaptors",10.1038/nature02444,enzyme,Calcium/calmodulin dependent protein kinase IV,"CaMKIV phosphorylates CREB at Ser133 to stimulate c-Fos transcription. [Confirmed by STRING v12.0 mouse PPI: score=0.973, escore=0.065] [Assay: Immunoprecipitation and Fura-2 calcium imaging, Treatment: RANKL + M-CSF, Effect: DAP12 and FcRg phosphorylate Syk and PLCg2 initiating Ca2+ oscillations]"
PubMed,"Teitelbaum, 2007 (Science) - Osteoclasts: what do they do and how do they do it?",10.1126/science.1136892,enzyme,Carbonic anhydrase 2,"Carbonic anhydrase II hydrates carbon dioxide to generate protons (H+) and bicarbonate. [Assay: Zymography, Western blot, and scanning electron microscopy (SEM), Treatment: RANKL-differentiated mature osteoclasts on bone matrix, Effect: CTSK and MMPs are secreted into the sealed lacuna to degrade type I collagen and matrix]"
PubMed,"Chu et al., 2024 (Cell Metab) - PRMT6 inhibits fatty acid oxidation (CPT1A) and promotes osteoclastogenesis",10.1016/j.cmet.2024.07.009,enzyme,Carnitine palmitoyltransferase 1A,"PRMT6-mediated H3R2me2a represses Cpt1a transcription, suppressing fatty acid oxidation. [Assay: Western blot and ChIP-qPCR, Treatment: RANKL (100 ng/mL), Effect: Strong induction of PRMT6 and H3R2me2a repression]"
PubMed,"Teitelbaum, 2007 (Science) - Osteoclasts: what do they do and how do they do it?",10.1126/science.1136892,enzyme,Cathepsin K,Canonical signaling transduction step: MRNA:Ctsk translated_to HGNC:CTSK reported in PMID:17626889.
PubMed,"Teitelbaum, 2007 (Science) - Osteoclasts: what do they do and how do they do it?",10.1126/science.1136892,enzyme,Cathepsin K,"Cathepsin K degrades Type I collagen in the demineralized bone matrix beneath the ruffled border. [Assay: Immunofluorescence and pH imaging, Treatment: RANKL-matured osteoclasts on cortical bone, Effect: Secretion of ACP5 and CTSK into sealed acidified lacuna (pH 4.5)]"
PubMed,"Miyauchi et al., 2010 (Proc Natl Acad Sci USA) - BCL6 is a negative regulator of osteoclastogenesis that directly represses NFATc1",10.1073/pnas.1001712107,enzyme,Cathepsin K,"Bcl6 suppresses Cathepsin K expression, reducing bone resorptive activity. [Assay: Northern blot, Treatment: RANKL in Bcl6-/- BMMs, Effect: Bcl6 deficiency upregulates DC-STAMP and CTSK accelerating fusion]"
PubMed,"Teitelbaum, 2007 (Science) - Osteoclasts: what do they do and how do they do it?",10.1126/science.1136892,enzyme,Cathepsin K,"Cystatin E/M (CST6) acts as an endogenous inhibitor of cathepsin proteases. [Assay: Zymography, Western blot, and scanning electron microscopy (SEM), Treatment: RANKL-differentiated mature osteoclasts on bone matrix, Effect: CTSK and MMPs are secreted into the sealed lacuna to degrade type I collagen and matrix]"
PubMed,"Takayanagi et al., 2002 (Nature) - Induction and activation of the transcription factor NFATc1 in osteoclast differentiation",10.1038/416744a,enzyme,Cathepsin K,"Ctsk mRNA is translated into mature Cathepsin K cysteine protease. [Assay: Northern blot, Western blot, and retroviral overexpression, Treatment: RANKL stimulation, Effect: NFATc1 functions as a master transcription factor for terminal osteoclast differentiation]"
PubMed,"Teitelbaum, 2007 (Science) - Osteoclasts: what do they do and how do they do it?",10.1126/science.1136892,enzyme,Cbl proto-oncogene (c-Cbl),"c-Cbl regulates c-Src activity and podosome ring turnover. [Confirmed by STRING v12.0 mouse PPI: score=0.99, escore=0.847] [Assay: Zymography, Western blot, and scanning electron microscopy (SEM), Treatment: RANKL-differentiated mature osteoclasts on bone matrix, Effect: CTSK and MMPs are secreted into the sealed lacuna to degrade type I collagen and matrix]"
PubMed,"Yuan et al., 2022 (Cell Death Differ) - IFT80 stabilizes Cbl-b to regulate TRAF6 ubiquitination and degradation in osteoclasts",10.1038/s41418-022-01004-9,enzyme,Cbl proto-oncogene B (E3 ubiquitin ligase),"IFT80 bridges TRAF6 to Cbl-b, facilitating K48-linked polyubiquitination and degradation of TRAF6. [Assay: Immunoprecipitation, Treatment: RANKL + IFT80 shRNA, Effect: IFT80 loss impairs Cbl-b-mediated TRAF6 degradation amplifying signaling]"
PubMed,"Yuan et al., 2022 (Cell Death Differ) - IFT80 stabilizes Cbl-b to regulate TRAF6 ubiquitination and degradation in osteoclasts",10.1038/s41418-022-01004-9,enzyme,Cbl proto-oncogene B (E3 ubiquitin ligase),"Cbl-b E3 ubiquitin ligase mediates proteasomal degradation of TRAF6, limiting osteoclastogenesis. [Assay: Immunoprecipitation, Treatment: RANKL + IFT80 shRNA, Effect: IFT80 loss impairs Cbl-b-mediated TRAF6 degradation amplifying signaling]"
PubMed,"Stegen et al., 2024 (Nat Metab) - Phosphoglycerate dehydrogenase provides alpha-ketoglutarate to drive epigenetic osteoclast differentiation",10.1038/s42255-023-00958-8,enzyme,Citrate synthase,"Acetyl-CoA condenses with oxaloacetate via citrate synthase CS to form citrate. [Assay: TRAP staining, Treatment: M-CSF (30 ng/mL) + RANKL (50 ng/mL) + CBR-5884, Effect: 82% reduction in multinucleated osteoclasts]"
PubMed,"Stegen et al., 2024 (Nat Metab) - Phosphoglycerate dehydrogenase provides alpha-ketoglutarate to drive epigenetic osteoclast differentiation",10.1038/s42255-023-00958-8,enzyme,Citrate synthase,"Oxaloacetate condenses with acetyl-CoA in the first step of the TCA cycle. [Assay: TRAP staining, Treatment: M-CSF (30 ng/mL) + RANKL (50 ng/mL) + CBR-5884, Effect: 82% reduction in multinucleated osteoclasts]"
PubMed,"Stegen et al., 2024 (Nat Metab) - Phosphoglycerate dehydrogenase provides alpha-ketoglutarate to drive epigenetic osteoclast differentiation",10.1038/s42255-023-00958-8,enzyme,Citrate synthase,"Citrate synthase produces citrate in mitochondrial matrix. [Assay: TRAP staining, Treatment: M-CSF (30 ng/mL) + RANKL (50 ng/mL) + CBR-5884, Effect: 82% reduction in multinucleated osteoclasts]"
PubMed,"Kim et al., 2005 (Immunol Rev) - Signaling mechanisms of osteoclast differentiation by RANKL and immunoreceptors",10.1111/j.0105-2896.2005.00331.x,enzyme,Conserved helix-loop-helix ubiquitous kinase (IKK-alpha),"TAK1 phosphorylates IKK-alpha on activation loop Ser176/180. [Confirmed by STRING v12.0 mouse PPI: score=0.984, escore=0.579] [Assay: Fluo-4 imaging, Treatment: RANKL + DAP12/FcRgamma co-stimulation, Effect: PLCgamma2 induces sustained Ca2+ oscillations activating Calcineurin]"
PubMed,"Kim et al., 2005 (Immunol Rev) - Signaling mechanisms of osteoclast differentiation by RANKL and immunoreceptors",10.1111/j.0105-2896.2005.00331.x,enzyme,Conserved helix-loop-helix ubiquitous kinase (IKK-alpha),"NIK phosphorylates IKK-alpha homodimers. [Confirmed by STRING v12.0 mouse PPI: score=0.984, escore=0.766] [Assay: Fluo-4 imaging, Treatment: RANKL + DAP12/FcRgamma co-stimulation, Effect: PLCgamma2 induces sustained Ca2+ oscillations activating Calcineurin]"
PubMed,"Kim et al., 2005 (Immunol Rev) - Signaling mechanisms of osteoclast differentiation by RANKL and immunoreceptors",10.1111/j.0105-2896.2005.00331.x,enzyme,Conserved helix-loop-helix ubiquitous kinase (IKK-alpha),"IKK-alpha phosphorylates p100 triggering processing to transcriptionally active p52. [Confirmed by STRING v12.0 mouse PPI: score=0.991, escore=0.479] [Assay: Fluo-4 imaging, Treatment: RANKL + DAP12/FcRgamma co-stimulation, Effect: PLCgamma2 induces sustained Ca2+ oscillations activating Calcineurin]"
PubMed,"Nishikawa et al., 2015 (Nat Commun) - Epigenetic chromatin regulators (DNMT3A, KDM4A, EZH2, SIRT1) control osteoclast commitment",10.1038/ncomms7637,enzyme,DNA methyltransferase 3 alpha,"DNMT3a DNA methyltransferase hypermethylates the Irf8 distal promoter. [Assay: Bisulfite sequencing, ChIP-qPCR, and TRAP staining, Treatment: RANKL stimulation in Dnmt3a-deficient BMMs, Effect: DNMT3a mediates DNA methylation to silence negative regulator Irf8]"
PubMed,"Nishikawa et al., 2015 (Nat Commun) - Epigenetic chromatin regulators (DNMT3A, KDM4A, EZH2, SIRT1) control osteoclast commitment",10.1038/ncomms7637,enzyme,Dpy-30 histone methyltransferase complex subunit,"Dpy30 COMPASS complex subunit maintains permissive H3K4me3 at Nfatc1. [Assay: Bisulfite sequencing, ChIP-qPCR, and TRAP staining, Treatment: RANKL stimulation in Dnmt3a-deficient BMMs, Effect: DNMT3a mediates DNA methylation to silence negative regulator Irf8]"
PubMed,"Shin et al., 2014 (Bone) - Dual-specificity phosphatases DUSP1, DUSP6, and PPM1D act as endogenous brakes on osteoclast MAPK signaling",10.1016/j.bone.2014.03.041,enzyme,Dual specificity phosphatase 1 (MKP-1),"DUSP1 dual specificity phosphatase dephosphorylates p38 MAPK. [Confirmed by STRING v12.0 mouse PPI: score=0.993, escore=0.497] [Assay: Western blot and TRAP staining, Treatment: RANKL stimulation in DUSP1-deficient vs WT BMMs, Effect: DUSP1 dephosphorylates p38 and JNK, serving as a negative feedback regulator]"
PubMed,"Shin et al., 2014 (Bone) - Dual-specificity phosphatases DUSP1, DUSP6, and PPM1D act as endogenous brakes on osteoclast MAPK signaling",10.1016/j.bone.2014.03.041,enzyme,Dual specificity phosphatase 1 (MKP-1),"DUSP1 dephosphorylates and terminates JNK activation. [Confirmed by STRING v12.0 mouse PPI: score=0.971, escore=0.289] [Assay: Western blot and TRAP staining, Treatment: RANKL stimulation in DUSP1-deficient vs WT BMMs, Effect: DUSP1 dephosphorylates p38 and JNK, serving as a negative feedback regulator]"
PubMed,"Shin et al., 2014 (Bone) - Dual-specificity phosphatases DUSP1, DUSP6, and PPM1D act as endogenous brakes on osteoclast MAPK signaling",10.1016/j.bone.2014.03.041,enzyme,Dual specificity phosphatase 6 (MKP-3),"DUSP6 selectively dephosphorylates ERK2 in osteoclast precursors. [Confirmed by STRING v12.0 mouse PPI: score=0.997, escore=0.936] [Assay: Western blot and TRAP staining, Treatment: RANKL stimulation in DUSP1-deficient vs WT BMMs, Effect: DUSP1 dephosphorylates p38 and JNK, serving as a negative feedback regulator]"
PubMed,"Stegen et al., 2024 (Nat Metab) - Phosphoglycerate dehydrogenase provides alpha-ketoglutarate to drive epigenetic osteoclast differentiation",10.1038/s42255-023-00958-8,enzyme,E1A binding protein p300 (HAT),"Mitochondrial acetyl-CoA is exported as citrate to supply acetyl-CoA for p300 histone acetylation. [Assay: TRAP staining, Treatment: M-CSF (30 ng/mL) + RANKL (50 ng/mL) + CBR-5884, Effect: 82% reduction in multinucleated osteoclasts]"
PubMed,"Stegen et al., 2024 (Nat Metab) - Phosphoglycerate dehydrogenase provides alpha-ketoglutarate to drive epigenetic osteoclast differentiation",10.1038/s42255-023-00958-8,enzyme,E1A binding protein p300 (HAT),"p300 histone acetyltransferase catalyzes H3K9ac and H3K27ac at osteoclast promoters. [Assay: TRAP staining, Treatment: M-CSF (30 ng/mL) + RANKL (50 ng/mL) + CBR-5884, Effect: 82% reduction in multinucleated osteoclasts]"
PubMed,"Kim et al., 2005 (Immunol Rev) - Signaling mechanisms of osteoclast differentiation by RANKL and immunoreceptors",10.1111/j.0105-2896.2005.00331.x,enzyme,E1A binding protein p300 (HAT),"PU.1 recruits p300 histone acetyltransferase to osteoclast-specific enhancers. [Confirmed by STRING v12.0 mouse PPI: score=0.805, escore=0.51] [Assay: Fluo-4 imaging, Treatment: RANKL + DAP12/FcRgamma co-stimulation, Effect: PLCgamma2 induces sustained Ca2+ oscillations activating Calcineurin]"
PubMed,"Nishikawa et al., 2015 (Nat Commun) - Epigenetic chromatin regulators (DNMT3A, KDM4A, EZH2, SIRT1) control osteoclast commitment",10.1038/ncomms7637,enzyme,Enhancer of zeste 2 polycomb repressive complex 2 subunit,"EZH2 catalyzes repressive H3K27me3 methylation at Irf8 and Mafb promoters. [Assay: Bisulfite sequencing, ChIP-qPCR, and TRAP staining, Treatment: RANKL stimulation in Dnmt3a-deficient BMMs, Effect: DNMT3a mediates DNA methylation to silence negative regulator Irf8]"
PubMed,"Chu et al., 2024 (Cell Metab) - PRMT6-mediated H3R2me2a controls fatty acid oxidation during osteoclastogenesis",10.1016/j.cmet.2024.07.009,enzyme,Enolase 1,"2-phosphoglycerate is dehydrated by enolase 1 to form phosphoenolpyruvate. [Assay: TRAP staining and Seahorse glycolysis, Treatment: RANKL (50 ng/mL) + EPZ020411, Effect: 75% decrease in osteoclast formation; restores FAO]"
PubMed,"Stegen et al., 2024 (Nat Metab) - Phosphoglycerate dehydrogenase provides alpha-ketoglutarate to drive epigenetic osteoclast differentiation",10.1038/s42255-023-00958-8,enzyme,Fumarate hydratase,"Fumarate is hydrated by fumarate hydratase FH to (S)-malate. [Assay: TRAP staining, Treatment: M-CSF (30 ng/mL) + RANKL (50 ng/mL) + CBR-5884, Effect: 82% reduction in multinucleated osteoclasts]"
PubMed,"Stegen et al., 2024 (Nat Metab) - Phosphoglycerate dehydrogenase provides alpha-ketoglutarate to drive epigenetic osteoclast differentiation",10.1038/s42255-023-00958-8,enzyme,Fumarate hydratase,"Fumarate hydratase yields L-malate. [Assay: TRAP staining, Treatment: M-CSF (30 ng/mL) + RANKL (50 ng/mL) + CBR-5884, Effect: 82% reduction in multinucleated osteoclasts]"
PubMed,"Chu et al., 2024 (Cell Metab) - PRMT6-mediated H3R2me2a controls fatty acid oxidation during osteoclastogenesis",10.1016/j.cmet.2024.07.009,enzyme,Glucose-6-phosphate isomerase,"Glucose-6-phosphate is isomerized to fructose-6-phosphate by glucose-6-phosphate isomerase. [Assay: TRAP staining and Seahorse glycolysis, Treatment: RANKL (50 ng/mL) + EPZ020411, Effect: 75% decrease in osteoclast formation; restores FAO]"
PubMed,"Stegen et al., 2024 (Nat Metab) - Phosphoglycerate dehydrogenase provides alpha-ketoglutarate to drive epigenetic osteoclast differentiation",10.1038/s42255-023-00958-8,enzyme,Glutaminase,"Extracellular L-glutamine is deamidated by glutaminase GLS1 in mitochondria. [Assay: TRAP staining, Treatment: M-CSF (30 ng/mL) + RANKL (50 ng/mL) + CBR-5884, Effect: 82% reduction in multinucleated osteoclasts]"
PubMed,"Chu et al., 2024 (Cell Metab) - PRMT6-mediated H3R2me2a controls fatty acid oxidation during osteoclastogenesis",10.1016/j.cmet.2024.07.009,enzyme,Glyceraldehyde-3-phosphate dehydrogenase,"Glyceraldehyde-3-phosphate is dehydrogenated by GAPDH producing 1,3-bisphosphoglycerate and NADH. [Assay: TRAP staining and Seahorse glycolysis, Treatment: RANKL (50 ng/mL) + EPZ020411, Effect: 75% decrease in osteoclast formation; restores FAO]"
PubMed,"Boyce et al., 2015 (Immunol Res) - M-CSF / CSF1R signaling and AKT/MAPK cascades in osteoclast lineage survival and development",10.1007/s12026-015-8640-1,enzyme,Glycogen synthase kinase 3 beta,"Akt phosphorylates GSK-3beta at Ser9 to inhibit its kinase activity. [Confirmed by STRING v12.0 mouse PPI: score=0.992, escore=0.882] [Assay: Western blot and MTT assay, Treatment: RANKL + M-CSF, Effect: M-CSF binds c-Fms to activate ERK and PI3K/Akt promoting precursor survival]"
PubMed,"Boyce et al., 2015 (Immunol Res) - M-CSF / CSF1R signaling and AKT/MAPK cascades in osteoclast lineage survival and development",10.1007/s12026-015-8640-1,enzyme,Glycogen synthase kinase 3 beta,"GSK-3beta phosphorylates NFATc1 promoting its CRM1-dependent nuclear export. [Confirmed by STRING v12.0 mouse PPI: score=0.952, escore=0.059] [Assay: Western blot and MTT assay, Treatment: RANKL + M-CSF, Effect: M-CSF binds c-Fms to activate ERK and PI3K/Akt promoting precursor survival]"
PubMed,"Taubmann et al., 2020 (Nat Commun) - Metabolic reprogramming of osteoclasts under RANKL driving aerobic glycolysis",10.1038/s41467-020-17453-6,enzyme,Hexokinase 2,"RANKL-induced NFATc1 directly promotes the transcription of key glycolytic enzymes including HK2. [Assay: Enzymatic assay and TRAP staining, Treatment: RANKL (100 ng/mL) + 2-Deoxyglucose (2-DG), Effect: Blocks glycolytic shift and curtails osteoclast multinucleation]"
PubMed,"Taubmann et al., 2020 (Nat Commun) - Metabolic reprogramming of osteoclasts under RANKL driving aerobic glycolysis",10.1038/s41467-020-17453-6,enzyme,Hexokinase 2,"Inhibition of hexokinase with 2-Deoxy-D-glucose (2-DG) curtails osteoclast multinucleation. [Assay: Enzymatic assay and TRAP staining, Treatment: RANKL (100 ng/mL) + 2-Deoxyglucose (2-DG), Effect: Blocks glycolytic shift and curtails osteoclast multinucleation]"
PubMed,"Bozec et al., 2010 (J Cell Biol) - HIF1A drives glycolytic reprogramming (HK2, PFKFB3, LDHA) essential for osteoclast bone resorption",10.1083/jcb.201002035,enzyme,Hexokinase 2,"HIF1alpha binds HRE elements to drive Hexokinase 2 transcription. [Confirmed by STRING v12.0 mouse PPI: score=0.781, escore=0.051] [Assay: qRT-PCR, Seahorse ECAR, and dentin slice resorption pit assay, Treatment: RANKL stimulation in Hif1a-deficient vs WT BMMs, Effect: HIF1a drives aerobic glycolysis and lacunar bone resorption]"
PubMed,"Chu et al., 2024 (Cell Metab) - PRMT6-mediated H3R2me2a controls fatty acid oxidation during osteoclastogenesis",10.1016/j.cmet.2024.07.009,enzyme,Hexokinase 2,"Extracellular D-glucose is imported via GLUT1 and phosphorylated by HK2. [Assay: TRAP staining and Seahorse glycolysis, Treatment: RANKL (50 ng/mL) + EPZ020411, Effect: 75% decrease in osteoclast formation; restores FAO]"
PubMed,"Nishikawa et al., 2015 (Nat Commun) - Epigenetic chromatin regulators (DNMT3A, KDM4A, EZH2, SIRT1) control osteoclast commitment",10.1038/ncomms7637,enzyme,Histone deacetylase 1,"HDAC1 corepressor complex silences NFATc1 target promoters in precursors. [Assay: Bisulfite sequencing, ChIP-qPCR, and TRAP staining, Treatment: RANKL stimulation in Dnmt3a-deficient BMMs, Effect: DNMT3a mediates DNA methylation to silence negative regulator Irf8]"
PubMed,"Mizoguchi et al., 2009 (J Bone Miner Res) - Cell-cell fusion and histone deacetylase HDAC regulation in multinucleated osteoclasts",10.1359/jbmr.090308,enzyme,Histone deacetylase 2,"HDAC2 enzymatic activity is required for osteoclast multinucleation. [Assay: Giemsa staining and fluorescence imaging, Treatment: RANKL stimulation in DC-STAMP / OC-STAMP mutant BMMs, Effect: Coordinated requirement of DC-STAMP and OC-STAMP for cell-cell fusion into syncytia]"
PubMed,"Mizoguchi et al., 2009 (J Bone Miner Res) - Cell-cell fusion and histone deacetylase HDAC regulation in multinucleated osteoclasts",10.1359/jbmr.090308,enzyme,Histone deacetylase 5,"HDAC5 regulates cellular fusion machinery during osteoclastogenesis. [Assay: Giemsa staining and fluorescence imaging, Treatment: RANKL stimulation in DC-STAMP / OC-STAMP mutant BMMs, Effect: Coordinated requirement of DC-STAMP and OC-STAMP for cell-cell fusion into syncytia]"
PubMed,"Kim et al., 2005 (Immunol Rev) - Signaling mechanisms of osteoclast differentiation by RANKL and immunoreceptors",10.1111/j.0105-2896.2005.00331.x,enzyme,Inhibitor of nuclear factor kappa B kinase regulatory subunit gamma (NEMO),"NEMO/IKBKG regulatory subunit organizes IKK-alpha and IKK-beta into active holoenzyme. [Confirmed by STRING v12.0 mouse PPI: score=0.999, escore=0.99] [Assay: Fluo-4 imaging, Treatment: RANKL + DAP12/FcRgamma co-stimulation, Effect: PLCgamma2 induces sustained Ca2+ oscillations activating Calcineurin]"
PubMed,"Kim et al., 2005 (Immunol Rev) - Signaling mechanisms of osteoclast differentiation by RANKL and immunoreceptors",10.1111/j.0105-2896.2005.00331.x,enzyme,Inhibitor of nuclear factor kappa B kinase subunit beta (IKK-beta),"Canonical signaling transduction step: HGNC:TRAF6 activates HGNC:IKBKB reported in PMID:16339965. [Confirmed by STRING v12.0 mouse PPI: score=0.999, escore=0.26]"
PubMed,"Kim et al., 2005 (Immunol Rev) - Signaling mechanisms of osteoclast differentiation by RANKL and immunoreceptors",10.1111/j.0105-2896.2005.00331.x,enzyme,Inhibitor of nuclear factor kappa B kinase subunit beta (IKK-beta),"IKK complex activation phosphorylates IkB leading to p50/p65 NF-kB nuclear entry. [Confirmed by STRING v12.0 mouse PPI: score=0.997, escore=0.659] [Assay: Fluo-4 imaging, Treatment: RANKL + DAP12/FcRgamma co-stimulation, Effect: PLCgamma2 induces sustained Ca2+ oscillations activating Calcineurin]"
PubMed,"Kim et al., 2005 (Immunol Rev) - Signaling mechanisms of osteoclast differentiation by RANKL and immunoreceptors",10.1111/j.0105-2896.2005.00331.x,enzyme,Inhibitor of nuclear factor kappa B kinase subunit beta (IKK-beta),"IKKbeta phosphorylates IkBalpha at Ser32/36 triggering polyubiquitination and 26S proteasome degradation. [Confirmed by STRING v12.0 mouse PPI: score=0.999, escore=0.965] [Assay: Fluo-4 imaging, Treatment: RANKL + DAP12/FcRgamma co-stimulation, Effect: PLCgamma2 induces sustained Ca2+ oscillations activating Calcineurin]"
PubMed,"Kim et al., 2005 (Immunol Rev) - Signaling mechanisms of osteoclast differentiation by RANKL and immunoreceptors",10.1111/j.0105-2896.2005.00331.x,enzyme,Inhibitor of nuclear factor kappa B kinase subunit beta (IKK-beta),"TAK1 phosphorylates IKK-beta on Ser177/181 to activate canonical IKK complex. [Confirmed by STRING v12.0 mouse PPI: score=0.99, escore=0.766] [Assay: Fluo-4 imaging, Treatment: RANKL + DAP12/FcRgamma co-stimulation, Effect: PLCgamma2 induces sustained Ca2+ oscillations activating Calcineurin]"
PubMed,"Kim et al., 2005 (Immunol Rev) - Signaling mechanisms of osteoclast differentiation by RANKL and immunoreceptors",10.1111/j.0105-2896.2005.00331.x,enzyme,Inhibitor of nuclear factor kappa B kinase subunit beta (IKK-beta),"NEMO/IKBKG regulatory subunit organizes IKK-alpha and IKK-beta into active holoenzyme. [Confirmed by STRING v12.0 mouse PPI: score=0.999, escore=0.99] [Assay: Fluo-4 imaging, Treatment: RANKL + DAP12/FcRgamma co-stimulation, Effect: PLCgamma2 induces sustained Ca2+ oscillations activating Calcineurin]"
PubMed,"Kim et al., 2005 (Immunol Rev) - Signaling mechanisms of osteoclast differentiation by RANKL and immunoreceptors",10.1111/j.0105-2896.2005.00331.x,enzyme,Inhibitor of nuclear factor kappa B kinase subunit beta (IKK-beta),"IKK-mediated degradation of IkB-alpha liberates RelA/p65 to translocate into the nucleus. [Confirmed by STRING v12.0 mouse PPI: score=0.997, escore=0.69] [Assay: Fluo-4 imaging, Treatment: RANKL + DAP12/FcRgamma co-stimulation, Effect: PLCgamma2 induces sustained Ca2+ oscillations activating Calcineurin]"
PubMed,"Kim et al., 2005 (Immunol Rev) - Signaling mechanisms of osteoclast differentiation by RANKL and immunoreceptors",10.1111/j.0105-2896.2005.00331.x,enzyme,Inhibitor of nuclear factor kappa B kinase subunit beta (IKK-beta),"IKK activation releases p50 to form transcriptionally active RelA/p50 heterodimers. [Confirmed by STRING v12.0 mouse PPI: score=0.997, escore=0.659] [Assay: Fluo-4 imaging, Treatment: RANKL + DAP12/FcRgamma co-stimulation, Effect: PLCgamma2 induces sustained Ca2+ oscillations activating Calcineurin]"
PubMed,"Stegen et al., 2024 (Nat Metab) - Phosphoglycerate dehydrogenase provides alpha-ketoglutarate to drive epigenetic osteoclast differentiation",10.1038/s42255-023-00958-8,enzyme,Isocitrate dehydrogenase (NADP(+)) 2,"Isocitrate is oxidatively decarboxylated by IDH2 yielding alpha-ketoglutarate. [Assay: TRAP staining, Treatment: M-CSF (30 ng/mL) + RANKL (50 ng/mL) + CBR-5884, Effect: 82% reduction in multinucleated osteoclasts]"
PubMed,"Stegen et al., 2024 (Nat Metab) - Phosphoglycerate dehydrogenase provides alpha-ketoglutarate to drive epigenetic osteoclast differentiation",10.1038/s42255-023-00958-8,enzyme,Isocitrate dehydrogenase (NADP(+)) 2,"IDH2 catalytic activity generates mitochondrial alpha-ketoglutarate. [Assay: TRAP staining, Treatment: M-CSF (30 ng/mL) + RANKL (50 ng/mL) + CBR-5884, Effect: 82% reduction in multinucleated osteoclasts]"
PubMed,"Bozec et al., 2010 (J Cell Biol) - HIF1A drives glycolytic reprogramming (HK2, PFKFB3, LDHA) essential for osteoclast bone resorption",10.1083/jcb.201002035,enzyme,Lactate dehydrogenase A,"HIF1alpha upregulates LDHA to support high-rate lactate fermentation. [Confirmed by STRING v12.0 mouse PPI: score=0.878, escore=0.33] [Assay: qRT-PCR, Seahorse ECAR, and dentin slice resorption pit assay, Treatment: RANKL stimulation in Hif1a-deficient vs WT BMMs, Effect: HIF1a drives aerobic glycolysis and lacunar bone resorption]"
PubMed,"Chu et al., 2024 (Cell Metab) - PRMT6-mediated H3R2me2a controls fatty acid oxidation during osteoclastogenesis",10.1016/j.cmet.2024.07.009,enzyme,Lactate dehydrogenase A,"Pyruvate is reduced by lactate dehydrogenase A to L-lactate, regenerating NAD+. [Assay: TRAP staining and Seahorse glycolysis, Treatment: RANKL (50 ng/mL) + EPZ020411, Effect: 75% decrease in osteoclast formation; restores FAO]"
PubMed,"Nishikawa et al., 2015 (Nat Commun) - Epigenetic chromatin regulators (DNMT3A, KDM4A, EZH2, SIRT1) control osteoclast commitment",10.1038/ncomms7637,enzyme,Lysine demethylase 4A,"KDM4A removes repressive H3K9me3 at Nfatc1 promoter enabling robust transcription. [Assay: Bisulfite sequencing, ChIP-qPCR, and TRAP staining, Treatment: RANKL stimulation in Dnmt3a-deficient BMMs, Effect: DNMT3a mediates DNA methylation to silence negative regulator Irf8]"
PubMed,"Stegen et al., 2024 (Nat Metab) - Phosphoglycerate dehydrogenase provides alpha-ketoglutarate to drive epigenetic osteoclast differentiation",10.1038/s42255-023-00958-8,enzyme,Lysine demethylase 6B (JMJD3),"Intracellular alpha-KG serves as an indispensable co-substrate for 2-oxoglutarate-dependent histone demethylases. [Assay: ChIP-qPCR, Treatment: RANKL + alpha-KG rescue, Effect: Rescued KDM6B demethylation of Nfatc1 promoter]"
PubMed,"Stegen et al., 2024 (Nat Metab) - Phosphoglycerate dehydrogenase provides alpha-ketoglutarate to drive epigenetic osteoclast differentiation",10.1038/s42255-023-00958-8,enzyme,Lysine demethylase 6B (JMJD3),"KDM6B demethylates repressive H3K27me3 marks at the Nfatc1 promoter allowing transcription. [Assay: ChIP-qPCR, Treatment: RANKL + alpha-KG rescue, Effect: Rescued KDM6B demethylation of Nfatc1 promoter]"
PubMed,"Stegen et al., 2024 (Nat Metab) - Phosphoglycerate dehydrogenase provides alpha-ketoglutarate to drive epigenetic osteoclast differentiation",10.1038/s42255-023-00958-8,enzyme,Malate dehydrogenase 2,"L-malate is oxidized by malate dehydrogenase MDH2 to regenerate oxaloacetate. [Assay: TRAP staining, Treatment: M-CSF (30 ng/mL) + RANKL (50 ng/mL) + CBR-5884, Effect: 82% reduction in multinucleated osteoclasts]"
PubMed,"Stegen et al., 2024 (Nat Metab) - Phosphoglycerate dehydrogenase provides alpha-ketoglutarate to drive epigenetic osteoclast differentiation",10.1038/s42255-023-00958-8,enzyme,Malate dehydrogenase 2,"MDH2 activity regenerates oxaloacetate to complete the TCA cycle. [Assay: TRAP staining, Treatment: M-CSF (30 ng/mL) + RANKL (50 ng/mL) + CBR-5884, Effect: 82% reduction in multinucleated osteoclasts]"
PubMed,"Teitelbaum, 2007 (Science) - Osteoclasts: what do they do and how do they do it?",10.1126/science.1136892,enzyme,Matrix metallopeptidase 13 (collagenase-3),"NFATc1 drives high-level MMP-13 transcription in mature osteoclasts. [Assay: Zymography, Western blot, and scanning electron microscopy (SEM), Treatment: RANKL-differentiated mature osteoclasts on bone matrix, Effect: CTSK and MMPs are secreted into the sealed lacuna to degrade type I collagen and matrix]"
PubMed,"Teitelbaum, 2007 (Science) - Osteoclasts: what do they do and how do they do it?",10.1126/science.1136892,enzyme,Matrix metallopeptidase 13 (collagenase-3),"Secreted MMP-13 cleaves native type I collagen in resorption pits. [Assay: Zymography, Western blot, and scanning electron microscopy (SEM), Treatment: RANKL-differentiated mature osteoclasts on bone matrix, Effect: CTSK and MMPs are secreted into the sealed lacuna to degrade type I collagen and matrix]"
PubMed,"Teitelbaum, 2007 (Science) - Osteoclasts: what do they do and how do they do it?",10.1126/science.1136892,enzyme,Matrix metallopeptidase 13 (collagenase-3),"TIMP-2 inhibits MMP-13 collagenase degradation of ECM. [Confirmed by STRING v12.0 mouse PPI: score=0.969, escore=0.747] [Assay: Zymography, Western blot, and scanning electron microscopy (SEM), Treatment: RANKL-differentiated mature osteoclasts on bone matrix, Effect: CTSK and MMPs are secreted into the sealed lacuna to degrade type I collagen and matrix]"
PubMed,"Teitelbaum, 2007 (Science) - Osteoclasts: what do they do and how do they do it?",10.1126/science.1136892,enzyme,Matrix metallopeptidase 13 (collagenase-3),"TIMP-3 binds and inhibits active MMP-13 in bone extracellular matrix. [Confirmed by STRING v12.0 mouse PPI: score=0.875, escore=0.329] [Assay: Zymography, Western blot, and scanning electron microscopy (SEM), Treatment: RANKL-differentiated mature osteoclasts on bone matrix, Effect: CTSK and MMPs are secreted into the sealed lacuna to degrade type I collagen and matrix]"
PubMed,"Teitelbaum, 2007 (Science) - Osteoclasts: what do they do and how do they do it?",10.1126/science.1136892,enzyme,Matrix metallopeptidase 2 (gelatinase A),"NFATc1 directly binds promoter to transactivate MMP-2 gene expression. [Assay: Zymography, Western blot, and scanning electron microscopy (SEM), Treatment: RANKL-differentiated mature osteoclasts on bone matrix, Effect: CTSK and MMPs are secreted into the sealed lacuna to degrade type I collagen and matrix]"
PubMed,"Teitelbaum, 2007 (Science) - Osteoclasts: what do they do and how do they do it?",10.1126/science.1136892,enzyme,Matrix metallopeptidase 2 (gelatinase A),"Secreted MMP-2 degrades denatured collagen and bone matrix components. [Assay: Zymography, Western blot, and scanning electron microscopy (SEM), Treatment: RANKL-differentiated mature osteoclasts on bone matrix, Effect: CTSK and MMPs are secreted into the sealed lacuna to degrade type I collagen and matrix]"
PubMed,"Teitelbaum, 2007 (Science) - Osteoclasts: what do they do and how do they do it?",10.1126/science.1136892,enzyme,Matrix metallopeptidase 2 (gelatinase A),"TIMP-2 inhibits active MMP-2 gelatinase activity in bone resorption. [Confirmed by STRING v12.0 mouse PPI: score=0.998, escore=0.863] [Assay: Zymography, Western blot, and scanning electron microscopy (SEM), Treatment: RANKL-differentiated mature osteoclasts on bone matrix, Effect: CTSK and MMPs are secreted into the sealed lacuna to degrade type I collagen and matrix]"
PubMed,"Teitelbaum, 2007 (Science) - Osteoclasts: what do they do and how do they do it?",10.1126/science.1136892,enzyme,Matrix metallopeptidase 3 (stromelysin-1),"MMP-3 degrades non-collagenous bone matrix and activates latent MMP-9 and MMP-13. [Assay: Zymography, Western blot, and scanning electron microscopy (SEM), Treatment: RANKL-differentiated mature osteoclasts on bone matrix, Effect: CTSK and MMPs are secreted into the sealed lacuna to degrade type I collagen and matrix]"
PubMed,"Teitelbaum, 2007 (Science) - Osteoclasts: what do they do and how do they do it?",10.1126/science.1136892,enzyme,Matrix metallopeptidase 8 (collagenase-2),"MMP-8 cleaves type I collagen during lacunar matrix degradation. [Assay: Zymography, Western blot, and scanning electron microscopy (SEM), Treatment: RANKL-differentiated mature osteoclasts on bone matrix, Effect: CTSK and MMPs are secreted into the sealed lacuna to degrade type I collagen and matrix]"
PubMed,"Li et al., 2022 (Cell Death Dis) - MMP9 regulation by NFATc1 and its role in lacunar bone resorption",10.1038/s41419-022-05335-z,enzyme,Matrix metallopeptidase 9,"NFATc1 induces MMP-9 expression in mature multinucleated osteoclasts. [Confirmed by STRING v12.0 mouse PPI: score=0.702, escore=0] [Assay: Collagen release assay, Treatment: RANKL on bovine bone slices in Mmp9-/- BMMs, Effect: MMP-9 degrades non-collagenous organic matrix cooperating with CTSK]"
PubMed,"Li et al., 2022 (Cell Death Dis) - MMP9 regulation by NFATc1 and its role in lacunar bone resorption",10.1038/s41419-022-05335-z,enzyme,Matrix metallopeptidase 9,"MMP-9 is secreted into the resorption lacuna to degrade non-collagenous organic bone matrix proteins. [Assay: Collagen release assay, Treatment: RANKL on bovine bone slices in Mmp9-/- BMMs, Effect: MMP-9 degrades non-collagenous organic matrix cooperating with CTSK]"
PubMed,"Teitelbaum, 2007 (Science) - Osteoclasts: what do they do and how do they do it?",10.1126/science.1136892,enzyme,Matrix metallopeptidase 9,"TIMP-1 forms stoichiometric inhibitory complex with MMP-9. [Confirmed by STRING v12.0 mouse PPI: score=0.999, escore=0.256] [Assay: Zymography, Western blot, and scanning electron microscopy (SEM), Treatment: RANKL-differentiated mature osteoclasts on bone matrix, Effect: CTSK and MMPs are secreted into the sealed lacuna to degrade type I collagen and matrix]"
PubMed,"Shin et al., 2014 (Bone) - Dual-specificity phosphatases DUSP1, DUSP6, and PPM1D act as endogenous brakes on osteoclast MAPK signaling",10.1016/j.bone.2014.03.041,enzyme,Mitogen-activated protein kinase 1 (ERK2),"DUSP6 selectively dephosphorylates ERK2 in osteoclast precursors. [Confirmed by STRING v12.0 mouse PPI: score=0.997, escore=0.936] [Assay: Western blot and TRAP staining, Treatment: RANKL stimulation in DUSP1-deficient vs WT BMMs, Effect: DUSP1 dephosphorylates p38 and JNK, serving as a negative feedback regulator]"
PubMed,"Wada et al., 2006 (Nat Rev Drug Discov) - RANKL-RANK signaling MAPK cascades (p38, JNK, ERK) in osteoclasts",10.1038/nrd2031,enzyme,Mitogen-activated protein kinase 1 (ERK2),"MEK1 phosphorylates ERK2 at Thr183/Tyr185. [Confirmed by STRING v12.0 mouse PPI: score=0.998, escore=0.763] [Assay: Western blot and kinase activity assay, Treatment: RANKL stimulation, Effect: Sequential cascade: TAK1/ASK1/MEKK1 activate MKK3/6, MKK4/7, MEK1/2, driving p38, JNK, ERK]"
PubMed,"Boyce et al., 2015 (Immunol Res) - M-CSF / CSF1R signaling and AKT/MAPK cascades in osteoclast lineage survival and development",10.1007/s12026-015-8640-1,enzyme,Mitogen-activated protein kinase 1 (ERK2),"Active ERK2 induces c-Fos expression to support precursor proliferation. [Confirmed by STRING v12.0 mouse PPI: score=0.97, escore=0.256] [Assay: Western blot and MTT assay, Treatment: RANKL + M-CSF, Effect: M-CSF binds c-Fms to activate ERK and PI3K/Akt promoting precursor survival]"
PubMed,"Wada et al., 2006 (Nat Rev Drug Discov) - RANKL-RANK signaling MAPK cascades (p38, JNK, ERK) in osteoclasts",10.1038/nrd2031,enzyme,Mitogen-activated protein kinase 10 (JNK3),"MKK7 phosphorylates JNK3. [Confirmed by STRING v12.0 mouse PPI: score=0.988, escore=0.726] [Assay: Western blot and kinase activity assay, Treatment: RANKL stimulation, Effect: Sequential cascade: TAK1/ASK1/MEKK1 activate MKK3/6, MKK4/7, MEK1/2, driving p38, JNK, ERK]"
PubMed,"Wada et al., 2006 (Nat Rev Drug Discov) - RANKL-RANK signaling MAPK cascades (p38, JNK, ERK) in osteoclasts",10.1038/nrd2031,enzyme,Mitogen-activated protein kinase 11 (p38 beta),"MKK3 phosphorylates p38 beta MAPK. [Confirmed by STRING v12.0 mouse PPI: score=0.976, escore=0.645] [Assay: Western blot and kinase activity assay, Treatment: RANKL stimulation, Effect: Sequential cascade: TAK1/ASK1/MEKK1 activate MKK3/6, MKK4/7, MEK1/2, driving p38, JNK, ERK]"
PubMed,"Wada et al., 2006 (Nat Rev Drug Discov) - RANKL-RANK signaling MAPK cascades (p38, JNK, ERK) in osteoclasts",10.1038/nrd2031,enzyme,Mitogen-activated protein kinase 12 (p38 gamma),"MKK6 phosphorylates p38 gamma MAPK. [Confirmed by STRING v12.0 mouse PPI: score=0.969, escore=0.549] [Assay: Western blot and kinase activity assay, Treatment: RANKL stimulation, Effect: Sequential cascade: TAK1/ASK1/MEKK1 activate MKK3/6, MKK4/7, MEK1/2, driving p38, JNK, ERK]"
PubMed,"Wada et al., 2006 (Nat Rev Drug Discov) - RANKL-RANK signaling MAPK cascades (p38, JNK, ERK) in osteoclasts",10.1038/nrd2031,enzyme,Mitogen-activated protein kinase 13 (p38 delta),"MKK6 phosphorylates p38 delta MAPK. [Confirmed by STRING v12.0 mouse PPI: score=0.966, escore=0.549] [Assay: Western blot and kinase activity assay, Treatment: RANKL stimulation, Effect: Sequential cascade: TAK1/ASK1/MEKK1 activate MKK3/6, MKK4/7, MEK1/2, driving p38, JNK, ERK]"
PubMed,"Kim et al., 2005 (Immunol Rev) - Signaling mechanisms of osteoclast differentiation by RANKL and immunoreceptors",10.1111/j.0105-2896.2005.00331.x,enzyme,Mitogen-activated protein kinase 14 (p38 alpha),"Canonical signaling transduction step: HGNC:TRAF6 activates HGNC:MAPK14 reported in PMID:16339965. [Confirmed by STRING v12.0 mouse PPI: score=0.723, escore=0]"
PubMed,"Shin et al., 2007 (J Cell Biochem) - RGS10 and RGS12 in osteoclast differentiation and calcium signaling",10.1002/jcb.21251,enzyme,Mitogen-activated protein kinase 14 (p38 alpha),"RGS12 acts as an essential signaling hub upstream of p38 MAPK and N-type calcium channels. [Assay: Fluo-4 imaging, Treatment: RANKL in Rgs10-/- BMMs, Effect: Loss of RGS10 abolishes Ca2+ oscillations and impairs differentiation]"
PubMed,"Zhao et al., 2010 (J Biol Chem) - PIK3AP1 (BCAP) regulates osteoclast differentiation and p38 MAPK activation",10.1074/jbc.M110.104273,enzyme,Mitogen-activated protein kinase 14 (p38 alpha),"BCAP adaptor scaffold amplifies p38 MAPK phosphorylation. [Assay: Western blot and TRAP staining, Treatment: RANKL stimulation in BCAP-deficient vs WT BMMs, Effect: BCAP enhances p38 MAPK phosphorylation and CREB activation to promote osteoclastogenesis]"
PubMed,"Shin et al., 2014 (Bone) - Dual-specificity phosphatases DUSP1, DUSP6, and PPM1D act as endogenous brakes on osteoclast MAPK signaling",10.1016/j.bone.2014.03.041,enzyme,Mitogen-activated protein kinase 14 (p38 alpha),"DUSP1 dual specificity phosphatase dephosphorylates p38 MAPK. [Confirmed by STRING v12.0 mouse PPI: score=0.993, escore=0.497] [Assay: Western blot and TRAP staining, Treatment: RANKL stimulation in DUSP1-deficient vs WT BMMs, Effect: DUSP1 dephosphorylates p38 and JNK, serving as a negative feedback regulator]"
PubMed,"Shin et al., 2014 (Bone) - Dual-specificity phosphatases DUSP1, DUSP6, and PPM1D act as endogenous brakes on osteoclast MAPK signaling",10.1016/j.bone.2014.03.041,enzyme,Mitogen-activated protein kinase 14 (p38 alpha),"WIP1 phosphatase dephosphorylates p38 to restrain inflammation. [Assay: Western blot and TRAP staining, Treatment: RANKL stimulation in DUSP1-deficient vs WT BMMs, Effect: DUSP1 dephosphorylates p38 and JNK, serving as a negative feedback regulator]"
PubMed,"Wada et al., 2006 (Nat Rev Drug Discov) - RANKL-RANK signaling MAPK cascades (p38, JNK, ERK) in osteoclasts",10.1038/nrd2031,enzyme,Mitogen-activated protein kinase 14 (p38 alpha),"MKK3 directly phosphorylates p38 alpha MAPK at Thr180/Tyr182. [Confirmed by STRING v12.0 mouse PPI: score=0.999, escore=0.984] [Assay: Western blot and kinase activity assay, Treatment: RANKL stimulation, Effect: Sequential cascade: TAK1/ASK1/MEKK1 activate MKK3/6, MKK4/7, MEK1/2, driving p38, JNK, ERK]"
PubMed,"Wada et al., 2006 (Nat Rev Drug Discov) - RANKL-RANK signaling MAPK cascades (p38, JNK, ERK) in osteoclasts",10.1038/nrd2031,enzyme,Mitogen-activated protein kinase 14 (p38 alpha),"MKK6 phosphorylates p38 alpha MAPK on Thr180/Tyr182. [Confirmed by STRING v12.0 mouse PPI: score=0.982, escore=0.737] [Assay: Western blot and kinase activity assay, Treatment: RANKL stimulation, Effect: Sequential cascade: TAK1/ASK1/MEKK1 activate MKK3/6, MKK4/7, MEK1/2, driving p38, JNK, ERK]"
PubMed,"Asagiri et al., 2005 (J Exp Med) - Autoamplification of NFATc1 expression is mediated by AP-1 (c-Fos/c-Jun) complex binding",10.1084/jem.20051115,enzyme,Mitogen-activated protein kinase 14 (p38 alpha),"p38 MAPK directly phosphorylates CREB at Ser133. [Confirmed by STRING v12.0 mouse PPI: score=0.767, escore=0.093] [Assay: ChIP-qPCR, luciferase reporter, and EMSA, Treatment: RANKL stimulation, Effect: AP-1 (c-Fos/c-Jun) and CREB cooperate with NFATc1 to drive sustained autoamplification]"
PubMed,"Boyce et al., 2015 (Immunol Res) - M-CSF / CSF1R signaling and AKT/MAPK cascades in osteoclast lineage survival and development",10.1007/s12026-015-8640-1,enzyme,Mitogen-activated protein kinase 3 (ERK1),"c-Fms triggers ERK1 phosphorylation in primary bone marrow macrophages. [Assay: Western blot and MTT assay, Treatment: RANKL + M-CSF, Effect: M-CSF binds c-Fms to activate ERK and PI3K/Akt promoting precursor survival]"
PubMed,"Boyce et al., 2015 (Immunol Res) - M-CSF / CSF1R signaling and AKT/MAPK cascades in osteoclast lineage survival and development",10.1007/s12026-015-8640-1,enzyme,Mitogen-activated protein kinase 3 (ERK1),"MEK2 phosphorylates ERK1 on Thr202/Tyr204. [Confirmed by STRING v12.0 mouse PPI: score=0.978, escore=0.688] [Assay: Western blot and MTT assay, Treatment: RANKL + M-CSF, Effect: M-CSF binds c-Fms to activate ERK and PI3K/Akt promoting precursor survival]"
PubMed,"Kim et al., 2005 (Immunol Rev) - Signaling mechanisms of osteoclast differentiation by RANKL and immunoreceptors",10.1111/j.0105-2896.2005.00331.x,enzyme,Mitogen-activated protein kinase 8 (JNK1),"Canonical signaling transduction step: HGNC:TRAF6 activates HGNC:MAPK8 reported in PMID:16339965. [Confirmed by STRING v12.0 mouse PPI: score=0.961, escore=0.089]"
PubMed,"Kim et al., 2005 (Immunol Rev) - Signaling mechanisms of osteoclast differentiation by RANKL and immunoreceptors",10.1111/j.0105-2896.2005.00331.x,enzyme,Mitogen-activated protein kinase 8 (JNK1),"Canonical signaling transduction step: HGNC:MAPK8 activates HGNC:FOS reported in PMID:16339965. [Confirmed by STRING v12.0 mouse PPI: score=0.983, escore=0.264]"
PubMed,"Shin et al., 2014 (Bone) - Dual-specificity phosphatases DUSP1, DUSP6, and PPM1D act as endogenous brakes on osteoclast MAPK signaling",10.1016/j.bone.2014.03.041,enzyme,Mitogen-activated protein kinase 8 (JNK1),"DUSP1 dephosphorylates and terminates JNK activation. [Confirmed by STRING v12.0 mouse PPI: score=0.971, escore=0.289] [Assay: Western blot and TRAP staining, Treatment: RANKL stimulation in DUSP1-deficient vs WT BMMs, Effect: DUSP1 dephosphorylates p38 and JNK, serving as a negative feedback regulator]"
PubMed,"Wada et al., 2006 (Nat Rev Drug Discov) - RANKL-RANK signaling MAPK cascades (p38, JNK, ERK) in osteoclasts",10.1038/nrd2031,enzyme,Mitogen-activated protein kinase 8 (JNK1),"MKK4 phosphorylates JNK1 on Thr183/Tyr185. [Confirmed by STRING v12.0 mouse PPI: score=0.993, escore=0.767] [Assay: Western blot and kinase activity assay, Treatment: RANKL stimulation, Effect: Sequential cascade: TAK1/ASK1/MEKK1 activate MKK3/6, MKK4/7, MEK1/2, driving p38, JNK, ERK]"
PubMed,"Wada et al., 2006 (Nat Rev Drug Discov) - RANKL-RANK signaling MAPK cascades (p38, JNK, ERK) in osteoclasts",10.1038/nrd2031,enzyme,Mitogen-activated protein kinase 8 (JNK1),"MKK7 phosphorylates JNK1. [Confirmed by STRING v12.0 mouse PPI: score=0.975, escore=0.629] [Assay: Western blot and kinase activity assay, Treatment: RANKL stimulation, Effect: Sequential cascade: TAK1/ASK1/MEKK1 activate MKK3/6, MKK4/7, MEK1/2, driving p38, JNK, ERK]"
PubMed,"Wada et al., 2006 (Nat Rev Drug Discov) - RANKL-RANK signaling MAPK cascades (p38, JNK, ERK) in osteoclasts",10.1038/nrd2031,enzyme,Mitogen-activated protein kinase 8 (JNK1),"JNK1 phosphorylates c-Jun on Ser63 and Ser73, potentiating AP-1 transcriptional efficacy. [Confirmed by STRING v12.0 mouse PPI: score=0.999, escore=0.968] [Assay: Western blot and kinase activity assay, Treatment: RANKL stimulation, Effect: Sequential cascade: TAK1/ASK1/MEKK1 activate MKK3/6, MKK4/7, MEK1/2, driving p38, JNK, ERK]"
PubMed,"Wada et al., 2006 (Nat Rev Drug Discov) - RANKL-RANK signaling MAPK cascades (p38, JNK, ERK) in osteoclasts",10.1038/nrd2031,enzyme,Mitogen-activated protein kinase 9 (JNK2),"MKK4 phosphorylates JNK2. [Confirmed by STRING v12.0 mouse PPI: score=0.997, escore=0.942] [Assay: Western blot and kinase activity assay, Treatment: RANKL stimulation, Effect: Sequential cascade: TAK1/ASK1/MEKK1 activate MKK3/6, MKK4/7, MEK1/2, driving p38, JNK, ERK]"
PubMed,"Wada et al., 2006 (Nat Rev Drug Discov) - RANKL-RANK signaling MAPK cascades (p38, JNK, ERK) in osteoclasts",10.1038/nrd2031,enzyme,Mitogen-activated protein kinase kinase 1 (MEK1),"Raf-1 phosphorylates MEK1 on Ser218 and Ser222. [Confirmed by STRING v12.0 mouse PPI: score=0.997, escore=0.888] [Assay: Western blot and kinase activity assay, Treatment: RANKL stimulation, Effect: Sequential cascade: TAK1/ASK1/MEKK1 activate MKK3/6, MKK4/7, MEK1/2, driving p38, JNK, ERK]"
PubMed,"Wada et al., 2006 (Nat Rev Drug Discov) - RANKL-RANK signaling MAPK cascades (p38, JNK, ERK) in osteoclasts",10.1038/nrd2031,enzyme,Mitogen-activated protein kinase kinase 1 (MEK1),"MEK1 phosphorylates ERK2 at Thr183/Tyr185. [Confirmed by STRING v12.0 mouse PPI: score=0.998, escore=0.763] [Assay: Western blot and kinase activity assay, Treatment: RANKL stimulation, Effect: Sequential cascade: TAK1/ASK1/MEKK1 activate MKK3/6, MKK4/7, MEK1/2, driving p38, JNK, ERK]"
PubMed,"Boyce et al., 2015 (Immunol Res) - M-CSF / CSF1R signaling and AKT/MAPK cascades in osteoclast lineage survival and development",10.1007/s12026-015-8640-1,enzyme,Mitogen-activated protein kinase kinase 2 (MEK2),"Raf-1 phosphorylates MEK2 on Ser222/226. [Confirmed by STRING v12.0 mouse PPI: score=0.974, escore=0.604] [Assay: Western blot and MTT assay, Treatment: RANKL + M-CSF, Effect: M-CSF binds c-Fms to activate ERK and PI3K/Akt promoting precursor survival]"
PubMed,"Boyce et al., 2015 (Immunol Res) - M-CSF / CSF1R signaling and AKT/MAPK cascades in osteoclast lineage survival and development",10.1007/s12026-015-8640-1,enzyme,Mitogen-activated protein kinase kinase 2 (MEK2),"MEK2 phosphorylates ERK1 on Thr202/Tyr204. [Confirmed by STRING v12.0 mouse PPI: score=0.978, escore=0.688] [Assay: Western blot and MTT assay, Treatment: RANKL + M-CSF, Effect: M-CSF binds c-Fms to activate ERK and PI3K/Akt promoting precursor survival]"
PubMed,"Wada et al., 2006 (Nat Rev Drug Discov) - RANKL-RANK signaling MAPK cascades (p38, JNK, ERK) in osteoclasts",10.1038/nrd2031,enzyme,Mitogen-activated protein kinase kinase 3 (MKK3),"ASK1 phosphorylates and activates MKK3. [Confirmed by STRING v12.0 mouse PPI: score=0.973, escore=0.401] [Assay: Western blot and kinase activity assay, Treatment: RANKL stimulation, Effect: Sequential cascade: TAK1/ASK1/MEKK1 activate MKK3/6, MKK4/7, MEK1/2, driving p38, JNK, ERK]"
PubMed,"Wada et al., 2006 (Nat Rev Drug Discov) - RANKL-RANK signaling MAPK cascades (p38, JNK, ERK) in osteoclasts",10.1038/nrd2031,enzyme,Mitogen-activated protein kinase kinase 3 (MKK3),"MKK3 directly phosphorylates p38 alpha MAPK at Thr180/Tyr182. [Confirmed by STRING v12.0 mouse PPI: score=0.999, escore=0.984] [Assay: Western blot and kinase activity assay, Treatment: RANKL stimulation, Effect: Sequential cascade: TAK1/ASK1/MEKK1 activate MKK3/6, MKK4/7, MEK1/2, driving p38, JNK, ERK]"
PubMed,"Wada et al., 2006 (Nat Rev Drug Discov) - RANKL-RANK signaling MAPK cascades (p38, JNK, ERK) in osteoclasts",10.1038/nrd2031,enzyme,Mitogen-activated protein kinase kinase 3 (MKK3),"MKK3 phosphorylates p38 beta MAPK. [Confirmed by STRING v12.0 mouse PPI: score=0.976, escore=0.645] [Assay: Western blot and kinase activity assay, Treatment: RANKL stimulation, Effect: Sequential cascade: TAK1/ASK1/MEKK1 activate MKK3/6, MKK4/7, MEK1/2, driving p38, JNK, ERK]"
PubMed,"Wada et al., 2006 (Nat Rev Drug Discov) - RANKL-RANK signaling MAPK cascades (p38, JNK, ERK) in osteoclasts",10.1038/nrd2031,enzyme,Mitogen-activated protein kinase kinase 4 (MKK4),"MEKK1 phosphorylates MKK4 to activate downstream JNK MAPK signaling. [Confirmed by STRING v12.0 mouse PPI: score=0.991, escore=0.822] [Assay: Western blot and kinase activity assay, Treatment: RANKL stimulation, Effect: Sequential cascade: TAK1/ASK1/MEKK1 activate MKK3/6, MKK4/7, MEK1/2, driving p38, JNK, ERK]"
PubMed,"Wada et al., 2006 (Nat Rev Drug Discov) - RANKL-RANK signaling MAPK cascades (p38, JNK, ERK) in osteoclasts",10.1038/nrd2031,enzyme,Mitogen-activated protein kinase kinase 4 (MKK4),"MKK4 phosphorylates JNK1 on Thr183/Tyr185. [Confirmed by STRING v12.0 mouse PPI: score=0.993, escore=0.767] [Assay: Western blot and kinase activity assay, Treatment: RANKL stimulation, Effect: Sequential cascade: TAK1/ASK1/MEKK1 activate MKK3/6, MKK4/7, MEK1/2, driving p38, JNK, ERK]"
PubMed,"Wada et al., 2006 (Nat Rev Drug Discov) - RANKL-RANK signaling MAPK cascades (p38, JNK, ERK) in osteoclasts",10.1038/nrd2031,enzyme,Mitogen-activated protein kinase kinase 4 (MKK4),"MKK4 phosphorylates JNK2. [Confirmed by STRING v12.0 mouse PPI: score=0.997, escore=0.942] [Assay: Western blot and kinase activity assay, Treatment: RANKL stimulation, Effect: Sequential cascade: TAK1/ASK1/MEKK1 activate MKK3/6, MKK4/7, MEK1/2, driving p38, JNK, ERK]"
PubMed,"Wada et al., 2006 (Nat Rev Drug Discov) - RANKL-RANK signaling MAPK cascades (p38, JNK, ERK) in osteoclasts",10.1038/nrd2031,enzyme,Mitogen-activated protein kinase kinase 6 (MKK6),"ASK1 phosphorylates and activates MKK6. [Confirmed by STRING v12.0 mouse PPI: score=0.98, escore=0.566] [Assay: Western blot and kinase activity assay, Treatment: RANKL stimulation, Effect: Sequential cascade: TAK1/ASK1/MEKK1 activate MKK3/6, MKK4/7, MEK1/2, driving p38, JNK, ERK]"
PubMed,"Wada et al., 2006 (Nat Rev Drug Discov) - RANKL-RANK signaling MAPK cascades (p38, JNK, ERK) in osteoclasts",10.1038/nrd2031,enzyme,Mitogen-activated protein kinase kinase 6 (MKK6),"MKK6 phosphorylates p38 alpha MAPK on Thr180/Tyr182. [Confirmed by STRING v12.0 mouse PPI: score=0.982, escore=0.737] [Assay: Western blot and kinase activity assay, Treatment: RANKL stimulation, Effect: Sequential cascade: TAK1/ASK1/MEKK1 activate MKK3/6, MKK4/7, MEK1/2, driving p38, JNK, ERK]"
PubMed,"Wada et al., 2006 (Nat Rev Drug Discov) - RANKL-RANK signaling MAPK cascades (p38, JNK, ERK) in osteoclasts",10.1038/nrd2031,enzyme,Mitogen-activated protein kinase kinase 6 (MKK6),"MKK6 phosphorylates p38 gamma MAPK. [Confirmed by STRING v12.0 mouse PPI: score=0.969, escore=0.549] [Assay: Western blot and kinase activity assay, Treatment: RANKL stimulation, Effect: Sequential cascade: TAK1/ASK1/MEKK1 activate MKK3/6, MKK4/7, MEK1/2, driving p38, JNK, ERK]"
PubMed,"Wada et al., 2006 (Nat Rev Drug Discov) - RANKL-RANK signaling MAPK cascades (p38, JNK, ERK) in osteoclasts",10.1038/nrd2031,enzyme,Mitogen-activated protein kinase kinase 6 (MKK6),"MKK6 phosphorylates p38 delta MAPK. [Confirmed by STRING v12.0 mouse PPI: score=0.966, escore=0.549] [Assay: Western blot and kinase activity assay, Treatment: RANKL stimulation, Effect: Sequential cascade: TAK1/ASK1/MEKK1 activate MKK3/6, MKK4/7, MEK1/2, driving p38, JNK, ERK]"
PubMed,"Wada et al., 2006 (Nat Rev Drug Discov) - RANKL-RANK signaling MAPK cascades (p38, JNK, ERK) in osteoclasts",10.1038/nrd2031,enzyme,Mitogen-activated protein kinase kinase 7 (MKK7),"MEKK1 phosphorylates MKK7 on Ser271/Thr275. [Confirmed by STRING v12.0 mouse PPI: score=0.974, escore=0.677] [Assay: Western blot and kinase activity assay, Treatment: RANKL stimulation, Effect: Sequential cascade: TAK1/ASK1/MEKK1 activate MKK3/6, MKK4/7, MEK1/2, driving p38, JNK, ERK]"
PubMed,"Wada et al., 2006 (Nat Rev Drug Discov) - RANKL-RANK signaling MAPK cascades (p38, JNK, ERK) in osteoclasts",10.1038/nrd2031,enzyme,Mitogen-activated protein kinase kinase 7 (MKK7),"MKK7 phosphorylates JNK1. [Confirmed by STRING v12.0 mouse PPI: score=0.975, escore=0.629] [Assay: Western blot and kinase activity assay, Treatment: RANKL stimulation, Effect: Sequential cascade: TAK1/ASK1/MEKK1 activate MKK3/6, MKK4/7, MEK1/2, driving p38, JNK, ERK]"
PubMed,"Wada et al., 2006 (Nat Rev Drug Discov) - RANKL-RANK signaling MAPK cascades (p38, JNK, ERK) in osteoclasts",10.1038/nrd2031,enzyme,Mitogen-activated protein kinase kinase 7 (MKK7),"MKK7 phosphorylates JNK3. [Confirmed by STRING v12.0 mouse PPI: score=0.988, escore=0.726] [Assay: Western blot and kinase activity assay, Treatment: RANKL stimulation, Effect: Sequential cascade: TAK1/ASK1/MEKK1 activate MKK3/6, MKK4/7, MEK1/2, driving p38, JNK, ERK]"
PubMed,"Wada et al., 2006 (Nat Rev Drug Discov) - RANKL-RANK signaling MAPK cascades (p38, JNK, ERK) in osteoclasts",10.1038/nrd2031,enzyme,Mitogen-activated protein kinase kinase kinase 1 (MEKK1),"MEKK1 phosphorylates MKK4 to activate downstream JNK MAPK signaling. [Confirmed by STRING v12.0 mouse PPI: score=0.991, escore=0.822] [Assay: Western blot and kinase activity assay, Treatment: RANKL stimulation, Effect: Sequential cascade: TAK1/ASK1/MEKK1 activate MKK3/6, MKK4/7, MEK1/2, driving p38, JNK, ERK]"
PubMed,"Wada et al., 2006 (Nat Rev Drug Discov) - RANKL-RANK signaling MAPK cascades (p38, JNK, ERK) in osteoclasts",10.1038/nrd2031,enzyme,Mitogen-activated protein kinase kinase kinase 1 (MEKK1),"TRAF6 polyubiquitination engages MEKK1 kinase. [Confirmed by STRING v12.0 mouse PPI: score=0.975, escore=0.608] [Assay: Western blot and kinase activity assay, Treatment: RANKL stimulation, Effect: Sequential cascade: TAK1/ASK1/MEKK1 activate MKK3/6, MKK4/7, MEK1/2, driving p38, JNK, ERK]"
PubMed,"Wada et al., 2006 (Nat Rev Drug Discov) - RANKL-RANK signaling MAPK cascades (p38, JNK, ERK) in osteoclasts",10.1038/nrd2031,enzyme,Mitogen-activated protein kinase kinase kinase 1 (MEKK1),"MEKK1 phosphorylates MKK7 on Ser271/Thr275. [Confirmed by STRING v12.0 mouse PPI: score=0.974, escore=0.677] [Assay: Western blot and kinase activity assay, Treatment: RANKL stimulation, Effect: Sequential cascade: TAK1/ASK1/MEKK1 activate MKK3/6, MKK4/7, MEK1/2, driving p38, JNK, ERK]"
PubMed,"Kim et al., 2005 (Immunol Rev) - Signaling mechanisms of osteoclast differentiation by RANKL and immunoreceptors",10.1111/j.0105-2896.2005.00331.x,enzyme,Mitogen-activated protein kinase kinase kinase 14 (NIK),"TRAF3 degradation stabilizes NIK (MAP3K14) allowing noncanonical activation. [Confirmed by STRING v12.0 mouse PPI: score=0.986, escore=0.662] [Assay: Fluo-4 imaging, Treatment: RANKL + DAP12/FcRgamma co-stimulation, Effect: PLCgamma2 induces sustained Ca2+ oscillations activating Calcineurin]"
PubMed,"Kim et al., 2005 (Immunol Rev) - Signaling mechanisms of osteoclast differentiation by RANKL and immunoreceptors",10.1111/j.0105-2896.2005.00331.x,enzyme,Mitogen-activated protein kinase kinase kinase 14 (NIK),"NIK phosphorylates IKK-alpha homodimers. [Confirmed by STRING v12.0 mouse PPI: score=0.984, escore=0.766] [Assay: Fluo-4 imaging, Treatment: RANKL + DAP12/FcRgamma co-stimulation, Effect: PLCgamma2 induces sustained Ca2+ oscillations activating Calcineurin]"
PubMed,"Wada et al., 2006 (Nat Rev Drug Discov) - RANKL-RANK signaling MAPK cascades (p38, JNK, ERK) in osteoclasts",10.1038/nrd2031,enzyme,Mitogen-activated protein kinase kinase kinase 5 (ASK1),"ROS oxidation of thioredoxin activates ASK1 MAP3K signaling. [Assay: Western blot and kinase activity assay, Treatment: RANKL stimulation, Effect: Sequential cascade: TAK1/ASK1/MEKK1 activate MKK3/6, MKK4/7, MEK1/2, driving p38, JNK, ERK]"
PubMed,"Wada et al., 2006 (Nat Rev Drug Discov) - RANKL-RANK signaling MAPK cascades (p38, JNK, ERK) in osteoclasts",10.1038/nrd2031,enzyme,Mitogen-activated protein kinase kinase kinase 5 (ASK1),"ASK1 phosphorylates and activates MKK3. [Confirmed by STRING v12.0 mouse PPI: score=0.973, escore=0.401] [Assay: Western blot and kinase activity assay, Treatment: RANKL stimulation, Effect: Sequential cascade: TAK1/ASK1/MEKK1 activate MKK3/6, MKK4/7, MEK1/2, driving p38, JNK, ERK]"
PubMed,"Wada et al., 2006 (Nat Rev Drug Discov) - RANKL-RANK signaling MAPK cascades (p38, JNK, ERK) in osteoclasts",10.1038/nrd2031,enzyme,Mitogen-activated protein kinase kinase kinase 5 (ASK1),"TRAF6 stimulates ASK1 kinase activation in osteoclast precursors. [Confirmed by STRING v12.0 mouse PPI: score=0.916, escore=0.554] [Assay: Western blot and kinase activity assay, Treatment: RANKL stimulation, Effect: Sequential cascade: TAK1/ASK1/MEKK1 activate MKK3/6, MKK4/7, MEK1/2, driving p38, JNK, ERK]"
PubMed,"Wada et al., 2006 (Nat Rev Drug Discov) - RANKL-RANK signaling MAPK cascades (p38, JNK, ERK) in osteoclasts",10.1038/nrd2031,enzyme,Mitogen-activated protein kinase kinase kinase 5 (ASK1),"ASK1 phosphorylates and activates MKK6. [Confirmed by STRING v12.0 mouse PPI: score=0.98, escore=0.566] [Assay: Western blot and kinase activity assay, Treatment: RANKL stimulation, Effect: Sequential cascade: TAK1/ASK1/MEKK1 activate MKK3/6, MKK4/7, MEK1/2, driving p38, JNK, ERK]"
PubMed,"Kim et al., 2005 (Immunol Rev) - Signaling mechanisms of osteoclast differentiation by RANKL and immunoreceptors",10.1111/j.0105-2896.2005.00331.x,enzyme,Mitogen-activated protein kinase kinase kinase 7 (TAK1),"TRAF6 polyubiquitination activates MAP3K7 (TAK1) kinase. [Confirmed by STRING v12.0 mouse PPI: score=0.999, escore=0.994] [Assay: Fluo-4 imaging, Treatment: RANKL + DAP12/FcRgamma co-stimulation, Effect: PLCgamma2 induces sustained Ca2+ oscillations activating Calcineurin]"
PubMed,"Kim et al., 2005 (Immunol Rev) - Signaling mechanisms of osteoclast differentiation by RANKL and immunoreceptors",10.1111/j.0105-2896.2005.00331.x,enzyme,Mitogen-activated protein kinase kinase kinase 7 (TAK1),"TAK1 forms complex with regulatory adaptor TAB1. [Confirmed by STRING v12.0 mouse PPI: score=0.999, escore=0.963] [Assay: Fluo-4 imaging, Treatment: RANKL + DAP12/FcRgamma co-stimulation, Effect: PLCgamma2 induces sustained Ca2+ oscillations activating Calcineurin]"
PubMed,"Kim et al., 2005 (Immunol Rev) - Signaling mechanisms of osteoclast differentiation by RANKL and immunoreceptors",10.1111/j.0105-2896.2005.00331.x,enzyme,Mitogen-activated protein kinase kinase kinase 7 (TAK1),"TAK1 binds TAB2 polyubiquitin-binding zinc finger to initiate kinase activity. [Confirmed by STRING v12.0 mouse PPI: score=0.999, escore=0.97] [Assay: Fluo-4 imaging, Treatment: RANKL + DAP12/FcRgamma co-stimulation, Effect: PLCgamma2 induces sustained Ca2+ oscillations activating Calcineurin]"
PubMed,"Kim et al., 2005 (Immunol Rev) - Signaling mechanisms of osteoclast differentiation by RANKL and immunoreceptors",10.1111/j.0105-2896.2005.00331.x,enzyme,Mitogen-activated protein kinase kinase kinase 7 (TAK1),"TAK1 phosphorylates IKK-alpha on activation loop Ser176/180. [Confirmed by STRING v12.0 mouse PPI: score=0.984, escore=0.579] [Assay: Fluo-4 imaging, Treatment: RANKL + DAP12/FcRgamma co-stimulation, Effect: PLCgamma2 induces sustained Ca2+ oscillations activating Calcineurin]"
PubMed,"Kim et al., 2005 (Immunol Rev) - Signaling mechanisms of osteoclast differentiation by RANKL and immunoreceptors",10.1111/j.0105-2896.2005.00331.x,enzyme,Mitogen-activated protein kinase kinase kinase 7 (TAK1),"TAK1 phosphorylates IKK-beta on Ser177/181 to activate canonical IKK complex. [Confirmed by STRING v12.0 mouse PPI: score=0.99, escore=0.766] [Assay: Fluo-4 imaging, Treatment: RANKL + DAP12/FcRgamma co-stimulation, Effect: PLCgamma2 induces sustained Ca2+ oscillations activating Calcineurin]"
PubMed,"Stegen et al., 2024 (Nat Metab) - Phosphoglycerate dehydrogenase provides alpha-ketoglutarate to drive epigenetic osteoclast differentiation",10.1038/s42255-023-00958-8,enzyme,Oxoglutarate dehydrogenase,"alpha-Ketoglutarate is decarboxylated by OGDH to succinyl-CoA. [Assay: TRAP staining, Treatment: M-CSF (30 ng/mL) + RANKL (50 ng/mL) + CBR-5884, Effect: 82% reduction in multinucleated osteoclasts]"
PubMed,"Stegen et al., 2024 (Nat Metab) - Phosphoglycerate dehydrogenase provides alpha-ketoglutarate to drive epigenetic osteoclast differentiation",10.1038/s42255-023-00958-8,enzyme,Oxoglutarate dehydrogenase,"OGDH produces succinyl-CoA and NADH. [Assay: TRAP staining, Treatment: M-CSF (30 ng/mL) + RANKL (50 ng/mL) + CBR-5884, Effect: 82% reduction in multinucleated osteoclasts]"
PubMed,"Boyce et al., 2015 (Immunol Res) - M-CSF / CSF1R signaling and AKT/MAPK cascades in osteoclast lineage survival and development",10.1007/s12026-015-8640-1,enzyme,"Phosphatidylinositol-4,5-bisphosphate 3-kinase catalytic subunit alpha (PI3K)","c-Fms activates class IA PI3K catalytic subunit p110alpha. [Confirmed by STRING v12.0 mouse PPI: score=0.713, escore=0.097] [Assay: Western blot and MTT assay, Treatment: RANKL + M-CSF, Effect: M-CSF binds c-Fms to activate ERK and PI3K/Akt promoting precursor survival]"
PubMed,"Boyce et al., 2015 (Immunol Res) - M-CSF / CSF1R signaling and AKT/MAPK cascades in osteoclast lineage survival and development",10.1007/s12026-015-8640-1,enzyme,"Phosphatidylinositol-4,5-bisphosphate 3-kinase catalytic subunit alpha (PI3K)","PI3K generation of PIP3 triggers Akt phosphorylation at Thr308 and Ser473. [Confirmed by STRING v12.0 mouse PPI: score=0.994, escore=0.383] [Assay: Western blot and MTT assay, Treatment: RANKL + M-CSF, Effect: M-CSF binds c-Fms to activate ERK and PI3K/Akt promoting precursor survival]"
PubMed,"Taubmann et al., 2020 (Nat Commun) - Metabolic reprogramming of osteoclasts under RANKL driving aerobic glycolysis",10.1038/s41467-020-17453-6,enzyme,Phosphofructokinase muscle,"PFKFB3 produces fructose-2,6-bisphosphate allosterically activating PFKM and accelerating glycolytic flux. [Confirmed by STRING v12.0 mouse PPI: score=0.964, escore=0.052] [Assay: Enzymatic assay and TRAP staining, Treatment: RANKL (100 ng/mL) + 2-Deoxyglucose (2-DG), Effect: Blocks glycolytic shift and curtails osteoclast multinucleation]"
PubMed,"Chu et al., 2024 (Cell Metab) - PRMT6-mediated H3R2me2a controls fatty acid oxidation during osteoclastogenesis",10.1016/j.cmet.2024.07.009,enzyme,Phosphofructokinase muscle,"Fructose-6-phosphate is phosphorylated by phosphofructokinase-1 to fructose-1,6-bisphosphate. [Assay: TRAP staining and Seahorse glycolysis, Treatment: RANKL (50 ng/mL) + EPZ020411, Effect: 75% decrease in osteoclast formation; restores FAO]"
PubMed,"Stegen et al., 2024 (Nat Metab) - Phosphoglycerate dehydrogenase provides alpha-ketoglutarate to drive epigenetic osteoclast differentiation",10.1038/s42255-023-00958-8,enzyme,Phosphoglycerate dehydrogenase,"Pharmacological inhibition of PHGDH with CBR-5884 significantly suppressed osteoclast formation in vitro. [Assay: TRAP staining, Treatment: M-CSF (30 ng/mL) + RANKL (50 ng/mL) + CBR-5884, Effect: 82% reduction in multinucleated osteoclasts]"
PubMed,"Stegen et al., 2024 (Nat Metab) - Phosphoglycerate dehydrogenase provides alpha-ketoglutarate to drive epigenetic osteoclast differentiation",10.1038/s42255-023-00958-8,enzyme,Phosphoglycerate dehydrogenase,"Coupled transamination by PSAT1 utilizing PHGDH-derived phosphohydroxypyruvate fuels net alpha-KG production. [Assay: TRAP staining, Treatment: M-CSF (30 ng/mL) + RANKL (50 ng/mL) + CBR-5884, Effect: 82% reduction in multinucleated osteoclasts]"
PubMed,"Stegen et al., 2024 (Nat Metab) - Phosphoglycerate dehydrogenase provides alpha-ketoglutarate to drive epigenetic osteoclast differentiation",10.1038/s42255-023-00958-8,enzyme,Phosphoglycerate dehydrogenase,"3-phosphoglycerate is diverted into serine synthesis by PHGDH oxidation. [Assay: TRAP staining, Treatment: M-CSF (30 ng/mL) + RANKL (50 ng/mL) + CBR-5884, Effect: 82% reduction in multinucleated osteoclasts]"
PubMed,"Stegen et al., 2024 (Nat Metab) - Phosphoglycerate dehydrogenase provides alpha-ketoglutarate to drive epigenetic osteoclast differentiation",10.1038/s42255-023-00958-8,enzyme,Phosphoglycerate dehydrogenase,"Phosphohydroxypyruvate product of PHGDH is transaminated by PSAT1. [Confirmed by STRING v12.0 mouse PPI: score=0.999, escore=0.073] [Assay: TRAP staining, Treatment: M-CSF (30 ng/mL) + RANKL (50 ng/mL) + CBR-5884, Effect: 82% reduction in multinucleated osteoclasts]"
PubMed,"Chu et al., 2024 (Cell Metab) - PRMT6-mediated H3R2me2a controls fatty acid oxidation during osteoclastogenesis",10.1016/j.cmet.2024.07.009,enzyme,Phosphoglycerate kinase 1,"1,3-bisphosphoglycerate transfers high-energy phosphate to ADP via phosphoglycerate kinase 1. [Assay: TRAP staining and Seahorse glycolysis, Treatment: RANKL (50 ng/mL) + EPZ020411, Effect: 75% decrease in osteoclast formation; restores FAO]"
PubMed,"Chu et al., 2024 (Cell Metab) - PRMT6-mediated H3R2me2a controls fatty acid oxidation during osteoclastogenesis",10.1016/j.cmet.2024.07.009,enzyme,Phosphoglycerate mutase 1,"3-phosphoglycerate is mutated to 2-phosphoglycerate by phosphoglycerate mutase 1. [Assay: TRAP staining and Seahorse glycolysis, Treatment: RANKL (50 ng/mL) + EPZ020411, Effect: 75% decrease in osteoclast formation; restores FAO]"
PubMed,"Zhao et al., 2010 (J Biol Chem) - PIK3AP1 (BCAP) regulates osteoclast differentiation and p38 MAPK activation",10.1074/jbc.M110.104273,enzyme,Phosphoinositide-3-kinase adaptor protein 1 (BCAP),"BCAP adaptor scaffold amplifies p38 MAPK phosphorylation. [Assay: Western blot and TRAP staining, Treatment: RANKL stimulation in BCAP-deficient vs WT BMMs, Effect: BCAP enhances p38 MAPK phosphorylation and CREB activation to promote osteoclastogenesis]"
PubMed,"Kim et al., 2005 (Immunol Rev) - Signaling mechanisms of osteoclast differentiation by RANKL and immunoreceptors",10.1111/j.0105-2896.2005.00331.x,enzyme,Phospholipase C gamma 2,"Canonical signaling transduction step: HGNC:SYK activates HGNC:PLCG2 reported in PMID:16339965. [Confirmed by STRING v12.0 mouse PPI: score=0.999, escore=0.556]"
PubMed,"Kim et al., 2005 (Immunol Rev) - Signaling mechanisms of osteoclast differentiation by RANKL and immunoreceptors",10.1111/j.0105-2896.2005.00331.x,enzyme,Phospholipase C gamma 2,"Canonical signaling transduction step: HGNC:BTK activates HGNC:PLCG2 reported in PMID:16339965. [Confirmed by STRING v12.0 mouse PPI: score=0.999, escore=0.168]"
PubMed,"Kim et al., 2005 (Immunol Rev) - Signaling mechanisms of osteoclast differentiation by RANKL and immunoreceptors",10.1111/j.0105-2896.2005.00331.x,enzyme,Phospholipase C gamma 2,"PLCgamma2 activation downstream of ITAM phosphorylation triggers sustained intracellular Ca2+ oscillations. [Confirmed by STRING v12.0 mouse PPI: score=0.911, escore=0.06] [Assay: Fluo-4 imaging, Treatment: RANKL + DAP12/FcRgamma co-stimulation, Effect: PLCgamma2 induces sustained Ca2+ oscillations activating Calcineurin]"
PubMed,"Shin et al., 2007 (J Cell Biochem) - RGS10 and RGS12 in osteoclast differentiation and calcium signaling",10.1002/jcb.21251,enzyme,Phospholipase C gamma 2,"RGS10A interacts with Ca2+/CaM to facilitate cyclic PLCgamma activation and Ca2+ oscillations. [Assay: Fluo-4 imaging, Treatment: RANKL in Rgs10-/- BMMs, Effect: Loss of RGS10 abolishes Ca2+ oscillations and impairs differentiation]"
PubMed,"Koga et al., 2004 (Nature) - Costimulatory signals for NFATc1 in bone homeostasis by ITAM-harboring adaptors",10.1038/nature02444,enzyme,Phospholipase C gamma 2,"BLNK adaptor complex directly facilitates PLCgamma2 phosphorylation and downstream IP3 production. [Confirmed by STRING v12.0 mouse PPI: score=0.999, escore=0.12] [Assay: Western blot and TRAP, Treatment: RANKL in Dap12-/- Fcer1g-/- double knockout, Effect: Severe osteopetrosis with complete block in PLC-gamma activation]"
PubMed,"Koga et al., 2004 (Nature) - Costimulatory signals for NFATc1 in bone homeostasis by ITAM-harboring adaptors",10.1038/nature02444,enzyme,Phospholipase C gamma 2,"Syk phosphorylates and activates PLC-gamma-2. [Confirmed by STRING v12.0 mouse PPI: score=0.999, escore=0.556] [Assay: Immunoprecipitation and Fura-2 calcium imaging, Treatment: RANKL + M-CSF, Effect: DAP12 and FcRg phosphorylate Syk and PLCg2 initiating Ca2+ oscillations]"
PubMed,"Koga et al., 2004 (Nature) - Costimulatory signals for NFATc1 in bone homeostasis by ITAM-harboring adaptors",10.1038/nature02444,enzyme,Phospholipase C gamma 2,"Tec family kinase cooperates with Btk to phosphorylate PLC-gamma-2. [Confirmed by STRING v12.0 mouse PPI: score=0.921, escore=0.091] [Assay: Immunoprecipitation and Fura-2 calcium imaging, Treatment: RANKL + M-CSF, Effect: DAP12 and FcRg phosphorylate Syk and PLCg2 initiating Ca2+ oscillations]"
PubMed,"Koga et al., 2004 (Nature) - Costimulatory signals for NFATc1 in bone homeostasis by ITAM-harboring adaptors",10.1038/nature02444,enzyme,Phospholipase C gamma 2,"BTK phosphorylates PLC-gamma-2 at Tyr753/759. [Confirmed by STRING v12.0 mouse PPI: score=0.999, escore=0.168] [Assay: Immunoprecipitation and Fura-2 calcium imaging, Treatment: RANKL + M-CSF, Effect: DAP12 and FcRg phosphorylate Syk and PLCg2 initiating Ca2+ oscillations]"
PubMed,"Stegen et al., 2024 (Nat Metab) - Phosphoglycerate dehydrogenase provides alpha-ketoglutarate to drive epigenetic osteoclast differentiation",10.1038/s42255-023-00958-8,enzyme,Phosphoserine aminotransferase 1,"Phosphohydroxypyruvate product of PHGDH is transaminated by PSAT1. [Confirmed by STRING v12.0 mouse PPI: score=0.999, escore=0.073] [Assay: TRAP staining, Treatment: M-CSF (30 ng/mL) + RANKL (50 ng/mL) + CBR-5884, Effect: 82% reduction in multinucleated osteoclasts]"
PubMed,"Stegen et al., 2024 (Nat Metab) - Phosphoglycerate dehydrogenase provides alpha-ketoglutarate to drive epigenetic osteoclast differentiation",10.1038/s42255-023-00958-8,enzyme,Phosphoserine aminotransferase 1,"Phosphoserine produced by PSAT1 is dephosphorylated by phosphoserine phosphatase PSPH. [Confirmed by STRING v12.0 mouse PPI: score=0.997, escore=0] [Assay: TRAP staining, Treatment: M-CSF (30 ng/mL) + RANKL (50 ng/mL) + CBR-5884, Effect: 82% reduction in multinucleated osteoclasts]"
PubMed,"Stegen et al., 2024 (Nat Metab) - Phosphoglycerate dehydrogenase provides alpha-ketoglutarate to drive epigenetic osteoclast differentiation",10.1038/s42255-023-00958-8,enzyme,Phosphoserine aminotransferase 1,"PSAT1 transamination utilizes glutamate to produce alpha-ketoglutarate, fueling the epigenetic TCA pool. [Assay: TRAP staining, Treatment: M-CSF (30 ng/mL) + RANKL (50 ng/mL) + CBR-5884, Effect: 82% reduction in multinucleated osteoclasts]"
PubMed,"Stegen et al., 2024 (Nat Metab) - Phosphoglycerate dehydrogenase provides alpha-ketoglutarate to drive epigenetic osteoclast differentiation",10.1038/s42255-023-00958-8,enzyme,Phosphoserine phosphatase,"Phosphoserine produced by PSAT1 is dephosphorylated by phosphoserine phosphatase PSPH. [Confirmed by STRING v12.0 mouse PPI: score=0.997, escore=0] [Assay: TRAP staining, Treatment: M-CSF (30 ng/mL) + RANKL (50 ng/mL) + CBR-5884, Effect: 82% reduction in multinucleated osteoclasts]"
PubMed,"Stegen et al., 2024 (Nat Metab) - Phosphoglycerate dehydrogenase provides alpha-ketoglutarate to drive epigenetic osteoclast differentiation",10.1038/s42255-023-00958-8,enzyme,Phosphoserine phosphatase,"PSPH catalytic activity yields L-serine for one-carbon folate metabolism. [Assay: TRAP staining, Treatment: M-CSF (30 ng/mL) + RANKL (50 ng/mL) + CBR-5884, Effect: 82% reduction in multinucleated osteoclasts]"
PubMed,"Chu et al., 2024 (Cell Metab) - PRMT6-mediated H3R2me2a controls fatty acid oxidation during osteoclastogenesis",10.1016/j.cmet.2024.07.009,enzyme,Protein arginine methyltransferase 6,"Treatment with PRMT6 inhibitor EPZ020411 dose-dependently reduced TRAP+ MNC numbers. [Assay: TRAP staining and Seahorse glycolysis, Treatment: RANKL (50 ng/mL) + EPZ020411, Effect: 75% decrease in osteoclast formation; restores FAO]"
PubMed,"Chu et al., 2024 (Cell Metab) - PRMT6-mediated H3R2me2a controls fatty acid oxidation during osteoclastogenesis",10.1016/j.cmet.2024.07.009,enzyme,Protein arginine methyltransferase 6,"PRMT6 directly catalyzes asymmetric dimethylation of H3R2 at the promoters of fatty acid oxidation genes. [Assay: Western blot and ChIP-qPCR, Treatment: RANKL (100 ng/mL), Effect: Strong induction of PRMT6 and H3R2me2a repression]"
PubMed,"Chu et al., 2024 (Cell Metab) - PRMT6 inhibits fatty acid oxidation (CPT1A) and promotes osteoclastogenesis",10.1016/j.cmet.2024.07.009,enzyme,Protein arginine methyltransferase 6,"PRMT6-mediated H3R2me2a represses Cpt1a transcription, suppressing fatty acid oxidation. [Assay: Western blot and ChIP-qPCR, Treatment: RANKL (100 ng/mL), Effect: Strong induction of PRMT6 and H3R2me2a repression]"
PubMed,"Kim et al., 2005 (Immunol Rev) - Signaling mechanisms of osteoclast differentiation by RANKL and immunoreceptors",10.1111/j.0105-2896.2005.00331.x,enzyme,Protein phosphatase 3 catalytic subunit alpha (Calcineurin A),"PLCgamma2 activation downstream of ITAM phosphorylation triggers sustained intracellular Ca2+ oscillations. [Confirmed by STRING v12.0 mouse PPI: score=0.911, escore=0.06] [Assay: Fluo-4 imaging, Treatment: RANKL + DAP12/FcRgamma co-stimulation, Effect: PLCgamma2 induces sustained Ca2+ oscillations activating Calcineurin]"
PubMed,"Kim et al., 2005 (Immunol Rev) - Signaling mechanisms of osteoclast differentiation by RANKL and immunoreceptors",10.1111/j.0105-2896.2005.00331.x,enzyme,Protein phosphatase 3 catalytic subunit alpha (Calcineurin A),"Calcineurin phosphatase dephosphorylates NFATc1 leading to nuclear import and auto-induction. [Confirmed by STRING v12.0 mouse PPI: score=0.994, escore=0.831] [Assay: Fluo-4 imaging, Treatment: RANKL + DAP12/FcRgamma co-stimulation, Effect: PLCgamma2 induces sustained Ca2+ oscillations activating Calcineurin]"
PubMed,"Koga et al., 2004 (Nature) - Costimulatory signals for NFATc1 in bone homeostasis by ITAM-harboring adaptors",10.1038/nature02444,enzyme,Protein phosphatase 3 catalytic subunit alpha (Calcineurin A),"Ca2+/calmodulin activates calcineurin catalytic subunit PPP3CA. [Confirmed by STRING v12.0 mouse PPI: score=0.999, escore=0.9] [Assay: Immunoprecipitation and Fura-2 calcium imaging, Treatment: RANKL + M-CSF, Effect: DAP12 and FcRg phosphorylate Syk and PLCg2 initiating Ca2+ oscillations]"
PubMed,"Shin et al., 2014 (Bone) - Dual-specificity phosphatases DUSP1, DUSP6, and PPM1D act as endogenous brakes on osteoclast MAPK signaling",10.1016/j.bone.2014.03.041,enzyme,"Protein phosphatase, Mg2+/Mn2+ dependent 1D (WIP1)","WIP1 phosphatase dephosphorylates p38 to restrain inflammation. [Assay: Western blot and TRAP staining, Treatment: RANKL stimulation in DUSP1-deficient vs WT BMMs, Effect: DUSP1 dephosphorylates p38 and JNK, serving as a negative feedback regulator]"
PubMed,"Zou et al., 2007 (Mol Biol Cell) - Syk, c-Src, and Pyk2 cooperate in osteoclast sealing zone and podosome belt organization",10.1091/mbc.e06-10-0931,enzyme,Protein tyrosine kinase 2 beta (Pyk2),"c-Src phosphorylates Pyk2 at focal adhesions to drive cytoskeletal remodeling in BMMs. [Confirmed by STRING v12.0 mouse PPI: score=0.998, escore=0.594] [Assay: Confocal and interferometry, Treatment: RANKL on dentin + Pyk2/Src inhibitor, Effect: Disrupts sealing zone attachment and eliminates pit depth]"
PubMed,"Zou et al., 2007 (Mol Biol Cell) - Syk, c-Src, and Pyk2 cooperate in osteoclast sealing zone and podosome belt organization",10.1091/mbc.e06-10-0931,enzyme,Protein tyrosine kinase 2 beta (Pyk2),Canonical signaling transduction step: HGNC:PTK2B activates HGNC:CDC42 reported in PMID:17344416.
PubMed,"Stegen et al., 2024 (Nat Metab) - Phosphoglycerate dehydrogenase provides alpha-ketoglutarate to drive epigenetic osteoclast differentiation",10.1038/s42255-023-00958-8,enzyme,Pyruvate carboxylase,"Pyruvate carboxylase PC carboxylates pyruvate to replenish oxaloacetate. [Assay: TRAP staining, Treatment: M-CSF (30 ng/mL) + RANKL (50 ng/mL) + CBR-5884, Effect: 82% reduction in multinucleated osteoclasts]"
PubMed,"Stegen et al., 2024 (Nat Metab) - Phosphoglycerate dehydrogenase provides alpha-ketoglutarate to drive epigenetic osteoclast differentiation",10.1038/s42255-023-00958-8,enzyme,Pyruvate carboxylase,"Pyruvate carboxylase generates oxaloacetate for mitochondrial anaplerosis. [Assay: TRAP staining, Treatment: M-CSF (30 ng/mL) + RANKL (50 ng/mL) + CBR-5884, Effect: 82% reduction in multinucleated osteoclasts]"
PubMed,"Stegen et al., 2024 (Nat Metab) - Phosphoglycerate dehydrogenase provides alpha-ketoglutarate to drive epigenetic osteoclast differentiation",10.1038/s42255-023-00958-8,enzyme,Pyruvate dehydrogenase E1 subunit alpha 1,"Pyruvate is decarboxylated by pyruvate dehydrogenase E1 subunit PDHA1 to form acetyl-CoA. [Assay: TRAP staining, Treatment: M-CSF (30 ng/mL) + RANKL (50 ng/mL) + CBR-5884, Effect: 82% reduction in multinucleated osteoclasts]"
PubMed,"Stegen et al., 2024 (Nat Metab) - Phosphoglycerate dehydrogenase provides alpha-ketoglutarate to drive epigenetic osteoclast differentiation",10.1038/s42255-023-00958-8,enzyme,Pyruvate dehydrogenase E1 subunit alpha 1,"PDHA1 activity generates acetyl-CoA for TCA cycle and histone acetylation. [Assay: TRAP staining, Treatment: M-CSF (30 ng/mL) + RANKL (50 ng/mL) + CBR-5884, Effect: 82% reduction in multinucleated osteoclasts]"
PubMed,"Taubmann et al., 2020 (Nat Commun) - Metabolic reprogramming of osteoclasts under RANKL driving aerobic glycolysis",10.1038/s41467-020-17453-6,enzyme,Pyruvate kinase M1/2,"Shikonin-mediated inhibition of PKM2 decreases lactate production and hampers osteoclast formation. [Assay: Enzymatic assay and TRAP staining, Treatment: RANKL (100 ng/mL) + 2-Deoxyglucose (2-DG), Effect: Blocks glycolytic shift and curtails osteoclast multinucleation]"
PubMed,"Chu et al., 2024 (Cell Metab) - PRMT6-mediated H3R2me2a controls fatty acid oxidation during osteoclastogenesis",10.1016/j.cmet.2024.07.009,enzyme,Pyruvate kinase M1/2,"Phosphoenolpyruvate is converted to pyruvate by pyruvate kinase M2, yielding ATP. [Assay: TRAP staining and Seahorse glycolysis, Treatment: RANKL (50 ng/mL) + EPZ020411, Effect: 75% decrease in osteoclast formation; restores FAO]"
PubMed,"Bozec et al., 2010 (J Cell Biol) - HIF1A drives glycolytic reprogramming (HK2, PFKFB3, LDHA) essential for osteoclast bone resorption",10.1083/jcb.201002035,enzyme,Pyruvate kinase M1/2,"Pkm mRNA is translated into active PKM2 enzyme. [Assay: qRT-PCR, Seahorse ECAR, and dentin slice resorption pit assay, Treatment: RANKL stimulation in Hif1a-deficient vs WT BMMs, Effect: HIF1a drives aerobic glycolysis and lacunar bone resorption]"
PubMed,"Wada et al., 2006 (Nat Rev Drug Discov) - RANKL-RANK signaling MAPK cascades (p38, JNK, ERK) in osteoclasts",10.1038/nrd2031,enzyme,"Raf-1 proto-oncogene, serine/threonine kinase","Raf-1 phosphorylates MEK1 on Ser218 and Ser222. [Confirmed by STRING v12.0 mouse PPI: score=0.997, escore=0.888] [Assay: Western blot and kinase activity assay, Treatment: RANKL stimulation, Effect: Sequential cascade: TAK1/ASK1/MEKK1 activate MKK3/6, MKK4/7, MEK1/2, driving p38, JNK, ERK]"
PubMed,"Boyce et al., 2015 (Immunol Res) - M-CSF / CSF1R signaling and AKT/MAPK cascades in osteoclast lineage survival and development",10.1007/s12026-015-8640-1,enzyme,"Raf-1 proto-oncogene, serine/threonine kinase","c-Fms activation of Ras stimulates Raf-1 serine/threonine kinase. [Assay: Western blot and MTT assay, Treatment: RANKL + M-CSF, Effect: M-CSF binds c-Fms to activate ERK and PI3K/Akt promoting precursor survival]"
PubMed,"Boyce et al., 2015 (Immunol Res) - M-CSF / CSF1R signaling and AKT/MAPK cascades in osteoclast lineage survival and development",10.1007/s12026-015-8640-1,enzyme,"Raf-1 proto-oncogene, serine/threonine kinase","Raf-1 phosphorylates MEK2 on Ser222/226. [Confirmed by STRING v12.0 mouse PPI: score=0.974, escore=0.604] [Assay: Western blot and MTT assay, Treatment: RANKL + M-CSF, Effect: M-CSF binds c-Fms to activate ERK and PI3K/Akt promoting precursor survival]"
PubMed,"Faccio et al., 2005 (J Cell Biol) - Vav3 regulates osteoclast function and bone mass downstream of alphaVbeta3 integrin",10.1083/jcb.200412083,enzyme,SRC proto-oncogene non-receptor tyrosine kinase (c-Src),"alpha_v_beta_3 integrin engagement induces c-Src activation at the podosome belt. [Confirmed by STRING v12.0 mouse PPI: score=0.966, escore=0.078] [Assay: Rhodamine phalloidin confocal, Treatment: RANKL + M-CSF in Vav3-/- BMMs, Effect: Complete disruption of circumferential F-actin sealing zone]"
PubMed,"Faccio et al., 2005 (J Cell Biol) - Vav3 regulates osteoclast function and bone mass downstream of alphaVbeta3 integrin",10.1083/jcb.200412083,enzyme,SRC proto-oncogene non-receptor tyrosine kinase (c-Src),"Canonical signaling transduction step: HGNC:ITGB3 activates HGNC:SRC reported in PMID:15711558. [Confirmed by STRING v12.0 mouse PPI: score=0.986, escore=0.306]"
PubMed,"Zou et al., 2007 (Mol Biol Cell) - Syk, c-Src, and Pyk2 cooperate in osteoclast sealing zone and podosome belt organization",10.1091/mbc.e06-10-0931,enzyme,SRC proto-oncogene non-receptor tyrosine kinase (c-Src),"c-Src phosphorylates Pyk2 at focal adhesions to drive cytoskeletal remodeling in BMMs. [Confirmed by STRING v12.0 mouse PPI: score=0.998, escore=0.594] [Assay: Confocal and interferometry, Treatment: RANKL on dentin + Pyk2/Src inhibitor, Effect: Disrupts sealing zone attachment and eliminates pit depth]"
PubMed,"Faccio et al., 2005 (J Cell Biol) - Vav3 regulates osteoclast function and bone mass downstream of alphaVbeta3 integrin",10.1083/jcb.200412083,enzyme,SRC proto-oncogene non-receptor tyrosine kinase (c-Src),"Vav3 is phosphorylated by Src and serves as a critical exchange factor for Rac1. [Assay: Rhodamine phalloidin confocal, Treatment: RANKL + M-CSF in Vav3-/- BMMs, Effect: Complete disruption of circumferential F-actin sealing zone]"
PubMed,"Nagao et al., 2019 (Bone) - Zoledronic acid suppresses osteoclastogenesis and c-Src activation in primary osteoclasts",10.1016/j.bone.2019.115061,enzyme,SRC proto-oncogene non-receptor tyrosine kinase (c-Src),"Zoledronic acid impairs mevalonate pathway inhibiting Ras farnesylation and c-Src kinase activity. [Assay: Annexin V and Western blot, Treatment: RANKL + Zoledronic acid (ZA), Effect: Inhibits mevalonate pathway and c-Src, inducing osteoclast apoptosis]"
PubMed,"Teitelbaum, 2007 (Science) - Osteoclasts: what do they do and how do they do it?",10.1126/science.1136892,enzyme,SRC proto-oncogene non-receptor tyrosine kinase (c-Src),"Integrin alpha-v engages bone matrix vitronectin, activating c-Src tyrosine kinase. [Confirmed by STRING v12.0 mouse PPI: score=0.966, escore=0.078] [Assay: Zymography, Western blot, and scanning electron microscopy (SEM), Treatment: RANKL-differentiated mature osteoclasts on bone matrix, Effect: CTSK and MMPs are secreted into the sealed lacuna to degrade type I collagen and matrix]"
PubMed,"Teitelbaum, 2007 (Science) - Osteoclasts: what do they do and how do they do it?",10.1126/science.1136892,enzyme,SRC proto-oncogene non-receptor tyrosine kinase (c-Src),"c-Cbl regulates c-Src activity and podosome ring turnover. [Confirmed by STRING v12.0 mouse PPI: score=0.99, escore=0.847] [Assay: Zymography, Western blot, and scanning electron microscopy (SEM), Treatment: RANKL-differentiated mature osteoclasts on bone matrix, Effect: CTSK and MMPs are secreted into the sealed lacuna to degrade type I collagen and matrix]"
PubMed,"Anesi et al., 2019 (Int J Mol Sci) - Nitrogen-containing bisphosphonates (Zoledronate, Alendronate) inhibit osteoclast c-Src kinase and survival",10.3390/ijms20215382,enzyme,SRC proto-oncogene non-receptor tyrosine kinase (c-Src),"Alendronate disrupts osteoclast prenylation, inhibiting c-Src and inducing apoptosis. [Assay: Annexin V and Western blot, Treatment: RANKL + Zoledronic acid (ZA), Effect: Inhibits mevalonate pathway and c-Src, inducing osteoclast apoptosis]"
PubMed,"Nishikawa et al., 2015 (Nat Commun) - Epigenetic chromatin regulators (DNMT3A, KDM4A, EZH2, SIRT1) control osteoclast commitment",10.1038/ncomms7637,enzyme,Sirtuin 1,"SIRT1 deacetylates RelA p65 at Lys310 inhibiting NF-kB transactivation. [Confirmed by STRING v12.0 mouse PPI: score=0.994, escore=0.394] [Assay: Bisulfite sequencing, ChIP-qPCR, and TRAP staining, Treatment: RANKL stimulation in Dnmt3a-deficient BMMs, Effect: DNMT3a mediates DNA methylation to silence negative regulator Irf8]"
PubMed,"Nishikawa et al., 2015 (Nat Commun) - Epigenetic chromatin regulators (DNMT3A, KDM4A, EZH2, SIRT1) control osteoclast commitment",10.1038/ncomms7637,enzyme,Sirtuin 3,"SIRT3 deacetylates SOD2 to quench mitochondrial ROS accumulation. [Assay: Bisulfite sequencing, ChIP-qPCR, and TRAP staining, Treatment: RANKL stimulation in Dnmt3a-deficient BMMs, Effect: DNMT3a mediates DNA methylation to silence negative regulator Irf8]"
PubMed,"Nishikawa et al., 2015 (Nat Commun) - Epigenetic chromatin regulators (DNMT3A, KDM4A, EZH2, SIRT1) control osteoclast commitment",10.1038/ncomms7637,enzyme,Sirtuin 6,"SIRT6 deacetylates H3K9 to repress NFATc1 transcription. [Assay: Bisulfite sequencing, ChIP-qPCR, and TRAP staining, Treatment: RANKL stimulation in Dnmt3a-deficient BMMs, Effect: DNMT3a mediates DNA methylation to silence negative regulator Irf8]"
PubMed,"Kim et al., 2005 (Immunol Rev) - Signaling mechanisms of osteoclast differentiation by RANKL and immunoreceptors",10.1111/j.0105-2896.2005.00331.x,enzyme,Spleen associated tyrosine kinase,"Canonical signaling transduction step: HGNC:TYROBP activates HGNC:SYK reported in PMID:16339965. [Confirmed by STRING v12.0 mouse PPI: score=0.999, escore=0.736]"
PubMed,"Kim et al., 2005 (Immunol Rev) - Signaling mechanisms of osteoclast differentiation by RANKL and immunoreceptors",10.1111/j.0105-2896.2005.00331.x,enzyme,Spleen associated tyrosine kinase,"Canonical signaling transduction step: HGNC:SYK activates HGNC:PLCG2 reported in PMID:16339965. [Confirmed by STRING v12.0 mouse PPI: score=0.999, escore=0.556]"
PubMed,"Koga et al., 2004 (Nature) - Costimulatory signals for NFATc1 in bone homeostasis by ITAM-harboring adaptors",10.1038/nature02444,enzyme,Spleen associated tyrosine kinase,"Phosphorylated ITAMs recruit Syk which phosphorylates the BLNK adaptor complex. [Confirmed by STRING v12.0 mouse PPI: score=0.999, escore=0.092] [Assay: Western blot and TRAP, Treatment: RANKL in Dap12-/- Fcer1g-/- double knockout, Effect: Severe osteopetrosis with complete block in PLC-gamma activation]"
PubMed,"Koga et al., 2004 (Nature) - Costimulatory signals for NFATc1 in bone homeostasis by ITAM-harboring adaptors",10.1038/nature02444,enzyme,Spleen associated tyrosine kinase,"Phosphorylated DAP12 ITAM recruits and activates Syk kinase. [Confirmed by STRING v12.0 mouse PPI: score=0.999, escore=0.736] [Assay: Immunoprecipitation and Fura-2 calcium imaging, Treatment: RANKL + M-CSF, Effect: DAP12 and FcRg phosphorylate Syk and PLCg2 initiating Ca2+ oscillations]"
PubMed,"Koga et al., 2004 (Nature) - Costimulatory signals for NFATc1 in bone homeostasis by ITAM-harboring adaptors",10.1038/nature02444,enzyme,Spleen associated tyrosine kinase,"Phosphorylated FcR-gamma ITAM recruits and activates Syk kinase. [Confirmed by STRING v12.0 mouse PPI: score=0.999, escore=0.861] [Assay: Immunoprecipitation and Fura-2 calcium imaging, Treatment: RANKL + M-CSF, Effect: DAP12 and FcRg phosphorylate Syk and PLCg2 initiating Ca2+ oscillations]"
PubMed,"Koga et al., 2004 (Nature) - Costimulatory signals for NFATc1 in bone homeostasis by ITAM-harboring adaptors",10.1038/nature02444,enzyme,Spleen associated tyrosine kinase,"Syk phosphorylates and activates PLC-gamma-2. [Confirmed by STRING v12.0 mouse PPI: score=0.999, escore=0.556] [Assay: Immunoprecipitation and Fura-2 calcium imaging, Treatment: RANKL + M-CSF, Effect: DAP12 and FcRg phosphorylate Syk and PLCg2 initiating Ca2+ oscillations]"
PubMed,"Koga et al., 2004 (Nature) - Costimulatory signals for NFATc1 in bone homeostasis by ITAM-harboring adaptors",10.1038/nature02444,enzyme,Spleen associated tyrosine kinase,"Syk phosphorylates SLP-76 (LCP2) scaffolding adaptor. [Confirmed by STRING v12.0 mouse PPI: score=0.999, escore=0.196] [Assay: Immunoprecipitation and Fura-2 calcium imaging, Treatment: RANKL + M-CSF, Effect: DAP12 and FcRg phosphorylate Syk and PLCg2 initiating Ca2+ oscillations]"
PubMed,"Sun et al., 2018 (Nat Commun) - Itaconate and ACOD1 (IRG1) regulate succinate dehydrogenase and oxidative stress during osteoclastogenesis",10.1038/s41467-018-07281-2,enzyme,Succinate dehydrogenase complex flavoprotein subunit A,"Itaconate competitively inhibits succinate dehydrogenase complex II activity. [Assay: Complex II enzyme assay, DCFH-DA ROS flow cytometry, and TRAP staining, Treatment: RANKL + 4-octyl itaconate (OI), Effect: Itaconate directly inhibits SDH and suppresses intracellular ROS generation]"
PubMed,"Sun et al., 2018 (Nat Commun) - Itaconate and ACOD1 (IRG1) regulate succinate dehydrogenase and oxidative stress during osteoclastogenesis",10.1038/s41467-018-07281-2,enzyme,Succinate dehydrogenase complex flavoprotein subunit A,"Succinate is oxidized by SDHA complex II to fumarate. [Assay: Complex II enzyme assay, DCFH-DA ROS flow cytometry, and TRAP staining, Treatment: RANKL + 4-octyl itaconate (OI), Effect: Itaconate directly inhibits SDH and suppresses intracellular ROS generation]"
PubMed,"Sun et al., 2018 (Nat Commun) - Itaconate and ACOD1 (IRG1) regulate succinate dehydrogenase and oxidative stress during osteoclastogenesis",10.1038/s41467-018-07281-2,enzyme,Succinate dehydrogenase complex flavoprotein subunit A,"Succinate dehydrogenase activity generates fumarate and FADH2. [Assay: Complex II enzyme assay, DCFH-DA ROS flow cytometry, and TRAP staining, Treatment: RANKL + 4-octyl itaconate (OI), Effect: Itaconate directly inhibits SDH and suppresses intracellular ROS generation]"
PubMed,"Stegen et al., 2024 (Nat Metab) - Phosphoglycerate dehydrogenase provides alpha-ketoglutarate to drive epigenetic osteoclast differentiation",10.1038/s42255-023-00958-8,enzyme,Succinate-CoA ligase alpha subunit,"Succinyl-CoA is converted to succinate by SUCLG1 generating GTP/ATP. [Assay: TRAP staining, Treatment: M-CSF (30 ng/mL) + RANKL (50 ng/mL) + CBR-5884, Effect: 82% reduction in multinucleated osteoclasts]"
PubMed,"Stegen et al., 2024 (Nat Metab) - Phosphoglycerate dehydrogenase provides alpha-ketoglutarate to drive epigenetic osteoclast differentiation",10.1038/s42255-023-00958-8,enzyme,Succinate-CoA ligase alpha subunit,"Succinate-CoA ligase catalytic activity produces free succinate. [Assay: TRAP staining, Treatment: M-CSF (30 ng/mL) + RANKL (50 ng/mL) + CBR-5884, Effect: 82% reduction in multinucleated osteoclasts]"
PubMed,"Kim et al., 2005 (Immunol Rev) - Signaling mechanisms of osteoclast differentiation by RANKL and immunoreceptors",10.1111/j.0105-2896.2005.00331.x,enzyme,TGF-beta activated kinase 1 binding protein 1,"TAK1 forms complex with regulatory adaptor TAB1. [Confirmed by STRING v12.0 mouse PPI: score=0.999, escore=0.963] [Assay: Fluo-4 imaging, Treatment: RANKL + DAP12/FcRgamma co-stimulation, Effect: PLCgamma2 induces sustained Ca2+ oscillations activating Calcineurin]"
PubMed,"Kim et al., 2005 (Immunol Rev) - Signaling mechanisms of osteoclast differentiation by RANKL and immunoreceptors",10.1111/j.0105-2896.2005.00331.x,enzyme,TGF-beta activated kinase 1 binding protein 2,"TAK1 binds TAB2 polyubiquitin-binding zinc finger to initiate kinase activity. [Confirmed by STRING v12.0 mouse PPI: score=0.999, escore=0.97] [Assay: Fluo-4 imaging, Treatment: RANKL + DAP12/FcRgamma co-stimulation, Effect: PLCgamma2 induces sustained Ca2+ oscillations activating Calcineurin]"
PubMed,"Teitelbaum, 2007 (Science) - Osteoclasts: what do they do and how do they do it?",10.1126/science.1136892,enzyme,TIMP metallopeptidase inhibitor 1,"TIMP-1 forms stoichiometric inhibitory complex with MMP-9. [Confirmed by STRING v12.0 mouse PPI: score=0.999, escore=0.256] [Assay: Zymography, Western blot, and scanning electron microscopy (SEM), Treatment: RANKL-differentiated mature osteoclasts on bone matrix, Effect: CTSK and MMPs are secreted into the sealed lacuna to degrade type I collagen and matrix]"
PubMed,"Teitelbaum, 2007 (Science) - Osteoclasts: what do they do and how do they do it?",10.1126/science.1136892,enzyme,TIMP metallopeptidase inhibitor 2,"TIMP-2 inhibits active MMP-2 gelatinase activity in bone resorption. [Confirmed by STRING v12.0 mouse PPI: score=0.998, escore=0.863] [Assay: Zymography, Western blot, and scanning electron microscopy (SEM), Treatment: RANKL-differentiated mature osteoclasts on bone matrix, Effect: CTSK and MMPs are secreted into the sealed lacuna to degrade type I collagen and matrix]"
PubMed,"Teitelbaum, 2007 (Science) - Osteoclasts: what do they do and how do they do it?",10.1126/science.1136892,enzyme,TIMP metallopeptidase inhibitor 2,"TIMP-2 inhibits MMP-13 collagenase degradation of ECM. [Confirmed by STRING v12.0 mouse PPI: score=0.969, escore=0.747] [Assay: Zymography, Western blot, and scanning electron microscopy (SEM), Treatment: RANKL-differentiated mature osteoclasts on bone matrix, Effect: CTSK and MMPs are secreted into the sealed lacuna to degrade type I collagen and matrix]"
PubMed,"Teitelbaum, 2007 (Science) - Osteoclasts: what do they do and how do they do it?",10.1126/science.1136892,enzyme,TIMP metallopeptidase inhibitor 3,"TIMP-3 binds and inhibits active MMP-13 in bone extracellular matrix. [Confirmed by STRING v12.0 mouse PPI: score=0.875, escore=0.329] [Assay: Zymography, Western blot, and scanning electron microscopy (SEM), Treatment: RANKL-differentiated mature osteoclasts on bone matrix, Effect: CTSK and MMPs are secreted into the sealed lacuna to degrade type I collagen and matrix]"
PubMed,"Koga et al., 2004 (Nature) - Costimulatory signals for NFATc1 in bone homeostasis by ITAM-harboring adaptors",10.1038/nature02444,enzyme,Tec protein tyrosine kinase,"Tec family kinase cooperates with Btk to phosphorylate PLC-gamma-2. [Confirmed by STRING v12.0 mouse PPI: score=0.921, escore=0.091] [Assay: Immunoprecipitation and Fura-2 calcium imaging, Treatment: RANKL + M-CSF, Effect: DAP12 and FcRg phosphorylate Syk and PLCg2 initiating Ca2+ oscillations]"
PubMed,"Koga et al., 2004 (Nature) - Costimulatory signals for NFATc1 in bone homeostasis by ITAM-harboring adaptors",10.1038/nature02444,enzyme,Tec protein tyrosine kinase,"SLP-76 scaffold coordinates Tec family kinase recruitment. [Confirmed by STRING v12.0 mouse PPI: score=0.936, escore=0.236] [Assay: Immunoprecipitation and Fura-2 calcium imaging, Treatment: RANKL + M-CSF, Effect: DAP12 and FcRg phosphorylate Syk and PLCg2 initiating Ca2+ oscillations]"
PubMed,"Stegen et al., 2024 (Nat Metab) - Phosphoglycerate dehydrogenase provides alpha-ketoglutarate to drive epigenetic osteoclast differentiation",10.1038/s42255-023-00958-8,enzyme,Tet methylcytosine dioxygenase 2,"alpha-Ketoglutarate is an obligate co-substrate for TET2 5-methylcytosine dioxygenase. [Assay: TRAP staining, Treatment: M-CSF (30 ng/mL) + RANKL (50 ng/mL) + CBR-5884, Effect: 82% reduction in multinucleated osteoclasts]"
PubMed,"Stegen et al., 2024 (Nat Metab) - Phosphoglycerate dehydrogenase provides alpha-ketoglutarate to drive epigenetic osteoclast differentiation",10.1038/s42255-023-00958-8,enzyme,Tet methylcytosine dioxygenase 2,"TET2 catalyzes conversion of 5mC to 5hmC at osteoclast enhancer elements. [Assay: TRAP staining, Treatment: M-CSF (30 ng/mL) + RANKL (50 ng/mL) + CBR-5884, Effect: 82% reduction in multinucleated osteoclasts]"
PubMed,"Taubmann et al., 2020 (Nat Commun) - Metabolic reprogramming of osteoclasts under RANKL driving aerobic glycolysis",10.1038/s41467-020-17453-6,extracellular_compound,2-Deoxy-D-glucose (HK inhibitor),"Inhibition of hexokinase with 2-Deoxy-D-glucose (2-DG) curtails osteoclast multinucleation. [Assay: Enzymatic assay and TRAP staining, Treatment: RANKL (100 ng/mL) + 2-Deoxyglucose (2-DG), Effect: Blocks glycolytic shift and curtails osteoclast multinucleation]"
PubMed,"Anesi et al., 2019 (Int J Mol Sci) - Nitrogen-containing bisphosphonates (Zoledronate, Alendronate) inhibit osteoclast c-Src kinase and survival",10.3390/ijms20215382,extracellular_compound,Alendronic acid (Bisphosphonate),"Alendronate disrupts osteoclast prenylation, inhibiting c-Src and inducing apoptosis. [Assay: Annexin V and Western blot, Treatment: RANKL + Zoledronic acid (ZA), Effect: Inhibits mevalonate pathway and c-Src, inducing osteoclast apoptosis]"
PubMed,"Stegen et al., 2024 (Nat Metab) - Phosphoglycerate dehydrogenase provides alpha-ketoglutarate to drive epigenetic osteoclast differentiation",10.1038/s42255-023-00958-8,extracellular_compound,CBR-5884 (PHGDH inhibitor),"Pharmacological inhibition of PHGDH with CBR-5884 significantly suppressed osteoclast formation in vitro. [Assay: TRAP staining, Treatment: M-CSF (30 ng/mL) + RANKL (50 ng/mL) + CBR-5884, Effect: 82% reduction in multinucleated osteoclasts]"
PubMed,"Lacey et al., 1998 (Cell) - Osteoprotegerin ligand is a cytokine that regulates osteoclast differentiation and activation",10.1016/S0092-8674(00)81401-4,extracellular_compound,Denosumab (Anti-RANKL mAb),"Denosumab monoclonal antibody neutralizes RANKL, preventing osteoclast precursor engagement. [Assay: ELISA and TRAP staining, Treatment: RANKL + Denosumab / OPG-Fc, Effect: Denosumab neutralizes soluble and membrane RANKL blocking osteoclastogenesis]"
PubMed,"Chu et al., 2024 (Cell Metab) - PRMT6-mediated H3R2me2a controls fatty acid oxidation during osteoclastogenesis",10.1016/j.cmet.2024.07.009,extracellular_compound,EPZ020411 (PRMT6 inhibitor),"Treatment with PRMT6 inhibitor EPZ020411 dose-dependently reduced TRAP+ MNC numbers. [Assay: TRAP staining and Seahorse glycolysis, Treatment: RANKL (50 ng/mL) + EPZ020411, Effect: 75% decrease in osteoclast formation; restores FAO]"
PubMed,"Taubmann et al., 2020 (Nat Commun) - Metabolic reprogramming of osteoclasts under RANKL driving aerobic glycolysis",10.1038/s41467-020-17453-6,extracellular_compound,PFK-15 (PFKFB3 inhibitor),"Small-molecule PFKFB3 inhibition with PFK-15 blunts the metabolic switch in RAW 264.7 cells. [Assay: Enzymatic assay and TRAP staining, Treatment: RANKL (100 ng/mL) + 2-Deoxyglucose (2-DG), Effect: Blocks glycolytic shift and curtails osteoclast multinucleation]"
PubMed,"Boyce & Xing, 2007 (Arthritis Res Ther) - The RANKL/RANK/OPG pathway and cytokine regulation (TNF, IL-1) in osteoclasts",10.1186/ar2165,extracellular_compound,Prostaglandin E2 (PGE2),"PGE2 stimulates RANKL production through cAMP/PKA signaling. [Assay: Electrophoretic mobility shift assay (EMSA) and TRAP staining, Treatment: RANKL + TNF-alpha / IL-1beta, Effect: TNF and IL-1 synergize with RANKL via TRAF6 to drive osteoclastogenesis]"
PubMed,"Kim et al., 2022 (Biochem Pharmacol) - Selinexor inhibits osteoclastogenesis by blocking XPO1-mediated nuclear export of NF-kB",10.1016/j.bcp.2022.115049,extracellular_compound,Selinexor (XPO1 inhibitor),"Selinexor inhibits exportin-1 (XPO1) preventing nuclear export of IkB-alpha. [Assay: Confocal and TRAP staining, Treatment: RANKL + Selinexor (XPO1 inhibitor), Effect: Selinexor traps IkB-alpha in nucleus blocking NF-kB and osteoclasts]"
PubMed,"Taubmann et al., 2020 (Nat Commun) - Metabolic reprogramming of osteoclasts under RANKL driving aerobic glycolysis",10.1038/s41467-020-17453-6,extracellular_compound,Shikonin (PKM2 inhibitor),"Shikonin-mediated inhibition of PKM2 decreases lactate production and hampers osteoclast formation. [Assay: Enzymatic assay and TRAP staining, Treatment: RANKL (100 ng/mL) + 2-Deoxyglucose (2-DG), Effect: Blocks glycolytic shift and curtails osteoclast multinucleation]"
PubMed,"Nagao et al., 2019 (Bone) - Zoledronic acid suppresses osteoclastogenesis and c-Src activation in primary osteoclasts",10.1016/j.bone.2019.115061,extracellular_compound,Zoledronic acid (Nitrogen-containing bisphosphonate),"Zoledronic acid impairs mevalonate pathway inhibiting Ras farnesylation and c-Src kinase activity. [Assay: Annexin V and Western blot, Treatment: RANKL + Zoledronic acid (ZA), Effect: Inhibits mevalonate pathway and c-Src, inducing osteoclast apoptosis]"
PubMed,"Nagao et al., 2019 (Bone) - Zoledronic acid suppresses osteoclastogenesis and c-Src activation in primary osteoclasts",10.1016/j.bone.2019.115061,extracellular_compound,Zoledronic acid (Nitrogen-containing bisphosphonate),"Zoledronic acid accumulation triggers caspase activation and rapid osteoclast apoptosis. [Assay: Annexin V and Western blot, Treatment: RANKL + Zoledronic acid (ZA), Effect: Inhibits mevalonate pathway and c-Src, inducing osteoclast apoptosis]"
PubMed,"Teitelbaum, 2007 (Science) - Osteoclasts: what do they do and how do they do it?",10.1126/science.1136892,extracellular_compound,chloride(1-),"Cytoplasmic chloride ions are transported by ClC-7 2Cl-/1H+ antiporter. [Assay: Zymography, Western blot, and scanning electron microscopy (SEM), Treatment: RANKL-differentiated mature osteoclasts on bone matrix, Effect: CTSK and MMPs are secreted into the sealed lacuna to degrade type I collagen and matrix]"
PubMed,"Teitelbaum, 2007 (Science) - Osteoclasts: what do they do and how do they do it?",10.1126/science.1136892,extracellular_compound,hydronium (H+),"Carbonic anhydrase II hydrates carbon dioxide to generate protons (H+) and bicarbonate. [Assay: Zymography, Western blot, and scanning electron microscopy (SEM), Treatment: RANKL-differentiated mature osteoclasts on bone matrix, Effect: CTSK and MMPs are secreted into the sealed lacuna to degrade type I collagen and matrix]"
PubMed,"Teitelbaum, 2007 (Science) - Osteoclasts: what do they do and how do they do it?",10.1126/science.1136892,extracellular_compound,hydronium (H+),"Cytoplasmic protons are translocated by TCIRG1 a3 V-ATPase proton pump. [Assay: Zymography, Western blot, and scanning electron microscopy (SEM), Treatment: RANKL-differentiated mature osteoclasts on bone matrix, Effect: CTSK and MMPs are secreted into the sealed lacuna to degrade type I collagen and matrix]"
PubMed,"Teitelbaum, 2007 (Science) - Osteoclasts: what do they do and how do they do it?",10.1126/science.1136892,gene,Acp5 (TRAP) messenger RNA,"NFATc1 strongly induces Acp5 (TRAP) and Ctsk gene transcription in multinucleated osteoclasts. [Assay: Immunofluorescence and pH imaging, Treatment: RANKL-matured osteoclasts on cortical bone, Effect: Secretion of ACP5 and CTSK into sealed acidified lacuna (pH 4.5)]"
PubMed,"Teitelbaum, 2007 (Science) - Osteoclasts: what do they do and how do they do it?",10.1126/science.1136892,gene,Acp5 (TRAP) messenger RNA,Canonical signaling transduction step: MRNA:Acp5 translated_to HGNC:ACP5 reported in PMID:17626889.
PubMed,"Takayanagi et al., 2002 (Nature) - Induction and activation of the transcription factor NFATc1 in osteoclast differentiation",10.1038/416744a,gene,Acp5 (TRAP) messenger RNA,"MITF directly transactivates Acp5 (TRAP) promoter DNA. [Assay: Northern blot, Western blot, and retroviral overexpression, Treatment: RANKL stimulation, Effect: NFATc1 functions as a master transcription factor for terminal osteoclast differentiation]"
PubMed,"Takayanagi et al., 2002 (Nature) - Induction and activation of the transcription factor NFATc1 in osteoclast differentiation",10.1038/416744a,gene,Acp5 (TRAP) messenger RNA,"NFATc1 binds tandem consensus elements in Acp5 promoter driving robust transcription. [Assay: Northern blot, Western blot, and retroviral overexpression, Treatment: RANKL stimulation, Effect: NFATc1 functions as a master transcription factor for terminal osteoclast differentiation]"
PubMed,"Takayanagi et al., 2002 (Nature) - Induction and activation of the transcription factor NFATc1 in osteoclast differentiation",10.1038/416744a,gene,Acp5 (TRAP) messenger RNA,"Acp5 mRNA is translated into tartrate-resistant acid phosphatase protein. [Assay: Northern blot, Western blot, and retroviral overexpression, Treatment: RANKL stimulation, Effect: NFATc1 functions as a master transcription factor for terminal osteoclast differentiation]"
PubMed,"Teitelbaum, 2007 (Science) - Osteoclasts: what do they do and how do they do it?",10.1126/science.1136892,gene,Ctsk messenger RNA,Canonical signaling transduction step: HGNC:NFATC1 activates MRNA:Ctsk reported in PMID:17626889.
PubMed,"Teitelbaum, 2007 (Science) - Osteoclasts: what do they do and how do they do it?",10.1126/science.1136892,gene,Ctsk messenger RNA,Canonical signaling transduction step: MRNA:Ctsk translated_to HGNC:CTSK reported in PMID:17626889.
PubMed,"Takayanagi et al., 2002 (Nature) - Induction and activation of the transcription factor NFATc1 in osteoclast differentiation",10.1038/416744a,gene,Ctsk messenger RNA,"MITF binds E-box motifs in Cathepsin K promoter. [Assay: Northern blot, Western blot, and retroviral overexpression, Treatment: RANKL stimulation, Effect: NFATc1 functions as a master transcription factor for terminal osteoclast differentiation]"
PubMed,"Takayanagi et al., 2002 (Nature) - Induction and activation of the transcription factor NFATc1 in osteoclast differentiation",10.1038/416744a,gene,Ctsk messenger RNA,"NFATc1 drives high-level transcription of Ctsk mRNA in committed pre-osteoclasts. [Assay: Northern blot, Western blot, and retroviral overexpression, Treatment: RANKL stimulation, Effect: NFATc1 functions as a master transcription factor for terminal osteoclast differentiation]"
PubMed,"Takayanagi et al., 2002 (Nature) - Induction and activation of the transcription factor NFATc1 in osteoclast differentiation",10.1038/416744a,gene,Ctsk messenger RNA,"Ctsk mRNA is translated into mature Cathepsin K cysteine protease. [Assay: Northern blot, Western blot, and retroviral overexpression, Treatment: RANKL stimulation, Effect: NFATc1 functions as a master transcription factor for terminal osteoclast differentiation]"
PubMed,"Yagi et al., 2005 (J Exp Med) - DC-STAMP is essential for cell-cell fusion in osteoclasts",10.1084/jem.20050645,gene,Dcstamp messenger RNA,"NFATc1 transactivates Dcstamp expression during late pre-osteoclast differentiation. [Assay: Giemsa and TRAP staining, Treatment: RANKL (50 ng/mL) in Dcstamp-/- BMMs, Effect: Complete block in syncytium formation; cells remain mononuclear]"
PubMed,"Yagi et al., 2005 (J Exp Med) - DC-STAMP is essential for cell-cell fusion in osteoclasts",10.1084/jem.20050645,gene,Dcstamp messenger RNA,Canonical signaling transduction step: MRNA:Dcstamp translated_to HGNC:DCSTAMP reported in PMID:16061724.
PubMed,"Takayanagi et al., 2002 (Nature) - Induction and activation of the transcription factor NFATc1 in osteoclast differentiation",10.1038/416744a,gene,Dcstamp messenger RNA,"NFATc1 transactivates Dcstamp promoter DNA to induce fusion machinery. [Assay: Northern blot, Western blot, and retroviral overexpression, Treatment: RANKL stimulation, Effect: NFATc1 functions as a master transcription factor for terminal osteoclast differentiation]"
PubMed,"Yagi et al., 2005 (J Exp Med) - DC-STAMP is essential for cell-cell fusion in osteoclasts",10.1084/jem.20050645,gene,Dcstamp messenger RNA,"Dcstamp mRNA is translated into seven-transmembrane DC-STAMP protein. [Assay: Giemsa and TRAP staining, Treatment: RANKL (50 ng/mL) in Dcstamp-/- BMMs, Effect: Complete block in syncytium formation; cells remain mononuclear]"
PubMed,"Li et al., 2017 (J Bone Miner Res) - Long non-coding RNA AW011738 regulates TREM1 signaling in osteoclastogenesis",10.1002/jbmr.3142,gene,Long non-coding RNA AW011738,"Exosomal lncRNA AW011738 directly suppresses TREM1 expression. [Assay: qRT-PCR and Luciferase reporter assay, Treatment: RANKL + exosomal lncRNA AW011738, Effect: lncRNA AW011738 targets and downregulates TREM1 expression]"
PubMed,"Lee et al., 2013 (Bone) - miR-124 inhibits osteoclastogenesis by targeting NFATc1 and RhoA",10.1016/j.bone.2013.02.002,gene,MicroRNA miR-124-3p,"miR-124 overexpression suppresses NFATc1 translation and blocks osteoclastogenesis. [Assay: qPCR and Western blot, Treatment: RANKL + miR-124 overexpression, Effect: Direct suppression of Nfatc1 and RhoA blocks osteoclastogenesis]"
PubMed,"Lee et al., 2013 (Bone) - miR-124 inhibits osteoclastogenesis by targeting NFATc1 and RhoA",10.1016/j.bone.2013.02.002,gene,MicroRNA miR-124-3p,Canonical signaling transduction step: MIRNA:mmu-miR-124-3p targets_mrna HGNC:RHOA reported in PMID:23568894.
PubMed,"Kim et al., 2005 (Immunol Rev) - Signaling mechanisms of osteoclast differentiation by RANKL and immunoreceptors",10.1111/j.0105-2896.2005.00331.x,gene,MicroRNA miR-146a-5p,"miR-146a binds the 3-prime UTR of Traf6 mRNA to curb excessive RANK signaling. [Assay: Fluo-4 imaging, Treatment: RANKL + DAP12/FcRgamma co-stimulation, Effect: PLCgamma2 induces sustained Ca2+ oscillations activating Calcineurin]"
PubMed,"Cheng et al., 2013 (Nat Commun) - MicroRNA-148a promotes osteoclastogenesis by targeting MAFB",10.1038/ncomms2918,gene,MicroRNA miR-148a-3p,"miR-148a is upregulated by RANKL and binds the 3-UTR of MafB repressing its inhibitory function. [Assay: Western blot and TRAP staining, Treatment: RANKL (50 ng/mL) + miR-148a mimic, Effect: miR-148a represses MafB and doubles TRAP+ osteoclast count]"
PubMed,"Kim et al., 2005 (Immunol Rev) - Signaling mechanisms of osteoclast differentiation by RANKL and immunoreceptors",10.1111/j.0105-2896.2005.00331.x,gene,MicroRNA miR-19a-3p,"miR-19a binds 3-prime UTR of Cyld mRNA suppressing translation. [Assay: Fluo-4 imaging, Treatment: RANKL + DAP12/FcRgamma co-stimulation, Effect: PLCgamma2 induces sustained Ca2+ oscillations activating Calcineurin]"
PubMed,"Sugatani et al., 2011 (J Biol Chem) - c-Fos upregulates miR-21 which targets Pdcd4 in osteoclasts",10.1074/jbc.M110.179457,gene,MicroRNA miR-21a-5p,"c-Fos directly binds the promoter of miR-21 inducing its expression in RANKL-stimulated BMMs. [Assay: qPCR and Luciferase, Treatment: RANKL (50 ng/mL) + c-Fos binding to miR-21 promoter, Effect: c-Fos upregulates miR-21 which downregulates Pdcd4 repressor]"
PubMed,"Sugatani et al., 2011 (J Biol Chem) - c-Fos upregulates miR-21 which targets Pdcd4 in osteoclasts",10.1074/jbc.M110.179457,gene,MicroRNA miR-21a-5p,"miR-21 targets Pdcd4 for degradation relieving repression on osteoclast differentiation. [Assay: qPCR and Luciferase, Treatment: RANKL (50 ng/mL) + c-Fos binding to miR-21 promoter, Effect: c-Fos upregulates miR-21 which downregulates Pdcd4 repressor]"
PubMed,"Krzeszinski et al., 2014 (Nature) - miR-34a targets Tgif2 to attenuate osteoclastic bone resorption and metastasis",10.1038/nature13444,gene,MicroRNA miR-34a-5p,"miR-34a binds Tgif2 mRNA repressing its pro-resorptive activity in mature osteoclasts. [Assay: qPCR and dentin pit assay, Treatment: RANKL + miR-34a mimic, Effect: miR-34a targets Tgif2 to attenuate osteoclastic bone resorption]"
PubMed,"Stegen et al., 2024 (Nat Metab) - Phosphoglycerate dehydrogenase provides alpha-ketoglutarate to drive epigenetic osteoclast differentiation",10.1038/s42255-023-00958-8,gene,Nfatc1 messenger RNA,"Histone hyperacetylation at Nfatc1 promoter promotes robust transcription. [Assay: TRAP staining, Treatment: M-CSF (30 ng/mL) + RANKL (50 ng/mL) + CBR-5884, Effect: 82% reduction in multinucleated osteoclasts]"
PubMed,"Kim et al., 2005 (Immunol Rev) - Signaling mechanisms of osteoclast differentiation by RANKL and immunoreceptors",10.1111/j.0105-2896.2005.00331.x,gene,Nfatc1 messenger RNA,"RelA/p65 directly binds the Nfatc1 initial promoter to trigger de novo Nfatc1 transcription. [Assay: Fluo-4 imaging, Treatment: RANKL + DAP12/FcRgamma co-stimulation, Effect: PLCgamma2 induces sustained Ca2+ oscillations activating Calcineurin]"
PubMed,"Kim et al., 2005 (Immunol Rev) - Signaling mechanisms of osteoclast differentiation by RANKL and immunoreceptors",10.1111/j.0105-2896.2005.00331.x,gene,Nfatc1 messenger RNA,"p50 binds kappa-B consensus sequences in the Nfatc1 promoter. [Assay: Fluo-4 imaging, Treatment: RANKL + DAP12/FcRgamma co-stimulation, Effect: PLCgamma2 induces sustained Ca2+ oscillations activating Calcineurin]"
PubMed,"Kim et al., 2005 (Immunol Rev) - Signaling mechanisms of osteoclast differentiation by RANKL and immunoreceptors",10.1111/j.0105-2896.2005.00331.x,gene,Nfatc1 messenger RNA,"Nfatc1 mRNA is translated into nascent NFATc1 transcription factor. [Assay: Fluo-4 imaging, Treatment: RANKL + DAP12/FcRgamma co-stimulation, Effect: PLCgamma2 induces sustained Ca2+ oscillations activating Calcineurin]"
PubMed,"Kim et al., 2005 (Immunol Rev) - Signaling mechanisms of osteoclast differentiation by RANKL and immunoreceptors",10.1111/j.0105-2896.2005.00331.x,gene,Nfatc1 messenger RNA,"RelB/p52 heterodimers bind Nfatc1 promoter to sustain long-term osteoclast survival. [Assay: Fluo-4 imaging, Treatment: RANKL + DAP12/FcRgamma co-stimulation, Effect: PLCgamma2 induces sustained Ca2+ oscillations activating Calcineurin]"
PubMed,"Asagiri et al., 2005 (J Exp Med) - Autoamplification of NFATc1 expression is mediated by AP-1 (c-Fos/c-Jun) complex binding",10.1084/jem.20051115,gene,Nfatc1 messenger RNA,"AP-1 complex (c-Fos/c-Jun) cooperates with NFATc1 to drive robust autoamplification. [Assay: ChIP-qPCR, luciferase reporter, and EMSA, Treatment: RANKL stimulation, Effect: AP-1 (c-Fos/c-Jun) and CREB cooperate with NFATc1 to drive sustained autoamplification]"
PubMed,"Nishikawa et al., 2015 (Nat Commun) - Epigenetic chromatin regulators (DNMT3A, KDM4A, EZH2, SIRT1) control osteoclast commitment",10.1038/ncomms7637,gene,Nfatc1 messenger RNA,"KDM4A removes repressive H3K9me3 at Nfatc1 promoter enabling robust transcription. [Assay: Bisulfite sequencing, ChIP-qPCR, and TRAP staining, Treatment: RANKL stimulation in Dnmt3a-deficient BMMs, Effect: DNMT3a mediates DNA methylation to silence negative regulator Irf8]"
PubMed,"Bozec et al., 2010 (J Cell Biol) - HIF1A drives glycolytic reprogramming (HK2, PFKFB3, LDHA) essential for osteoclast bone resorption",10.1083/jcb.201002035,gene,Pfkfb3 messenger RNA,"HIF1alpha transactivates Pfkfb3 mRNA in response to RANKL induction. [Assay: qRT-PCR, Seahorse ECAR, and dentin slice resorption pit assay, Treatment: RANKL stimulation in Hif1a-deficient vs WT BMMs, Effect: HIF1a drives aerobic glycolysis and lacunar bone resorption]"
PubMed,"Bozec et al., 2010 (J Cell Biol) - HIF1A drives glycolytic reprogramming (HK2, PFKFB3, LDHA) essential for osteoclast bone resorption",10.1083/jcb.201002035,gene,Pfkfb3 messenger RNA,"Pfkfb3 mRNA is translated into active PFKFB3 kinase. [Assay: qRT-PCR, Seahorse ECAR, and dentin slice resorption pit assay, Treatment: RANKL stimulation in Hif1a-deficient vs WT BMMs, Effect: HIF1a drives aerobic glycolysis and lacunar bone resorption]"
PubMed,"Bozec et al., 2010 (J Cell Biol) - HIF1A drives glycolytic reprogramming (HK2, PFKFB3, LDHA) essential for osteoclast bone resorption",10.1083/jcb.201002035,gene,Pkm messenger RNA,"HIF1alpha transactivates Pkm mRNA in committed osteoclasts. [Assay: qRT-PCR, Seahorse ECAR, and dentin slice resorption pit assay, Treatment: RANKL stimulation in Hif1a-deficient vs WT BMMs, Effect: HIF1a drives aerobic glycolysis and lacunar bone resorption]"
PubMed,"Bozec et al., 2010 (J Cell Biol) - HIF1A drives glycolytic reprogramming (HK2, PFKFB3, LDHA) essential for osteoclast bone resorption",10.1083/jcb.201002035,gene,Pkm messenger RNA,"Pkm mRNA is translated into active PKM2 enzyme. [Assay: qRT-PCR, Seahorse ECAR, and dentin slice resorption pit assay, Treatment: RANKL stimulation in Hif1a-deficient vs WT BMMs, Effect: HIF1a drives aerobic glycolysis and lacunar bone resorption]"
PubMed,"Stegen et al., 2024 (Nat Metab) - Phosphoglycerate dehydrogenase provides alpha-ketoglutarate to drive epigenetic osteoclast differentiation",10.1038/s42255-023-00958-8,intracellular_compound,(S)-malate,"Fumarate hydratase yields L-malate. [Assay: TRAP staining, Treatment: M-CSF (30 ng/mL) + RANKL (50 ng/mL) + CBR-5884, Effect: 82% reduction in multinucleated osteoclasts]"
PubMed,"Stegen et al., 2024 (Nat Metab) - Phosphoglycerate dehydrogenase provides alpha-ketoglutarate to drive epigenetic osteoclast differentiation",10.1038/s42255-023-00958-8,intracellular_compound,(S)-malate,"L-malate is oxidized by malate dehydrogenase MDH2 to regenerate oxaloacetate. [Assay: TRAP staining, Treatment: M-CSF (30 ng/mL) + RANKL (50 ng/mL) + CBR-5884, Effect: 82% reduction in multinucleated osteoclasts]"
PubMed,"Chu et al., 2024 (Cell Metab) - PRMT6-mediated H3R2me2a controls fatty acid oxidation during osteoclastogenesis",10.1016/j.cmet.2024.07.009,intracellular_compound,"1,3-bisphospho-D-glycerate","1,3-bisphosphoglycerate transfers high-energy phosphate to ADP via phosphoglycerate kinase 1. [Assay: TRAP staining and Seahorse glycolysis, Treatment: RANKL (50 ng/mL) + EPZ020411, Effect: 75% decrease in osteoclast formation; restores FAO]"
PubMed,"Stegen et al., 2024 (Nat Metab) - Phosphoglycerate dehydrogenase provides alpha-ketoglutarate to drive epigenetic osteoclast differentiation",10.1038/s42255-023-00958-8,intracellular_compound,2-oxoglutarate (alpha-ketoglutarate),"Coupled transamination by PSAT1 utilizing PHGDH-derived phosphohydroxypyruvate fuels net alpha-KG production. [Assay: TRAP staining, Treatment: M-CSF (30 ng/mL) + RANKL (50 ng/mL) + CBR-5884, Effect: 82% reduction in multinucleated osteoclasts]"
PubMed,"Stegen et al., 2024 (Nat Metab) - Phosphoglycerate dehydrogenase provides alpha-ketoglutarate to drive epigenetic osteoclast differentiation",10.1038/s42255-023-00958-8,intracellular_compound,2-oxoglutarate (alpha-ketoglutarate),"Intracellular alpha-KG serves as an indispensable co-substrate for 2-oxoglutarate-dependent histone demethylases. [Assay: ChIP-qPCR, Treatment: RANKL + alpha-KG rescue, Effect: Rescued KDM6B demethylation of Nfatc1 promoter]"
PubMed,"Stegen et al., 2024 (Nat Metab) - Phosphoglycerate dehydrogenase provides alpha-ketoglutarate to drive epigenetic osteoclast differentiation",10.1038/s42255-023-00958-8,intracellular_compound,2-oxoglutarate (alpha-ketoglutarate),"PSAT1 transamination utilizes glutamate to produce alpha-ketoglutarate, fueling the epigenetic TCA pool. [Assay: TRAP staining, Treatment: M-CSF (30 ng/mL) + RANKL (50 ng/mL) + CBR-5884, Effect: 82% reduction in multinucleated osteoclasts]"
PubMed,"Stegen et al., 2024 (Nat Metab) - Phosphoglycerate dehydrogenase provides alpha-ketoglutarate to drive epigenetic osteoclast differentiation",10.1038/s42255-023-00958-8,intracellular_compound,2-oxoglutarate (alpha-ketoglutarate),"IDH2 catalytic activity generates mitochondrial alpha-ketoglutarate. [Assay: TRAP staining, Treatment: M-CSF (30 ng/mL) + RANKL (50 ng/mL) + CBR-5884, Effect: 82% reduction in multinucleated osteoclasts]"
PubMed,"Stegen et al., 2024 (Nat Metab) - Phosphoglycerate dehydrogenase provides alpha-ketoglutarate to drive epigenetic osteoclast differentiation",10.1038/s42255-023-00958-8,intracellular_compound,2-oxoglutarate (alpha-ketoglutarate),"alpha-Ketoglutarate is decarboxylated by OGDH to succinyl-CoA. [Assay: TRAP staining, Treatment: M-CSF (30 ng/mL) + RANKL (50 ng/mL) + CBR-5884, Effect: 82% reduction in multinucleated osteoclasts]"
PubMed,"Stegen et al., 2024 (Nat Metab) - Phosphoglycerate dehydrogenase provides alpha-ketoglutarate to drive epigenetic osteoclast differentiation",10.1038/s42255-023-00958-8,intracellular_compound,2-oxoglutarate (alpha-ketoglutarate),"alpha-Ketoglutarate is an obligate co-substrate for TET2 5-methylcytosine dioxygenase. [Assay: TRAP staining, Treatment: M-CSF (30 ng/mL) + RANKL (50 ng/mL) + CBR-5884, Effect: 82% reduction in multinucleated osteoclasts]"
PubMed,"Chu et al., 2024 (Cell Metab) - PRMT6-mediated H3R2me2a controls fatty acid oxidation during osteoclastogenesis",10.1016/j.cmet.2024.07.009,intracellular_compound,2-phospho-D-glycerate,"2-phosphoglycerate is dehydrated by enolase 1 to form phosphoenolpyruvate. [Assay: TRAP staining and Seahorse glycolysis, Treatment: RANKL (50 ng/mL) + EPZ020411, Effect: 75% decrease in osteoclast formation; restores FAO]"
PubMed,"Chu et al., 2024 (Cell Metab) - PRMT6-mediated H3R2me2a controls fatty acid oxidation during osteoclastogenesis",10.1016/j.cmet.2024.07.009,intracellular_compound,3-phospho-D-glycerate,"3-phosphoglycerate is mutated to 2-phosphoglycerate by phosphoglycerate mutase 1. [Assay: TRAP staining and Seahorse glycolysis, Treatment: RANKL (50 ng/mL) + EPZ020411, Effect: 75% decrease in osteoclast formation; restores FAO]"
PubMed,"Stegen et al., 2024 (Nat Metab) - Phosphoglycerate dehydrogenase provides alpha-ketoglutarate to drive epigenetic osteoclast differentiation",10.1038/s42255-023-00958-8,intracellular_compound,3-phospho-D-glycerate,"3-phosphoglycerate is diverted into serine synthesis by PHGDH oxidation. [Assay: TRAP staining, Treatment: M-CSF (30 ng/mL) + RANKL (50 ng/mL) + CBR-5884, Effect: 82% reduction in multinucleated osteoclasts]"
PubMed,"Chu et al., 2024 (Cell Metab) - PRMT6-mediated H3R2me2a controls fatty acid oxidation during osteoclastogenesis",10.1016/j.cmet.2024.07.009,intracellular_compound,"D-fructose 1,6-bisphosphate","Fructose-1,6-bisphosphate is cleaved by aldolase A into dihydroxyacetone phosphate and glyceraldehyde-3-phosphate. [Assay: TRAP staining and Seahorse glycolysis, Treatment: RANKL (50 ng/mL) + EPZ020411, Effect: 75% decrease in osteoclast formation; restores FAO]"
PubMed,"Chu et al., 2024 (Cell Metab) - PRMT6-mediated H3R2me2a controls fatty acid oxidation during osteoclastogenesis",10.1016/j.cmet.2024.07.009,intracellular_compound,D-fructose 6-phosphate,"Fructose-6-phosphate is converted by PFKFB3 into fructose-2,6-bisphosphate. [Assay: TRAP staining and Seahorse glycolysis, Treatment: RANKL (50 ng/mL) + EPZ020411, Effect: 75% decrease in osteoclast formation; restores FAO]"
PubMed,"Chu et al., 2024 (Cell Metab) - PRMT6-mediated H3R2me2a controls fatty acid oxidation during osteoclastogenesis",10.1016/j.cmet.2024.07.009,intracellular_compound,D-fructose 6-phosphate,"Fructose-6-phosphate is phosphorylated by phosphofructokinase-1 to fructose-1,6-bisphosphate. [Assay: TRAP staining and Seahorse glycolysis, Treatment: RANKL (50 ng/mL) + EPZ020411, Effect: 75% decrease in osteoclast formation; restores FAO]"
PubMed,"Chu et al., 2024 (Cell Metab) - PRMT6-mediated H3R2me2a controls fatty acid oxidation during osteoclastogenesis",10.1016/j.cmet.2024.07.009,intracellular_compound,D-glucose,"Extracellular D-glucose is imported via GLUT1 and phosphorylated by HK2. [Assay: TRAP staining and Seahorse glycolysis, Treatment: RANKL (50 ng/mL) + EPZ020411, Effect: 75% decrease in osteoclast formation; restores FAO]"
PubMed,"Chu et al., 2024 (Cell Metab) - PRMT6-mediated H3R2me2a controls fatty acid oxidation during osteoclastogenesis",10.1016/j.cmet.2024.07.009,intracellular_compound,D-glucose 6-phosphate,"Glucose-6-phosphate is isomerized to fructose-6-phosphate by glucose-6-phosphate isomerase. [Assay: TRAP staining and Seahorse glycolysis, Treatment: RANKL (50 ng/mL) + EPZ020411, Effect: 75% decrease in osteoclast formation; restores FAO]"
PubMed,"Stegen et al., 2024 (Nat Metab) - Phosphoglycerate dehydrogenase provides alpha-ketoglutarate to drive epigenetic osteoclast differentiation",10.1038/s42255-023-00958-8,intracellular_compound,L-glutamine,"Extracellular L-glutamine is deamidated by glutaminase GLS1 in mitochondria. [Assay: TRAP staining, Treatment: M-CSF (30 ng/mL) + RANKL (50 ng/mL) + CBR-5884, Effect: 82% reduction in multinucleated osteoclasts]"
PubMed,"Taubmann et al., 2020 (Nat Commun) - Metabolic reprogramming of osteoclasts under RANKL driving aerobic glycolysis",10.1038/s41467-020-17453-6,intracellular_compound,L-lactate,"Lactate generation maintains NAD+ regeneration necessary to sustain prolonged osteoclast survival. [Assay: Enzymatic assay and TRAP staining, Treatment: RANKL (100 ng/mL) + 2-Deoxyglucose (2-DG), Effect: Blocks glycolytic shift and curtails osteoclast multinucleation]"
PubMed,"Teitelbaum, 2007 (Science) - Osteoclasts: what do they do and how do they do it?",10.1126/science.1136892,intracellular_compound,L-lactate,"Lactate exported by monocarboxylate transporters contributes to local microenvironment acidification. [Assay: Zymography, Western blot, and scanning electron microscopy (SEM), Treatment: RANKL-differentiated mature osteoclasts on bone matrix, Effect: CTSK and MMPs are secreted into the sealed lacuna to degrade type I collagen and matrix]"
PubMed,"Stegen et al., 2024 (Nat Metab) - Phosphoglycerate dehydrogenase provides alpha-ketoglutarate to drive epigenetic osteoclast differentiation",10.1038/s42255-023-00958-8,intracellular_compound,L-serine,"PSPH catalytic activity yields L-serine for one-carbon folate metabolism. [Assay: TRAP staining, Treatment: M-CSF (30 ng/mL) + RANKL (50 ng/mL) + CBR-5884, Effect: 82% reduction in multinucleated osteoclasts]"
PubMed,"Sun et al., 2018 (Nat Commun) - Itaconate and ACOD1 (IRG1) regulate succinate dehydrogenase and oxidative stress during osteoclastogenesis",10.1038/s41467-018-07281-2,intracellular_compound,Reactive oxygen species (ROS),"Itaconate reduces intracellular mitochondrial ROS accumulation. [Assay: Complex II enzyme assay, DCFH-DA ROS flow cytometry, and TRAP staining, Treatment: RANKL + 4-octyl itaconate (OI), Effect: Itaconate directly inhibits SDH and suppresses intracellular ROS generation]"
PubMed,"Wada et al., 2006 (Nat Rev Drug Discov) - RANKL-RANK signaling MAPK cascades (p38, JNK, ERK) in osteoclasts",10.1038/nrd2031,intracellular_compound,Reactive oxygen species (ROS),"ROS oxidation of thioredoxin activates ASK1 MAP3K signaling. [Assay: Western blot and kinase activity assay, Treatment: RANKL stimulation, Effect: Sequential cascade: TAK1/ASK1/MEKK1 activate MKK3/6, MKK4/7, MEK1/2, driving p38, JNK, ERK]"
PubMed,"Nishikawa et al., 2015 (Nat Commun) - Epigenetic chromatin regulators (DNMT3A, KDM4A, EZH2, SIRT1) control osteoclast commitment",10.1038/ncomms7637,intracellular_compound,Reactive oxygen species (ROS),"SIRT3 deacetylates SOD2 to quench mitochondrial ROS accumulation. [Assay: Bisulfite sequencing, ChIP-qPCR, and TRAP staining, Treatment: RANKL stimulation in Dnmt3a-deficient BMMs, Effect: DNMT3a mediates DNA methylation to silence negative regulator Irf8]"
PubMed,"Stegen et al., 2024 (Nat Metab) - Phosphoglycerate dehydrogenase provides alpha-ketoglutarate to drive epigenetic osteoclast differentiation",10.1038/s42255-023-00958-8,intracellular_compound,acetyl-CoA,"PDHA1 activity generates acetyl-CoA for TCA cycle and histone acetylation. [Assay: TRAP staining, Treatment: M-CSF (30 ng/mL) + RANKL (50 ng/mL) + CBR-5884, Effect: 82% reduction in multinucleated osteoclasts]"
PubMed,"Stegen et al., 2024 (Nat Metab) - Phosphoglycerate dehydrogenase provides alpha-ketoglutarate to drive epigenetic osteoclast differentiation",10.1038/s42255-023-00958-8,intracellular_compound,acetyl-CoA,"Acetyl-CoA condenses with oxaloacetate via citrate synthase CS to form citrate. [Assay: TRAP staining, Treatment: M-CSF (30 ng/mL) + RANKL (50 ng/mL) + CBR-5884, Effect: 82% reduction in multinucleated osteoclasts]"
PubMed,"Stegen et al., 2024 (Nat Metab) - Phosphoglycerate dehydrogenase provides alpha-ketoglutarate to drive epigenetic osteoclast differentiation",10.1038/s42255-023-00958-8,intracellular_compound,acetyl-CoA,"Mitochondrial acetyl-CoA is exported as citrate to supply acetyl-CoA for p300 histone acetylation. [Assay: TRAP staining, Treatment: M-CSF (30 ng/mL) + RANKL (50 ng/mL) + CBR-5884, Effect: 82% reduction in multinucleated osteoclasts]"
PubMed,"Koga et al., 2004 (Nature) - Costimulatory signals for NFATc1 in bone homeostasis by ITAM-harboring adaptors",10.1038/nature02444,intracellular_compound,calcium(2+),"Intracellular Ca2+ binds calmodulin with high cooperativity. [Assay: Immunoprecipitation and Fura-2 calcium imaging, Treatment: RANKL + M-CSF, Effect: DAP12 and FcRg phosphorylate Syk and PLCg2 initiating Ca2+ oscillations]"
PubMed,"Stegen et al., 2024 (Nat Metab) - Phosphoglycerate dehydrogenase provides alpha-ketoglutarate to drive epigenetic osteoclast differentiation",10.1038/s42255-023-00958-8,intracellular_compound,cis-aconitate,"Aconitase ACO2 produces cis-aconitate intermediate. [Assay: TRAP staining, Treatment: M-CSF (30 ng/mL) + RANKL (50 ng/mL) + CBR-5884, Effect: 82% reduction in multinucleated osteoclasts]"
PubMed,"Stegen et al., 2024 (Nat Metab) - Phosphoglycerate dehydrogenase provides alpha-ketoglutarate to drive epigenetic osteoclast differentiation",10.1038/s42255-023-00958-8,intracellular_compound,cis-aconitate,"cis-Aconitate is rehydrated by ACO2 to D-isocitrate. [Assay: TRAP staining, Treatment: M-CSF (30 ng/mL) + RANKL (50 ng/mL) + CBR-5884, Effect: 82% reduction in multinucleated osteoclasts]"
PubMed,"Sun et al., 2018 (Nat Commun) - Itaconate and ACOD1 (IRG1) regulate succinate dehydrogenase and oxidative stress during osteoclastogenesis",10.1038/s41467-018-07281-2,intracellular_compound,cis-aconitate,"cis-Aconitate is decarboxylated by ACOD1/IRG1 into itaconate. [Assay: Complex II enzyme assay, DCFH-DA ROS flow cytometry, and TRAP staining, Treatment: RANKL + 4-octyl itaconate (OI), Effect: Itaconate directly inhibits SDH and suppresses intracellular ROS generation]"
PubMed,"Stegen et al., 2024 (Nat Metab) - Phosphoglycerate dehydrogenase provides alpha-ketoglutarate to drive epigenetic osteoclast differentiation",10.1038/s42255-023-00958-8,intracellular_compound,citrate,"Citrate synthase produces citrate in mitochondrial matrix. [Assay: TRAP staining, Treatment: M-CSF (30 ng/mL) + RANKL (50 ng/mL) + CBR-5884, Effect: 82% reduction in multinucleated osteoclasts]"
PubMed,"Stegen et al., 2024 (Nat Metab) - Phosphoglycerate dehydrogenase provides alpha-ketoglutarate to drive epigenetic osteoclast differentiation",10.1038/s42255-023-00958-8,intracellular_compound,citrate,"Citrate is dehydrated by aconitase ACO2 to cis-aconitate. [Assay: TRAP staining, Treatment: M-CSF (30 ng/mL) + RANKL (50 ng/mL) + CBR-5884, Effect: 82% reduction in multinucleated osteoclasts]"
PubMed,"Sun et al., 2018 (Nat Commun) - Itaconate and ACOD1 (IRG1) regulate succinate dehydrogenase and oxidative stress during osteoclastogenesis",10.1038/s41467-018-07281-2,intracellular_compound,fumarate,"Succinate dehydrogenase activity generates fumarate and FADH2. [Assay: Complex II enzyme assay, DCFH-DA ROS flow cytometry, and TRAP staining, Treatment: RANKL + 4-octyl itaconate (OI), Effect: Itaconate directly inhibits SDH and suppresses intracellular ROS generation]"
PubMed,"Stegen et al., 2024 (Nat Metab) - Phosphoglycerate dehydrogenase provides alpha-ketoglutarate to drive epigenetic osteoclast differentiation",10.1038/s42255-023-00958-8,intracellular_compound,fumarate,"Fumarate is hydrated by fumarate hydratase FH to (S)-malate. [Assay: TRAP staining, Treatment: M-CSF (30 ng/mL) + RANKL (50 ng/mL) + CBR-5884, Effect: 82% reduction in multinucleated osteoclasts]"
PubMed,"Chu et al., 2024 (Cell Metab) - PRMT6-mediated H3R2me2a controls fatty acid oxidation during osteoclastogenesis",10.1016/j.cmet.2024.07.009,intracellular_compound,glyceraldehyde 3-phosphate,"Glyceraldehyde-3-phosphate is dehydrogenated by GAPDH producing 1,3-bisphosphoglycerate and NADH. [Assay: TRAP staining and Seahorse glycolysis, Treatment: RANKL (50 ng/mL) + EPZ020411, Effect: 75% decrease in osteoclast formation; restores FAO]"
PubMed,"Stegen et al., 2024 (Nat Metab) - Phosphoglycerate dehydrogenase provides alpha-ketoglutarate to drive epigenetic osteoclast differentiation",10.1038/s42255-023-00958-8,intracellular_compound,isocitrate,"Aconitase generates isocitrate for oxidative decarboxylation. [Assay: TRAP staining, Treatment: M-CSF (30 ng/mL) + RANKL (50 ng/mL) + CBR-5884, Effect: 82% reduction in multinucleated osteoclasts]"
PubMed,"Stegen et al., 2024 (Nat Metab) - Phosphoglycerate dehydrogenase provides alpha-ketoglutarate to drive epigenetic osteoclast differentiation",10.1038/s42255-023-00958-8,intracellular_compound,isocitrate,"Isocitrate is oxidatively decarboxylated by IDH2 yielding alpha-ketoglutarate. [Assay: TRAP staining, Treatment: M-CSF (30 ng/mL) + RANKL (50 ng/mL) + CBR-5884, Effect: 82% reduction in multinucleated osteoclasts]"
PubMed,"Sun et al., 2018 (Nat Commun) - Itaconate and ACOD1 (IRG1) regulate succinate dehydrogenase and oxidative stress during osteoclastogenesis",10.1038/s41467-018-07281-2,intracellular_compound,itaconate,"Itaconate competitively inhibits succinate dehydrogenase complex II activity. [Assay: Complex II enzyme assay, DCFH-DA ROS flow cytometry, and TRAP staining, Treatment: RANKL + 4-octyl itaconate (OI), Effect: Itaconate directly inhibits SDH and suppresses intracellular ROS generation]"
PubMed,"Sun et al., 2018 (Nat Commun) - Itaconate and ACOD1 (IRG1) regulate succinate dehydrogenase and oxidative stress during osteoclastogenesis",10.1038/s41467-018-07281-2,intracellular_compound,itaconate,"Itaconate reduces intracellular mitochondrial ROS accumulation. [Assay: Complex II enzyme assay, DCFH-DA ROS flow cytometry, and TRAP staining, Treatment: RANKL + 4-octyl itaconate (OI), Effect: Itaconate directly inhibits SDH and suppresses intracellular ROS generation]"
PubMed,"Sun et al., 2018 (Nat Commun) - Itaconate and ACOD1 (IRG1) regulate succinate dehydrogenase and oxidative stress during osteoclastogenesis",10.1038/s41467-018-07281-2,intracellular_compound,itaconate,"ACOD1 enzymatic activity synthesizes anti-inflammatory itaconate. [Assay: Complex II enzyme assay, DCFH-DA ROS flow cytometry, and TRAP staining, Treatment: RANKL + 4-octyl itaconate (OI), Effect: Itaconate directly inhibits SDH and suppresses intracellular ROS generation]"
PubMed,"Stegen et al., 2024 (Nat Metab) - Phosphoglycerate dehydrogenase provides alpha-ketoglutarate to drive epigenetic osteoclast differentiation",10.1038/s42255-023-00958-8,intracellular_compound,oxaloacetate,"Pyruvate carboxylase generates oxaloacetate for mitochondrial anaplerosis. [Assay: TRAP staining, Treatment: M-CSF (30 ng/mL) + RANKL (50 ng/mL) + CBR-5884, Effect: 82% reduction in multinucleated osteoclasts]"
PubMed,"Stegen et al., 2024 (Nat Metab) - Phosphoglycerate dehydrogenase provides alpha-ketoglutarate to drive epigenetic osteoclast differentiation",10.1038/s42255-023-00958-8,intracellular_compound,oxaloacetate,"Oxaloacetate condenses with acetyl-CoA in the first step of the TCA cycle. [Assay: TRAP staining, Treatment: M-CSF (30 ng/mL) + RANKL (50 ng/mL) + CBR-5884, Effect: 82% reduction in multinucleated osteoclasts]"
PubMed,"Stegen et al., 2024 (Nat Metab) - Phosphoglycerate dehydrogenase provides alpha-ketoglutarate to drive epigenetic osteoclast differentiation",10.1038/s42255-023-00958-8,intracellular_compound,oxaloacetate,"MDH2 activity regenerates oxaloacetate to complete the TCA cycle. [Assay: TRAP staining, Treatment: M-CSF (30 ng/mL) + RANKL (50 ng/mL) + CBR-5884, Effect: 82% reduction in multinucleated osteoclasts]"
PubMed,"Chu et al., 2024 (Cell Metab) - PRMT6-mediated H3R2me2a controls fatty acid oxidation during osteoclastogenesis",10.1016/j.cmet.2024.07.009,intracellular_compound,phosphoenolpyruvate,"Phosphoenolpyruvate is converted to pyruvate by pyruvate kinase M2, yielding ATP. [Assay: TRAP staining and Seahorse glycolysis, Treatment: RANKL (50 ng/mL) + EPZ020411, Effect: 75% decrease in osteoclast formation; restores FAO]"
PubMed,"Chu et al., 2024 (Cell Metab) - PRMT6-mediated H3R2me2a controls fatty acid oxidation during osteoclastogenesis",10.1016/j.cmet.2024.07.009,intracellular_compound,pyruvate,"Pyruvate is reduced by lactate dehydrogenase A to L-lactate, regenerating NAD+. [Assay: TRAP staining and Seahorse glycolysis, Treatment: RANKL (50 ng/mL) + EPZ020411, Effect: 75% decrease in osteoclast formation; restores FAO]"
PubMed,"Stegen et al., 2024 (Nat Metab) - Phosphoglycerate dehydrogenase provides alpha-ketoglutarate to drive epigenetic osteoclast differentiation",10.1038/s42255-023-00958-8,intracellular_compound,pyruvate,"Pyruvate carboxylase PC carboxylates pyruvate to replenish oxaloacetate. [Assay: TRAP staining, Treatment: M-CSF (30 ng/mL) + RANKL (50 ng/mL) + CBR-5884, Effect: 82% reduction in multinucleated osteoclasts]"
PubMed,"Stegen et al., 2024 (Nat Metab) - Phosphoglycerate dehydrogenase provides alpha-ketoglutarate to drive epigenetic osteoclast differentiation",10.1038/s42255-023-00958-8,intracellular_compound,pyruvate,"Pyruvate is decarboxylated by pyruvate dehydrogenase E1 subunit PDHA1 to form acetyl-CoA. [Assay: TRAP staining, Treatment: M-CSF (30 ng/mL) + RANKL (50 ng/mL) + CBR-5884, Effect: 82% reduction in multinucleated osteoclasts]"
PubMed,"Stegen et al., 2024 (Nat Metab) - Phosphoglycerate dehydrogenase provides alpha-ketoglutarate to drive epigenetic osteoclast differentiation",10.1038/s42255-023-00958-8,intracellular_compound,succinate,"Succinate-CoA ligase catalytic activity produces free succinate. [Assay: TRAP staining, Treatment: M-CSF (30 ng/mL) + RANKL (50 ng/mL) + CBR-5884, Effect: 82% reduction in multinucleated osteoclasts]"
PubMed,"Sun et al., 2018 (Nat Commun) - Itaconate and ACOD1 (IRG1) regulate succinate dehydrogenase and oxidative stress during osteoclastogenesis",10.1038/s41467-018-07281-2,intracellular_compound,succinate,"Succinate is oxidized by SDHA complex II to fumarate. [Assay: Complex II enzyme assay, DCFH-DA ROS flow cytometry, and TRAP staining, Treatment: RANKL + 4-octyl itaconate (OI), Effect: Itaconate directly inhibits SDH and suppresses intracellular ROS generation]"
PubMed,"Stegen et al., 2024 (Nat Metab) - Phosphoglycerate dehydrogenase provides alpha-ketoglutarate to drive epigenetic osteoclast differentiation",10.1038/s42255-023-00958-8,intracellular_compound,succinyl-CoA,"OGDH produces succinyl-CoA and NADH. [Assay: TRAP staining, Treatment: M-CSF (30 ng/mL) + RANKL (50 ng/mL) + CBR-5884, Effect: 82% reduction in multinucleated osteoclasts]"
PubMed,"Stegen et al., 2024 (Nat Metab) - Phosphoglycerate dehydrogenase provides alpha-ketoglutarate to drive epigenetic osteoclast differentiation",10.1038/s42255-023-00958-8,intracellular_compound,succinyl-CoA,"Succinyl-CoA is converted to succinate by SUCLG1 generating GTP/ATP. [Assay: TRAP staining, Treatment: M-CSF (30 ng/mL) + RANKL (50 ng/mL) + CBR-5884, Effect: 82% reduction in multinucleated osteoclasts]"
PubMed,"Teitelbaum, 2007 (Science) - Osteoclasts: what do they do and how do they do it?",10.1126/science.1136892,pathway,Acidified resorption lacuna (Howship pit),"TRAP is packaged into transcytotic vesicles and exocytosed into the acidified resorption lacuna. [Assay: Immunofluorescence and pH imaging, Treatment: RANKL-matured osteoclasts on cortical bone, Effect: Secretion of ACP5 and CTSK into sealed acidified lacuna (pH 4.5)]"
PubMed,"Teitelbaum, 2007 (Science) - Osteoclasts: what do they do and how do they do it?",10.1126/science.1136892,pathway,Acidified resorption lacuna (Howship pit),"Cathepsin K degrades Type I collagen in the demineralized bone matrix beneath the ruffled border. [Assay: Immunofluorescence and pH imaging, Treatment: RANKL-matured osteoclasts on cortical bone, Effect: Secretion of ACP5 and CTSK into sealed acidified lacuna (pH 4.5)]"
PubMed,"Teitelbaum, 2007 (Science) - Osteoclasts: what do they do and how do they do it?",10.1126/science.1136892,pathway,Acidified resorption lacuna (Howship pit),"TCIRG1 (a3 subunit of V-ATPase) pumps protons into the lacuna establishing pH 4.5 required for mineral dissolution. [Assay: Immunofluorescence and pH imaging, Treatment: RANKL-matured osteoclasts on cortical bone, Effect: Secretion of ACP5 and CTSK into sealed acidified lacuna (pH 4.5)]"
PubMed,"Teitelbaum, 2007 (Science) - Osteoclasts: what do they do and how do they do it?",10.1126/science.1136892,pathway,Acidified resorption lacuna (Howship pit),"CLC-7 chloride channel provides charge balance for sustained proton secretion by V-ATPase. [Assay: Immunofluorescence and pH imaging, Treatment: RANKL-matured osteoclasts on cortical bone, Effect: Secretion of ACP5 and CTSK into sealed acidified lacuna (pH 4.5)]"
PubMed,"Teitelbaum, 2007 (Science) - Osteoclasts: what do they do and how do they do it?",10.1126/science.1136892,pathway,Acidified resorption lacuna (Howship pit),Canonical signaling transduction step: STRUCT:resorption_lacuna activates PHENO:bone_resorption reported in PMID:17626889.
PubMed,"Li et al., 2022 (Cell Death Dis) - MMP9 regulation by NFATc1 and its role in lacunar bone resorption",10.1038/s41419-022-05335-z,pathway,Acidified resorption lacuna (Howship pit),"MMP-9 is secreted into the resorption lacuna to degrade non-collagenous organic bone matrix proteins. [Assay: Collagen release assay, Treatment: RANKL on bovine bone slices in Mmp9-/- BMMs, Effect: MMP-9 degrades non-collagenous organic matrix cooperating with CTSK]"
PubMed,"Teitelbaum, 2007 (Science) - Osteoclasts: what do they do and how do they do it?",10.1126/science.1136892,pathway,Acidified resorption lacuna (Howship pit),"Lactate exported by monocarboxylate transporters contributes to local microenvironment acidification. [Assay: Zymography, Western blot, and scanning electron microscopy (SEM), Treatment: RANKL-differentiated mature osteoclasts on bone matrix, Effect: CTSK and MMPs are secreted into the sealed lacuna to degrade type I collagen and matrix]"
PubMed,"Teitelbaum, 2007 (Science) - Osteoclasts: what do they do and how do they do it?",10.1126/science.1136892,pathway,Acidified resorption lacuna (Howship pit),"V-ATPase a3 subunit pumps protons across ruffled border into resorption lacuna. [Assay: Zymography, Western blot, and scanning electron microscopy (SEM), Treatment: RANKL-differentiated mature osteoclasts on bone matrix, Effect: CTSK and MMPs are secreted into the sealed lacuna to degrade type I collagen and matrix]"
PubMed,"Teitelbaum, 2007 (Science) - Osteoclasts: what do they do and how do they do it?",10.1126/science.1136892,pathway,Acidified resorption lacuna (Howship pit),"ClC-7 provides chloride counter-current to preserve electroneutrality during pit acidification. [Assay: Zymography, Western blot, and scanning electron microscopy (SEM), Treatment: RANKL-differentiated mature osteoclasts on bone matrix, Effect: CTSK and MMPs are secreted into the sealed lacuna to degrade type I collagen and matrix]"
PubMed,"Teitelbaum, 2007 (Science) - Osteoclasts: what do they do and how do they do it?",10.1126/science.1136892,pathway,Acidified resorption lacuna (Howship pit),"Ruffled border membrane faces the resorption lacuna, secreting acid and proteases. [Assay: Zymography, Western blot, and scanning electron microscopy (SEM), Treatment: RANKL-differentiated mature osteoclasts on bone matrix, Effect: CTSK and MMPs are secreted into the sealed lacuna to degrade type I collagen and matrix]"
PubMed,"Yagi et al., 2005 (J Exp Med) - DC-STAMP is essential for cell-cell fusion in osteoclasts",10.1084/jem.20050645,pathway,Committed mononuclear TRAP+ osteoclast,"RANKL-induced gene expression commits pre-osteoclasts to mononuclear TRAP+ cells. [Assay: Giemsa and TRAP staining, Treatment: RANKL (50 ng/mL) in Dcstamp-/- BMMs, Effect: Complete block in syncytium formation; cells remain mononuclear]"
PubMed,"Yagi et al., 2005 (J Exp Med) - DC-STAMP is essential for cell-cell fusion in osteoclasts",10.1084/jem.20050645,pathway,Committed mononuclear TRAP+ osteoclast,"Mononuclear TRAP+ osteoclasts fuse via DC-STAMP to form multinucleated syncytia. [Assay: Giemsa and TRAP staining, Treatment: RANKL (50 ng/mL) in Dcstamp-/- BMMs, Effect: Complete block in syncytium formation; cells remain mononuclear]"
PubMed,"Kim et al., 2005 (Immunol Rev) - Signaling mechanisms of osteoclast differentiation by RANKL and immunoreceptors",10.1111/j.0105-2896.2005.00331.x,pathway,Early mononuclear pre-osteoclast,"M-CSF and RANKL commitment drives monocyte progression to early mononuclear pre-osteoclasts. [Assay: Fluo-4 imaging, Treatment: RANKL + DAP12/FcRgamma co-stimulation, Effect: PLCgamma2 induces sustained Ca2+ oscillations activating Calcineurin]"
PubMed,"Yagi et al., 2005 (J Exp Med) - DC-STAMP is essential for cell-cell fusion in osteoclasts",10.1084/jem.20050645,pathway,Early mononuclear pre-osteoclast,"RANKL-induced gene expression commits pre-osteoclasts to mononuclear TRAP+ cells. [Assay: Giemsa and TRAP staining, Treatment: RANKL (50 ng/mL) in Dcstamp-/- BMMs, Effect: Complete block in syncytium formation; cells remain mononuclear]"
PubMed,"Faccio et al., 2005 (J Cell Biol) - Vav3 regulates osteoclast function and bone mass downstream of alphaVbeta3 integrin",10.1083/jcb.200412083,pathway,F-actin sealing zone (actin ring),"Condensation of individual podosomes forms the continuous circumferential F-actin sealing zone. [Assay: Rhodamine phalloidin confocal, Treatment: RANKL + M-CSF in Vav3-/- BMMs, Effect: Complete disruption of circumferential F-actin sealing zone]"
PubMed,"Zou et al., 2007 (Mol Biol Cell) - Syk, c-Src, and Pyk2 cooperate in osteoclast sealing zone and podosome belt organization",10.1091/mbc.e06-10-0931,pathway,F-actin sealing zone (actin ring),"The F-actin sealing zone is required to seal the sub-osteoclastic resorption compartment on bone. [Assay: Confocal and interferometry, Treatment: RANKL on dentin + Pyk2/Src inhibitor, Effect: Disrupts sealing zone attachment and eliminates pit depth]"
PubMed,"Teitelbaum, 2007 (Science) - Osteoclasts: what do they do and how do they do it?",10.1126/science.1136892,pathway,F-actin sealing zone (actin ring),"Calcitonin binding to CTR activates PKA and rapidly induces retraction and disassembly of the actin sealing zone. [Assay: Immunofluorescence and pH imaging, Treatment: RANKL-matured osteoclasts on cortical bone, Effect: Secretion of ACP5 and CTSK into sealed acidified lacuna (pH 4.5)]"
PubMed,"Teitelbaum, 2007 (Science) - Osteoclasts: what do they do and how do they do it?",10.1126/science.1136892,pathway,Mature multinucleated resorbing osteoclast,"Multinucleated polykaryons polarize on mineralized substrate forming sealing zones and ruffled borders. [Assay: Immunofluorescence and pH imaging, Treatment: RANKL-matured osteoclasts on cortical bone, Effect: Secretion of ACP5 and CTSK into sealed acidified lacuna (pH 4.5)]"
PubMed,"Teitelbaum, 2007 (Science) - Osteoclasts: what do they do and how do they do it?",10.1126/science.1136892,pathway,Mature multinucleated resorbing osteoclast,"Polarized mature osteoclasts excavate bone resorption pits on mineralized bone surfaces. [Assay: Immunofluorescence and pH imaging, Treatment: RANKL-matured osteoclasts on cortical bone, Effect: Secretion of ACP5 and CTSK into sealed acidified lacuna (pH 4.5)]"
PubMed,"Yagi et al., 2005 (J Exp Med) - DC-STAMP is essential for cell-cell fusion in osteoclasts",10.1084/jem.20050645,pathway,Multinucleated syncytium,"DC-STAMP protein localized at plasma membrane is required for pre-osteoclast cell-cell fusion into syncytium. [Assay: Giemsa and TRAP staining, Treatment: RANKL (50 ng/mL) in Dcstamp-/- BMMs, Effect: Complete block in syncytium formation; cells remain mononuclear]"
PubMed,"Yagi et al., 2005 (J Exp Med) - DC-STAMP is essential for cell-cell fusion in osteoclasts",10.1084/jem.20050645,pathway,Multinucleated syncytium,"OC-STAMP collaborates with DC-STAMP to promote multinucleated polykaryon formation. [Assay: Giemsa and TRAP staining, Treatment: RANKL (50 ng/mL) in Dcstamp-/- BMMs, Effect: Complete block in syncytium formation; cells remain mononuclear]"
PubMed,"Yagi et al., 2005 (J Exp Med) - DC-STAMP is essential for cell-cell fusion in osteoclasts",10.1084/jem.20050645,pathway,Multinucleated syncytium,"Atp6v0d2 deficiency mimics Dcstamp knockout by completely blocking membrane fusion. [Assay: Giemsa and TRAP staining, Treatment: RANKL (50 ng/mL) in Dcstamp-/- BMMs, Effect: Complete block in syncytium formation; cells remain mononuclear]"
PubMed,"Yagi et al., 2005 (J Exp Med) - DC-STAMP is essential for cell-cell fusion in osteoclasts",10.1084/jem.20050645,pathway,Multinucleated syncytium,Canonical signaling transduction step: STRUCT:syncytium activates PHENO:osteoclast_differentiation reported in PMID:16061724.
PubMed,"Wang et al., 2024 (Bone Res) - Sorting nexin 10 (SNX10) and moesin (MSN) coordinate osteoclast syncytium cell-cell fusion",10.1038/s41413-024-00331-5,pathway,Multinucleated syncytium,"Moesin links actin cortex to membrane vesicles promoting tunneling nanotube and syncytium formation. [Assay: Confocal microscopy, Treatment: RANKL in Snx10-/- BMMs, Effect: SNX10 loss prolongs DC-STAMP on membrane causing giant osteoclasts]"
PubMed,"Mizoguchi et al., 2009 (J Bone Miner Res) - Cell-cell fusion and histone deacetylase HDAC regulation in multinucleated osteoclasts",10.1359/jbmr.090308,pathway,Multinucleated syncytium,"HDAC2 enzymatic activity is required for osteoclast multinucleation. [Assay: Giemsa staining and fluorescence imaging, Treatment: RANKL stimulation in DC-STAMP / OC-STAMP mutant BMMs, Effect: Coordinated requirement of DC-STAMP and OC-STAMP for cell-cell fusion into syncytia]"
PubMed,"Mizoguchi et al., 2009 (J Bone Miner Res) - Cell-cell fusion and histone deacetylase HDAC regulation in multinucleated osteoclasts",10.1359/jbmr.090308,pathway,Multinucleated syncytium,"HDAC5 regulates cellular fusion machinery during osteoclastogenesis. [Assay: Giemsa staining and fluorescence imaging, Treatment: RANKL stimulation in DC-STAMP / OC-STAMP mutant BMMs, Effect: Coordinated requirement of DC-STAMP and OC-STAMP for cell-cell fusion into syncytia]"
PubMed,"Mizoguchi et al., 2009 (J Bone Miner Res) - Cell-cell fusion and histone deacetylase HDAC regulation in multinucleated osteoclasts",10.1359/jbmr.090308,pathway,Multinucleated syncytium,"CD9 tetraspanin localization at cell contacts facilitates membrane fusion into syncytia. [Assay: Giemsa staining and fluorescence imaging, Treatment: RANKL stimulation in DC-STAMP / OC-STAMP mutant BMMs, Effect: Coordinated requirement of DC-STAMP and OC-STAMP for cell-cell fusion into syncytia]"
PubMed,"Mizoguchi et al., 2009 (J Bone Miner Res) - Cell-cell fusion and histone deacetylase HDAC regulation in multinucleated osteoclasts",10.1359/jbmr.090308,pathway,Multinucleated syncytium,"CD47 coordinates outer membrane fusion in multinucleated pre-osteoclasts. [Assay: Giemsa staining and fluorescence imaging, Treatment: RANKL stimulation in DC-STAMP / OC-STAMP mutant BMMs, Effect: Coordinated requirement of DC-STAMP and OC-STAMP for cell-cell fusion into syncytia]"
PubMed,"Taubmann et al., 2020 (Nat Commun) - Metabolic reprogramming of osteoclasts under RANKL driving aerobic glycolysis",10.1038/s41467-020-17453-6,pathway,Osteoclast differentiation and multinucleation,"Lactate generation maintains NAD+ regeneration necessary to sustain prolonged osteoclast survival. [Assay: Enzymatic assay and TRAP staining, Treatment: RANKL (100 ng/mL) + 2-Deoxyglucose (2-DG), Effect: Blocks glycolytic shift and curtails osteoclast multinucleation]"
PubMed,"Chu et al., 2024 (Cell Metab) - PRMT6-mediated H3R2me2a controls fatty acid oxidation during osteoclastogenesis",10.1016/j.cmet.2024.07.009,pathway,Osteoclast differentiation and multinucleation,"Re-expression of PPARd restored FAO and blunted osteoclast differentiation. [Assay: TRAP staining and Seahorse glycolysis, Treatment: RANKL (50 ng/mL) + EPZ020411, Effect: 75% decrease in osteoclast formation; restores FAO]"
PubMed,"Yagi et al., 2005 (J Exp Med) - DC-STAMP is essential for cell-cell fusion in osteoclasts",10.1084/jem.20050645,pathway,Osteoclast differentiation and multinucleation,Canonical signaling transduction step: STRUCT:syncytium activates PHENO:osteoclast_differentiation reported in PMID:16061724.
PubMed,"Kim et al., 2005 (Immunol Rev) - Signaling mechanisms of osteoclast differentiation by RANKL and immunoreceptors",10.1111/j.0105-2896.2005.00331.x,pathway,Osteoclast differentiation and multinucleation,Canonical signaling transduction step: HGNC:NFATC1 activates PHENO:osteoclast_differentiation reported in PMID:16339965.
PubMed,"Boyce & Xing, 2007 (Arthritis Res Ther) - The RANKL/RANK/OPG pathway and cytokine regulation (TNF, IL-1) in osteoclasts",10.1186/ar2165,pathway,Osteoclast differentiation and multinucleation,"c-Rel translocates into nucleus upon RANKL stimulation to promote osteoclast precursor survival. [Assay: Electrophoretic mobility shift assay (EMSA) and TRAP staining, Treatment: RANKL + TNF-alpha / IL-1beta, Effect: TNF and IL-1 synergize with RANKL via TRAF6 to drive osteoclastogenesis]"
PubMed,"Zou et al., 2007 (Mol Biol Cell) - Syk, c-Src, and Pyk2 cooperate in osteoclast sealing zone and podosome belt organization",10.1091/mbc.e06-10-0931,pathway,Osteoclastic bone resorption and pit excavation,"The F-actin sealing zone is required to seal the sub-osteoclastic resorption compartment on bone. [Assay: Confocal and interferometry, Treatment: RANKL on dentin + Pyk2/Src inhibitor, Effect: Disrupts sealing zone attachment and eliminates pit depth]"
PubMed,"Teitelbaum, 2007 (Science) - Osteoclasts: what do they do and how do they do it?",10.1126/science.1136892,pathway,Osteoclastic bone resorption and pit excavation,Canonical signaling transduction step: STRUCT:resorption_lacuna activates PHENO:bone_resorption reported in PMID:17626889.
PubMed,"Krzeszinski et al., 2014 (Nature) - miR-34a targets Tgif2 to attenuate osteoclastic bone resorption and metastasis",10.1038/nature13444,pathway,Osteoclastic bone resorption and pit excavation,Canonical signaling transduction step: HGNC:TGIF2 activates PHENO:bone_resorption reported in PMID:24965651.
PubMed,"Teitelbaum, 2007 (Science) - Osteoclasts: what do they do and how do they do it?",10.1126/science.1136892,pathway,Osteoclastic bone resorption and pit excavation,"Polarized mature osteoclasts excavate bone resorption pits on mineralized bone surfaces. [Assay: Immunofluorescence and pH imaging, Treatment: RANKL-matured osteoclasts on cortical bone, Effect: Secretion of ACP5 and CTSK into sealed acidified lacuna (pH 4.5)]"
PubMed,"Teitelbaum, 2007 (Science) - Osteoclasts: what do they do and how do they do it?",10.1126/science.1136892,pathway,Osteoclastic bone resorption and pit excavation,"Secreted MMP-2 degrades denatured collagen and bone matrix components. [Assay: Zymography, Western blot, and scanning electron microscopy (SEM), Treatment: RANKL-differentiated mature osteoclasts on bone matrix, Effect: CTSK and MMPs are secreted into the sealed lacuna to degrade type I collagen and matrix]"
PubMed,"Teitelbaum, 2007 (Science) - Osteoclasts: what do they do and how do they do it?",10.1126/science.1136892,pathway,Osteoclastic bone resorption and pit excavation,"Secreted MMP-13 cleaves native type I collagen in resorption pits. [Assay: Zymography, Western blot, and scanning electron microscopy (SEM), Treatment: RANKL-differentiated mature osteoclasts on bone matrix, Effect: CTSK and MMPs are secreted into the sealed lacuna to degrade type I collagen and matrix]"
PubMed,"Teitelbaum, 2007 (Science) - Osteoclasts: what do they do and how do they do it?",10.1126/science.1136892,pathway,Osteoclastic bone resorption and pit excavation,"MMP-3 degrades non-collagenous bone matrix and activates latent MMP-9 and MMP-13. [Assay: Zymography, Western blot, and scanning electron microscopy (SEM), Treatment: RANKL-differentiated mature osteoclasts on bone matrix, Effect: CTSK and MMPs are secreted into the sealed lacuna to degrade type I collagen and matrix]"
PubMed,"Teitelbaum, 2007 (Science) - Osteoclasts: what do they do and how do they do it?",10.1126/science.1136892,pathway,Osteoclastic bone resorption and pit excavation,"MMP-8 cleaves type I collagen during lacunar matrix degradation. [Assay: Zymography, Western blot, and scanning electron microscopy (SEM), Treatment: RANKL-differentiated mature osteoclasts on bone matrix, Effect: CTSK and MMPs are secreted into the sealed lacuna to degrade type I collagen and matrix]"
PubMed,"Faccio et al., 2005 (J Cell Biol) - Vav3 regulates osteoclast function and bone mass downstream of alphaVbeta3 integrin",10.1083/jcb.200412083,pathway,Podosome assembly and podosome belt,"Cortactin interacts with WASP to orchestrate podosome belt assembly. [Assay: Rhodamine phalloidin confocal, Treatment: RANKL + M-CSF in Vav3-/- BMMs, Effect: Complete disruption of circumferential F-actin sealing zone]"
PubMed,"Faccio et al., 2005 (J Cell Biol) - Vav3 regulates osteoclast function and bone mass downstream of alphaVbeta3 integrin",10.1083/jcb.200412083,pathway,Podosome assembly and podosome belt,"Condensation of individual podosomes forms the continuous circumferential F-actin sealing zone. [Assay: Rhodamine phalloidin confocal, Treatment: RANKL + M-CSF in Vav3-/- BMMs, Effect: Complete disruption of circumferential F-actin sealing zone]"
PubMed,"Nagao et al., 2019 (Bone) - Zoledronic acid suppresses osteoclastogenesis and c-Src activation in primary osteoclasts",10.1016/j.bone.2019.115061,pathway,Precursor cell viability and survival,"Zoledronic acid accumulation triggers caspase activation and rapid osteoclast apoptosis. [Assay: Annexin V and Western blot, Treatment: RANKL + Zoledronic acid (ZA), Effect: Inhibits mevalonate pathway and c-Src, inducing osteoclast apoptosis]"
PubMed,"Teitelbaum, 2007 (Science) - Osteoclasts: what do they do and how do they do it?",10.1126/science.1136892,pathway,Ruffled border membrane,"TCIRG1 a3 subunit docks V-ATPase complexes into the ruffled border membrane. [Assay: Zymography, Western blot, and scanning electron microscopy (SEM), Treatment: RANKL-differentiated mature osteoclasts on bone matrix, Effect: CTSK and MMPs are secreted into the sealed lacuna to degrade type I collagen and matrix]"
PubMed,"Teitelbaum, 2007 (Science) - Osteoclasts: what do they do and how do they do it?",10.1126/science.1136892,pathway,Ruffled border membrane,"Atp6v1c1 stabilizes the V1 catalytic stator of V-ATPase at the ruffled border. [Assay: Zymography, Western blot, and scanning electron microscopy (SEM), Treatment: RANKL-differentiated mature osteoclasts on bone matrix, Effect: CTSK and MMPs are secreted into the sealed lacuna to degrade type I collagen and matrix]"
PubMed,"Teitelbaum, 2007 (Science) - Osteoclasts: what do they do and how do they do it?",10.1126/science.1136892,pathway,Ruffled border membrane,"Ac45/ATP6AP1 guides V-ATPase holoenzyme routing to the ruffled border. [Assay: Zymography, Western blot, and scanning electron microscopy (SEM), Treatment: RANKL-differentiated mature osteoclasts on bone matrix, Effect: CTSK and MMPs are secreted into the sealed lacuna to degrade type I collagen and matrix]"
PubMed,"Teitelbaum, 2007 (Science) - Osteoclasts: what do they do and how do they do it?",10.1126/science.1136892,pathway,Ruffled border membrane,"Atp6v0d2 d2 subunit integrates into ruffled border proton pump complexes. [Assay: Zymography, Western blot, and scanning electron microscopy (SEM), Treatment: RANKL-differentiated mature osteoclasts on bone matrix, Effect: CTSK and MMPs are secreted into the sealed lacuna to degrade type I collagen and matrix]"
PubMed,"Teitelbaum, 2007 (Science) - Osteoclasts: what do they do and how do they do it?",10.1126/science.1136892,pathway,Ruffled border membrane,"Ruffled border membrane faces the resorption lacuna, secreting acid and proteases. [Assay: Zymography, Western blot, and scanning electron microscopy (SEM), Treatment: RANKL-differentiated mature osteoclasts on bone matrix, Effect: CTSK and MMPs are secreted into the sealed lacuna to degrade type I collagen and matrix]"
PubMed,"Yagi et al., 2005 (J Exp Med) - DC-STAMP is essential for cell-cell fusion in osteoclasts",10.1084/jem.20050645,pathway,Syncytium / prefusion polykaryon,"Mononuclear TRAP+ osteoclasts fuse via DC-STAMP to form multinucleated syncytia. [Assay: Giemsa and TRAP staining, Treatment: RANKL (50 ng/mL) in Dcstamp-/- BMMs, Effect: Complete block in syncytium formation; cells remain mononuclear]"
PubMed,"Teitelbaum, 2007 (Science) - Osteoclasts: what do they do and how do they do it?",10.1126/science.1136892,pathway,Syncytium / prefusion polykaryon,"Multinucleated polykaryons polarize on mineralized substrate forming sealing zones and ruffled borders. [Assay: Immunofluorescence and pH imaging, Treatment: RANKL-matured osteoclasts on cortical bone, Effect: Secretion of ACP5 and CTSK into sealed acidified lacuna (pH 4.5)]"
PubMed,"Teitelbaum, 2007 (Science) - Osteoclasts: what do they do and how do they do it?",10.1126/science.1136892,pathway,TRAP enzyme production and secretion,Canonical signaling transduction step: HGNC:ACP5 activates PHENO:trap_production reported in PMID:17626889.
PubMed,"Kim et al., 2005 (Immunol Rev) - Signaling mechanisms of osteoclast differentiation by RANKL and immunoreceptors",10.1111/j.0105-2896.2005.00331.x,pathway,Uncommitted monocyte / BMM precursor,"M-CSF and RANKL commitment drives monocyte progression to early mononuclear pre-osteoclasts. [Assay: Fluo-4 imaging, Treatment: RANKL + DAP12/FcRgamma co-stimulation, Effect: PLCgamma2 induces sustained Ca2+ oscillations activating Calcineurin]"
PubMed,"Boyce & Xing, 2007 (Arthritis Res Ther) - The RANKL/RANK/OPG pathway and cytokine regulation (TNF, IL-1) in osteoclasts",10.1186/ar2165,pathway,Uncommitted monocyte / BMM precursor,"MCP-1 recruits monocyte precursors into osteoclastogenic remodeling niches. [Assay: Electrophoretic mobility shift assay (EMSA) and TRAP staining, Treatment: RANKL + TNF-alpha / IL-1beta, Effect: TNF and IL-1 synergize with RANKL via TRAF6 to drive osteoclastogenesis]"
PubMed,"Boyce & Xing, 2007 (Arthritis Res Ther) - The RANKL/RANK/OPG pathway and cytokine regulation (TNF, IL-1) in osteoclasts",10.1186/ar2165,pathway,Uncommitted monocyte / BMM precursor,"MIP-1alpha promotes precursor chemotaxis and survival. [Assay: Electrophoretic mobility shift assay (EMSA) and TRAP staining, Treatment: RANKL + TNF-alpha / IL-1beta, Effect: TNF and IL-1 synergize with RANKL via TRAF6 to drive osteoclastogenesis]"
PubMed,"Nishikawa et al., 2015 (Nat Commun) - Epigenetic chromatin regulators (DNMT3A, KDM4A, EZH2, SIRT1) control osteoclast commitment",10.1038/ncomms7637,protein,ASXL transcriptional regulator 1,"ASXL1 maintains epigenetic balance at osteoclast gene loci. [Assay: Bisulfite sequencing, ChIP-qPCR, and TRAP staining, Treatment: RANKL stimulation in Dnmt3a-deficient BMMs, Effect: DNMT3a mediates DNA methylation to silence negative regulator Irf8]"
PubMed,"Yagi et al., 2005 (J Exp Med) - DC-STAMP is essential for cell-cell fusion in osteoclasts",10.1084/jem.20050645,protein,ATPase H+ transporting V0 subunit d2,"Canonical signaling transduction step: HGNC:NFATC1 activates HGNC:ATP6V0D2 reported in PMID:16061724. [Confirmed by STRING v12.0 mouse PPI: score=0.706, escore=0]"
PubMed,"Yagi et al., 2005 (J Exp Med) - DC-STAMP is essential for cell-cell fusion in osteoclasts",10.1084/jem.20050645,protein,ATPase H+ transporting V0 subunit d2,"Atp6v0d2 deficiency mimics Dcstamp knockout by completely blocking membrane fusion. [Assay: Giemsa and TRAP staining, Treatment: RANKL (50 ng/mL) in Dcstamp-/- BMMs, Effect: Complete block in syncytium formation; cells remain mononuclear]"
PubMed,"Teitelbaum, 2007 (Science) - Osteoclasts: what do they do and how do they do it?",10.1126/science.1136892,protein,ATPase H+ transporting V0 subunit d2,"Atp6v0d2 d2 subunit integrates into ruffled border proton pump complexes. [Assay: Zymography, Western blot, and scanning electron microscopy (SEM), Treatment: RANKL-differentiated mature osteoclasts on bone matrix, Effect: CTSK and MMPs are secreted into the sealed lacuna to degrade type I collagen and matrix]"
PubMed,"Teitelbaum, 2007 (Science) - Osteoclasts: what do they do and how do they do it?",10.1126/science.1136892,protein,ATPase H+ transporting V1 subunit C1,"Atp6v1c1 stabilizes the V1 catalytic stator of V-ATPase at the ruffled border. [Assay: Zymography, Western blot, and scanning electron microscopy (SEM), Treatment: RANKL-differentiated mature osteoclasts on bone matrix, Effect: CTSK and MMPs are secreted into the sealed lacuna to degrade type I collagen and matrix]"
PubMed,"Teitelbaum, 2007 (Science) - Osteoclasts: what do they do and how do they do it?",10.1126/science.1136892,protein,ATPase H+ transporting accessory protein 1 (Ac45),"Ac45/ATP6AP1 guides V-ATPase holoenzyme routing to the ruffled border. [Assay: Zymography, Western blot, and scanning electron microscopy (SEM), Treatment: RANKL-differentiated mature osteoclasts on bone matrix, Effect: CTSK and MMPs are secreted into the sealed lacuna to degrade type I collagen and matrix]"
PubMed,"Yang et al., 2019 (Front Cell Dev Biol) - Ameloblastin (AMBN) inhibits osteoclastogenesis by dampening CREB1 phosphorylation",10.3389/fcell.2019.00364,protein,Ameloblastin,"Ameloblastin competitively prevents p38 interaction with CREB. [Assay: Co-immunoprecipitation and TRAP staining, Treatment: RANKL + recombinant Ameloblastin, Effect: Ameloblastin competitively inhibits p38-CREB interaction, repressing osteoclastogenesis]"
PubMed,"Koga et al., 2004 (Nature) - Costimulatory signals for NFATc1 in bone homeostasis by ITAM-harboring adaptors",10.1038/nature02444,protein,B-cell linker protein (SLP-65),"Phosphorylated ITAMs recruit Syk which phosphorylates the BLNK adaptor complex. [Confirmed by STRING v12.0 mouse PPI: score=0.999, escore=0.092] [Assay: Western blot and TRAP, Treatment: RANKL in Dap12-/- Fcer1g-/- double knockout, Effect: Severe osteopetrosis with complete block in PLC-gamma activation]"
PubMed,"Koga et al., 2004 (Nature) - Costimulatory signals for NFATc1 in bone homeostasis by ITAM-harboring adaptors",10.1038/nature02444,protein,B-cell linker protein (SLP-65),"BLNK adaptor complex directly facilitates PLCgamma2 phosphorylation and downstream IP3 production. [Confirmed by STRING v12.0 mouse PPI: score=0.999, escore=0.12] [Assay: Western blot and TRAP, Treatment: RANKL in Dap12-/- Fcer1g-/- double knockout, Effect: Severe osteopetrosis with complete block in PLC-gamma activation]"
PubMed,"Boyce & Xing, 2007 (Arthritis Res Ther) - The RANKL/RANK/OPG pathway and cytokine regulation (TNF, IL-1) in osteoclasts",10.1186/ar2165,protein,C-C motif chemokine ligand 2 (MCP-1),"MCP-1 recruits monocyte precursors into osteoclastogenic remodeling niches. [Assay: Electrophoretic mobility shift assay (EMSA) and TRAP staining, Treatment: RANKL + TNF-alpha / IL-1beta, Effect: TNF and IL-1 synergize with RANKL via TRAF6 to drive osteoclastogenesis]"
PubMed,"Boyce & Xing, 2007 (Arthritis Res Ther) - The RANKL/RANK/OPG pathway and cytokine regulation (TNF, IL-1) in osteoclasts",10.1186/ar2165,protein,C-C motif chemokine ligand 3 (MIP-1alpha),"MIP-1alpha promotes precursor chemotaxis and survival. [Assay: Electrophoretic mobility shift assay (EMSA) and TRAP staining, Treatment: RANKL + TNF-alpha / IL-1beta, Effect: TNF and IL-1 synergize with RANKL via TRAF6 to drive osteoclastogenesis]"
PubMed,"Boyce & Xing, 2007 (Arthritis Res Ther) - The RANKL/RANK/OPG pathway and cytokine regulation (TNF, IL-1) in osteoclasts",10.1186/ar2165,protein,CD40 molecule,"CD40 co-stimulatory receptor binds TRAF6 in osteoclast precursors. [Confirmed by STRING v12.0 mouse PPI: score=0.999, escore=0.825] [Assay: Electrophoretic mobility shift assay (EMSA) and TRAP staining, Treatment: RANKL + TNF-alpha / IL-1beta, Effect: TNF and IL-1 synergize with RANKL via TRAF6 to drive osteoclastogenesis]"
PubMed,"Mizoguchi et al., 2009 (J Bone Miner Res) - Cell-cell fusion and histone deacetylase HDAC regulation in multinucleated osteoclasts",10.1359/jbmr.090308,protein,CD47 molecule (Integrin associated protein),"DC-STAMP associates with CD47 integrin-associated protein to promote polykaryon fusion. [Assay: Giemsa staining and fluorescence imaging, Treatment: RANKL stimulation in DC-STAMP / OC-STAMP mutant BMMs, Effect: Coordinated requirement of DC-STAMP and OC-STAMP for cell-cell fusion into syncytia]"
PubMed,"Mizoguchi et al., 2009 (J Bone Miner Res) - Cell-cell fusion and histone deacetylase HDAC regulation in multinucleated osteoclasts",10.1359/jbmr.090308,protein,CD47 molecule (Integrin associated protein),"CD47 coordinates outer membrane fusion in multinucleated pre-osteoclasts. [Assay: Giemsa staining and fluorescence imaging, Treatment: RANKL stimulation in DC-STAMP / OC-STAMP mutant BMMs, Effect: Coordinated requirement of DC-STAMP and OC-STAMP for cell-cell fusion into syncytia]"
PubMed,"Mizoguchi et al., 2009 (J Bone Miner Res) - Cell-cell fusion and histone deacetylase HDAC regulation in multinucleated osteoclasts",10.1359/jbmr.090308,protein,CD9 molecule (Tetraspanin),"DC-STAMP coordinates with tetraspanin CD9 at precursor fusion contact zones. [Assay: Giemsa staining and fluorescence imaging, Treatment: RANKL stimulation in DC-STAMP / OC-STAMP mutant BMMs, Effect: Coordinated requirement of DC-STAMP and OC-STAMP for cell-cell fusion into syncytia]"
PubMed,"Mizoguchi et al., 2009 (J Bone Miner Res) - Cell-cell fusion and histone deacetylase HDAC regulation in multinucleated osteoclasts",10.1359/jbmr.090308,protein,CD9 molecule (Tetraspanin),"CD9 tetraspanin localization at cell contacts facilitates membrane fusion into syncytia. [Assay: Giemsa staining and fluorescence imaging, Treatment: RANKL stimulation in DC-STAMP / OC-STAMP mutant BMMs, Effect: Coordinated requirement of DC-STAMP and OC-STAMP for cell-cell fusion into syncytia]"
PubMed,"Teitelbaum, 2007 (Science) - Osteoclasts: what do they do and how do they do it?",10.1126/science.1136892,protein,Calcitonin receptor,"Calcitonin binding to CTR activates PKA and rapidly induces retraction and disassembly of the actin sealing zone. [Assay: Immunofluorescence and pH imaging, Treatment: RANKL-matured osteoclasts on cortical bone, Effect: Secretion of ACP5 and CTSK into sealed acidified lacuna (pH 4.5)]"
PubMed,"Koga et al., 2004 (Nature) - Costimulatory signals for NFATc1 in bone homeostasis by ITAM-harboring adaptors",10.1038/nature02444,protein,Calmodulin 1,"Intracellular Ca2+ binds calmodulin with high cooperativity. [Assay: Immunoprecipitation and Fura-2 calcium imaging, Treatment: RANKL + M-CSF, Effect: DAP12 and FcRg phosphorylate Syk and PLCg2 initiating Ca2+ oscillations]"
PubMed,"Koga et al., 2004 (Nature) - Costimulatory signals for NFATc1 in bone homeostasis by ITAM-harboring adaptors",10.1038/nature02444,protein,Calmodulin 1,"Ca2+/calmodulin activates calcineurin catalytic subunit PPP3CA. [Confirmed by STRING v12.0 mouse PPI: score=0.999, escore=0.9] [Assay: Immunoprecipitation and Fura-2 calcium imaging, Treatment: RANKL + M-CSF, Effect: DAP12 and FcRg phosphorylate Syk and PLCg2 initiating Ca2+ oscillations]"
PubMed,"Koga et al., 2004 (Nature) - Costimulatory signals for NFATc1 in bone homeostasis by ITAM-harboring adaptors",10.1038/nature02444,protein,Calmodulin 1,"Ca2+/calmodulin activates calcium/calmodulin-dependent protein kinase IV. [Assay: Immunoprecipitation and Fura-2 calcium imaging, Treatment: RANKL + M-CSF, Effect: DAP12 and FcRg phosphorylate Syk and PLCg2 initiating Ca2+ oscillations]"
PubMed,"Zou et al., 2007 (Mol Biol Cell) - Syk, c-Src, and Pyk2 cooperate in osteoclast sealing zone and podosome belt organization",10.1091/mbc.e06-10-0931,protein,Cell division cycle 42,Canonical signaling transduction step: HGNC:PTK2B activates HGNC:CDC42 reported in PMID:17344416.
PubMed,"Boyce & Xing, 2007 (Arthritis Res Ther) - The RANKL/RANK/OPG pathway and cytokine regulation (TNF, IL-1) in osteoclasts",10.1186/ar2165,protein,Cellular communication network factor 1 (CYR61),"CYR61/CCN1 negatively regulates osteoclast differentiation. [Assay: Electrophoretic mobility shift assay (EMSA) and TRAP staining, Treatment: RANKL + TNF-alpha / IL-1beta, Effect: TNF and IL-1 synergize with RANKL via TRAF6 to drive osteoclastogenesis]"
PubMed,"Boyce & Xing, 2007 (Arthritis Res Ther) - The RANKL/RANK/OPG pathway and cytokine regulation (TNF, IL-1) in osteoclasts",10.1186/ar2165,protein,Cellular communication network factor 2 (CTGF),"CTGF/CCN2 enhances NFATc1 expression and multinucleation. [Assay: Electrophoretic mobility shift assay (EMSA) and TRAP staining, Treatment: RANKL + TNF-alpha / IL-1beta, Effect: TNF and IL-1 synergize with RANKL via TRAF6 to drive osteoclastogenesis]"
PubMed,"Teitelbaum, 2007 (Science) - Osteoclasts: what do they do and how do they do it?",10.1126/science.1136892,protein,Chloride voltage-gated channel 7 (CLC-7),"CLC-7 chloride channel provides charge balance for sustained proton secretion by V-ATPase. [Assay: Immunofluorescence and pH imaging, Treatment: RANKL-matured osteoclasts on cortical bone, Effect: Secretion of ACP5 and CTSK into sealed acidified lacuna (pH 4.5)]"
PubMed,"Teitelbaum, 2007 (Science) - Osteoclasts: what do they do and how do they do it?",10.1126/science.1136892,protein,Chloride voltage-gated channel 7 (CLC-7),"OSTM1 serves as the obligate beta-subunit for CLC-7, required for chloride channel stability and lacuna acidification. [Confirmed by STRING v12.0 mouse PPI: score=0.999, escore=0.912] [Assay: Immunofluorescence and pH imaging, Treatment: RANKL-matured osteoclasts on cortical bone, Effect: Secretion of ACP5 and CTSK into sealed acidified lacuna (pH 4.5)]"
PubMed,"Teitelbaum, 2007 (Science) - Osteoclasts: what do they do and how do they do it?",10.1126/science.1136892,protein,Chloride voltage-gated channel 7 (CLC-7),"Cytoplasmic chloride ions are transported by ClC-7 2Cl-/1H+ antiporter. [Assay: Zymography, Western blot, and scanning electron microscopy (SEM), Treatment: RANKL-differentiated mature osteoclasts on bone matrix, Effect: CTSK and MMPs are secreted into the sealed lacuna to degrade type I collagen and matrix]"
PubMed,"Teitelbaum, 2007 (Science) - Osteoclasts: what do they do and how do they do it?",10.1126/science.1136892,protein,Chloride voltage-gated channel 7 (CLC-7),"ClC-7 provides chloride counter-current to preserve electroneutrality during pit acidification. [Assay: Zymography, Western blot, and scanning electron microscopy (SEM), Treatment: RANKL-differentiated mature osteoclasts on bone matrix, Effect: CTSK and MMPs are secreted into the sealed lacuna to degrade type I collagen and matrix]"
PubMed,"Boyce et al., 2015 (Immunol Res) - M-CSF / CSF1R signaling and AKT/MAPK cascades in osteoclast lineage survival and development",10.1007/s12026-015-8640-1,protein,Colony stimulating factor 1 (M-CSF),"M-CSF binds c-Fms receptor with high affinity to stimulate proliferation and survival. [Confirmed by STRING v12.0 mouse PPI: score=0.999, escore=0.981] [Assay: Western blot and MTT assay, Treatment: RANKL + M-CSF, Effect: M-CSF binds c-Fms to activate ERK and PI3K/Akt promoting precursor survival]"
PubMed,"Boyce et al., 2015 (Immunol Res) - M-CSF / CSF1R signaling and AKT/MAPK cascades in osteoclast lineage survival and development",10.1007/s12026-015-8640-1,protein,Colony stimulating factor 1 receptor (c-Fms),"M-CSF binds c-Fms receptor with high affinity to stimulate proliferation and survival. [Confirmed by STRING v12.0 mouse PPI: score=0.999, escore=0.981] [Assay: Western blot and MTT assay, Treatment: RANKL + M-CSF, Effect: M-CSF binds c-Fms to activate ERK and PI3K/Akt promoting precursor survival]"
PubMed,"Boyce et al., 2015 (Immunol Res) - M-CSF / CSF1R signaling and AKT/MAPK cascades in osteoclast lineage survival and development",10.1007/s12026-015-8640-1,protein,Colony stimulating factor 1 receptor (c-Fms),"c-Fms triggers ERK1 phosphorylation in primary bone marrow macrophages. [Assay: Western blot and MTT assay, Treatment: RANKL + M-CSF, Effect: M-CSF binds c-Fms to activate ERK and PI3K/Akt promoting precursor survival]"
PubMed,"Boyce et al., 2015 (Immunol Res) - M-CSF / CSF1R signaling and AKT/MAPK cascades in osteoclast lineage survival and development",10.1007/s12026-015-8640-1,protein,Colony stimulating factor 1 receptor (c-Fms),"c-Fms activates class IA PI3K catalytic subunit p110alpha. [Confirmed by STRING v12.0 mouse PPI: score=0.713, escore=0.097] [Assay: Western blot and MTT assay, Treatment: RANKL + M-CSF, Effect: M-CSF binds c-Fms to activate ERK and PI3K/Akt promoting precursor survival]"
PubMed,"Boyce et al., 2015 (Immunol Res) - M-CSF / CSF1R signaling and AKT/MAPK cascades in osteoclast lineage survival and development",10.1007/s12026-015-8640-1,protein,Colony stimulating factor 1 receptor (c-Fms),"c-Fms activation of Ras stimulates Raf-1 serine/threonine kinase. [Assay: Western blot and MTT assay, Treatment: RANKL + M-CSF, Effect: M-CSF binds c-Fms to activate ERK and PI3K/Akt promoting precursor survival]"
PubMed,"Faccio et al., 2005 (J Cell Biol) - Vav3 regulates osteoclast function and bone mass downstream of alphaVbeta3 integrin",10.1083/jcb.200412083,protein,Cortactin,"Canonical signaling transduction step: HGNC:WAS activates HGNC:CTTN reported in PMID:15711558. [Confirmed by STRING v12.0 mouse PPI: score=0.999, escore=0.093]"
PubMed,"Faccio et al., 2005 (J Cell Biol) - Vav3 regulates osteoclast function and bone mass downstream of alphaVbeta3 integrin",10.1083/jcb.200412083,protein,Cortactin,"Cortactin interacts with WASP to orchestrate podosome belt assembly. [Assay: Rhodamine phalloidin confocal, Treatment: RANKL + M-CSF in Vav3-/- BMMs, Effect: Complete disruption of circumferential F-actin sealing zone]"
PubMed,"Teitelbaum, 2007 (Science) - Osteoclasts: what do they do and how do they do it?",10.1126/science.1136892,protein,Cystatin E/M,"Cystatin E/M (CST6) acts as an endogenous inhibitor of cathepsin proteases. [Assay: Zymography, Western blot, and scanning electron microscopy (SEM), Treatment: RANKL-differentiated mature osteoclasts on bone matrix, Effect: CTSK and MMPs are secreted into the sealed lacuna to degrade type I collagen and matrix]"
PubMed,"Yagi et al., 2005 (J Exp Med) - DC-STAMP is essential for cell-cell fusion in osteoclasts",10.1084/jem.20050645,protein,Dendritic cell specific transmembrane protein,Canonical signaling transduction step: MRNA:Dcstamp translated_to HGNC:DCSTAMP reported in PMID:16061724.
PubMed,"Yagi et al., 2005 (J Exp Med) - DC-STAMP is essential for cell-cell fusion in osteoclasts",10.1084/jem.20050645,protein,Dendritic cell specific transmembrane protein,"DC-STAMP protein localized at plasma membrane is required for pre-osteoclast cell-cell fusion into syncytium. [Assay: Giemsa and TRAP staining, Treatment: RANKL (50 ng/mL) in Dcstamp-/- BMMs, Effect: Complete block in syncytium formation; cells remain mononuclear]"
PubMed,"Miyauchi et al., 2010 (Proc Natl Acad Sci USA) - BCL6 is a negative regulator of osteoclastogenesis that directly represses NFATc1",10.1073/pnas.1001712107,protein,Dendritic cell specific transmembrane protein,"Bcl6 suppresses DC-STAMP expression, limiting cell-cell membrane fusion. [Assay: Northern blot, Treatment: RANKL in Bcl6-/- BMMs, Effect: Bcl6 deficiency upregulates DC-STAMP and CTSK accelerating fusion]"
PubMed,"Wang et al., 2024 (Bone Res) - Sorting nexin 10 (SNX10) and moesin (MSN) coordinate osteoclast syncytium cell-cell fusion",10.1038/s41413-024-00331-5,protein,Dendritic cell specific transmembrane protein,"Sorting nexin 10 regulates the endosomal trafficking and membrane retrieval of DC-STAMP. [Assay: Confocal microscopy, Treatment: RANKL in Snx10-/- BMMs, Effect: SNX10 loss prolongs DC-STAMP on membrane causing giant osteoclasts]"
PubMed,"Yagi et al., 2005 (J Exp Med) - DC-STAMP is essential for cell-cell fusion in osteoclasts",10.1084/jem.20050645,protein,Dendritic cell specific transmembrane protein,"Dcstamp mRNA is translated into seven-transmembrane DC-STAMP protein. [Assay: Giemsa and TRAP staining, Treatment: RANKL (50 ng/mL) in Dcstamp-/- BMMs, Effect: Complete block in syncytium formation; cells remain mononuclear]"
PubMed,"Mizoguchi et al., 2009 (J Bone Miner Res) - Cell-cell fusion and histone deacetylase HDAC regulation in multinucleated osteoclasts",10.1359/jbmr.090308,protein,Dendritic cell specific transmembrane protein,"DC-STAMP coordinates with tetraspanin CD9 at precursor fusion contact zones. [Assay: Giemsa staining and fluorescence imaging, Treatment: RANKL stimulation in DC-STAMP / OC-STAMP mutant BMMs, Effect: Coordinated requirement of DC-STAMP and OC-STAMP for cell-cell fusion into syncytia]"
PubMed,"Mizoguchi et al., 2009 (J Bone Miner Res) - Cell-cell fusion and histone deacetylase HDAC regulation in multinucleated osteoclasts",10.1359/jbmr.090308,protein,Dendritic cell specific transmembrane protein,"DC-STAMP associates with CD47 integrin-associated protein to promote polykaryon fusion. [Assay: Giemsa staining and fluorescence imaging, Treatment: RANKL stimulation in DC-STAMP / OC-STAMP mutant BMMs, Effect: Coordinated requirement of DC-STAMP and OC-STAMP for cell-cell fusion into syncytia]"
PubMed,"Zhao et al., 2006 (Cell Metab) - Bidirectional ephrinB2-EphB4 signaling controls bone resorption and formation",10.1016/j.cmet.2006.06.010,protein,EPH receptor B4,"Ephrin-B2 on osteoclasts engages EphB4 on osteoblasts. [Confirmed by STRING v12.0 mouse PPI: score=0.999, escore=0.822] [Assay: TRAP staining and Western blot, Treatment: RANKL + Ephrin-B2-Fc, Effect: Reverse Ephrin-B2 signaling suppresses c-Fos and NFATc1 induction]"
PubMed,"Zhao et al., 2006 (Cell Metab) - Bidirectional ephrinB2-EphB4 signaling controls bone resorption and formation",10.1016/j.cmet.2006.06.010,protein,Ephrin B2,"Ephrin-B2 on osteoclasts engages EphB4 on osteoblasts. [Confirmed by STRING v12.0 mouse PPI: score=0.999, escore=0.822] [Assay: TRAP staining and Western blot, Treatment: RANKL + Ephrin-B2-Fc, Effect: Reverse Ephrin-B2 signaling suppresses c-Fos and NFATc1 induction]"
PubMed,"Zhao et al., 2006 (Cell Metab) - Bidirectional ephrinB2-EphB4 signaling controls bone resorption and formation",10.1016/j.cmet.2006.06.010,protein,Ephrin B2,"Reverse signaling through Ephrin-B2 represses c-Fos induction. [Assay: TRAP staining and Western blot, Treatment: RANKL + Ephrin-B2-Fc, Effect: Reverse Ephrin-B2 signaling suppresses c-Fos and NFATc1 induction]"
PubMed,"Zhao et al., 2006 (Cell Metab) - Bidirectional ephrinB2-EphB4 signaling controls bone resorption and formation",10.1016/j.cmet.2006.06.010,protein,Ephrin B2,"Reverse signaling through Ephrin-B2 suppresses NFATc1 transcriptional activity. [Assay: TRAP staining and Western blot, Treatment: RANKL + Ephrin-B2-Fc, Effect: Reverse Ephrin-B2 signaling suppresses c-Fos and NFATc1 induction]"
PubMed,"Kim et al., 2022 (Biochem Pharmacol) - Selinexor inhibits osteoclastogenesis by blocking XPO1-mediated nuclear export of NF-kB",10.1016/j.bcp.2022.115049,protein,Exportin 1 (CRM1),"Selinexor inhibits exportin-1 (XPO1) preventing nuclear export of IkB-alpha. [Assay: Confocal and TRAP staining, Treatment: RANKL + Selinexor (XPO1 inhibitor), Effect: Selinexor traps IkB-alpha in nucleus blocking NF-kB and osteoclasts]"
PubMed,"Kim et al., 2022 (Biochem Pharmacol) - Selinexor inhibits osteoclastogenesis by blocking XPO1-mediated nuclear export of NF-kB",10.1016/j.bcp.2022.115049,protein,Exportin 1 (CRM1),"Nuclear accumulation of IkB-alpha sequesters NF-kB p65 and blocks RANKL-induced osteoclast differentiation. [Assay: Confocal and TRAP staining, Treatment: RANKL + Selinexor (XPO1 inhibitor), Effect: Selinexor traps IkB-alpha in nucleus blocking NF-kB and osteoclasts]"
PubMed,"Kim et al., 2005 (Immunol Rev) - Signaling mechanisms of osteoclast differentiation by RANKL and immunoreceptors",10.1111/j.0105-2896.2005.00331.x,protein,Fc epsilon receptor Ig subunit gamma (FcR-gamma),"Canonical signaling transduction step: HGNC:FCER1G activates HGNC:BTK reported in PMID:16339965. [Confirmed by STRING v12.0 mouse PPI: score=0.762, escore=0.097]"
PubMed,"Koga et al., 2004 (Nature) - Costimulatory signals for NFATc1 in bone homeostasis by ITAM-harboring adaptors",10.1038/nature02444,protein,Fc epsilon receptor Ig subunit gamma (FcR-gamma),"OSCAR binds exposed bone collagen fibers and signals through FcR-gamma ITAM phosphorylation. [Confirmed by STRING v12.0 mouse PPI: score=0.994, escore=0.103] [Assay: Western blot and TRAP, Treatment: RANKL in Dap12-/- Fcer1g-/- double knockout, Effect: Severe osteopetrosis with complete block in PLC-gamma activation]"
PubMed,"Koga et al., 2004 (Nature) - Costimulatory signals for NFATc1 in bone homeostasis by ITAM-harboring adaptors",10.1038/nature02444,protein,Fc epsilon receptor Ig subunit gamma (FcR-gamma),"PIR-A associates with FcR-gamma chain to initiate ITAM signaling. [Assay: Immunoprecipitation and Fura-2 calcium imaging, Treatment: RANKL + M-CSF, Effect: DAP12 and FcRg phosphorylate Syk and PLCg2 initiating Ca2+ oscillations]"
PubMed,"Koga et al., 2004 (Nature) - Costimulatory signals for NFATc1 in bone homeostasis by ITAM-harboring adaptors",10.1038/nature02444,protein,Fc epsilon receptor Ig subunit gamma (FcR-gamma),"Phosphorylated FcR-gamma ITAM recruits and activates Syk kinase. [Confirmed by STRING v12.0 mouse PPI: score=0.999, escore=0.861] [Assay: Immunoprecipitation and Fura-2 calcium imaging, Treatment: RANKL + M-CSF, Effect: DAP12 and FcRg phosphorylate Syk and PLCg2 initiating Ca2+ oscillations]"
PubMed,"Koga et al., 2004 (Nature) - Costimulatory signals for NFATc1 in bone homeostasis by ITAM-harboring adaptors",10.1038/nature02444,protein,Fc epsilon receptor Ig subunit gamma (FcR-gamma),"OSCAR pairs with FcR-gamma adaptor in primary osteoclasts. [Confirmed by STRING v12.0 mouse PPI: score=0.994, escore=0.103] [Assay: Immunoprecipitation and Fura-2 calcium imaging, Treatment: RANKL + M-CSF, Effect: DAP12 and FcRg phosphorylate Syk and PLCg2 initiating Ca2+ oscillations]"
PubMed,"Wu et al., 2017 (Nat Commun) - Galpha13 (GNA13) negatively regulates osteoclastogenesis by suppressing NFATc1",10.1038/ncomms14234,protein,G protein subunit alpha 13 (Galpha13),"Galpha13 negatively regulates osteoclast differentiation by suppressing the Akt-GSK3b-NFATc1 cascade. [Assay: Western blot, Treatment: RANKL + Gna13 conditional knockout (LysM-Cre), Effect: Loss of Galpha13 hyper-activates Akt and NFATc1 leading to osteoporosis]"
PubMed,"Faccio et al., 2005 (J Cell Biol) - Vav3 regulates osteoclast function and bone mass downstream of alphaVbeta3 integrin",10.1083/jcb.200412083,protein,Integrin subunit alpha V,"alpha_v_beta_3 integrin engagement induces c-Src activation at the podosome belt. [Confirmed by STRING v12.0 mouse PPI: score=0.966, escore=0.078] [Assay: Rhodamine phalloidin confocal, Treatment: RANKL + M-CSF in Vav3-/- BMMs, Effect: Complete disruption of circumferential F-actin sealing zone]"
PubMed,"Teitelbaum, 2007 (Science) - Osteoclasts: what do they do and how do they do it?",10.1126/science.1136892,protein,Integrin subunit alpha V,"Integrin alpha-v engages bone matrix vitronectin, activating c-Src tyrosine kinase. [Confirmed by STRING v12.0 mouse PPI: score=0.966, escore=0.078] [Assay: Zymography, Western blot, and scanning electron microscopy (SEM), Treatment: RANKL-differentiated mature osteoclasts on bone matrix, Effect: CTSK and MMPs are secreted into the sealed lacuna to degrade type I collagen and matrix]"
PubMed,"Faccio et al., 2005 (J Cell Biol) - Vav3 regulates osteoclast function and bone mass downstream of alphaVbeta3 integrin",10.1083/jcb.200412083,protein,Integrin subunit beta 3,"Canonical signaling transduction step: HGNC:ITGB3 activates HGNC:SRC reported in PMID:15711558. [Confirmed by STRING v12.0 mouse PPI: score=0.986, escore=0.306]"
PubMed,"Takayanagi et al., 2005 (Nature Med) - Induction and activation of IFN-beta in osteoclasts provides an autoregulatory negative feedback loop",10.1038/nm1194,protein,Interferon alpha and beta receptor subunit 1,"Secreted IFN-beta binds cell-surface IFNAR1 in an autocrine loop. [Confirmed by STRING v12.0 mouse PPI: score=0.999, escore=0.904] [Assay: Western blot, Treatment: RANKL + recombinant IFN-beta, Effect: Autocrine IFN-beta induces c-Fos degradation as an intrinsic negative feedback]"
PubMed,"Takayanagi et al., 2005 (Nature Med) - Induction and activation of IFN-beta in osteoclasts provides an autoregulatory negative feedback loop",10.1038/nm1194,protein,Interferon alpha and beta receptor subunit 1,"IFNAR1 signaling triggers Jak1/STAT1 activation leading to targeted degradation of c-Fos protein. [Assay: Western blot, Treatment: RANKL + recombinant IFN-beta, Effect: Autocrine IFN-beta induces c-Fos degradation as an intrinsic negative feedback]"
PubMed,"Takayanagi et al., 2005 (Nature Med) - Induction and activation of IFN-beta in osteoclasts provides an autoregulatory negative feedback loop",10.1038/nm1194,protein,Interferon beta 1,"NFATc1 transactivates IFN-beta gene expression in committed osteoclasts. [Assay: Western blot, Treatment: RANKL + recombinant IFN-beta, Effect: Autocrine IFN-beta induces c-Fos degradation as an intrinsic negative feedback]"
PubMed,"Takayanagi et al., 2005 (Nature Med) - Induction and activation of IFN-beta in osteoclasts provides an autoregulatory negative feedback loop",10.1038/nm1194,protein,Interferon beta 1,"Secreted IFN-beta binds cell-surface IFNAR1 in an autocrine loop. [Confirmed by STRING v12.0 mouse PPI: score=0.999, escore=0.904] [Assay: Western blot, Treatment: RANKL + recombinant IFN-beta, Effect: Autocrine IFN-beta induces c-Fos degradation as an intrinsic negative feedback]"
PubMed,"Kim et al., 2005 (Immunol Rev) - Signaling mechanisms of osteoclast differentiation by RANKL and immunoreceptors",10.1111/j.0105-2896.2005.00331.x,protein,Interferon gamma (IFN-gamma),"IFN-gamma triggers rapid ubiquitination and proteasomal degradation of TRAF6. [Confirmed by STRING v12.0 mouse PPI: score=0.712, escore=0] [Assay: Fluo-4 imaging, Treatment: RANKL + DAP12/FcRgamma co-stimulation, Effect: PLCgamma2 induces sustained Ca2+ oscillations activating Calcineurin]"
PubMed,"Boyce & Xing, 2007 (Arthritis Res Ther) - The RANKL/RANK/OPG pathway and cytokine regulation (TNF, IL-1) in osteoclasts",10.1186/ar2165,protein,Interleukin 1 beta,"IL-1beta binds IL-1R1 activating MyD88-TRAF6 signaling complex. [Confirmed by STRING v12.0 mouse PPI: score=0.999, escore=0.855] [Assay: Electrophoretic mobility shift assay (EMSA) and TRAP staining, Treatment: RANKL + TNF-alpha / IL-1beta, Effect: TNF and IL-1 synergize with RANKL via TRAF6 to drive osteoclastogenesis]"
PubMed,"Boyce & Xing, 2007 (Arthritis Res Ther) - The RANKL/RANK/OPG pathway and cytokine regulation (TNF, IL-1) in osteoclasts",10.1186/ar2165,protein,Interleukin 1 receptor type 1,"IL-1beta binds IL-1R1 activating MyD88-TRAF6 signaling complex. [Confirmed by STRING v12.0 mouse PPI: score=0.999, escore=0.855] [Assay: Electrophoretic mobility shift assay (EMSA) and TRAP staining, Treatment: RANKL + TNF-alpha / IL-1beta, Effect: TNF and IL-1 synergize with RANKL via TRAF6 to drive osteoclastogenesis]"
PubMed,"Boyce & Xing, 2007 (Arthritis Res Ther) - The RANKL/RANK/OPG pathway and cytokine regulation (TNF, IL-1) in osteoclasts",10.1186/ar2165,protein,Interleukin 1 receptor type 1,"IL-1R1 recruits TRAF6 to amplify downstream MAPK and NF-kB signaling. [Confirmed by STRING v12.0 mouse PPI: score=0.994, escore=0.495] [Assay: Electrophoretic mobility shift assay (EMSA) and TRAP staining, Treatment: RANKL + TNF-alpha / IL-1beta, Effect: TNF and IL-1 synergize with RANKL via TRAF6 to drive osteoclastogenesis]"
PubMed,"Boyce & Xing, 2007 (Arthritis Res Ther) - The RANKL/RANK/OPG pathway and cytokine regulation (TNF, IL-1) in osteoclasts",10.1186/ar2165,protein,Interleukin 10,"IL-10 inhibits NFATc1 induction in osteoclast precursors. [Assay: Electrophoretic mobility shift assay (EMSA) and TRAP staining, Treatment: RANKL + TNF-alpha / IL-1beta, Effect: TNF and IL-1 synergize with RANKL via TRAF6 to drive osteoclastogenesis]"
PubMed,"Boyce & Xing, 2007 (Arthritis Res Ther) - The RANKL/RANK/OPG pathway and cytokine regulation (TNF, IL-1) in osteoclasts",10.1186/ar2165,protein,Interleukin 13,"IL-13 signals through IL-4Ralpha to inhibit NFATc1 induction. [Assay: Electrophoretic mobility shift assay (EMSA) and TRAP staining, Treatment: RANKL + TNF-alpha / IL-1beta, Effect: TNF and IL-1 synergize with RANKL via TRAF6 to drive osteoclastogenesis]"
PubMed,"Boyce & Xing, 2007 (Arthritis Res Ther) - The RANKL/RANK/OPG pathway and cytokine regulation (TNF, IL-1) in osteoclasts",10.1186/ar2165,protein,Interleukin 17A,"IL-17A stimulates osteocytic expression of sclerostin. [Assay: Electrophoretic mobility shift assay (EMSA) and TRAP staining, Treatment: RANKL + TNF-alpha / IL-1beta, Effect: TNF and IL-1 synergize with RANKL via TRAF6 to drive osteoclastogenesis]"
PubMed,"Boyce & Xing, 2007 (Arthritis Res Ther) - The RANKL/RANK/OPG pathway and cytokine regulation (TNF, IL-1) in osteoclasts",10.1186/ar2165,protein,Interleukin 3,"IL-3 diverts precursors away from the osteoclast lineage and represses NFATc1. [Assay: Electrophoretic mobility shift assay (EMSA) and TRAP staining, Treatment: RANKL + TNF-alpha / IL-1beta, Effect: TNF and IL-1 synergize with RANKL via TRAF6 to drive osteoclastogenesis]"
PubMed,"Boyce & Xing, 2007 (Arthritis Res Ther) - The RANKL/RANK/OPG pathway and cytokine regulation (TNF, IL-1) in osteoclasts",10.1186/ar2165,protein,Interleukin 33,"IL-33 promotes alternative M2 polarization, attenuating osteoclast differentiation. [Assay: Electrophoretic mobility shift assay (EMSA) and TRAP staining, Treatment: RANKL + TNF-alpha / IL-1beta, Effect: TNF and IL-1 synergize with RANKL via TRAF6 to drive osteoclastogenesis]"
PubMed,"Boyce & Xing, 2007 (Arthritis Res Ther) - The RANKL/RANK/OPG pathway and cytokine regulation (TNF, IL-1) in osteoclasts",10.1186/ar2165,protein,Interleukin 4,"IL-4 inhibits NFATc1 expression and halts precursor differentiation. [Assay: Electrophoretic mobility shift assay (EMSA) and TRAP staining, Treatment: RANKL + TNF-alpha / IL-1beta, Effect: TNF and IL-1 synergize with RANKL via TRAF6 to drive osteoclastogenesis]"
PubMed,"Boyce & Xing, 2007 (Arthritis Res Ther) - The RANKL/RANK/OPG pathway and cytokine regulation (TNF, IL-1) in osteoclasts",10.1186/ar2165,protein,Interleukin 6,"IL-6 binds IL-6R to initiate receptor dimerization. [Assay: Electrophoretic mobility shift assay (EMSA) and TRAP staining, Treatment: RANKL + TNF-alpha / IL-1beta, Effect: TNF and IL-1 synergize with RANKL via TRAF6 to drive osteoclastogenesis]"
PubMed,"Boyce & Xing, 2007 (Arthritis Res Ther) - The RANKL/RANK/OPG pathway and cytokine regulation (TNF, IL-1) in osteoclasts",10.1186/ar2165,protein,Interleukin 6 receptor,"IL-6 binds IL-6R to initiate receptor dimerization. [Assay: Electrophoretic mobility shift assay (EMSA) and TRAP staining, Treatment: RANKL + TNF-alpha / IL-1beta, Effect: TNF and IL-1 synergize with RANKL via TRAF6 to drive osteoclastogenesis]"
PubMed,"Boyce & Xing, 2007 (Arthritis Res Ther) - The RANKL/RANK/OPG pathway and cytokine regulation (TNF, IL-1) in osteoclasts",10.1186/ar2165,protein,Interleukin 6 receptor,"IL-6/IL-6R complex recruits gp130 signal transducer. [Assay: Electrophoretic mobility shift assay (EMSA) and TRAP staining, Treatment: RANKL + TNF-alpha / IL-1beta, Effect: TNF and IL-1 synergize with RANKL via TRAF6 to drive osteoclastogenesis]"
PubMed,"Boyce & Xing, 2007 (Arthritis Res Ther) - The RANKL/RANK/OPG pathway and cytokine regulation (TNF, IL-1) in osteoclasts",10.1186/ar2165,protein,Interleukin 6 signal transducer (gp130),"IL-6/IL-6R complex recruits gp130 signal transducer. [Assay: Electrophoretic mobility shift assay (EMSA) and TRAP staining, Treatment: RANKL + TNF-alpha / IL-1beta, Effect: TNF and IL-1 synergize with RANKL via TRAF6 to drive osteoclastogenesis]"
PubMed,"Yuan et al., 2022 (Cell Death Differ) - IFT80 stabilizes Cbl-b to regulate TRAF6 ubiquitination and degradation in osteoclasts",10.1038/s41418-022-01004-9,protein,Intraflagellar transport 80,"IFT80 bridges TRAF6 to Cbl-b, facilitating K48-linked polyubiquitination and degradation of TRAF6. [Assay: Immunoprecipitation, Treatment: RANKL + IFT80 shRNA, Effect: IFT80 loss impairs Cbl-b-mediated TRAF6 degradation amplifying signaling]"
PubMed,"Koga et al., 2004 (Nature) - Costimulatory signals for NFATc1 in bone homeostasis by ITAM-harboring adaptors",10.1038/nature02444,protein,Lymphocyte cytosolic protein 2 (SLP-76),"Syk phosphorylates SLP-76 (LCP2) scaffolding adaptor. [Confirmed by STRING v12.0 mouse PPI: score=0.999, escore=0.196] [Assay: Immunoprecipitation and Fura-2 calcium imaging, Treatment: RANKL + M-CSF, Effect: DAP12 and FcRg phosphorylate Syk and PLCg2 initiating Ca2+ oscillations]"
PubMed,"Koga et al., 2004 (Nature) - Costimulatory signals for NFATc1 in bone homeostasis by ITAM-harboring adaptors",10.1038/nature02444,protein,Lymphocyte cytosolic protein 2 (SLP-76),"SLP-76 recruits and activates Bruton tyrosine kinase BTK. [Confirmed by STRING v12.0 mouse PPI: score=0.998, escore=0.154] [Assay: Immunoprecipitation and Fura-2 calcium imaging, Treatment: RANKL + M-CSF, Effect: DAP12 and FcRg phosphorylate Syk and PLCg2 initiating Ca2+ oscillations]"
PubMed,"Koga et al., 2004 (Nature) - Costimulatory signals for NFATc1 in bone homeostasis by ITAM-harboring adaptors",10.1038/nature02444,protein,Lymphocyte cytosolic protein 2 (SLP-76),"SLP-76 scaffold coordinates Tec family kinase recruitment. [Confirmed by STRING v12.0 mouse PPI: score=0.936, escore=0.236] [Assay: Immunoprecipitation and Fura-2 calcium imaging, Treatment: RANKL + M-CSF, Effect: DAP12 and FcRg phosphorylate Syk and PLCg2 initiating Ca2+ oscillations]"
PubMed,"Wang et al., 2024 (Bone Res) - Sorting nexin 10 (SNX10) and moesin (MSN) coordinate osteoclast syncytium cell-cell fusion",10.1038/s41413-024-00331-5,protein,Moesin (ERM family cytoskeletal linker),"Moesin links actin cortex to membrane vesicles promoting tunneling nanotube and syncytium formation. [Assay: Confocal microscopy, Treatment: RANKL in Snx10-/- BMMs, Effect: SNX10 loss prolongs DC-STAMP on membrane causing giant osteoclasts]"
PubMed,"Kim et al., 2005 (Immunol Rev) - Signaling mechanisms of osteoclast differentiation by RANKL and immunoreceptors",10.1111/j.0105-2896.2005.00331.x,protein,NF-kB inhibitor alpha (IkB-alpha),"IKKbeta phosphorylates IkBalpha at Ser32/36 triggering polyubiquitination and 26S proteasome degradation. [Confirmed by STRING v12.0 mouse PPI: score=0.999, escore=0.965] [Assay: Fluo-4 imaging, Treatment: RANKL + DAP12/FcRgamma co-stimulation, Effect: PLCgamma2 induces sustained Ca2+ oscillations activating Calcineurin]"
PubMed,"Kim et al., 2005 (Immunol Rev) - Signaling mechanisms of osteoclast differentiation by RANKL and immunoreceptors",10.1111/j.0105-2896.2005.00331.x,protein,NF-kB inhibitor alpha (IkB-alpha),"Unphosphorylated IkBalpha masks the nuclear localization signal of RelA retaining it in cytoplasm. [Confirmed by STRING v12.0 mouse PPI: score=0.999, escore=0.997] [Assay: Fluo-4 imaging, Treatment: RANKL + DAP12/FcRgamma co-stimulation, Effect: PLCgamma2 induces sustained Ca2+ oscillations activating Calcineurin]"
PubMed,"Koga et al., 2004 (Nature) - Costimulatory signals for NFATc1 in bone homeostasis by ITAM-harboring adaptors",10.1038/nature02444,protein,Osteoclast associated Ig-like receptor,"OSCAR binds exposed bone collagen fibers and signals through FcR-gamma ITAM phosphorylation. [Confirmed by STRING v12.0 mouse PPI: score=0.994, escore=0.103] [Assay: Western blot and TRAP, Treatment: RANKL in Dap12-/- Fcer1g-/- double knockout, Effect: Severe osteopetrosis with complete block in PLC-gamma activation]"
PubMed,"Koga et al., 2004 (Nature) - Costimulatory signals for NFATc1 in bone homeostasis by ITAM-harboring adaptors",10.1038/nature02444,protein,Osteoclast associated Ig-like receptor,"OSCAR pairs with FcR-gamma adaptor in primary osteoclasts. [Confirmed by STRING v12.0 mouse PPI: score=0.994, escore=0.103] [Assay: Immunoprecipitation and Fura-2 calcium imaging, Treatment: RANKL + M-CSF, Effect: DAP12 and FcRg phosphorylate Syk and PLCg2 initiating Ca2+ oscillations]"
PubMed,"Yagi et al., 2005 (J Exp Med) - DC-STAMP is essential for cell-cell fusion in osteoclasts",10.1084/jem.20050645,protein,Osteoclast stimulatory transmembrane protein,"Canonical signaling transduction step: HGNC:NFATC1 activates HGNC:OCSTAMP reported in PMID:16061724. [Confirmed by STRING v12.0 mouse PPI: score=0.751, escore=0]"
PubMed,"Yagi et al., 2005 (J Exp Med) - DC-STAMP is essential for cell-cell fusion in osteoclasts",10.1084/jem.20050645,protein,Osteoclast stimulatory transmembrane protein,"OC-STAMP collaborates with DC-STAMP to promote multinucleated polykaryon formation. [Assay: Giemsa and TRAP staining, Treatment: RANKL (50 ng/mL) in Dcstamp-/- BMMs, Effect: Complete block in syncytium formation; cells remain mononuclear]"
PubMed,"Teitelbaum, 2007 (Science) - Osteoclasts: what do they do and how do they do it?",10.1126/science.1136892,protein,Osteopetrosis associated transmembrane protein 1,"OSTM1 serves as the obligate beta-subunit for CLC-7, required for chloride channel stability and lacuna acidification. [Confirmed by STRING v12.0 mouse PPI: score=0.999, escore=0.912] [Assay: Immunofluorescence and pH imaging, Treatment: RANKL-matured osteoclasts on cortical bone, Effect: Secretion of ACP5 and CTSK into sealed acidified lacuna (pH 4.5)]"
PubMed,"Koga et al., 2004 (Nature) - Costimulatory signals for NFATc1 in bone homeostasis by ITAM-harboring adaptors",10.1038/nature02444,protein,Paired immunoglobulin-like receptor A,"PIR-A associates with FcR-gamma chain to initiate ITAM signaling. [Assay: Immunoprecipitation and Fura-2 calcium imaging, Treatment: RANKL + M-CSF, Effect: DAP12 and FcRg phosphorylate Syk and PLCg2 initiating Ca2+ oscillations]"
PubMed,"Chu et al., 2024 (Cell Metab) - PRMT6-mediated H3R2me2a controls fatty acid oxidation during osteoclastogenesis",10.1016/j.cmet.2024.07.009,protein,Peroxisome proliferator activated receptor delta,"Enriched H3R2me2a marks recruit transcriptional repressors leading to downregulation of Ppard and Cpt1a. [Assay: Western blot and ChIP-qPCR, Treatment: RANKL (100 ng/mL), Effect: Strong induction of PRMT6 and H3R2me2a repression]"
PubMed,"Chu et al., 2024 (Cell Metab) - PRMT6-mediated H3R2me2a controls fatty acid oxidation during osteoclastogenesis",10.1016/j.cmet.2024.07.009,protein,Peroxisome proliferator activated receptor delta,"Re-expression of PPARd restored FAO and blunted osteoclast differentiation. [Assay: TRAP staining and Seahorse glycolysis, Treatment: RANKL (50 ng/mL) + EPZ020411, Effect: 75% decrease in osteoclast formation; restores FAO]"
PubMed,"Sugatani et al., 2011 (J Biol Chem) - c-Fos upregulates miR-21 which targets Pdcd4 in osteoclasts",10.1074/jbc.M110.179457,protein,Programmed cell death 4,"miR-21 targets Pdcd4 for degradation relieving repression on osteoclast differentiation. [Assay: qPCR and Luciferase, Treatment: RANKL (50 ng/mL) + c-Fos binding to miR-21 promoter, Effect: c-Fos upregulates miR-21 which downregulates Pdcd4 repressor]"
PubMed,"Sugatani et al., 2011 (J Biol Chem) - c-Fos upregulates miR-21 which targets Pdcd4 in osteoclasts",10.1074/jbc.M110.179457,protein,Programmed cell death 4,Canonical signaling transduction step: HGNC:PDCD4 inhibits HGNC:FOS reported in PMID:21307384.
PubMed,"Faccio et al., 2005 (J Cell Biol) - Vav3 regulates osteoclast function and bone mass downstream of alphaVbeta3 integrin",10.1083/jcb.200412083,protein,Rac family small GTPase 1,"Vav3-dependent GTP-Rac1 loading is necessary for F-actin reorganization into sealing zone. [Confirmed by STRING v12.0 mouse PPI: score=0.767, escore=0.169] [Assay: GTPase pull-down assay, Treatment: M-CSF + RANKL + Rac1 pull-down, Effect: Vav3 directly mediates GTP-Rac1 activation downstream of Src]"
PubMed,"Faccio et al., 2005 (J Cell Biol) - Vav3 regulates osteoclast function and bone mass downstream of alphaVbeta3 integrin",10.1083/jcb.200412083,protein,Rac family small GTPase 1,"Canonical signaling transduction step: HGNC:RAC1 activates HGNC:WAS reported in PMID:15711558. [Confirmed by STRING v12.0 mouse PPI: score=0.856, escore=0.39]"
PubMed,"Lee et al., 2013 (Bone) - miR-124 inhibits osteoclastogenesis by targeting NFATc1 and RhoA",10.1016/j.bone.2013.02.002,protein,Ras homolog family member A,Canonical signaling transduction step: MIRNA:mmu-miR-124-3p targets_mrna HGNC:RHOA reported in PMID:23568894.
PubMed,"Shin et al., 2007 (J Cell Biochem) - RGS10 and RGS12 in osteoclast differentiation and calcium signaling",10.1002/jcb.21251,protein,Regulator of G protein signaling 10,"RGS10A interacts with Ca2+/CaM to facilitate cyclic PLCgamma activation and Ca2+ oscillations. [Assay: Fluo-4 imaging, Treatment: RANKL in Rgs10-/- BMMs, Effect: Loss of RGS10 abolishes Ca2+ oscillations and impairs differentiation]"
PubMed,"Shin et al., 2007 (J Cell Biochem) - RGS10 and RGS12 in osteoclast differentiation and calcium signaling",10.1002/jcb.21251,protein,Regulator of G protein signaling 12,"RGS12 acts as an essential signaling hub upstream of p38 MAPK and N-type calcium channels. [Assay: Fluo-4 imaging, Treatment: RANKL in Rgs10-/- BMMs, Effect: Loss of RGS10 abolishes Ca2+ oscillations and impairs differentiation]"
PubMed,"Boyce & Xing, 2007 (Arthritis Res Ther) - The RANKL/RANK/OPG pathway and cytokine regulation (TNF, IL-1) in osteoclasts",10.1186/ar2165,protein,Sclerostin,"Sclerostin antagonizes Wnt/beta-catenin to increase RANKL/OPG ratio. [Confirmed by STRING v12.0 mouse PPI: score=0.903, escore=0] [Assay: Electrophoretic mobility shift assay (EMSA) and TRAP staining, Treatment: RANKL + TNF-alpha / IL-1beta, Effect: TNF and IL-1 synergize with RANKL via TRAF6 to drive osteoclastogenesis]"
PubMed,"Boyce & Xing, 2007 (Arthritis Res Ther) - The RANKL/RANK/OPG pathway and cytokine regulation (TNF, IL-1) in osteoclasts",10.1186/ar2165,protein,Sclerostin,"IL-17A stimulates osteocytic expression of sclerostin. [Assay: Electrophoretic mobility shift assay (EMSA) and TRAP staining, Treatment: RANKL + TNF-alpha / IL-1beta, Effect: TNF and IL-1 synergize with RANKL via TRAF6 to drive osteoclastogenesis]"
PubMed,"Koga et al., 2004 (Nature) - Costimulatory signals for NFATc1 in bone homeostasis by ITAM-harboring adaptors",10.1038/nature02444,protein,Signal regulatory protein beta 1,"SIRP-beta-1 pairs with ITAM-bearing DAP12 adaptor in BMMs. [Assay: Immunoprecipitation and Fura-2 calcium imaging, Treatment: RANKL + M-CSF, Effect: DAP12 and FcRg phosphorylate Syk and PLCg2 initiating Ca2+ oscillations]"
PubMed,"Wang et al., 2024 (Bone Res) - Sorting nexin 10 (SNX10) and moesin (MSN) coordinate osteoclast syncytium cell-cell fusion",10.1038/s41413-024-00331-5,protein,Sorting nexin 10,"Sorting nexin 10 regulates the endosomal trafficking and membrane retrieval of DC-STAMP. [Assay: Confocal microscopy, Treatment: RANKL in Snx10-/- BMMs, Effect: SNX10 loss prolongs DC-STAMP on membrane causing giant osteoclasts]"
PubMed,"Teitelbaum, 2007 (Science) - Osteoclasts: what do they do and how do they do it?",10.1126/science.1136892,protein,T cell immune regulator 1 ATPase a3 subunit (Atp6i),"TCIRG1 (a3 subunit of V-ATPase) pumps protons into the lacuna establishing pH 4.5 required for mineral dissolution. [Assay: Immunofluorescence and pH imaging, Treatment: RANKL-matured osteoclasts on cortical bone, Effect: Secretion of ACP5 and CTSK into sealed acidified lacuna (pH 4.5)]"
PubMed,"Teitelbaum, 2007 (Science) - Osteoclasts: what do they do and how do they do it?",10.1126/science.1136892,protein,T cell immune regulator 1 ATPase a3 subunit (Atp6i),"Cytoplasmic protons are translocated by TCIRG1 a3 V-ATPase proton pump. [Assay: Zymography, Western blot, and scanning electron microscopy (SEM), Treatment: RANKL-differentiated mature osteoclasts on bone matrix, Effect: CTSK and MMPs are secreted into the sealed lacuna to degrade type I collagen and matrix]"
PubMed,"Teitelbaum, 2007 (Science) - Osteoclasts: what do they do and how do they do it?",10.1126/science.1136892,protein,T cell immune regulator 1 ATPase a3 subunit (Atp6i),"V-ATPase a3 subunit pumps protons across ruffled border into resorption lacuna. [Assay: Zymography, Western blot, and scanning electron microscopy (SEM), Treatment: RANKL-differentiated mature osteoclasts on bone matrix, Effect: CTSK and MMPs are secreted into the sealed lacuna to degrade type I collagen and matrix]"
PubMed,"Teitelbaum, 2007 (Science) - Osteoclasts: what do they do and how do they do it?",10.1126/science.1136892,protein,T cell immune regulator 1 ATPase a3 subunit (Atp6i),"TCIRG1 a3 subunit docks V-ATPase complexes into the ruffled border membrane. [Assay: Zymography, Western blot, and scanning electron microscopy (SEM), Treatment: RANKL-differentiated mature osteoclasts on bone matrix, Effect: CTSK and MMPs are secreted into the sealed lacuna to degrade type I collagen and matrix]"
PubMed,"Kim et al., 2005 (Immunol Rev) - Signaling mechanisms of osteoclast differentiation by RANKL and immunoreceptors",10.1111/j.0105-2896.2005.00331.x,protein,TNF receptor associated factor 3,"RANK engages TRAF3 to regulate NIK turnover. [Confirmed by STRING v12.0 mouse PPI: score=0.73, escore=0.337] [Assay: Fluo-4 imaging, Treatment: RANKL + DAP12/FcRgamma co-stimulation, Effect: PLCgamma2 induces sustained Ca2+ oscillations activating Calcineurin]"
PubMed,"Kim et al., 2005 (Immunol Rev) - Signaling mechanisms of osteoclast differentiation by RANKL and immunoreceptors",10.1111/j.0105-2896.2005.00331.x,protein,TNF receptor associated factor 3,"TRAF3 degradation stabilizes NIK (MAP3K14) allowing noncanonical activation. [Confirmed by STRING v12.0 mouse PPI: score=0.986, escore=0.662] [Assay: Fluo-4 imaging, Treatment: RANKL + DAP12/FcRgamma co-stimulation, Effect: PLCgamma2 induces sustained Ca2+ oscillations activating Calcineurin]"
PubMed,"Boyce & Xing, 2007 (Arthritis Res Ther) - The RANKL/RANK/OPG pathway and cytokine regulation (TNF, IL-1) in osteoclasts",10.1186/ar2165,protein,TNF receptor associated factor 3,"TNFR2 engages TRAF3 to regulate inflammatory precursor survival. [Confirmed by STRING v12.0 mouse PPI: score=0.853, escore=0.291] [Assay: Electrophoretic mobility shift assay (EMSA) and TRAP staining, Treatment: RANKL + TNF-alpha / IL-1beta, Effect: TNF and IL-1 synergize with RANKL via TRAF6 to drive osteoclastogenesis]"
PubMed,"Kim et al., 2005 (Immunol Rev) - Signaling mechanisms of osteoclast differentiation by RANKL and immunoreceptors",10.1111/j.0105-2896.2005.00331.x,protein,TNF receptor associated factor 6,"TRAF6 recruitment to cytoplasmic tail of RANK is indispensable for osteoclastogenesis. [Confirmed by STRING v12.0 mouse PPI: score=0.988, escore=0.727] [Assay: Fluo-4 imaging, Treatment: RANKL + DAP12/FcRgamma co-stimulation, Effect: PLCgamma2 induces sustained Ca2+ oscillations activating Calcineurin]"
PubMed,"Kim et al., 2005 (Immunol Rev) - Signaling mechanisms of osteoclast differentiation by RANKL and immunoreceptors",10.1111/j.0105-2896.2005.00331.x,protein,TNF receptor associated factor 6,"Canonical signaling transduction step: HGNC:TRAF6 activates HGNC:IKBKB reported in PMID:16339965. [Confirmed by STRING v12.0 mouse PPI: score=0.999, escore=0.26]"
PubMed,"Kim et al., 2005 (Immunol Rev) - Signaling mechanisms of osteoclast differentiation by RANKL and immunoreceptors",10.1111/j.0105-2896.2005.00331.x,protein,TNF receptor associated factor 6,"Canonical signaling transduction step: HGNC:TRAF6 activates HGNC:MAPK14 reported in PMID:16339965. [Confirmed by STRING v12.0 mouse PPI: score=0.723, escore=0]"
PubMed,"Kim et al., 2005 (Immunol Rev) - Signaling mechanisms of osteoclast differentiation by RANKL and immunoreceptors",10.1111/j.0105-2896.2005.00331.x,protein,TNF receptor associated factor 6,"Canonical signaling transduction step: HGNC:TRAF6 activates HGNC:MAPK8 reported in PMID:16339965. [Confirmed by STRING v12.0 mouse PPI: score=0.961, escore=0.089]"
PubMed,"Yuan et al., 2022 (Cell Death Differ) - IFT80 stabilizes Cbl-b to regulate TRAF6 ubiquitination and degradation in osteoclasts",10.1038/s41418-022-01004-9,protein,TNF receptor associated factor 6,"Cbl-b E3 ubiquitin ligase mediates proteasomal degradation of TRAF6, limiting osteoclastogenesis. [Assay: Immunoprecipitation, Treatment: RANKL + IFT80 shRNA, Effect: IFT80 loss impairs Cbl-b-mediated TRAF6 degradation amplifying signaling]"
PubMed,"Boyce & Xing, 2007 (Arthritis Res Ther) - The RANKL/RANK/OPG pathway and cytokine regulation (TNF, IL-1) in osteoclasts",10.1186/ar2165,protein,TNF receptor associated factor 6,"TNFR1 engages TRAF6 to drive canonical NF-kB activation. [Confirmed by STRING v12.0 mouse PPI: score=0.995, escore=0.098] [Assay: Electrophoretic mobility shift assay (EMSA) and TRAP staining, Treatment: RANKL + TNF-alpha / IL-1beta, Effect: TNF and IL-1 synergize with RANKL via TRAF6 to drive osteoclastogenesis]"
PubMed,"Boyce & Xing, 2007 (Arthritis Res Ther) - The RANKL/RANK/OPG pathway and cytokine regulation (TNF, IL-1) in osteoclasts",10.1186/ar2165,protein,TNF receptor associated factor 6,"IL-1R1 recruits TRAF6 to amplify downstream MAPK and NF-kB signaling. [Confirmed by STRING v12.0 mouse PPI: score=0.994, escore=0.495] [Assay: Electrophoretic mobility shift assay (EMSA) and TRAP staining, Treatment: RANKL + TNF-alpha / IL-1beta, Effect: TNF and IL-1 synergize with RANKL via TRAF6 to drive osteoclastogenesis]"
PubMed,"Boyce & Xing, 2007 (Arthritis Res Ther) - The RANKL/RANK/OPG pathway and cytokine regulation (TNF, IL-1) in osteoclasts",10.1186/ar2165,protein,TNF receptor associated factor 6,"TLR4 activation recruits TRAF6 to stimulate NF-kB nuclear translocation. [Confirmed by STRING v12.0 mouse PPI: score=0.999, escore=0.994] [Assay: Electrophoretic mobility shift assay (EMSA) and TRAP staining, Treatment: RANKL + TNF-alpha / IL-1beta, Effect: TNF and IL-1 synergize with RANKL via TRAF6 to drive osteoclastogenesis]"
PubMed,"Boyce & Xing, 2007 (Arthritis Res Ther) - The RANKL/RANK/OPG pathway and cytokine regulation (TNF, IL-1) in osteoclasts",10.1186/ar2165,protein,TNF receptor associated factor 6,"CD40 co-stimulatory receptor binds TRAF6 in osteoclast precursors. [Confirmed by STRING v12.0 mouse PPI: score=0.999, escore=0.825] [Assay: Electrophoretic mobility shift assay (EMSA) and TRAP staining, Treatment: RANKL + TNF-alpha / IL-1beta, Effect: TNF and IL-1 synergize with RANKL via TRAF6 to drive osteoclastogenesis]"
PubMed,"Kim et al., 2005 (Immunol Rev) - Signaling mechanisms of osteoclast differentiation by RANKL and immunoreceptors",10.1111/j.0105-2896.2005.00331.x,protein,TNF receptor associated factor 6,"CYLD deubiquitinates Lys63 chains on TRAF6 terminating activation. [Confirmed by STRING v12.0 mouse PPI: score=0.998, escore=0.7] [Assay: Fluo-4 imaging, Treatment: RANKL + DAP12/FcRgamma co-stimulation, Effect: PLCgamma2 induces sustained Ca2+ oscillations activating Calcineurin]"
PubMed,"Kim et al., 2005 (Immunol Rev) - Signaling mechanisms of osteoclast differentiation by RANKL and immunoreceptors",10.1111/j.0105-2896.2005.00331.x,protein,TNF receptor associated factor 6,"IFN-gamma triggers rapid ubiquitination and proteasomal degradation of TRAF6. [Confirmed by STRING v12.0 mouse PPI: score=0.712, escore=0] [Assay: Fluo-4 imaging, Treatment: RANKL + DAP12/FcRgamma co-stimulation, Effect: PLCgamma2 induces sustained Ca2+ oscillations activating Calcineurin]"
PubMed,"Kim et al., 2005 (Immunol Rev) - Signaling mechanisms of osteoclast differentiation by RANKL and immunoreceptors",10.1111/j.0105-2896.2005.00331.x,protein,TNF receptor associated factor 6,"TRAF6 polyubiquitination activates MAP3K7 (TAK1) kinase. [Confirmed by STRING v12.0 mouse PPI: score=0.999, escore=0.994] [Assay: Fluo-4 imaging, Treatment: RANKL + DAP12/FcRgamma co-stimulation, Effect: PLCgamma2 induces sustained Ca2+ oscillations activating Calcineurin]"
PubMed,"Wada et al., 2006 (Nat Rev Drug Discov) - RANKL-RANK signaling MAPK cascades (p38, JNK, ERK) in osteoclasts",10.1038/nrd2031,protein,TNF receptor associated factor 6,"TRAF6 stimulates ASK1 kinase activation in osteoclast precursors. [Confirmed by STRING v12.0 mouse PPI: score=0.916, escore=0.554] [Assay: Western blot and kinase activity assay, Treatment: RANKL stimulation, Effect: Sequential cascade: TAK1/ASK1/MEKK1 activate MKK3/6, MKK4/7, MEK1/2, driving p38, JNK, ERK]"
PubMed,"Wada et al., 2006 (Nat Rev Drug Discov) - RANKL-RANK signaling MAPK cascades (p38, JNK, ERK) in osteoclasts",10.1038/nrd2031,protein,TNF receptor associated factor 6,"TRAF6 polyubiquitination engages MEKK1 kinase. [Confirmed by STRING v12.0 mouse PPI: score=0.975, escore=0.608] [Assay: Western blot and kinase activity assay, Treatment: RANKL stimulation, Effect: Sequential cascade: TAK1/ASK1/MEKK1 activate MKK3/6, MKK4/7, MEK1/2, driving p38, JNK, ERK]"
PubMed,"Kim et al., 2005 (Immunol Rev) - Signaling mechanisms of osteoclast differentiation by RANKL and immunoreceptors",10.1111/j.0105-2896.2005.00331.x,protein,TNF receptor associated factor 6,"miR-146a binds the 3-prime UTR of Traf6 mRNA to curb excessive RANK signaling. [Assay: Fluo-4 imaging, Treatment: RANKL + DAP12/FcRgamma co-stimulation, Effect: PLCgamma2 induces sustained Ca2+ oscillations activating Calcineurin]"
PubMed,"Kim et al., 2005 (Immunol Rev) - Signaling mechanisms of osteoclast differentiation by RANKL and immunoreceptors",10.1111/j.0105-2896.2005.00331.x,protein,TNF receptor superfamily member 11a (RANK),"RANKL binds RANK to recruit TRAF6 triggering downstream signaling in BMMs. [Confirmed by STRING v12.0 mouse PPI: score=0.999, escore=0.977] [Assay: Fluo-4 imaging, Treatment: RANKL + DAP12/FcRgamma co-stimulation, Effect: PLCgamma2 induces sustained Ca2+ oscillations activating Calcineurin]"
PubMed,"Kim et al., 2005 (Immunol Rev) - Signaling mechanisms of osteoclast differentiation by RANKL and immunoreceptors",10.1111/j.0105-2896.2005.00331.x,protein,TNF receptor superfamily member 11a (RANK),"TRAF6 recruitment to cytoplasmic tail of RANK is indispensable for osteoclastogenesis. [Confirmed by STRING v12.0 mouse PPI: score=0.988, escore=0.727] [Assay: Fluo-4 imaging, Treatment: RANKL + DAP12/FcRgamma co-stimulation, Effect: PLCgamma2 induces sustained Ca2+ oscillations activating Calcineurin]"
PubMed,"Kim et al., 2005 (Immunol Rev) - Signaling mechanisms of osteoclast differentiation by RANKL and immunoreceptors",10.1111/j.0105-2896.2005.00331.x,protein,TNF receptor superfamily member 11a (RANK),"RANK engages TRAF3 to regulate NIK turnover. [Confirmed by STRING v12.0 mouse PPI: score=0.73, escore=0.337] [Assay: Fluo-4 imaging, Treatment: RANKL + DAP12/FcRgamma co-stimulation, Effect: PLCgamma2 induces sustained Ca2+ oscillations activating Calcineurin]"
PubMed,"Lacey et al., 1998 (Cell) - Osteoprotegerin ligand is a cytokine that regulates osteoclast differentiation and activation",10.1016/S0092-8674(00)81401-4,protein,TNF receptor superfamily member 11b (OPG),"Osteoprotegerin (OPG) binds soluble and membrane RANKL as a natural decoy receptor, preventing RANK activation. [Confirmed by STRING v12.0 mouse PPI: score=0.999, escore=0.954] [Assay: ELISA and TRAP staining, Treatment: RANKL + Denosumab / OPG-Fc, Effect: Denosumab neutralizes soluble and membrane RANKL blocking osteoclastogenesis]"
PubMed,"Boyce & Xing, 2007 (Arthritis Res Ther) - The RANKL/RANK/OPG pathway and cytokine regulation (TNF, IL-1) in osteoclasts",10.1186/ar2165,protein,TNF receptor superfamily member 1A (TNFR1),"TNF-alpha binds TNFR1 on osteoclast precursor membranes. [Confirmed by STRING v12.0 mouse PPI: score=0.999, escore=0.99] [Assay: Electrophoretic mobility shift assay (EMSA) and TRAP staining, Treatment: RANKL + TNF-alpha / IL-1beta, Effect: TNF and IL-1 synergize with RANKL via TRAF6 to drive osteoclastogenesis]"
PubMed,"Boyce & Xing, 2007 (Arthritis Res Ther) - The RANKL/RANK/OPG pathway and cytokine regulation (TNF, IL-1) in osteoclasts",10.1186/ar2165,protein,TNF receptor superfamily member 1A (TNFR1),"TNFR1 engages TRAF6 to drive canonical NF-kB activation. [Confirmed by STRING v12.0 mouse PPI: score=0.995, escore=0.098] [Assay: Electrophoretic mobility shift assay (EMSA) and TRAP staining, Treatment: RANKL + TNF-alpha / IL-1beta, Effect: TNF and IL-1 synergize with RANKL via TRAF6 to drive osteoclastogenesis]"
PubMed,"Boyce & Xing, 2007 (Arthritis Res Ther) - The RANKL/RANK/OPG pathway and cytokine regulation (TNF, IL-1) in osteoclasts",10.1186/ar2165,protein,TNF receptor superfamily member 1B (TNFR2),"TNFR2 engages TRAF3 to regulate inflammatory precursor survival. [Confirmed by STRING v12.0 mouse PPI: score=0.853, escore=0.291] [Assay: Electrophoretic mobility shift assay (EMSA) and TRAP staining, Treatment: RANKL + TNF-alpha / IL-1beta, Effect: TNF and IL-1 synergize with RANKL via TRAF6 to drive osteoclastogenesis]"
PubMed,"Kim et al., 2005 (Immunol Rev) - Signaling mechanisms of osteoclast differentiation by RANKL and immunoreceptors",10.1111/j.0105-2896.2005.00331.x,protein,TNF superfamily member 11 (RANKL),"RANKL binds RANK to recruit TRAF6 triggering downstream signaling in BMMs. [Confirmed by STRING v12.0 mouse PPI: score=0.999, escore=0.977] [Assay: Fluo-4 imaging, Treatment: RANKL + DAP12/FcRgamma co-stimulation, Effect: PLCgamma2 induces sustained Ca2+ oscillations activating Calcineurin]"
PubMed,"Lacey et al., 1998 (Cell) - Osteoprotegerin ligand is a cytokine that regulates osteoclast differentiation and activation",10.1016/S0092-8674(00)81401-4,protein,TNF superfamily member 11 (RANKL),"Osteoprotegerin (OPG) binds soluble and membrane RANKL as a natural decoy receptor, preventing RANK activation. [Confirmed by STRING v12.0 mouse PPI: score=0.999, escore=0.954] [Assay: ELISA and TRAP staining, Treatment: RANKL + Denosumab / OPG-Fc, Effect: Denosumab neutralizes soluble and membrane RANKL blocking osteoclastogenesis]"
PubMed,"Lacey et al., 1998 (Cell) - Osteoprotegerin ligand is a cytokine that regulates osteoclast differentiation and activation",10.1016/S0092-8674(00)81401-4,protein,TNF superfamily member 11 (RANKL),"Denosumab monoclonal antibody neutralizes RANKL, preventing osteoclast precursor engagement. [Assay: ELISA and TRAP staining, Treatment: RANKL + Denosumab / OPG-Fc, Effect: Denosumab neutralizes soluble and membrane RANKL blocking osteoclastogenesis]"
PubMed,"Boyce & Xing, 2007 (Arthritis Res Ther) - The RANKL/RANK/OPG pathway and cytokine regulation (TNF, IL-1) in osteoclasts",10.1186/ar2165,protein,TNF superfamily member 11 (RANKL),"PGE2 stimulates RANKL production through cAMP/PKA signaling. [Assay: Electrophoretic mobility shift assay (EMSA) and TRAP staining, Treatment: RANKL + TNF-alpha / IL-1beta, Effect: TNF and IL-1 synergize with RANKL via TRAF6 to drive osteoclastogenesis]"
PubMed,"Boyce & Xing, 2007 (Arthritis Res Ther) - The RANKL/RANK/OPG pathway and cytokine regulation (TNF, IL-1) in osteoclasts",10.1186/ar2165,protein,TNF superfamily member 11 (RANKL),"Sclerostin antagonizes Wnt/beta-catenin to increase RANKL/OPG ratio. [Confirmed by STRING v12.0 mouse PPI: score=0.903, escore=0] [Assay: Electrophoretic mobility shift assay (EMSA) and TRAP staining, Treatment: RANKL + TNF-alpha / IL-1beta, Effect: TNF and IL-1 synergize with RANKL via TRAF6 to drive osteoclastogenesis]"
PubMed,"Boyce & Xing, 2007 (Arthritis Res Ther) - The RANKL/RANK/OPG pathway and cytokine regulation (TNF, IL-1) in osteoclasts",10.1186/ar2165,protein,Toll like receptor 4,"TLR4 activation recruits TRAF6 to stimulate NF-kB nuclear translocation. [Confirmed by STRING v12.0 mouse PPI: score=0.999, escore=0.994] [Assay: Electrophoretic mobility shift assay (EMSA) and TRAP staining, Treatment: RANKL + TNF-alpha / IL-1beta, Effect: TNF and IL-1 synergize with RANKL via TRAF6 to drive osteoclastogenesis]"
PubMed,"Kim et al., 2005 (Immunol Rev) - Signaling mechanisms of osteoclast differentiation by RANKL and immunoreceptors",10.1111/j.0105-2896.2005.00331.x,protein,Transmembrane immune signaling adaptor TYROBP (DAP12),"Canonical signaling transduction step: HGNC:TYROBP activates HGNC:SYK reported in PMID:16339965. [Confirmed by STRING v12.0 mouse PPI: score=0.999, escore=0.736]"
PubMed,"Koga et al., 2004 (Nature) - Costimulatory signals for NFATc1 in bone homeostasis by ITAM-harboring adaptors",10.1038/nature02444,protein,Transmembrane immune signaling adaptor TYROBP (DAP12),"TREM2 initiates ITAM phosphorylation and downstream signaling through association with DAP12. [Confirmed by STRING v12.0 mouse PPI: score=0.999, escore=0.244] [Assay: Western blot and TRAP, Treatment: RANKL in Dap12-/- Fcer1g-/- double knockout, Effect: Severe osteopetrosis with complete block in PLC-gamma activation]"
PubMed,"Koga et al., 2004 (Nature) - Costimulatory signals for NFATc1 in bone homeostasis by ITAM-harboring adaptors",10.1038/nature02444,protein,Transmembrane immune signaling adaptor TYROBP (DAP12),"SIRP-beta-1 pairs with ITAM-bearing DAP12 adaptor in BMMs. [Assay: Immunoprecipitation and Fura-2 calcium imaging, Treatment: RANKL + M-CSF, Effect: DAP12 and FcRg phosphorylate Syk and PLCg2 initiating Ca2+ oscillations]"
PubMed,"Koga et al., 2004 (Nature) - Costimulatory signals for NFATc1 in bone homeostasis by ITAM-harboring adaptors",10.1038/nature02444,protein,Transmembrane immune signaling adaptor TYROBP (DAP12),"Phosphorylated DAP12 ITAM recruits and activates Syk kinase. [Confirmed by STRING v12.0 mouse PPI: score=0.999, escore=0.736] [Assay: Immunoprecipitation and Fura-2 calcium imaging, Treatment: RANKL + M-CSF, Effect: DAP12 and FcRg phosphorylate Syk and PLCg2 initiating Ca2+ oscillations]"
PubMed,"Koga et al., 2004 (Nature) - Costimulatory signals for NFATc1 in bone homeostasis by ITAM-harboring adaptors",10.1038/nature02444,protein,Transmembrane immune signaling adaptor TYROBP (DAP12),"TREM2 pairs with DAP12 adaptor in osteoclast precursors. [Confirmed by STRING v12.0 mouse PPI: score=0.999, escore=0.244] [Assay: Immunoprecipitation and Fura-2 calcium imaging, Treatment: RANKL + M-CSF, Effect: DAP12 and FcRg phosphorylate Syk and PLCg2 initiating Ca2+ oscillations]"
PubMed,"Li et al., 2017 (J Bone Miner Res) - Long non-coding RNA AW011738 regulates TREM1 signaling in osteoclastogenesis",10.1002/jbmr.3142,protein,Triggering receptor expressed on myeloid cells 1,"Exosomal lncRNA AW011738 directly suppresses TREM1 expression. [Assay: qRT-PCR and Luciferase reporter assay, Treatment: RANKL + exosomal lncRNA AW011738, Effect: lncRNA AW011738 targets and downregulates TREM1 expression]"
PubMed,"Koga et al., 2004 (Nature) - Costimulatory signals for NFATc1 in bone homeostasis by ITAM-harboring adaptors",10.1038/nature02444,protein,Triggering receptor expressed on myeloid cells 2,"TREM2 initiates ITAM phosphorylation and downstream signaling through association with DAP12. [Confirmed by STRING v12.0 mouse PPI: score=0.999, escore=0.244] [Assay: Western blot and TRAP, Treatment: RANKL in Dap12-/- Fcer1g-/- double knockout, Effect: Severe osteopetrosis with complete block in PLC-gamma activation]"
PubMed,"Koga et al., 2004 (Nature) - Costimulatory signals for NFATc1 in bone homeostasis by ITAM-harboring adaptors",10.1038/nature02444,protein,Triggering receptor expressed on myeloid cells 2,"TREM2 pairs with DAP12 adaptor in osteoclast precursors. [Confirmed by STRING v12.0 mouse PPI: score=0.999, escore=0.244] [Assay: Immunoprecipitation and Fura-2 calcium imaging, Treatment: RANKL + M-CSF, Effect: DAP12 and FcRg phosphorylate Syk and PLCg2 initiating Ca2+ oscillations]"
PubMed,"Boyce & Xing, 2007 (Arthritis Res Ther) - The RANKL/RANK/OPG pathway and cytokine regulation (TNF, IL-1) in osteoclasts",10.1186/ar2165,protein,Tumor necrosis factor alpha (TNF-alpha),"TNF-alpha binds TNFR1 on osteoclast precursor membranes. [Confirmed by STRING v12.0 mouse PPI: score=0.999, escore=0.99] [Assay: Electrophoretic mobility shift assay (EMSA) and TRAP staining, Treatment: RANKL + TNF-alpha / IL-1beta, Effect: TNF and IL-1 synergize with RANKL via TRAF6 to drive osteoclastogenesis]"
PubMed,"Faccio et al., 2005 (J Cell Biol) - Vav3 regulates osteoclast function and bone mass downstream of alphaVbeta3 integrin",10.1083/jcb.200412083,protein,Vav guanine nucleotide exchange factor 3,"Vav3 is phosphorylated by Src and serves as a critical exchange factor for Rac1. [Assay: Rhodamine phalloidin confocal, Treatment: RANKL + M-CSF in Vav3-/- BMMs, Effect: Complete disruption of circumferential F-actin sealing zone]"
PubMed,"Faccio et al., 2005 (J Cell Biol) - Vav3 regulates osteoclast function and bone mass downstream of alphaVbeta3 integrin",10.1083/jcb.200412083,protein,Vav guanine nucleotide exchange factor 3,"Vav3-dependent GTP-Rac1 loading is necessary for F-actin reorganization into sealing zone. [Confirmed by STRING v12.0 mouse PPI: score=0.767, escore=0.169] [Assay: GTPase pull-down assay, Treatment: M-CSF + RANKL + Rac1 pull-down, Effect: Vav3 directly mediates GTP-Rac1 activation downstream of Src]"
PubMed,"Faccio et al., 2005 (J Cell Biol) - Vav3 regulates osteoclast function and bone mass downstream of alphaVbeta3 integrin",10.1083/jcb.200412083,protein,WASP actin nucleation promoting factor,"Canonical signaling transduction step: HGNC:RAC1 activates HGNC:WAS reported in PMID:15711558. [Confirmed by STRING v12.0 mouse PPI: score=0.856, escore=0.39]"
PubMed,"Faccio et al., 2005 (J Cell Biol) - Vav3 regulates osteoclast function and bone mass downstream of alphaVbeta3 integrin",10.1083/jcb.200412083,protein,WASP actin nucleation promoting factor,"Canonical signaling transduction step: HGNC:WAS activates HGNC:CTTN reported in PMID:15711558. [Confirmed by STRING v12.0 mouse PPI: score=0.999, escore=0.093]"
PubMed,"Stegen et al., 2024 (Nat Metab) - Phosphoglycerate dehydrogenase provides alpha-ketoglutarate to drive epigenetic osteoclast differentiation",10.1038/s42255-023-00958-8,reaction,Histone acetylation at osteoclast promoters,"p300 histone acetyltransferase catalyzes H3K9ac and H3K27ac at osteoclast promoters. [Assay: TRAP staining, Treatment: M-CSF (30 ng/mL) + RANKL (50 ng/mL) + CBR-5884, Effect: 82% reduction in multinucleated osteoclasts]"
PubMed,"Stegen et al., 2024 (Nat Metab) - Phosphoglycerate dehydrogenase provides alpha-ketoglutarate to drive epigenetic osteoclast differentiation",10.1038/s42255-023-00958-8,reaction,Histone acetylation at osteoclast promoters,"Histone hyperacetylation at Nfatc1 promoter promotes robust transcription. [Assay: TRAP staining, Treatment: M-CSF (30 ng/mL) + RANKL (50 ng/mL) + CBR-5884, Effect: 82% reduction in multinucleated osteoclasts]"
PubMed,"Stegen et al., 2024 (Nat Metab) - Phosphoglycerate dehydrogenase provides alpha-ketoglutarate to drive epigenetic osteoclast differentiation",10.1038/s42255-023-00958-8,reaction,KDM6B-mediated H3K27me3 demethylation at Nfatc1,"KDM6B demethylates repressive H3K27me3 marks at the Nfatc1 promoter allowing transcription. [Assay: ChIP-qPCR, Treatment: RANKL + alpha-KG rescue, Effect: Rescued KDM6B demethylation of Nfatc1 promoter]"
PubMed,"Stegen et al., 2024 (Nat Metab) - Phosphoglycerate dehydrogenase provides alpha-ketoglutarate to drive epigenetic osteoclast differentiation",10.1038/s42255-023-00958-8,reaction,KDM6B-mediated H3K27me3 demethylation at Nfatc1,Canonical signaling transduction step: CHREV:H3K27me3_demethylation_Nfatc1 activates HGNC:NFATC1 reported in PMID:38200114.
PubMed,"Nishikawa et al., 2015 (Nat Commun) - Epigenetic chromatin regulators (DNMT3A, KDM4A, EZH2, SIRT1) control osteoclast commitment",10.1038/ncomms7637,reaction,PRC2/EZH2 H3K27me3 deposition,"EZH2 catalyzes repressive H3K27me3 methylation at Irf8 and Mafb promoters. [Assay: Bisulfite sequencing, ChIP-qPCR, and TRAP staining, Treatment: RANKL stimulation in Dnmt3a-deficient BMMs, Effect: DNMT3a mediates DNA methylation to silence negative regulator Irf8]"
PubMed,"Nishikawa et al., 2015 (Nat Commun) - Epigenetic chromatin regulators (DNMT3A, KDM4A, EZH2, SIRT1) control osteoclast commitment",10.1038/ncomms7637,reaction,PRC2/EZH2 H3K27me3 deposition,"H3K27me3 deposition silences the negative regulator Irf8 to permit differentiation. [Assay: Bisulfite sequencing, ChIP-qPCR, and TRAP staining, Treatment: RANKL stimulation in Dnmt3a-deficient BMMs, Effect: DNMT3a mediates DNA methylation to silence negative regulator Irf8]"
PubMed,"Chu et al., 2024 (Cell Metab) - PRMT6-mediated H3R2me2a controls fatty acid oxidation during osteoclastogenesis",10.1016/j.cmet.2024.07.009,reaction,PRMT6-mediated H3R2me2a at FAO gene promoters,"PRMT6 directly catalyzes asymmetric dimethylation of H3R2 at the promoters of fatty acid oxidation genes. [Assay: Western blot and ChIP-qPCR, Treatment: RANKL (100 ng/mL), Effect: Strong induction of PRMT6 and H3R2me2a repression]"
PubMed,"Chu et al., 2024 (Cell Metab) - PRMT6-mediated H3R2me2a controls fatty acid oxidation during osteoclastogenesis",10.1016/j.cmet.2024.07.009,reaction,PRMT6-mediated H3R2me2a at FAO gene promoters,"Enriched H3R2me2a marks recruit transcriptional repressors leading to downregulation of Ppard and Cpt1a. [Assay: Western blot and ChIP-qPCR, Treatment: RANKL (100 ng/mL), Effect: Strong induction of PRMT6 and H3R2me2a repression]"
PubMed,"Stegen et al., 2024 (Nat Metab) - Phosphoglycerate dehydrogenase provides alpha-ketoglutarate to drive epigenetic osteoclast differentiation",10.1038/s42255-023-00958-8,reaction,TET2-mediated DNA 5hmC deposition at enhancers,"TET2 catalyzes conversion of 5mC to 5hmC at osteoclast enhancer elements. [Assay: TRAP staining, Treatment: M-CSF (30 ng/mL) + RANKL (50 ng/mL) + CBR-5884, Effect: 82% reduction in multinucleated osteoclasts]"
PubMed,"Nishikawa et al., 2010 (J Exp Med) - Blimp1 (PRDM1) promotes osteoclastogenesis by repressing anti-osteoclastogenic transcription factors",10.1084/jem.20100452,transcription_factor,B-cell lymphoma 6 protein,"Blimp1 binds the Bcl6 promoter repressing transcription of Bcl6 during osteoclastogenesis. [Assay: ChIP-qPCR, Treatment: RANKL-induced Blimp1 expression, Effect: Blimp1 directly represses transcription of IRF8 and Bcl6]"
PubMed,"Miyauchi et al., 2010 (Proc Natl Acad Sci USA) - BCL6 is a negative regulator of osteoclastogenesis that directly represses NFATc1",10.1073/pnas.1001712107,transcription_factor,B-cell lymphoma 6 protein,"Bcl6 directly represses NFATc1 transcription to restrain osteoclast differentiation. [Assay: Northern blot, Treatment: RANKL in Bcl6-/- BMMs, Effect: Bcl6 deficiency upregulates DC-STAMP and CTSK accelerating fusion]"
PubMed,"Miyauchi et al., 2010 (Proc Natl Acad Sci USA) - BCL6 is a negative regulator of osteoclastogenesis that directly represses NFATc1",10.1073/pnas.1001712107,transcription_factor,B-cell lymphoma 6 protein,"Bcl6 suppresses DC-STAMP expression, limiting cell-cell membrane fusion. [Assay: Northern blot, Treatment: RANKL in Bcl6-/- BMMs, Effect: Bcl6 deficiency upregulates DC-STAMP and CTSK accelerating fusion]"
PubMed,"Miyauchi et al., 2010 (Proc Natl Acad Sci USA) - BCL6 is a negative regulator of osteoclastogenesis that directly represses NFATc1",10.1073/pnas.1001712107,transcription_factor,B-cell lymphoma 6 protein,"Bcl6 suppresses Cathepsin K expression, reducing bone resorptive activity. [Assay: Northern blot, Treatment: RANKL in Bcl6-/- BMMs, Effect: Bcl6 deficiency upregulates DC-STAMP and CTSK accelerating fusion]"
PubMed,"Boyce et al., 2015 (Immunol Res) - M-CSF / CSF1R signaling and AKT/MAPK cascades in osteoclast lineage survival and development",10.1007/s12026-015-8640-1,transcription_factor,CCAAT enhancer binding protein alpha (C/EBP-alpha),"Akt signaling enhances C/EBP-alpha transcriptional activity. [Assay: Western blot and MTT assay, Treatment: RANKL + M-CSF, Effect: M-CSF binds c-Fms to activate ERK and PI3K/Akt promoting precursor survival]"
PubMed,"Boyce et al., 2015 (Immunol Res) - M-CSF / CSF1R signaling and AKT/MAPK cascades in osteoclast lineage survival and development",10.1007/s12026-015-8640-1,transcription_factor,CCAAT enhancer binding protein alpha (C/EBP-alpha),"C/EBP-alpha cooperates with c-Fos to induce NFATc1 transcription. [Assay: Western blot and MTT assay, Treatment: RANKL + M-CSF, Effect: M-CSF binds c-Fms to activate ERK and PI3K/Akt promoting precursor survival]"
PubMed,"Kim et al., 2005 (Immunol Rev) - Signaling mechanisms of osteoclast differentiation by RANKL and immunoreceptors",10.1111/j.0105-2896.2005.00331.x,transcription_factor,Fos proto-oncogene AP-1 transcription factor subunit (c-Fos),"Canonical signaling transduction step: HGNC:MAPK8 activates HGNC:FOS reported in PMID:16339965. [Confirmed by STRING v12.0 mouse PPI: score=0.983, escore=0.264]"
PubMed,"Kim et al., 2005 (Immunol Rev) - Signaling mechanisms of osteoclast differentiation by RANKL and immunoreceptors",10.1111/j.0105-2896.2005.00331.x,transcription_factor,Fos proto-oncogene AP-1 transcription factor subunit (c-Fos),"c-Fos cooperation with NFATc1 drives high-level auto-amplification of NFATc1 in BMMs. [Confirmed by STRING v12.0 mouse PPI: score=0.904, escore=0.132] [Assay: Fluo-4 imaging, Treatment: RANKL + DAP12/FcRgamma co-stimulation, Effect: PLCgamma2 induces sustained Ca2+ oscillations activating Calcineurin]"
PubMed,"Sugatani et al., 2011 (J Biol Chem) - c-Fos upregulates miR-21 which targets Pdcd4 in osteoclasts",10.1074/jbc.M110.179457,transcription_factor,Fos proto-oncogene AP-1 transcription factor subunit (c-Fos),"c-Fos directly binds the promoter of miR-21 inducing its expression in RANKL-stimulated BMMs. [Assay: qPCR and Luciferase, Treatment: RANKL (50 ng/mL) + c-Fos binding to miR-21 promoter, Effect: c-Fos upregulates miR-21 which downregulates Pdcd4 repressor]"
PubMed,"Sugatani et al., 2011 (J Biol Chem) - c-Fos upregulates miR-21 which targets Pdcd4 in osteoclasts",10.1074/jbc.M110.179457,transcription_factor,Fos proto-oncogene AP-1 transcription factor subunit (c-Fos),Canonical signaling transduction step: HGNC:PDCD4 inhibits HGNC:FOS reported in PMID:21307384.
PubMed,"Takayanagi et al., 2005 (Nature Med) - Induction and activation of IFN-beta in osteoclasts provides an autoregulatory negative feedback loop",10.1038/nm1194,transcription_factor,Fos proto-oncogene AP-1 transcription factor subunit (c-Fos),"IFNAR1 signaling triggers Jak1/STAT1 activation leading to targeted degradation of c-Fos protein. [Assay: Western blot, Treatment: RANKL + recombinant IFN-beta, Effect: Autocrine IFN-beta induces c-Fos degradation as an intrinsic negative feedback]"
PubMed,"Zhao et al., 2006 (Cell Metab) - Bidirectional ephrinB2-EphB4 signaling controls bone resorption and formation",10.1016/j.cmet.2006.06.010,transcription_factor,Fos proto-oncogene AP-1 transcription factor subunit (c-Fos),"Reverse signaling through Ephrin-B2 represses c-Fos induction. [Assay: TRAP staining and Western blot, Treatment: RANKL + Ephrin-B2-Fc, Effect: Reverse Ephrin-B2 signaling suppresses c-Fos and NFATc1 induction]"
PubMed,"Asagiri et al., 2005 (J Exp Med) - Autoamplification of NFATc1 expression is mediated by AP-1 (c-Fos/c-Jun) complex binding",10.1084/jem.20051115,transcription_factor,Fos proto-oncogene AP-1 transcription factor subunit (c-Fos),"Phospho-CREB binds cAMP-response elements in the c-Fos promoter to induce transcription. [Confirmed by STRING v12.0 mouse PPI: score=0.988, escore=0.096] [Assay: ChIP-qPCR, luciferase reporter, and EMSA, Treatment: RANKL stimulation, Effect: AP-1 (c-Fos/c-Jun) and CREB cooperate with NFATc1 to drive sustained autoamplification]"
PubMed,"Asagiri et al., 2005 (J Exp Med) - Autoamplification of NFATc1 expression is mediated by AP-1 (c-Fos/c-Jun) complex binding",10.1084/jem.20051115,transcription_factor,Fos proto-oncogene AP-1 transcription factor subunit (c-Fos),"c-Fos and c-Jun assemble basic leucine zipper heterodimers to form active AP-1. [Confirmed by STRING v12.0 mouse PPI: score=0.999, escore=0.991] [Assay: ChIP-qPCR, luciferase reporter, and EMSA, Treatment: RANKL stimulation, Effect: AP-1 (c-Fos/c-Jun) and CREB cooperate with NFATc1 to drive sustained autoamplification]"
PubMed,"Boyce et al., 2015 (Immunol Res) - M-CSF / CSF1R signaling and AKT/MAPK cascades in osteoclast lineage survival and development",10.1007/s12026-015-8640-1,transcription_factor,Fos proto-oncogene AP-1 transcription factor subunit (c-Fos),"Active ERK2 induces c-Fos expression to support precursor proliferation. [Confirmed by STRING v12.0 mouse PPI: score=0.97, escore=0.256] [Assay: Western blot and MTT assay, Treatment: RANKL + M-CSF, Effect: M-CSF binds c-Fms to activate ERK and PI3K/Akt promoting precursor survival]"
PubMed,"Bozec et al., 2010 (J Cell Biol) - HIF1A drives glycolytic reprogramming (HK2, PFKFB3, LDHA) essential for osteoclast bone resorption",10.1083/jcb.201002035,transcription_factor,Hypoxia inducible factor 1 subunit alpha (HIF1a),"HIF1alpha binds HRE elements to drive Hexokinase 2 transcription. [Confirmed by STRING v12.0 mouse PPI: score=0.781, escore=0.051] [Assay: qRT-PCR, Seahorse ECAR, and dentin slice resorption pit assay, Treatment: RANKL stimulation in Hif1a-deficient vs WT BMMs, Effect: HIF1a drives aerobic glycolysis and lacunar bone resorption]"
PubMed,"Bozec et al., 2010 (J Cell Biol) - HIF1A drives glycolytic reprogramming (HK2, PFKFB3, LDHA) essential for osteoclast bone resorption",10.1083/jcb.201002035,transcription_factor,Hypoxia inducible factor 1 subunit alpha (HIF1a),"HIF1alpha transactivates PFKFB3 driving fructose-2,6-bisphosphate production. [Assay: qRT-PCR, Seahorse ECAR, and dentin slice resorption pit assay, Treatment: RANKL stimulation in Hif1a-deficient vs WT BMMs, Effect: HIF1a drives aerobic glycolysis and lacunar bone resorption]"
PubMed,"Bozec et al., 2010 (J Cell Biol) - HIF1A drives glycolytic reprogramming (HK2, PFKFB3, LDHA) essential for osteoclast bone resorption",10.1083/jcb.201002035,transcription_factor,Hypoxia inducible factor 1 subunit alpha (HIF1a),"HIF1alpha upregulates LDHA to support high-rate lactate fermentation. [Confirmed by STRING v12.0 mouse PPI: score=0.878, escore=0.33] [Assay: qRT-PCR, Seahorse ECAR, and dentin slice resorption pit assay, Treatment: RANKL stimulation in Hif1a-deficient vs WT BMMs, Effect: HIF1a drives aerobic glycolysis and lacunar bone resorption]"
PubMed,"Bozec et al., 2010 (J Cell Biol) - HIF1A drives glycolytic reprogramming (HK2, PFKFB3, LDHA) essential for osteoclast bone resorption",10.1083/jcb.201002035,transcription_factor,Hypoxia inducible factor 1 subunit alpha (HIF1a),"HIF1alpha transactivates Pfkfb3 mRNA in response to RANKL induction. [Assay: qRT-PCR, Seahorse ECAR, and dentin slice resorption pit assay, Treatment: RANKL stimulation in Hif1a-deficient vs WT BMMs, Effect: HIF1a drives aerobic glycolysis and lacunar bone resorption]"
PubMed,"Bozec et al., 2010 (J Cell Biol) - HIF1A drives glycolytic reprogramming (HK2, PFKFB3, LDHA) essential for osteoclast bone resorption",10.1083/jcb.201002035,transcription_factor,Hypoxia inducible factor 1 subunit alpha (HIF1a),"HIF1alpha transactivates Pkm mRNA in committed osteoclasts. [Assay: qRT-PCR, Seahorse ECAR, and dentin slice resorption pit assay, Treatment: RANKL stimulation in Hif1a-deficient vs WT BMMs, Effect: HIF1a drives aerobic glycolysis and lacunar bone resorption]"
PubMed,"Jin et al., 2014 (J Immunol) - SREBP2 induces IRF7 to negatively regulate osteoclast differentiation",10.4049/jimmunol.1400262,transcription_factor,Interferon regulatory factor 7,"SREBP2 binds promoter sterol regulatory elements to induce IRF7. [Assay: qRT-PCR and TRAP staining, Treatment: RANKL stimulation in SREBP2-depleted BMMs, Effect: SREBP2 induces IRF7 which directly represses NFATc1 and osteoclastogenesis]"
PubMed,"Jin et al., 2014 (J Immunol) - SREBP2 induces IRF7 to negatively regulate osteoclast differentiation",10.4049/jimmunol.1400262,transcription_factor,Interferon regulatory factor 7,"IRF7 acts as a transcriptional repressor at the NFATc1 promoter. [Assay: qRT-PCR and TRAP staining, Treatment: RANKL stimulation in SREBP2-depleted BMMs, Effect: SREBP2 induces IRF7 which directly represses NFATc1 and osteoclastogenesis]"
PubMed,"Nishikawa et al., 2010 (J Exp Med) - Blimp1 (PRDM1) promotes osteoclastogenesis by repressing anti-osteoclastogenic transcription factors",10.1084/jem.20100452,transcription_factor,Interferon regulatory factor 8 (ICSBP),"Blimp1 directly binds the promoter of IRF8 repressing its transcription and lifting the osteoclastogenic block. [Assay: ChIP-qPCR, Treatment: RANKL-induced Blimp1 expression, Effect: Blimp1 directly represses transcription of IRF8 and Bcl6]"
PubMed,"Zhao et al., 2009 (Nat Med) - Interferon regulatory factor-8 (IRF8) regulates osteoclastogenesis as a negative transcriptional brake",10.1038/nm.2007,transcription_factor,Interferon regulatory factor 8 (ICSBP),"IRF8 acts as a master transcriptional repressor by binding the NFATc1 promoter and competing with NF-kB and c-Fos. [Confirmed by STRING v12.0 mouse PPI: score=0.795, escore=0] [Assay: qPCR and TRAP staining, Treatment: RANKL stimulation in Irf8-/- vs WT BMMs, Effect: Severe acceleration of osteoclastogenesis; IRF8 directly represses NFATc1]"
PubMed,"Nishikawa et al., 2015 (Nat Commun) - Epigenetic chromatin regulators (DNMT3A, KDM4A, EZH2, SIRT1) control osteoclast commitment",10.1038/ncomms7637,transcription_factor,Interferon regulatory factor 8 (ICSBP),"DNMT3a DNA methyltransferase hypermethylates the Irf8 distal promoter. [Assay: Bisulfite sequencing, ChIP-qPCR, and TRAP staining, Treatment: RANKL stimulation in Dnmt3a-deficient BMMs, Effect: DNMT3a mediates DNA methylation to silence negative regulator Irf8]"
PubMed,"Nishikawa et al., 2015 (Nat Commun) - Epigenetic chromatin regulators (DNMT3A, KDM4A, EZH2, SIRT1) control osteoclast commitment",10.1038/ncomms7637,transcription_factor,Interferon regulatory factor 8 (ICSBP),"H3K27me3 deposition silences the negative regulator Irf8 to permit differentiation. [Assay: Bisulfite sequencing, ChIP-qPCR, and TRAP staining, Treatment: RANKL stimulation in Dnmt3a-deficient BMMs, Effect: DNMT3a mediates DNA methylation to silence negative regulator Irf8]"
PubMed,"Asagiri et al., 2005 (J Exp Med) - Autoamplification of NFATc1 expression is mediated by AP-1 (c-Fos/c-Jun) complex binding",10.1084/jem.20051115,transcription_factor,Jun proto-oncogene AP-1 transcription factor subunit (c-Jun),"c-Fos and c-Jun assemble basic leucine zipper heterodimers to form active AP-1. [Confirmed by STRING v12.0 mouse PPI: score=0.999, escore=0.991] [Assay: ChIP-qPCR, luciferase reporter, and EMSA, Treatment: RANKL stimulation, Effect: AP-1 (c-Fos/c-Jun) and CREB cooperate with NFATc1 to drive sustained autoamplification]"
PubMed,"Asagiri et al., 2005 (J Exp Med) - Autoamplification of NFATc1 expression is mediated by AP-1 (c-Fos/c-Jun) complex binding",10.1084/jem.20051115,transcription_factor,Jun proto-oncogene AP-1 transcription factor subunit (c-Jun),"AP-1 complex (c-Fos/c-Jun) cooperates with NFATc1 to drive robust autoamplification. [Assay: ChIP-qPCR, luciferase reporter, and EMSA, Treatment: RANKL stimulation, Effect: AP-1 (c-Fos/c-Jun) and CREB cooperate with NFATc1 to drive sustained autoamplification]"
PubMed,"Wada et al., 2006 (Nat Rev Drug Discov) - RANKL-RANK signaling MAPK cascades (p38, JNK, ERK) in osteoclasts",10.1038/nrd2031,transcription_factor,Jun proto-oncogene AP-1 transcription factor subunit (c-Jun),"JNK1 phosphorylates c-Jun on Ser63 and Ser73, potentiating AP-1 transcriptional efficacy. [Confirmed by STRING v12.0 mouse PPI: score=0.999, escore=0.968] [Assay: Western blot and kinase activity assay, Treatment: RANKL stimulation, Effect: Sequential cascade: TAK1/ASK1/MEKK1 activate MKK3/6, MKK4/7, MEK1/2, driving p38, JNK, ERK]"
PubMed,"Cheng et al., 2013 (Nat Commun) - MicroRNA-148a promotes osteoclastogenesis by targeting MAFB",10.1038/ncomms2918,transcription_factor,MAF bZIP transcription factor B,"miR-148a is upregulated by RANKL and binds the 3-UTR of MafB repressing its inhibitory function. [Assay: Western blot and TRAP staining, Treatment: RANKL (50 ng/mL) + miR-148a mimic, Effect: miR-148a represses MafB and doubles TRAP+ osteoclast count]"
PubMed,"Cheng et al., 2013 (Nat Commun) - MicroRNA-148a promotes osteoclastogenesis by targeting MAFB",10.1038/ncomms2918,transcription_factor,MAF bZIP transcription factor B,Canonical signaling transduction step: HGNC:MAFB inhibits HGNC:NFATC1 reported in PMID:23225151.
PubMed,"Kim et al., 2005 (Immunol Rev) - Signaling mechanisms of osteoclast differentiation by RANKL and immunoreceptors",10.1111/j.0105-2896.2005.00331.x,transcription_factor,Melanocyte inducing transcription factor,"PU.1 binds cooperatively with MITF to establish osteoclast lineage commitment. [Confirmed by STRING v12.0 mouse PPI: score=0.848, escore=0.082] [Assay: Fluo-4 imaging, Treatment: RANKL + DAP12/FcRgamma co-stimulation, Effect: PLCgamma2 induces sustained Ca2+ oscillations activating Calcineurin]"
PubMed,"Kim et al., 2005 (Immunol Rev) - Signaling mechanisms of osteoclast differentiation by RANKL and immunoreceptors",10.1111/j.0105-2896.2005.00331.x,transcription_factor,Melanocyte inducing transcription factor,"MITF heterodimerizes with MiT-family partner TFE3. [Confirmed by STRING v12.0 mouse PPI: score=0.981, escore=0] [Assay: Fluo-4 imaging, Treatment: RANKL + DAP12/FcRgamma co-stimulation, Effect: PLCgamma2 induces sustained Ca2+ oscillations activating Calcineurin]"
PubMed,"Takayanagi et al., 2002 (Nature) - Induction and activation of the transcription factor NFATc1 in osteoclast differentiation",10.1038/416744a,transcription_factor,Melanocyte inducing transcription factor,"MITF directly transactivates Acp5 (TRAP) promoter DNA. [Assay: Northern blot, Western blot, and retroviral overexpression, Treatment: RANKL stimulation, Effect: NFATc1 functions as a master transcription factor for terminal osteoclast differentiation]"
PubMed,"Takayanagi et al., 2002 (Nature) - Induction and activation of the transcription factor NFATc1 in osteoclast differentiation",10.1038/416744a,transcription_factor,Melanocyte inducing transcription factor,"MITF binds E-box motifs in Cathepsin K promoter. [Assay: Northern blot, Western blot, and retroviral overexpression, Treatment: RANKL stimulation, Effect: NFATc1 functions as a master transcription factor for terminal osteoclast differentiation]"
PubMed,"Kim et al., 2005 (Immunol Rev) - Signaling mechanisms of osteoclast differentiation by RANKL and immunoreceptors",10.1111/j.0105-2896.2005.00331.x,transcription_factor,Nuclear factor kappa B subunit 1 (p50),"IKK complex activation phosphorylates IkB leading to p50/p65 NF-kB nuclear entry. [Confirmed by STRING v12.0 mouse PPI: score=0.997, escore=0.659] [Assay: Fluo-4 imaging, Treatment: RANKL + DAP12/FcRgamma co-stimulation, Effect: PLCgamma2 induces sustained Ca2+ oscillations activating Calcineurin]"
PubMed,"Kim et al., 2022 (Biochem Pharmacol) - Selinexor inhibits osteoclastogenesis by blocking XPO1-mediated nuclear export of NF-kB",10.1016/j.bcp.2022.115049,transcription_factor,Nuclear factor kappa B subunit 1 (p50),"Nuclear accumulation of IkB-alpha sequesters NF-kB p65 and blocks RANKL-induced osteoclast differentiation. [Assay: Confocal and TRAP staining, Treatment: RANKL + Selinexor (XPO1 inhibitor), Effect: Selinexor traps IkB-alpha in nucleus blocking NF-kB and osteoclasts]"
PubMed,"Kim et al., 2005 (Immunol Rev) - Signaling mechanisms of osteoclast differentiation by RANKL and immunoreceptors",10.1111/j.0105-2896.2005.00331.x,transcription_factor,Nuclear factor kappa B subunit 1 (p50),"NF-kB p50/p65 binds the Nfatc1 promoter inducing early transcription of the master regulator. [Assay: Fluo-4 imaging, Treatment: RANKL + DAP12/FcRgamma co-stimulation, Effect: PLCgamma2 induces sustained Ca2+ oscillations activating Calcineurin]"
PubMed,"Kim et al., 2005 (Immunol Rev) - Signaling mechanisms of osteoclast differentiation by RANKL and immunoreceptors",10.1111/j.0105-2896.2005.00331.x,transcription_factor,Nuclear factor kappa B subunit 1 (p50),"IKK activation releases p50 to form transcriptionally active RelA/p50 heterodimers. [Confirmed by STRING v12.0 mouse PPI: score=0.997, escore=0.659] [Assay: Fluo-4 imaging, Treatment: RANKL + DAP12/FcRgamma co-stimulation, Effect: PLCgamma2 induces sustained Ca2+ oscillations activating Calcineurin]"
PubMed,"Kim et al., 2005 (Immunol Rev) - Signaling mechanisms of osteoclast differentiation by RANKL and immunoreceptors",10.1111/j.0105-2896.2005.00331.x,transcription_factor,Nuclear factor kappa B subunit 1 (p50),"p50 binds kappa-B consensus sequences in the Nfatc1 promoter. [Assay: Fluo-4 imaging, Treatment: RANKL + DAP12/FcRgamma co-stimulation, Effect: PLCgamma2 induces sustained Ca2+ oscillations activating Calcineurin]"
PubMed,"Kim et al., 2005 (Immunol Rev) - Signaling mechanisms of osteoclast differentiation by RANKL and immunoreceptors",10.1111/j.0105-2896.2005.00331.x,transcription_factor,Nuclear factor kappa B subunit 2 (p52/p100),"IKK-alpha phosphorylates p100 triggering processing to transcriptionally active p52. [Confirmed by STRING v12.0 mouse PPI: score=0.991, escore=0.479] [Assay: Fluo-4 imaging, Treatment: RANKL + DAP12/FcRgamma co-stimulation, Effect: PLCgamma2 induces sustained Ca2+ oscillations activating Calcineurin]"
PubMed,"Kim et al., 2005 (Immunol Rev) - Signaling mechanisms of osteoclast differentiation by RANKL and immunoreceptors",10.1111/j.0105-2896.2005.00331.x,transcription_factor,Nuclear factor kappa B subunit 2 (p52/p100),"p52 pairs with RelB to form active noncanonical heterodimers. [Confirmed by STRING v12.0 mouse PPI: score=0.999, escore=0.992] [Assay: Fluo-4 imaging, Treatment: RANKL + DAP12/FcRgamma co-stimulation, Effect: PLCgamma2 induces sustained Ca2+ oscillations activating Calcineurin]"
PubMed,"Kim et al., 2005 (Immunol Rev) - Signaling mechanisms of osteoclast differentiation by RANKL and immunoreceptors",10.1111/j.0105-2896.2005.00331.x,transcription_factor,Nuclear factor of activated T cells 1,"c-Fos cooperation with NFATc1 drives high-level auto-amplification of NFATc1 in BMMs. [Confirmed by STRING v12.0 mouse PPI: score=0.904, escore=0.132] [Assay: Fluo-4 imaging, Treatment: RANKL + DAP12/FcRgamma co-stimulation, Effect: PLCgamma2 induces sustained Ca2+ oscillations activating Calcineurin]"
PubMed,"Kim et al., 2005 (Immunol Rev) - Signaling mechanisms of osteoclast differentiation by RANKL and immunoreceptors",10.1111/j.0105-2896.2005.00331.x,transcription_factor,Nuclear factor of activated T cells 1,"Canonical signaling transduction step: HGNC:SPI1 activates HGNC:NFATC1 reported in PMID:16339965. [Confirmed by STRING v12.0 mouse PPI: score=0.743, escore=0]"
PubMed,"Kim et al., 2005 (Immunol Rev) - Signaling mechanisms of osteoclast differentiation by RANKL and immunoreceptors",10.1111/j.0105-2896.2005.00331.x,transcription_factor,Nuclear factor of activated T cells 1,"Calcineurin phosphatase dephosphorylates NFATc1 leading to nuclear import and auto-induction. [Confirmed by STRING v12.0 mouse PPI: score=0.994, escore=0.831] [Assay: Fluo-4 imaging, Treatment: RANKL + DAP12/FcRgamma co-stimulation, Effect: PLCgamma2 induces sustained Ca2+ oscillations activating Calcineurin]"
PubMed,"Taubmann et al., 2020 (Nat Commun) - Metabolic reprogramming of osteoclasts under RANKL driving aerobic glycolysis",10.1038/s41467-020-17453-6,transcription_factor,Nuclear factor of activated T cells 1,"RANKL-induced NFATc1 directly promotes the transcription of key glycolytic enzymes including HK2. [Assay: Enzymatic assay and TRAP staining, Treatment: RANKL (100 ng/mL) + 2-Deoxyglucose (2-DG), Effect: Blocks glycolytic shift and curtails osteoclast multinucleation]"
PubMed,"Stegen et al., 2024 (Nat Metab) - Phosphoglycerate dehydrogenase provides alpha-ketoglutarate to drive epigenetic osteoclast differentiation",10.1038/s42255-023-00958-8,transcription_factor,Nuclear factor of activated T cells 1,Canonical signaling transduction step: CHREV:H3K27me3_demethylation_Nfatc1 activates HGNC:NFATC1 reported in PMID:38200114.
PubMed,"Yagi et al., 2005 (J Exp Med) - DC-STAMP is essential for cell-cell fusion in osteoclasts",10.1084/jem.20050645,transcription_factor,Nuclear factor of activated T cells 1,"NFATc1 transactivates Dcstamp expression during late pre-osteoclast differentiation. [Assay: Giemsa and TRAP staining, Treatment: RANKL (50 ng/mL) in Dcstamp-/- BMMs, Effect: Complete block in syncytium formation; cells remain mononuclear]"
PubMed,"Yagi et al., 2005 (J Exp Med) - DC-STAMP is essential for cell-cell fusion in osteoclasts",10.1084/jem.20050645,transcription_factor,Nuclear factor of activated T cells 1,"Canonical signaling transduction step: HGNC:NFATC1 activates HGNC:OCSTAMP reported in PMID:16061724. [Confirmed by STRING v12.0 mouse PPI: score=0.751, escore=0]"
PubMed,"Yagi et al., 2005 (J Exp Med) - DC-STAMP is essential for cell-cell fusion in osteoclasts",10.1084/jem.20050645,transcription_factor,Nuclear factor of activated T cells 1,"Canonical signaling transduction step: HGNC:NFATC1 activates HGNC:ATP6V0D2 reported in PMID:16061724. [Confirmed by STRING v12.0 mouse PPI: score=0.706, escore=0]"
PubMed,"Teitelbaum, 2007 (Science) - Osteoclasts: what do they do and how do they do it?",10.1126/science.1136892,transcription_factor,Nuclear factor of activated T cells 1,"NFATc1 strongly induces Acp5 (TRAP) and Ctsk gene transcription in multinucleated osteoclasts. [Assay: Immunofluorescence and pH imaging, Treatment: RANKL-matured osteoclasts on cortical bone, Effect: Secretion of ACP5 and CTSK into sealed acidified lacuna (pH 4.5)]"
PubMed,"Teitelbaum, 2007 (Science) - Osteoclasts: what do they do and how do they do it?",10.1126/science.1136892,transcription_factor,Nuclear factor of activated T cells 1,Canonical signaling transduction step: HGNC:NFATC1 activates MRNA:Ctsk reported in PMID:17626889.
PubMed,"Cheng et al., 2013 (Nat Commun) - MicroRNA-148a promotes osteoclastogenesis by targeting MAFB",10.1038/ncomms2918,transcription_factor,Nuclear factor of activated T cells 1,Canonical signaling transduction step: HGNC:MAFB inhibits HGNC:NFATC1 reported in PMID:23225151.
PubMed,"Lee et al., 2013 (Bone) - miR-124 inhibits osteoclastogenesis by targeting NFATc1 and RhoA",10.1016/j.bone.2013.02.002,transcription_factor,Nuclear factor of activated T cells 1,"miR-124 overexpression suppresses NFATc1 translation and blocks osteoclastogenesis. [Assay: qPCR and Western blot, Treatment: RANKL + miR-124 overexpression, Effect: Direct suppression of Nfatc1 and RhoA blocks osteoclastogenesis]"
PubMed,"Kim et al., 2005 (Immunol Rev) - Signaling mechanisms of osteoclast differentiation by RANKL and immunoreceptors",10.1111/j.0105-2896.2005.00331.x,transcription_factor,Nuclear factor of activated T cells 1,Canonical signaling transduction step: HGNC:NFATC1 activates PHENO:osteoclast_differentiation reported in PMID:16339965.
PubMed,"Nishikawa et al., 2010 (J Exp Med) - Blimp1 (PRDM1) promotes osteoclastogenesis by repressing anti-osteoclastogenic transcription factors",10.1084/jem.20100452,transcription_factor,Nuclear factor of activated T cells 1,"NFATc1 and c-Fos induce Blimp1 (Prdm1) transcription in early pre-osteoclasts. [Assay: ChIP-qPCR, Treatment: RANKL-induced Blimp1 expression, Effect: Blimp1 directly represses transcription of IRF8 and Bcl6]"
PubMed,"Zhao et al., 2009 (Nat Med) - Interferon regulatory factor-8 (IRF8) regulates osteoclastogenesis as a negative transcriptional brake",10.1038/nm.2007,transcription_factor,Nuclear factor of activated T cells 1,"IRF8 acts as a master transcriptional repressor by binding the NFATc1 promoter and competing with NF-kB and c-Fos. [Confirmed by STRING v12.0 mouse PPI: score=0.795, escore=0] [Assay: qPCR and TRAP staining, Treatment: RANKL stimulation in Irf8-/- vs WT BMMs, Effect: Severe acceleration of osteoclastogenesis; IRF8 directly represses NFATc1]"
PubMed,"Miyauchi et al., 2010 (Proc Natl Acad Sci USA) - BCL6 is a negative regulator of osteoclastogenesis that directly represses NFATc1",10.1073/pnas.1001712107,transcription_factor,Nuclear factor of activated T cells 1,"Bcl6 directly represses NFATc1 transcription to restrain osteoclast differentiation. [Assay: Northern blot, Treatment: RANKL in Bcl6-/- BMMs, Effect: Bcl6 deficiency upregulates DC-STAMP and CTSK accelerating fusion]"
PubMed,"Wu et al., 2017 (Nat Commun) - Galpha13 (GNA13) negatively regulates osteoclastogenesis by suppressing NFATc1",10.1038/ncomms14234,transcription_factor,Nuclear factor of activated T cells 1,"Galpha13 negatively regulates osteoclast differentiation by suppressing the Akt-GSK3b-NFATc1 cascade. [Assay: Western blot, Treatment: RANKL + Gna13 conditional knockout (LysM-Cre), Effect: Loss of Galpha13 hyper-activates Akt and NFATc1 leading to osteoporosis]"
PubMed,"Takayanagi et al., 2005 (Nature Med) - Induction and activation of IFN-beta in osteoclasts provides an autoregulatory negative feedback loop",10.1038/nm1194,transcription_factor,Nuclear factor of activated T cells 1,"NFATc1 transactivates IFN-beta gene expression in committed osteoclasts. [Assay: Western blot, Treatment: RANKL + recombinant IFN-beta, Effect: Autocrine IFN-beta induces c-Fos degradation as an intrinsic negative feedback]"
PubMed,"Li et al., 2022 (Cell Death Dis) - MMP9 regulation by NFATc1 and its role in lacunar bone resorption",10.1038/s41419-022-05335-z,transcription_factor,Nuclear factor of activated T cells 1,"NFATc1 induces MMP-9 expression in mature multinucleated osteoclasts. [Confirmed by STRING v12.0 mouse PPI: score=0.702, escore=0] [Assay: Collagen release assay, Treatment: RANKL on bovine bone slices in Mmp9-/- BMMs, Effect: MMP-9 degrades non-collagenous organic matrix cooperating with CTSK]"
PubMed,"Kim et al., 2005 (Immunol Rev) - Signaling mechanisms of osteoclast differentiation by RANKL and immunoreceptors",10.1111/j.0105-2896.2005.00331.x,transcription_factor,Nuclear factor of activated T cells 1,"NF-kB p50/p65 binds the Nfatc1 promoter inducing early transcription of the master regulator. [Assay: Fluo-4 imaging, Treatment: RANKL + DAP12/FcRgamma co-stimulation, Effect: PLCgamma2 induces sustained Ca2+ oscillations activating Calcineurin]"
PubMed,"Boyce et al., 2015 (Immunol Res) - M-CSF / CSF1R signaling and AKT/MAPK cascades in osteoclast lineage survival and development",10.1007/s12026-015-8640-1,transcription_factor,Nuclear factor of activated T cells 1,"GSK-3beta phosphorylates NFATc1 promoting its CRM1-dependent nuclear export. [Confirmed by STRING v12.0 mouse PPI: score=0.952, escore=0.059] [Assay: Western blot and MTT assay, Treatment: RANKL + M-CSF, Effect: M-CSF binds c-Fms to activate ERK and PI3K/Akt promoting precursor survival]"
PubMed,"Boyce et al., 2015 (Immunol Res) - M-CSF / CSF1R signaling and AKT/MAPK cascades in osteoclast lineage survival and development",10.1007/s12026-015-8640-1,transcription_factor,Nuclear factor of activated T cells 1,"C/EBP-alpha cooperates with c-Fos to induce NFATc1 transcription. [Assay: Western blot and MTT assay, Treatment: RANKL + M-CSF, Effect: M-CSF binds c-Fms to activate ERK and PI3K/Akt promoting precursor survival]"
PubMed,"Zhao et al., 2006 (Cell Metab) - Bidirectional ephrinB2-EphB4 signaling controls bone resorption and formation",10.1016/j.cmet.2006.06.010,transcription_factor,Nuclear factor of activated T cells 1,"Reverse signaling through Ephrin-B2 suppresses NFATc1 transcriptional activity. [Assay: TRAP staining and Western blot, Treatment: RANKL + Ephrin-B2-Fc, Effect: Reverse Ephrin-B2 signaling suppresses c-Fos and NFATc1 induction]"
PubMed,"Jin et al., 2014 (J Immunol) - SREBP2 induces IRF7 to negatively regulate osteoclast differentiation",10.4049/jimmunol.1400262,transcription_factor,Nuclear factor of activated T cells 1,"IRF7 acts as a transcriptional repressor at the NFATc1 promoter. [Assay: qRT-PCR and TRAP staining, Treatment: RANKL stimulation in SREBP2-depleted BMMs, Effect: SREBP2 induces IRF7 which directly represses NFATc1 and osteoclastogenesis]"
PubMed,"Nishikawa et al., 2015 (Nat Commun) - Epigenetic chromatin regulators (DNMT3A, KDM4A, EZH2, SIRT1) control osteoclast commitment",10.1038/ncomms7637,transcription_factor,Nuclear factor of activated T cells 1,"Dpy30 COMPASS complex subunit maintains permissive H3K4me3 at Nfatc1. [Assay: Bisulfite sequencing, ChIP-qPCR, and TRAP staining, Treatment: RANKL stimulation in Dnmt3a-deficient BMMs, Effect: DNMT3a mediates DNA methylation to silence negative regulator Irf8]"
PubMed,"Nishikawa et al., 2015 (Nat Commun) - Epigenetic chromatin regulators (DNMT3A, KDM4A, EZH2, SIRT1) control osteoclast commitment",10.1038/ncomms7637,transcription_factor,Nuclear factor of activated T cells 1,"ASXL1 maintains epigenetic balance at osteoclast gene loci. [Assay: Bisulfite sequencing, ChIP-qPCR, and TRAP staining, Treatment: RANKL stimulation in Dnmt3a-deficient BMMs, Effect: DNMT3a mediates DNA methylation to silence negative regulator Irf8]"
PubMed,"Nishikawa et al., 2015 (Nat Commun) - Epigenetic chromatin regulators (DNMT3A, KDM4A, EZH2, SIRT1) control osteoclast commitment",10.1038/ncomms7637,transcription_factor,Nuclear factor of activated T cells 1,"HDAC1 corepressor complex silences NFATc1 target promoters in precursors. [Assay: Bisulfite sequencing, ChIP-qPCR, and TRAP staining, Treatment: RANKL stimulation in Dnmt3a-deficient BMMs, Effect: DNMT3a mediates DNA methylation to silence negative regulator Irf8]"
PubMed,"Nishikawa et al., 2015 (Nat Commun) - Epigenetic chromatin regulators (DNMT3A, KDM4A, EZH2, SIRT1) control osteoclast commitment",10.1038/ncomms7637,transcription_factor,Nuclear factor of activated T cells 1,"SIRT6 deacetylates H3K9 to repress NFATc1 transcription. [Assay: Bisulfite sequencing, ChIP-qPCR, and TRAP staining, Treatment: RANKL stimulation in Dnmt3a-deficient BMMs, Effect: DNMT3a mediates DNA methylation to silence negative regulator Irf8]"
PubMed,"Boyce & Xing, 2007 (Arthritis Res Ther) - The RANKL/RANK/OPG pathway and cytokine regulation (TNF, IL-1) in osteoclasts",10.1186/ar2165,transcription_factor,Nuclear factor of activated T cells 1,"IL-10 inhibits NFATc1 induction in osteoclast precursors. [Assay: Electrophoretic mobility shift assay (EMSA) and TRAP staining, Treatment: RANKL + TNF-alpha / IL-1beta, Effect: TNF and IL-1 synergize with RANKL via TRAF6 to drive osteoclastogenesis]"
PubMed,"Boyce & Xing, 2007 (Arthritis Res Ther) - The RANKL/RANK/OPG pathway and cytokine regulation (TNF, IL-1) in osteoclasts",10.1186/ar2165,transcription_factor,Nuclear factor of activated T cells 1,"IL-4 inhibits NFATc1 expression and halts precursor differentiation. [Assay: Electrophoretic mobility shift assay (EMSA) and TRAP staining, Treatment: RANKL + TNF-alpha / IL-1beta, Effect: TNF and IL-1 synergize with RANKL via TRAF6 to drive osteoclastogenesis]"
PubMed,"Boyce & Xing, 2007 (Arthritis Res Ther) - The RANKL/RANK/OPG pathway and cytokine regulation (TNF, IL-1) in osteoclasts",10.1186/ar2165,transcription_factor,Nuclear factor of activated T cells 1,"CTGF/CCN2 enhances NFATc1 expression and multinucleation. [Assay: Electrophoretic mobility shift assay (EMSA) and TRAP staining, Treatment: RANKL + TNF-alpha / IL-1beta, Effect: TNF and IL-1 synergize with RANKL via TRAF6 to drive osteoclastogenesis]"
PubMed,"Boyce & Xing, 2007 (Arthritis Res Ther) - The RANKL/RANK/OPG pathway and cytokine regulation (TNF, IL-1) in osteoclasts",10.1186/ar2165,transcription_factor,Nuclear factor of activated T cells 1,"CYR61/CCN1 negatively regulates osteoclast differentiation. [Assay: Electrophoretic mobility shift assay (EMSA) and TRAP staining, Treatment: RANKL + TNF-alpha / IL-1beta, Effect: TNF and IL-1 synergize with RANKL via TRAF6 to drive osteoclastogenesis]"
PubMed,"Teitelbaum, 2007 (Science) - Osteoclasts: what do they do and how do they do it?",10.1126/science.1136892,transcription_factor,Nuclear factor of activated T cells 1,"NFATc1 directly binds promoter to transactivate MMP-2 gene expression. [Assay: Zymography, Western blot, and scanning electron microscopy (SEM), Treatment: RANKL-differentiated mature osteoclasts on bone matrix, Effect: CTSK and MMPs are secreted into the sealed lacuna to degrade type I collagen and matrix]"
PubMed,"Teitelbaum, 2007 (Science) - Osteoclasts: what do they do and how do they do it?",10.1126/science.1136892,transcription_factor,Nuclear factor of activated T cells 1,"NFATc1 drives high-level MMP-13 transcription in mature osteoclasts. [Assay: Zymography, Western blot, and scanning electron microscopy (SEM), Treatment: RANKL-differentiated mature osteoclasts on bone matrix, Effect: CTSK and MMPs are secreted into the sealed lacuna to degrade type I collagen and matrix]"
PubMed,"Kim et al., 2005 (Immunol Rev) - Signaling mechanisms of osteoclast differentiation by RANKL and immunoreceptors",10.1111/j.0105-2896.2005.00331.x,transcription_factor,Nuclear factor of activated T cells 1,"Nfatc1 mRNA is translated into nascent NFATc1 transcription factor. [Assay: Fluo-4 imaging, Treatment: RANKL + DAP12/FcRgamma co-stimulation, Effect: PLCgamma2 induces sustained Ca2+ oscillations activating Calcineurin]"
PubMed,"Takayanagi et al., 2002 (Nature) - Induction and activation of the transcription factor NFATc1 in osteoclast differentiation",10.1038/416744a,transcription_factor,Nuclear factor of activated T cells 1,"NFATc1 binds tandem consensus elements in Acp5 promoter driving robust transcription. [Assay: Northern blot, Western blot, and retroviral overexpression, Treatment: RANKL stimulation, Effect: NFATc1 functions as a master transcription factor for terminal osteoclast differentiation]"
PubMed,"Takayanagi et al., 2002 (Nature) - Induction and activation of the transcription factor NFATc1 in osteoclast differentiation",10.1038/416744a,transcription_factor,Nuclear factor of activated T cells 1,"NFATc1 drives high-level transcription of Ctsk mRNA in committed pre-osteoclasts. [Assay: Northern blot, Western blot, and retroviral overexpression, Treatment: RANKL stimulation, Effect: NFATc1 functions as a master transcription factor for terminal osteoclast differentiation]"
PubMed,"Takayanagi et al., 2002 (Nature) - Induction and activation of the transcription factor NFATc1 in osteoclast differentiation",10.1038/416744a,transcription_factor,Nuclear factor of activated T cells 1,"NFATc1 transactivates Dcstamp promoter DNA to induce fusion machinery. [Assay: Northern blot, Western blot, and retroviral overexpression, Treatment: RANKL stimulation, Effect: NFATc1 functions as a master transcription factor for terminal osteoclast differentiation]"
PubMed,"Boyce & Xing, 2007 (Arthritis Res Ther) - The RANKL/RANK/OPG pathway and cytokine regulation (TNF, IL-1) in osteoclasts",10.1186/ar2165,transcription_factor,Nuclear factor of activated T cells 1,"IL-3 diverts precursors away from the osteoclast lineage and represses NFATc1. [Assay: Electrophoretic mobility shift assay (EMSA) and TRAP staining, Treatment: RANKL + TNF-alpha / IL-1beta, Effect: TNF and IL-1 synergize with RANKL via TRAF6 to drive osteoclastogenesis]"
PubMed,"Boyce & Xing, 2007 (Arthritis Res Ther) - The RANKL/RANK/OPG pathway and cytokine regulation (TNF, IL-1) in osteoclasts",10.1186/ar2165,transcription_factor,Nuclear factor of activated T cells 1,"IL-13 signals through IL-4Ralpha to inhibit NFATc1 induction. [Assay: Electrophoretic mobility shift assay (EMSA) and TRAP staining, Treatment: RANKL + TNF-alpha / IL-1beta, Effect: TNF and IL-1 synergize with RANKL via TRAF6 to drive osteoclastogenesis]"
PubMed,"Boyce & Xing, 2007 (Arthritis Res Ther) - The RANKL/RANK/OPG pathway and cytokine regulation (TNF, IL-1) in osteoclasts",10.1186/ar2165,transcription_factor,Nuclear factor of activated T cells 1,"IL-33 promotes alternative M2 polarization, attenuating osteoclast differentiation. [Assay: Electrophoretic mobility shift assay (EMSA) and TRAP staining, Treatment: RANKL + TNF-alpha / IL-1beta, Effect: TNF and IL-1 synergize with RANKL via TRAF6 to drive osteoclastogenesis]"
PubMed,"Kim et al., 2005 (Immunol Rev) - Signaling mechanisms of osteoclast differentiation by RANKL and immunoreceptors",10.1111/j.0105-2896.2005.00331.x,transcription_factor,Nuclear factor of activated T cells 1,"Notch effector RBP-J acts as a transcriptional repressor against NFATc1 induction. [Assay: Fluo-4 imaging, Treatment: RANKL + DAP12/FcRgamma co-stimulation, Effect: PLCgamma2 induces sustained Ca2+ oscillations activating Calcineurin]"
PubMed,"Nishikawa et al., 2010 (J Exp Med) - Blimp1 (PRDM1) promotes osteoclastogenesis by repressing anti-osteoclastogenic transcription factors",10.1084/jem.20100452,transcription_factor,PR / SET domain 1 (Blimp1),"NFATc1 and c-Fos induce Blimp1 (Prdm1) transcription in early pre-osteoclasts. [Assay: ChIP-qPCR, Treatment: RANKL-induced Blimp1 expression, Effect: Blimp1 directly represses transcription of IRF8 and Bcl6]"
PubMed,"Nishikawa et al., 2010 (J Exp Med) - Blimp1 (PRDM1) promotes osteoclastogenesis by repressing anti-osteoclastogenic transcription factors",10.1084/jem.20100452,transcription_factor,PR / SET domain 1 (Blimp1),"Blimp1 directly binds the promoter of IRF8 repressing its transcription and lifting the osteoclastogenic block. [Assay: ChIP-qPCR, Treatment: RANKL-induced Blimp1 expression, Effect: Blimp1 directly represses transcription of IRF8 and Bcl6]"
PubMed,"Nishikawa et al., 2010 (J Exp Med) - Blimp1 (PRDM1) promotes osteoclastogenesis by repressing anti-osteoclastogenic transcription factors",10.1084/jem.20100452,transcription_factor,PR / SET domain 1 (Blimp1),"Blimp1 binds the Bcl6 promoter repressing transcription of Bcl6 during osteoclastogenesis. [Assay: ChIP-qPCR, Treatment: RANKL-induced Blimp1 expression, Effect: Blimp1 directly represses transcription of IRF8 and Bcl6]"
PubMed,"Boyce & Xing, 2007 (Arthritis Res Ther) - The RANKL/RANK/OPG pathway and cytokine regulation (TNF, IL-1) in osteoclasts",10.1186/ar2165,transcription_factor,"REL proto-oncogene, NF-kB subunit (c-Rel)","c-Rel translocates into nucleus upon RANKL stimulation to promote osteoclast precursor survival. [Assay: Electrophoretic mobility shift assay (EMSA) and TRAP staining, Treatment: RANKL + TNF-alpha / IL-1beta, Effect: TNF and IL-1 synergize with RANKL via TRAF6 to drive osteoclastogenesis]"
PubMed,"Nishikawa et al., 2015 (Nat Commun) - Epigenetic chromatin regulators (DNMT3A, KDM4A, EZH2, SIRT1) control osteoclast commitment",10.1038/ncomms7637,transcription_factor,RELA proto-oncogene NF-kB subunit (p65),"SIRT1 deacetylates RelA p65 at Lys310 inhibiting NF-kB transactivation. [Confirmed by STRING v12.0 mouse PPI: score=0.994, escore=0.394] [Assay: Bisulfite sequencing, ChIP-qPCR, and TRAP staining, Treatment: RANKL stimulation in Dnmt3a-deficient BMMs, Effect: DNMT3a mediates DNA methylation to silence negative regulator Irf8]"
PubMed,"Kim et al., 2005 (Immunol Rev) - Signaling mechanisms of osteoclast differentiation by RANKL and immunoreceptors",10.1111/j.0105-2896.2005.00331.x,transcription_factor,RELA proto-oncogene NF-kB subunit (p65),"Unphosphorylated IkBalpha masks the nuclear localization signal of RelA retaining it in cytoplasm. [Confirmed by STRING v12.0 mouse PPI: score=0.999, escore=0.997] [Assay: Fluo-4 imaging, Treatment: RANKL + DAP12/FcRgamma co-stimulation, Effect: PLCgamma2 induces sustained Ca2+ oscillations activating Calcineurin]"
PubMed,"Kim et al., 2005 (Immunol Rev) - Signaling mechanisms of osteoclast differentiation by RANKL and immunoreceptors",10.1111/j.0105-2896.2005.00331.x,transcription_factor,RELA proto-oncogene NF-kB subunit (p65),"IKK-mediated degradation of IkB-alpha liberates RelA/p65 to translocate into the nucleus. [Confirmed by STRING v12.0 mouse PPI: score=0.997, escore=0.69] [Assay: Fluo-4 imaging, Treatment: RANKL + DAP12/FcRgamma co-stimulation, Effect: PLCgamma2 induces sustained Ca2+ oscillations activating Calcineurin]"
PubMed,"Kim et al., 2005 (Immunol Rev) - Signaling mechanisms of osteoclast differentiation by RANKL and immunoreceptors",10.1111/j.0105-2896.2005.00331.x,transcription_factor,RELA proto-oncogene NF-kB subunit (p65),"RelA/p65 directly binds the Nfatc1 initial promoter to trigger de novo Nfatc1 transcription. [Assay: Fluo-4 imaging, Treatment: RANKL + DAP12/FcRgamma co-stimulation, Effect: PLCgamma2 induces sustained Ca2+ oscillations activating Calcineurin]"
PubMed,"Kim et al., 2005 (Immunol Rev) - Signaling mechanisms of osteoclast differentiation by RANKL and immunoreceptors",10.1111/j.0105-2896.2005.00331.x,transcription_factor,RELB proto-oncogene NF-kB subunit,"p52 pairs with RelB to form active noncanonical heterodimers. [Confirmed by STRING v12.0 mouse PPI: score=0.999, escore=0.992] [Assay: Fluo-4 imaging, Treatment: RANKL + DAP12/FcRgamma co-stimulation, Effect: PLCgamma2 induces sustained Ca2+ oscillations activating Calcineurin]"
PubMed,"Kim et al., 2005 (Immunol Rev) - Signaling mechanisms of osteoclast differentiation by RANKL and immunoreceptors",10.1111/j.0105-2896.2005.00331.x,transcription_factor,RELB proto-oncogene NF-kB subunit,"RelB/p52 heterodimers bind Nfatc1 promoter to sustain long-term osteoclast survival. [Assay: Fluo-4 imaging, Treatment: RANKL + DAP12/FcRgamma co-stimulation, Effect: PLCgamma2 induces sustained Ca2+ oscillations activating Calcineurin]"
PubMed,"Kim et al., 2005 (Immunol Rev) - Signaling mechanisms of osteoclast differentiation by RANKL and immunoreceptors",10.1111/j.0105-2896.2005.00331.x,transcription_factor,Recombination signal binding protein for Ig kappa J region,"Notch effector RBP-J acts as a transcriptional repressor against NFATc1 induction. [Assay: Fluo-4 imaging, Treatment: RANKL + DAP12/FcRgamma co-stimulation, Effect: PLCgamma2 induces sustained Ca2+ oscillations activating Calcineurin]"
PubMed,"Kim et al., 2005 (Immunol Rev) - Signaling mechanisms of osteoclast differentiation by RANKL and immunoreceptors",10.1111/j.0105-2896.2005.00331.x,transcription_factor,Spi-1 proto-oncogene (PU.1),"Canonical signaling transduction step: HGNC:SPI1 activates HGNC:NFATC1 reported in PMID:16339965. [Confirmed by STRING v12.0 mouse PPI: score=0.743, escore=0]"
PubMed,"Kim et al., 2005 (Immunol Rev) - Signaling mechanisms of osteoclast differentiation by RANKL and immunoreceptors",10.1111/j.0105-2896.2005.00331.x,transcription_factor,Spi-1 proto-oncogene (PU.1),"PU.1 binds cooperatively with MITF to establish osteoclast lineage commitment. [Confirmed by STRING v12.0 mouse PPI: score=0.848, escore=0.082] [Assay: Fluo-4 imaging, Treatment: RANKL + DAP12/FcRgamma co-stimulation, Effect: PLCgamma2 induces sustained Ca2+ oscillations activating Calcineurin]"
PubMed,"Kim et al., 2005 (Immunol Rev) - Signaling mechanisms of osteoclast differentiation by RANKL and immunoreceptors",10.1111/j.0105-2896.2005.00331.x,transcription_factor,Spi-1 proto-oncogene (PU.1),"PU.1 recruits p300 histone acetyltransferase to osteoclast-specific enhancers. [Confirmed by STRING v12.0 mouse PPI: score=0.805, escore=0.51] [Assay: Fluo-4 imaging, Treatment: RANKL + DAP12/FcRgamma co-stimulation, Effect: PLCgamma2 induces sustained Ca2+ oscillations activating Calcineurin]"
PubMed,"Jin et al., 2014 (J Immunol) - SREBP2 induces IRF7 to negatively regulate osteoclast differentiation",10.4049/jimmunol.1400262,transcription_factor,Sterol regulatory element binding transcription factor 2 (SREBP2),"SREBP2 binds promoter sterol regulatory elements to induce IRF7. [Assay: qRT-PCR and TRAP staining, Treatment: RANKL stimulation in SREBP2-depleted BMMs, Effect: SREBP2 induces IRF7 which directly represses NFATc1 and osteoclastogenesis]"
PubMed,"Krzeszinski et al., 2014 (Nature) - miR-34a targets Tgif2 to attenuate osteoclastic bone resorption and metastasis",10.1038/nature13444,transcription_factor,TGFB induced factor homeobox 2,"miR-34a binds Tgif2 mRNA repressing its pro-resorptive activity in mature osteoclasts. [Assay: qPCR and dentin pit assay, Treatment: RANKL + miR-34a mimic, Effect: miR-34a targets Tgif2 to attenuate osteoclastic bone resorption]"
PubMed,"Krzeszinski et al., 2014 (Nature) - miR-34a targets Tgif2 to attenuate osteoclastic bone resorption and metastasis",10.1038/nature13444,transcription_factor,TGFB induced factor homeobox 2,Canonical signaling transduction step: HGNC:TGIF2 activates PHENO:bone_resorption reported in PMID:24965651.
PubMed,"Kim et al., 2005 (Immunol Rev) - Signaling mechanisms of osteoclast differentiation by RANKL and immunoreceptors",10.1111/j.0105-2896.2005.00331.x,transcription_factor,Telomeric repeat binding factor 3,"MITF heterodimerizes with MiT-family partner TFE3. [Confirmed by STRING v12.0 mouse PPI: score=0.981, escore=0] [Assay: Fluo-4 imaging, Treatment: RANKL + DAP12/FcRgamma co-stimulation, Effect: PLCgamma2 induces sustained Ca2+ oscillations activating Calcineurin]"
PubMed,"Yang et al., 2019 (Front Cell Dev Biol) - Ameloblastin (AMBN) inhibits osteoclastogenesis by dampening CREB1 phosphorylation",10.3389/fcell.2019.00364,transcription_factor,cAMP responsive element binding protein 1,"Ameloblastin competitively prevents p38 interaction with CREB. [Assay: Co-immunoprecipitation and TRAP staining, Treatment: RANKL + recombinant Ameloblastin, Effect: Ameloblastin competitively inhibits p38-CREB interaction, repressing osteoclastogenesis]"
PubMed,"Koga et al., 2004 (Nature) - Costimulatory signals for NFATc1 in bone homeostasis by ITAM-harboring adaptors",10.1038/nature02444,transcription_factor,cAMP responsive element binding protein 1,"CaMKIV phosphorylates CREB at Ser133 to stimulate c-Fos transcription. [Confirmed by STRING v12.0 mouse PPI: score=0.973, escore=0.065] [Assay: Immunoprecipitation and Fura-2 calcium imaging, Treatment: RANKL + M-CSF, Effect: DAP12 and FcRg phosphorylate Syk and PLCg2 initiating Ca2+ oscillations]"
PubMed,"Asagiri et al., 2005 (J Exp Med) - Autoamplification of NFATc1 expression is mediated by AP-1 (c-Fos/c-Jun) complex binding",10.1084/jem.20051115,transcription_factor,cAMP responsive element binding protein 1,"p38 MAPK directly phosphorylates CREB at Ser133. [Confirmed by STRING v12.0 mouse PPI: score=0.767, escore=0.093] [Assay: ChIP-qPCR, luciferase reporter, and EMSA, Treatment: RANKL stimulation, Effect: AP-1 (c-Fos/c-Jun) and CREB cooperate with NFATc1 to drive sustained autoamplification]"
PubMed,"Asagiri et al., 2005 (J Exp Med) - Autoamplification of NFATc1 expression is mediated by AP-1 (c-Fos/c-Jun) complex binding",10.1084/jem.20051115,transcription_factor,cAMP responsive element binding protein 1,"Phospho-CREB binds cAMP-response elements in the c-Fos promoter to induce transcription. [Confirmed by STRING v12.0 mouse PPI: score=0.988, escore=0.096] [Assay: ChIP-qPCR, luciferase reporter, and EMSA, Treatment: RANKL stimulation, Effect: AP-1 (c-Fos/c-Jun) and CREB cooperate with NFATc1 to drive sustained autoamplification]"
Reactome,Reactome Pathway Reaction (R-HSA-70635),https://reactome.org/content/detail/R-HSA-70635,intracellular_compound,2-oxoglutarate (alpha-ketoglutarate),Biochemical reaction catalyzed by CHEBI:16015 generating CHEBI:30915 per REACTOME entry R-HSA-70635.
Reactome,Reactome Pathway Reaction (R-HSA-70635),https://reactome.org/content/detail/R-HSA-70635,intracellular_compound,L-glutamate,Biochemical reaction catalyzed by CHEBI:16015 generating CHEBI:30915 per REACTOME entry R-HSA-70635.
Rhea,Rhea Biochemical Reaction Transformation (RHEA:10744),https://www.rhea-db.org/rhea/10744,enzyme,Aldolase fructose-bisphosphate A,Biochemical reaction catalyzed by HGNC:ALDOA generating CHEBI:17138 per RHEA entry RHEA:10744.
Rhea,Rhea Biochemical Reaction Transformation (RHEA:12040),https://www.rhea-db.org/rhea/12040,enzyme,Enolase 1,Biochemical reaction catalyzed by HGNC:ENO1 generating CHEBI:18021 per RHEA entry RHEA:12040.
Rhea,Rhea Biochemical Reaction Transformation (RHEA:11824),https://www.rhea-db.org/rhea/11824,enzyme,Glucose-6-phosphate isomerase,Biochemical reaction catalyzed by HGNC:GPI generating CHEBI:15946 per RHEA entry RHEA:11824.
Rhea,Rhea Biochemical Reaction Transformation (RHEA:15449),https://www.rhea-db.org/rhea/15449,enzyme,Glutaminase,Biochemical reaction catalyzed by HGNC:GLS generating CHEBI:16015 per RHEA entry RHEA:15449.
Rhea,Rhea Biochemical Reaction Transformation (RHEA:11072),https://www.rhea-db.org/rhea/11072,enzyme,Glyceraldehyde-3-phosphate dehydrogenase,Biochemical reaction catalyzed by HGNC:GAPDH generating CHEBI:16001 per RHEA entry RHEA:11072.
Rhea,Rhea Biochemical Reaction Transformation (RHEA:17825),https://www.rhea-db.org/rhea/17825,enzyme,Hexokinase 2,Biochemical reaction catalyzed by HGNC:HK2 generating CHEBI:14314 per RHEA entry RHEA:17825.
Rhea,Rhea Biochemical Reaction Transformation (RHEA:16653),https://www.rhea-db.org/rhea/16653,enzyme,Lactate dehydrogenase A,Biochemical reaction catalyzed by HGNC:LDHA generating CHEBI:16651 per RHEA entry RHEA:16653.
Rhea,Rhea Biochemical Reaction Transformation (RHEA:16109),https://www.rhea-db.org/rhea/16109,enzyme,Phosphofructokinase muscle,Biochemical reaction catalyzed by HGNC:PFKM generating CHEBI:16905 per RHEA entry RHEA:16109.
Rhea,Rhea Biochemical Reaction Transformation (RHEA:15509),https://www.rhea-db.org/rhea/15509,enzyme,Phosphoglycerate kinase 1,Biochemical reaction catalyzed by HGNC:PGK1 generating CHEBI:17794 per RHEA entry RHEA:15509.
Rhea,Rhea Biochemical Reaction Transformation (RHEA:15717),https://www.rhea-db.org/rhea/15717,enzyme,Phosphoglycerate mutase 1,Biochemical reaction catalyzed by HGNC:PGAM1 generating CHEBI:17835 per RHEA entry RHEA:15717.
Rhea,Rhea Biochemical Reaction Transformation (RHEA:18157),https://www.rhea-db.org/rhea/18157,enzyme,Pyruvate kinase M1/2,Biochemical reaction catalyzed by HGNC:PKM generating CHEBI:32816 per RHEA entry RHEA:18157.
Rhea,Rhea Biochemical Reaction Transformation (RHEA:11072),https://www.rhea-db.org/rhea/11072,intracellular_compound,"1,3-bisphospho-D-glycerate",Biochemical reaction catalyzed by HGNC:GAPDH generating CHEBI:16001 per RHEA entry RHEA:11072.
Rhea,Rhea Biochemical Reaction Transformation (RHEA:15717),https://www.rhea-db.org/rhea/15717,intracellular_compound,2-phospho-D-glycerate,Biochemical reaction catalyzed by HGNC:PGAM1 generating CHEBI:17835 per RHEA entry RHEA:15717.
Rhea,Rhea Biochemical Reaction Transformation (RHEA:15509),https://www.rhea-db.org/rhea/15509,intracellular_compound,3-phospho-D-glycerate,Biochemical reaction catalyzed by HGNC:PGK1 generating CHEBI:17794 per RHEA entry RHEA:15509.
Rhea,Rhea Biochemical Reaction Transformation (RHEA:16109),https://www.rhea-db.org/rhea/16109,intracellular_compound,"D-fructose 1,6-bisphosphate",Biochemical reaction catalyzed by HGNC:PFKM generating CHEBI:16905 per RHEA entry RHEA:16109.
Rhea,Rhea Biochemical Reaction Transformation (RHEA:11824),https://www.rhea-db.org/rhea/11824,intracellular_compound,D-fructose 6-phosphate,Biochemical reaction catalyzed by HGNC:GPI generating CHEBI:15946 per RHEA entry RHEA:11824.
Rhea,Rhea Biochemical Reaction Transformation (RHEA:17825),https://www.rhea-db.org/rhea/17825,intracellular_compound,D-glucose 6-phosphate,Biochemical reaction catalyzed by HGNC:HK2 generating CHEBI:14314 per RHEA entry RHEA:17825.
Rhea,Rhea Biochemical Reaction Transformation (RHEA:15449),https://www.rhea-db.org/rhea/15449,intracellular_compound,L-glutamate,Biochemical reaction catalyzed by HGNC:GLS generating CHEBI:16015 per RHEA entry RHEA:15449.
Rhea,Rhea Biochemical Reaction Transformation (RHEA:16653),https://www.rhea-db.org/rhea/16653,intracellular_compound,L-lactate,Biochemical reaction catalyzed by HGNC:LDHA generating CHEBI:16651 per RHEA entry RHEA:16653.
Rhea,Rhea Biochemical Reaction Transformation (RHEA:10744),https://www.rhea-db.org/rhea/10744,intracellular_compound,glyceraldehyde 3-phosphate,Biochemical reaction catalyzed by HGNC:ALDOA generating CHEBI:17138 per RHEA entry RHEA:10744.
Rhea,Rhea Biochemical Reaction Transformation (RHEA:12040),https://www.rhea-db.org/rhea/12040,intracellular_compound,phosphoenolpyruvate,Biochemical reaction catalyzed by HGNC:ENO1 generating CHEBI:18021 per RHEA entry RHEA:12040.
Rhea,Rhea Biochemical Reaction Transformation (RHEA:18157),https://www.rhea-db.org/rhea/18157,intracellular_compound,pyruvate,Biochemical reaction catalyzed by HGNC:PKM generating CHEBI:32816 per RHEA entry RHEA:18157.
Rhea,"Bansal et al., 2022 (Nucleic Acids Res) - Rhea, the reaction knowledgebase in 2022: expert-curated biochemical transformations",10.1093/nar/gkab1016,reaction,Histone acetylation at osteoclast promoters,Expert-curated biochemical chromatin transformation or enzymatic reaction localized in nucleus.
Rhea,"Bansal et al., 2022 (Nucleic Acids Res) - Rhea, the reaction knowledgebase in 2022: expert-curated biochemical transformations",10.1093/nar/gkab1016,reaction,KDM6B-mediated H3K27me3 demethylation at Nfatc1,Expert-curated biochemical chromatin transformation or enzymatic reaction localized in nucleus.
Rhea,"Bansal et al., 2022 (Nucleic Acids Res) - Rhea, the reaction knowledgebase in 2022: expert-curated biochemical transformations",10.1093/nar/gkab1016,reaction,PRC2/EZH2 H3K27me3 deposition,Expert-curated biochemical chromatin transformation or enzymatic reaction localized in nucleus.
Rhea,"Bansal et al., 2022 (Nucleic Acids Res) - Rhea, the reaction knowledgebase in 2022: expert-curated biochemical transformations",10.1093/nar/gkab1016,reaction,PRMT6-mediated H3R2me2a at FAO gene promoters,Expert-curated biochemical chromatin transformation or enzymatic reaction localized in nucleus.
Rhea,"Bansal et al., 2022 (Nucleic Acids Res) - Rhea, the reaction knowledgebase in 2022: expert-curated biochemical transformations",10.1093/nar/gkab1016,reaction,TET2-mediated DNA 5hmC deposition at enhancers,Expert-curated biochemical chromatin transformation or enzymatic reaction localized in nucleus.
STRING v12.0,"Szklarczyk et al., 2023 (Nucleic Acids Res) - The STRING database in 2023: protein-protein association networks with physical interactions",10.1093/nar/gkad947,enzyme,Conserved helix-loop-helix ubiquitous kinase (IKK-alpha),Direct physical heterodimerization; IKKalpha and IKKbeta form catalytic kinase complex. Verified by STRING v12.0 (Mus musculus Taxon 10090) with high confidence score 0.999 (escore: 0.963).
STRING v12.0,"Szklarczyk et al., 2023 (Nucleic Acids Res) - The STRING database in 2023: protein-protein association networks with physical interactions",10.1093/nar/gkad947,enzyme,Inhibitor of nuclear factor kappa B kinase regulatory subunit gamma (NEMO),Direct physical kinase phosphorylation; TAK1 activates NEMO (Ikbkg). Verified by STRING v12.0 (Mus musculus Taxon 10090) with high confidence score 0.999 (escore: 0.994).
STRING v12.0,"Szklarczyk et al., 2023 (Nucleic Acids Res) - The STRING database in 2023: protein-protein association networks with physical interactions",10.1093/nar/gkad947,enzyme,Inhibitor of nuclear factor kappa B kinase regulatory subunit gamma (NEMO),Direct physical complex; NEMO binds polyubiquitinated TRAF6. Verified by STRING v12.0 (Mus musculus Taxon 10090) with high confidence score 0.999 (escore: 0.963).
STRING v12.0,"Szklarczyk et al., 2023 (Nucleic Acids Res) - The STRING database in 2023: protein-protein association networks with physical interactions",10.1093/nar/gkad947,enzyme,Inhibitor of nuclear factor kappa B kinase subunit beta (IKK-beta),Direct physical heterodimerization; IKKalpha and IKKbeta form catalytic kinase complex. Verified by STRING v12.0 (Mus musculus Taxon 10090) with high confidence score 0.999 (escore: 0.963).
STRING v12.0,"Szklarczyk et al., 2023 (Nucleic Acids Res) - The STRING database in 2023: protein-protein association networks with physical interactions",10.1093/nar/gkad947,enzyme,Mitogen-activated protein kinase kinase kinase 7 (TAK1),Direct physical assembly; TAB3 activates TAK1 catalytic kinase activity. Verified by STRING v12.0 (Mus musculus Taxon 10090) with high confidence score 0.999 (escore: 0.9).
STRING v12.0,"Szklarczyk et al., 2023 (Nucleic Acids Res) - The STRING database in 2023: protein-protein association networks with physical interactions",10.1093/nar/gkad947,enzyme,Mitogen-activated protein kinase kinase kinase 7 (TAK1),Direct physical kinase phosphorylation; TAK1 activates NEMO (Ikbkg). Verified by STRING v12.0 (Mus musculus Taxon 10090) with high confidence score 0.999 (escore: 0.994).
STRING v12.0,"Szklarczyk et al., 2023 (Nucleic Acids Res) - The STRING database in 2023: protein-protein association networks with physical interactions",10.1093/nar/gkad947,enzyme,Protein phosphatase 3 catalytic subunit alpha (Calcineurin A),Direct physical heterodimer; Calcineurin B regulatory subunit activates catalytic Calcineurin A. Verified by STRING v12.0 (Mus musculus Taxon 10090) with high confidence score 0.999 (escore: 0.9).
STRING v12.0,"Szklarczyk et al., 2023 (Nucleic Acids Res) - The STRING database in 2023: protein-protein association networks with physical interactions",10.1093/nar/gkad947,enzyme,"Protein phosphatase 3 regulatory subunit B, alpha (Calcineurin B1)",Direct physical heterodimer; Calcineurin B regulatory subunit activates catalytic Calcineurin A. Verified by STRING v12.0 (Mus musculus Taxon 10090) with high confidence score 0.999 (escore: 0.9).
STRING v12.0,"Szklarczyk et al., 2023 (Nucleic Acids Res) - The STRING database in 2023: protein-protein association networks with physical interactions",10.1093/nar/gkad947,enzyme,"Protein phosphatase 3 regulatory subunit B, alpha (Calcineurin B1)",Direct physical dephosphorylation; Calcineurin complex dephosphorylates NFATc1. Verified by STRING v12.0 (Mus musculus Taxon 10090) with high confidence score 0.999 (escore: 0.9).
STRING v12.0,"Szklarczyk et al., 2023 (Nucleic Acids Res) - The STRING database in 2023: protein-protein association networks with physical interactions",10.1093/nar/gkad947,enzyme,Protein tyrosine kinase 2 (Focal adhesion kinase / FAK),Direct physical binding; FAK scaffolds with Paxillin at focal adhesion complexes. Verified by STRING v12.0 (Mus musculus Taxon 10090) with high confidence score 0.999 (escore: 0.9).
STRING v12.0,"Szklarczyk et al., 2023 (Nucleic Acids Res) - The STRING database in 2023: protein-protein association networks with physical interactions",10.1093/nar/gkad947,enzyme,Protein tyrosine kinase 2 beta (Pyk2),Direct physical phosphorylation; Pyk2 phosphorylates Paxillin to scaffold podosome belt. Verified by STRING v12.0 (Mus musculus Taxon 10090) with high confidence score 0.999 (escore: 0.9).
STRING v12.0,"Szklarczyk et al., 2023 (Nucleic Acids Res) - The STRING database in 2023: protein-protein association networks with physical interactions",10.1093/nar/gkad947,enzyme,SRC proto-oncogene non-receptor tyrosine kinase (c-Src),Direct physical phosphorylation; c-Src phosphorylates Paxillin at Tyr31/Tyr118 in podosomes. Verified by STRING v12.0 (Mus musculus Taxon 10090) with high confidence score 0.999 (escore: 0.9).
STRING v12.0,"Szklarczyk et al., 2023 (Nucleic Acids Res) - The STRING database in 2023: protein-protein association networks with physical interactions",10.1093/nar/gkad947,enzyme,TGF-beta activated kinase 1 binding protein 1,Direct physical assembly; TAB1 links TRAF6 to TAK1. Verified by STRING v12.0 (Mus musculus Taxon 10090) with high confidence score 0.999 (escore: 0.994).
STRING v12.0,"Szklarczyk et al., 2023 (Nucleic Acids Res) - The STRING database in 2023: protein-protein association networks with physical interactions",10.1093/nar/gkad947,enzyme,TGF-beta activated kinase 1 binding protein 2,Direct physical assembly; TAB2 binds K63-polyubiquitin chains of TRAF6. Verified by STRING v12.0 (Mus musculus Taxon 10090) with high confidence score 0.999 (escore: 0.994).
STRING v12.0,"Szklarczyk et al., 2023 (Nucleic Acids Res) - The STRING database in 2023: protein-protein association networks with physical interactions",10.1093/nar/gkad947,enzyme,TGF-beta activated kinase 1 binding protein 3,Direct physical complex; TAB3 binds TRAF6 and activates TAK1 (Map3k7). Verified by STRING v12.0 (Mus musculus Taxon 10090) with high confidence score 0.999 (escore: 0.9).
STRING v12.0,"Szklarczyk et al., 2023 (Nucleic Acids Res) - The STRING database in 2023: protein-protein association networks with physical interactions",10.1093/nar/gkad947,enzyme,TGF-beta activated kinase 1 binding protein 3,Direct physical assembly; TAB3 activates TAK1 catalytic kinase activity. Verified by STRING v12.0 (Mus musculus Taxon 10090) with high confidence score 0.999 (escore: 0.9).
STRING v12.0,"Szklarczyk et al., 2023 (Nucleic Acids Res) - The STRING database in 2023: protein-protein association networks with physical interactions",10.1093/nar/gkad947,enzyme,Ubiquitin-conjugating enzyme E2 N (Ubc13),Direct physical interaction; Ubc13 catalyzes K63-linked polyubiquitination of TRAF6. Verified by STRING v12.0 (Mus musculus Taxon 10090) with high confidence score 0.999 (escore: 0.9).
STRING v12.0,"Szklarczyk et al., 2023 (Nucleic Acids Res) - The STRING database in 2023: protein-protein association networks with physical interactions",10.1093/nar/gkad947,protein,ATPase H+ transporting V0 subunit d2,Direct physical assembly; V-ATPase a3 and d2 subunits assemble in ruffled border proton pump. Verified by STRING v12.0 (Mus musculus Taxon 10090) with high confidence score 0.995 (escore: 0.55).
STRING v12.0,"Szklarczyk et al., 2023 (Nucleic Acids Res) - The STRING database in 2023: protein-protein association networks with physical interactions",10.1093/nar/gkad947,protein,Dendritic cell specific transmembrane protein,Direct physical cooperativity; DC-STAMP and OC-STAMP coordinate cell-cell fusion. Verified by STRING v12.0 (Mus musculus Taxon 10090) with high confidence score 0.926 (escore: 0).
STRING v12.0,"Szklarczyk et al., 2023 (Nucleic Acids Res) - The STRING database in 2023: protein-protein association networks with physical interactions",10.1093/nar/gkad947,protein,Integrin subunit alpha V,Direct physical heterodimer; alpha-V beta-3 integrin binds bone matrix vitronectin/osteopontin. Verified by STRING v12.0 (Mus musculus Taxon 10090) with high confidence score 0.999 (escore: 0.917).
STRING v12.0,"Szklarczyk et al., 2023 (Nucleic Acids Res) - The STRING database in 2023: protein-protein association networks with physical interactions",10.1093/nar/gkad947,protein,Integrin subunit beta 3,Direct physical heterodimer; alpha-V beta-3 integrin binds bone matrix vitronectin/osteopontin. Verified by STRING v12.0 (Mus musculus Taxon 10090) with high confidence score 0.999 (escore: 0.917).
STRING v12.0,"Szklarczyk et al., 2023 (Nucleic Acids Res) - The STRING database in 2023: protein-protein association networks with physical interactions",10.1093/nar/gkad947,protein,NF-kB inhibitor alpha (IkB-alpha),Direct physical cytoplasmic sequestering; IkB-alpha binds p50/p65 to prevent nuclear entry. Verified by STRING v12.0 (Mus musculus Taxon 10090) with high confidence score 0.999 (escore: 0.99).
STRING v12.0,"Szklarczyk et al., 2023 (Nucleic Acids Res) - The STRING database in 2023: protein-protein association networks with physical interactions",10.1093/nar/gkad947,protein,Osteoclast stimulatory transmembrane protein,Direct physical cooperativity; DC-STAMP and OC-STAMP coordinate cell-cell fusion. Verified by STRING v12.0 (Mus musculus Taxon 10090) with high confidence score 0.926 (escore: 0).
STRING v12.0,"Szklarczyk et al., 2023 (Nucleic Acids Res) - The STRING database in 2023: protein-protein association networks with physical interactions",10.1093/nar/gkad947,protein,Paxillin (Focal adhesion and podosome belt adaptor),Direct physical phosphorylation; c-Src phosphorylates Paxillin at Tyr31/Tyr118 in podosomes. Verified by STRING v12.0 (Mus musculus Taxon 10090) with high confidence score 0.999 (escore: 0.9).
STRING v12.0,"Szklarczyk et al., 2023 (Nucleic Acids Res) - The STRING database in 2023: protein-protein association networks with physical interactions",10.1093/nar/gkad947,protein,Paxillin (Focal adhesion and podosome belt adaptor),Direct physical phosphorylation; Pyk2 phosphorylates Paxillin to scaffold podosome belt. Verified by STRING v12.0 (Mus musculus Taxon 10090) with high confidence score 0.999 (escore: 0.9).
STRING v12.0,"Szklarczyk et al., 2023 (Nucleic Acids Res) - The STRING database in 2023: protein-protein association networks with physical interactions",10.1093/nar/gkad947,protein,Paxillin (Focal adhesion and podosome belt adaptor),Direct physical binding; FAK scaffolds with Paxillin at focal adhesion complexes. Verified by STRING v12.0 (Mus musculus Taxon 10090) with high confidence score 0.999 (escore: 0.9).
STRING v12.0,"Szklarczyk et al., 2023 (Nucleic Acids Res) - The STRING database in 2023: protein-protein association networks with physical interactions",10.1093/nar/gkad947,protein,Sequestosome 1 (p62 scaffold / Paget disease regulator),Direct physical scaffolding; p62 binds TRAF6 to promote NF-kB activation. Verified by STRING v12.0 (Mus musculus Taxon 10090) with high confidence score 0.999 (escore: 0.855).
STRING v12.0,"Szklarczyk et al., 2023 (Nucleic Acids Res) - The STRING database in 2023: protein-protein association networks with physical interactions",10.1093/nar/gkad947,protein,T cell immune regulator 1 ATPase a3 subunit (Atp6i),Direct physical assembly; V-ATPase a3 and d2 subunits assemble in ruffled border proton pump. Verified by STRING v12.0 (Mus musculus Taxon 10090) with high confidence score 0.995 (escore: 0.55).
STRING v12.0,"Szklarczyk et al., 2023 (Nucleic Acids Res) - The STRING database in 2023: protein-protein association networks with physical interactions",10.1093/nar/gkad947,protein,TNF receptor associated factor 6,Direct physical interaction; Ubc13 catalyzes K63-linked polyubiquitination of TRAF6. Verified by STRING v12.0 (Mus musculus Taxon 10090) with high confidence score 0.999 (escore: 0.9).
STRING v12.0,"Szklarczyk et al., 2023 (Nucleic Acids Res) - The STRING database in 2023: protein-protein association networks with physical interactions",10.1093/nar/gkad947,protein,TNF receptor associated factor 6,Direct physical scaffolding; p62 binds TRAF6 to promote NF-kB activation. Verified by STRING v12.0 (Mus musculus Taxon 10090) with high confidence score 0.999 (escore: 0.855).
STRING v12.0,"Szklarczyk et al., 2023 (Nucleic Acids Res) - The STRING database in 2023: protein-protein association networks with physical interactions",10.1093/nar/gkad947,protein,TNF receptor associated factor 6,Direct physical complex; TAB3 binds TRAF6 and activates TAK1 (Map3k7). Verified by STRING v12.0 (Mus musculus Taxon 10090) with high confidence score 0.999 (escore: 0.9).
STRING v12.0,"Szklarczyk et al., 2023 (Nucleic Acids Res) - The STRING database in 2023: protein-protein association networks with physical interactions",10.1093/nar/gkad947,protein,TNF receptor associated factor 6,Direct physical assembly; TAB1 links TRAF6 to TAK1. Verified by STRING v12.0 (Mus musculus Taxon 10090) with high confidence score 0.999 (escore: 0.994).
STRING v12.0,"Szklarczyk et al., 2023 (Nucleic Acids Res) - The STRING database in 2023: protein-protein association networks with physical interactions",10.1093/nar/gkad947,protein,TNF receptor associated factor 6,Direct physical assembly; TAB2 binds K63-polyubiquitin chains of TRAF6. Verified by STRING v12.0 (Mus musculus Taxon 10090) with high confidence score 0.999 (escore: 0.994).
STRING v12.0,"Szklarczyk et al., 2023 (Nucleic Acids Res) - The STRING database in 2023: protein-protein association networks with physical interactions",10.1093/nar/gkad947,protein,TNF receptor associated factor 6,Direct physical complex; NEMO binds polyubiquitinated TRAF6. Verified by STRING v12.0 (Mus musculus Taxon 10090) with high confidence score 0.999 (escore: 0.963).
STRING v12.0,"Szklarczyk et al., 2023 (Nucleic Acids Res) - The STRING database in 2023: protein-protein association networks with physical interactions",10.1093/nar/gkad947,transcription_factor,Jun proto-oncogene AP-1 transcription factor subunit (c-Jun),Direct physical cooperativity; c-Jun/AP-1 binds NFATc1 promoter and cooperates in transcription. Verified by STRING v12.0 (Mus musculus Taxon 10090) with high confidence score 0.915 (escore: 0.259).
STRING v12.0,"Szklarczyk et al., 2023 (Nucleic Acids Res) - The STRING database in 2023: protein-protein association networks with physical interactions",10.1093/nar/gkad947,transcription_factor,Nuclear factor kappa B subunit 1 (p50),Direct physical heterodimer; p65 and p50 form canonical NF-kB transcription factor. Verified by STRING v12.0 (Mus musculus Taxon 10090) with high confidence score 0.999 (escore: 0.997).
STRING v12.0,"Szklarczyk et al., 2023 (Nucleic Acids Res) - The STRING database in 2023: protein-protein association networks with physical interactions",10.1093/nar/gkad947,transcription_factor,Nuclear factor kappa B subunit 1 (p50),Direct physical cytoplasmic sequestering; IkB-alpha binds p50/p65 to prevent nuclear entry. Verified by STRING v12.0 (Mus musculus Taxon 10090) with high confidence score 0.999 (escore: 0.99).
STRING v12.0,"Szklarczyk et al., 2023 (Nucleic Acids Res) - The STRING database in 2023: protein-protein association networks with physical interactions",10.1093/nar/gkad947,transcription_factor,Nuclear factor of activated T cells 1,Direct physical dephosphorylation; Calcineurin complex dephosphorylates NFATc1. Verified by STRING v12.0 (Mus musculus Taxon 10090) with high confidence score 0.999 (escore: 0.9).
STRING v12.0,"Szklarczyk et al., 2023 (Nucleic Acids Res) - The STRING database in 2023: protein-protein association networks with physical interactions",10.1093/nar/gkad947,transcription_factor,Nuclear factor of activated T cells 1,Direct physical cooperativity; c-Jun/AP-1 binds NFATc1 promoter and cooperates in transcription. Verified by STRING v12.0 (Mus musculus Taxon 10090) with high confidence score 0.915 (escore: 0.259).
STRING v12.0,"Szklarczyk et al., 2023 (Nucleic Acids Res) - The STRING database in 2023: protein-protein association networks with physical interactions",10.1093/nar/gkad947,transcription_factor,RELA proto-oncogene NF-kB subunit (p65),Direct physical heterodimer; p65 and p50 form canonical NF-kB transcription factor. Verified by STRING v12.0 (Mus musculus Taxon 10090) with high confidence score 0.999 (escore: 0.997).
