candidate_id,source_id,pmid,title,passage_text,passage_index,start,end,source_location,source_url,source_sha256,raw_file,annotation_ids,provider_identifiers,candidate_node_ids,mechanistic_cues,negation_cue,triage_score,curator_status,passage_status,relation,sign,context_id,experiment_id,polarity,identity_status,eligible_for_scoring,publication_types,query_families
candidate:4c1864948a6c1efc86bf,PMID:38200114,38200114,The serine synthesis pathway drives osteoclast differentiation through epigenetic regulation of NFATc1 expression.,"Here, we show that transient activation of the serine synthesis pathway (SSP) is essential for osteoclastogenesis, as deletion of the rate-limiting enzyme phosphoglycerate dehydrogenase in osteoclast progenitors impairs their differentiation and results in increased bone mass.",1,497,774,"PubTator BioC passage[1], document characters [497,774)",https://pubmed.ncbi.nlm.nih.gov/38200114/,f4cf64f0bc9f8026ba1acf488adfe9142b738630947efdf158e6cd5cab643506,data/raw/discovery_pilot/4a74919c786c2d170d4443ae3396d1e857807d8ef61b9992bda6f5e8ef25fd67.json,"[""16""]","[""MESH:D012694""]","[""CHEBI:17115""]","[""activation"", ""deletion"", ""impairs""]",False,4,pending,automated_extraction_unreviewed,,,,,,unresolved_molecular_form_and_species,False,"[""research-article"", ""Journal Article""]","[""mechanism_anchors"", ""positive_control_lookup""]"
candidate:9c425022659c06e85325,PMID:38964754,38964754,Acod1-mediated inhibition of aerobic glycolysis suppresses osteoclast differentiation and attenuates bone erosion in arthritis.,"Mechanistically, Acod1 suppressed osteoclast differentiation by inhibiting succinate dehydrogenase-dependent production of reactive oxygen species and Hif1alpha-mediated induction of aerobic glycolysis.",1,1758,1960,"PubTator BioC passage[1], document characters [1758,1960)",https://pubmed.ncbi.nlm.nih.gov/38964754/,70f9aa98c6008210a69fa09f9932f15b17227af94ba00b8c2d9f0e354cd2d1c5,data/raw/discovery_pilot/58dd0e1dea8df1a4f01dc61643f37fbe81bc0129e5c3437585f5fc2e87c34ad9.json,"[""65"", ""66"", ""67""]","[""15251"", ""730249"", ""MESH:D017382""]","[""CHEBI:26523"", ""LOCAL:protein:mouse:ACOD1"", ""LOCAL:protein:mouse:HIF1A""]","[""inhibiting"", ""suppressed""]",False,4,pending,automated_extraction_unreviewed,,,,,,unresolved_molecular_form_and_species,False,"[""research-article"", ""Journal Article""]","[""mechanism_anchors""]"
candidate:20144ecf5af884e803ab,PMID:38964754,38964754,Acod1-mediated inhibition of aerobic glycolysis suppresses osteoclast differentiation and attenuates bone erosion in arthritis.,CONCLUSION: Acod1 and itaconate are crucial regulators of osteoclast differentiation and bone loss in inflammatory arthritis.,1,1961,2086,"PubTator BioC passage[1], document characters [1961,2086)",https://pubmed.ncbi.nlm.nih.gov/38964754/,70f9aa98c6008210a69fa09f9932f15b17227af94ba00b8c2d9f0e354cd2d1c5,data/raw/discovery_pilot/58dd0e1dea8df1a4f01dc61643f37fbe81bc0129e5c3437585f5fc2e87c34ad9.json,"[""68"", ""69""]","[""730249"", ""MESH:C005229""]","[""CHEBI:30805"", ""LOCAL:protein:mouse:ACOD1""]","[""regulators""]",False,4,pending,automated_extraction_unreviewed,,,,,,unresolved_molecular_form_and_species,False,"[""research-article"", ""Journal Article""]","[""mechanism_anchors""]"
candidate:a8dd00d12769cffc4238,PMID:38986577,38986577,Itaconate is a metabolic regulator of bone formation in homeostasis and arthritis.,"CONCLUSION: In summary, we identify itaconate, generated as a result of the metabolic rewiring during osteoclast differentiation, as a previously unrecognised regulator of osteoblasts.",1,1727,1911,"PubTator BioC passage[1], document characters [1727,1911)",https://pubmed.ncbi.nlm.nih.gov/38986577/,70f9aa98c6008210a69fa09f9932f15b17227af94ba00b8c2d9f0e354cd2d1c5,data/raw/discovery_pilot/58dd0e1dea8df1a4f01dc61643f37fbe81bc0129e5c3437585f5fc2e87c34ad9.json,"[""39""]","[""MESH:C005229""]","[""CHEBI:30805""]","[""regulator""]",False,4,pending,automated_extraction_unreviewed,,,,,,unresolved_molecular_form_and_species,False,"[""research-article"", ""Journal Article""]","[""mechanism_anchors""]"
candidate:01d7978b03add0509550,PMID:39870006,39870006,The absence of IRG1 exacerbates bone loss in a mouse model of ovariectomy-induced osteoporosis by increasing osteoclastogenesis through the potentiation of NLRP3 inflammasome activation.,"The osteoclastogenesis induced by receptor activator of nuclear factor kappa-Beta ligand (RANKL) in bone marrow-derived macrophages (BMMs) was found to be enhanced by IRG1 deficiency, which could be reversed through the replenishment of itaconate.",1,1244,1491,"PubTator BioC passage[1], document characters [1244,1491)",https://pubmed.ncbi.nlm.nih.gov/39870006/,31f58a173ecfc980f380db2685c46abaf3f28080252a33436a4ad185d1153e32,data/raw/discovery_pilot/41328b09b84b1c660d9742483f62b8d62b0eb2d54f5bef114eff582717ce60b5.json,"[""77"", ""78"", ""79"", ""80""]","[""16365"", ""21943"", ""MESH:C005229""]","[""CHEBI:30805"", ""LOCAL:protein:mouse:ACOD1"", ""LOCAL:protein:mouse:TNFSF11""]","[""activator"", ""deficiency""]",False,4,pending,automated_extraction_unreviewed,,,,,,unresolved_molecular_form_and_species,False,"[""Journal Article""]","[""mechanism_anchors""]"
candidate:a454ee0ffa048b041131,PMID:40500265,40500265,Inflammatory macrophage-derived itaconate inhibits DNA demethylase TET2 to prevent excessive osteoclast activation in rheumatoid arthritis.,Administration of itaconate prevents excessive activation of osteoclasts by inhibiting Tet2 enzyme activity.,1,665,773,"PubTator BioC passage[1], document characters [665,773)",https://pubmed.ncbi.nlm.nih.gov/40500265/,f4cf64f0bc9f8026ba1acf488adfe9142b738630947efdf158e6cd5cab643506,data/raw/discovery_pilot/4a74919c786c2d170d4443ae3396d1e857807d8ef61b9992bda6f5e8ef25fd67.json,"[""47"", ""48""]","[""54790"", ""MESH:C005229""]","[""CHEBI:30805"", ""LOCAL:protein:mouse:TET2""]","[""activation"", ""inhibiting""]",False,4,pending,automated_extraction_unreviewed,,,,,,unresolved_molecular_form_and_species,False,"[""research-article"", ""Journal Article""]","[""mechanism_anchors"", ""positive_control_lookup""]"
candidate:131d7379631ee827acfa,PMID:40500265,40500265,Inflammatory macrophage-derived itaconate inhibits DNA demethylase TET2 to prevent excessive osteoclast activation in rheumatoid arthritis.,"This study elucidates that TNF-a drives macrophage-derived itaconate production to epigenetically suppress osteoclast hyperactivation through Tet2 inhibition, establishing itaconate and its derivative OI as novel therapeutic agents against rheumatoid arthritis -associated bone destruction.",1,994,1284,"PubTator BioC passage[1], document characters [994,1284)",https://pubmed.ncbi.nlm.nih.gov/40500265/,f4cf64f0bc9f8026ba1acf488adfe9142b738630947efdf158e6cd5cab643506,data/raw/discovery_pilot/4a74919c786c2d170d4443ae3396d1e857807d8ef61b9992bda6f5e8ef25fd67.json,"[""54"", ""55"", ""56"", ""57"", ""58"", ""59""]","[""54790"", ""7124"", ""MESH:C005229"", ""MESH:D001172"", ""MESH:D001847""]","[""CHEBI:30805"", ""LOCAL:protein:mouse:TET2"", ""LOCAL:protein:mouse:TNF""]","[""inhibition"", ""suppress""]",False,4,pending,automated_extraction_unreviewed,,,,,,unresolved_molecular_form_and_species,False,"[""research-article"", ""Journal Article""]","[""mechanism_anchors"", ""positive_control_lookup""]"
candidate:ec432fe5e42bfd4d29c3,PMID:41050704,41050704,PRMT6 inhibitors promote fracture healing by modulating osteoclast glucose metabolism.,"Methods: We investigated the role of Protein Arginine Methyltransferase 6 (PRMT6) in fracture healing, focusing on its regulation of osteoclast glucose metabolism.",1,395,558,"PubTator BioC passage[1], document characters [395,558)",https://pubmed.ncbi.nlm.nih.gov/41050704/,9d4dc6b57c16c2079ee9f4906da6686aea4192c8df9ee5805aa6cd98d008edc1,data/raw/discovery_pilot/21cb27e7f4a7b05f3320e5ffb015d150f972060ee765c5949eee573bc6a4d3db.json,"[""23"", ""24"", ""25"", ""26""]","[""55170"", ""MESH:D005947"", ""MESH:D050723""]","[""CHEBI:17234"", ""LOCAL:protein:mouse:PRMT6""]","[""regulation""]",False,4,pending,automated_extraction_unreviewed,,,,,,unresolved_molecular_form_and_species,False,"[""research-article"", ""Journal Article""]","[""mechanism_anchors""]"
candidate:b78c878a6d818e1a0b83,PMID:41050704,41050704,PRMT6 inhibitors promote fracture healing by modulating osteoclast glucose metabolism.,Results: PRMT6 was found to promote osteoclastogenesis and activate glycolysis.,1,654,733,"PubTator BioC passage[1], document characters [654,733)",https://pubmed.ncbi.nlm.nih.gov/41050704/,9d4dc6b57c16c2079ee9f4906da6686aea4192c8df9ee5805aa6cd98d008edc1,data/raw/discovery_pilot/21cb27e7f4a7b05f3320e5ffb015d150f972060ee765c5949eee573bc6a4d3db.json,"[""28""]","[""55170""]","[""LOCAL:protein:mouse:PRMT6""]","[""activate"", ""promote""]",False,4,pending,automated_extraction_unreviewed,,,,,,unresolved_molecular_form_and_species,False,"[""research-article"", ""Journal Article""]","[""mechanism_anchors""]"
candidate:3e43f3f7c2b4471266f3,PMID:41050704,41050704,PRMT6 inhibitors promote fracture healing by modulating osteoclast glucose metabolism.,Both genetic deficiency and pharmacological inhibition of PRMT6 suppressed osteoclast formation and glycolytic activity.,1,734,854,"PubTator BioC passage[1], document characters [734,854)",https://pubmed.ncbi.nlm.nih.gov/41050704/,9d4dc6b57c16c2079ee9f4906da6686aea4192c8df9ee5805aa6cd98d008edc1,data/raw/discovery_pilot/21cb27e7f4a7b05f3320e5ffb015d150f972060ee765c5949eee573bc6a4d3db.json,"[""29""]","[""55170""]","[""LOCAL:protein:mouse:PRMT6""]","[""deficiency"", ""inhibition"", ""suppressed""]",False,4,pending,automated_extraction_unreviewed,,,,,,unresolved_molecular_form_and_species,False,"[""research-article"", ""Journal Article""]","[""mechanism_anchors""]"
candidate:4f9673d62663d189fa03,PMID:41050704,41050704,PRMT6 inhibitors promote fracture healing by modulating osteoclast glucose metabolism.,Discussion: Our study identifies PRMT6 as a key regulator of osteoclast metabolism and fracture repair.,1,963,1066,"PubTator BioC passage[1], document characters [963,1066)",https://pubmed.ncbi.nlm.nih.gov/41050704/,9d4dc6b57c16c2079ee9f4906da6686aea4192c8df9ee5805aa6cd98d008edc1,data/raw/discovery_pilot/21cb27e7f4a7b05f3320e5ffb015d150f972060ee765c5949eee573bc6a4d3db.json,"[""32"", ""33""]","[""55170"", ""MESH:D050723""]","[""LOCAL:protein:mouse:PRMT6""]","[""regulator""]",False,4,pending,automated_extraction_unreviewed,,,,,,unresolved_molecular_form_and_species,False,"[""research-article"", ""Journal Article""]","[""mechanism_anchors""]"
candidate:0b5fcc8c920242a9f396,PMID:41661386,41661386,Nutrients and Metabolites as Signalling Molecules in Osteoclasts.,"RECENT FINDINGS: Recent studies have demonstrated that nutrients such as glucose, amino acids, and lipids, along with their intermediary metabolites such as succinate, itaconate, alpha-ketoglutarate (alphaKG), S-adenosylmethionine (SAM), and acetyl-CoA, regulate osteoclast formation and function by modulating signalling cascades and epigenetic landscapes.",1,705,1062,"PubTator BioC passage[1], document characters [705,1062)",https://pubmed.ncbi.nlm.nih.gov/41661386/,c84b99ab3ae0446c40c38dccb8d29a844939c9c07d0da5b3ea09d72ea31bb2cb,data/raw/discovery_pilot/c9f79391b6d9f45d562bfab7fb5011d2038e0b47656c04e8504e4cba18321274.json,"[""16"", ""17"", ""18"", ""19"", ""20"", ""21"", ""22"", ""23"", ""24"", ""25""]","[""MESH:C005229"", ""MESH:D000105"", ""MESH:D000596"", ""MESH:D005947"", ""MESH:D007656"", ""MESH:D008055"", ""MESH:D012436"", ""MESH:D019802""]","[""CHEBI:15351"", ""CHEBI:15741"", ""CHEBI:17234"", ""CHEBI:30805"", ""CHEBI:30915""]","[""regulate""]",False,4,pending,automated_extraction_unreviewed,,,,,,unresolved_molecular_form_and_species,False,"[""review-article"", ""Review"", ""Journal Article""]","[""mechanism_anchors""]"
candidate:c9d1858d921a7aebae07,PMID:41913623,41913623,[Effect of mitochondrial quality control on osteoclast differentiation and its research progress in oral diseases].,"Mitochondria, known as the ""powerhouses"" of the cell, not only affect cellular energy supply but also modulate the levels of reactive oxygen species, thus becoming one of the key factors regulating osteoclast differentiation and maturation.",1,300,540,"PubTator BioC passage[1], document characters [300,540)",https://pubmed.ncbi.nlm.nih.gov/41913623/,3a45de7af8b858690bd4afe055a244a80441c18e380efa9a6fddc7206083f6e2,data/raw/discovery_pilot/51e0cf1555b67a873f11ddeef370092171da9a96fac3114dffbf752e60ea5861.json,"[""7""]","[""MESH:D017382""]","[""CHEBI:26523""]","[""regulating""]",True,4,pending,automated_extraction_unreviewed,,,,,,unresolved_molecular_form_and_species,False,"[""Review"", ""Journal Article"", ""English Abstract""]","[""broad"", ""metabolism""]"
candidate:866e3dd59417d39a5a9e,PMID:42345820,42345820,Expression of Phosphomimetic OSTM1-T328E/S329D Variant Partially Restores Bone Resorption Defect in LRRK1-Deficient Mice.,We previously identified that phosphorylation of OSTM1 at threonine 328 and serine 329 was compromised in LRRK1-deficient osteoclasts.,1,348,482,"PubTator BioC passage[1], document characters [348,482)",https://pubmed.ncbi.nlm.nih.gov/42345820/,f4cf64f0bc9f8026ba1acf488adfe9142b738630947efdf158e6cd5cab643506,data/raw/discovery_pilot/4a74919c786c2d170d4443ae3396d1e857807d8ef61b9992bda6f5e8ef25fd67.json,"[""60"", ""61"", ""62"", ""63""]","[""14628"", ""233328"", ""tmVar:p|Allele|S|329;VariantGroup:0;OriginalGene:14628;CorrespondingGene:28962;CorrespondingSpecies:10090"", ""tmVar:p|Allele|T|328;VariantGroup:1;OriginalGene:14628;CorrespondingGene:28962;CorrespondingSpecies:10090""]","[""LOCAL:protein:mouse:OSTM1""]","[""deficient""]",False,4,pending,automated_extraction_unreviewed,,,,,,unresolved_molecular_form_and_species,False,"[""research-article"", ""Journal Article""]","[""broad"", ""metabolism""]"
candidate:adb8e88135afea730ff1,PMID:42381997,42381997,Histone H3K18 lactylation: An exercise-induced epigenetic mechanism that inhibits osteoclast activity and protects against osteoporosis.,The translational potential of this article: This study reveals an epigenetic mechanism by which lactate regulates osteoclast function and suggests that exercise-induced lactate elevation or lactate supplementation may represent a viable therapeutic strategy for postmenopausal osteoporosis.,1,2153,2444,"PubTator BioC passage[1], document characters [2153,2444)",https://pubmed.ncbi.nlm.nih.gov/42381997/,c84b99ab3ae0446c40c38dccb8d29a844939c9c07d0da5b3ea09d72ea31bb2cb,data/raw/discovery_pilot/c9f79391b6d9f45d562bfab7fb5011d2038e0b47656c04e8504e4cba18321274.json,"[""70"", ""71"", ""72"", ""73""]","[""MESH:D010024"", ""MESH:D019344""]","[""CHEBI:16651""]","[""regulates""]",False,4,pending,automated_extraction_unreviewed,,,,,,unresolved_molecular_form_and_species,False,"[""research-article"", ""Journal Article""]","[""broad"", ""metabolism""]"
candidate:619bb7125ff9ff6d5129,PMID:42669152,42669152,WTAP Transcriptional Suppression by KLF9 Drives Osteoclastogenesis via M6A-Mediated Regulation of CSF1R Signaling in Estrogen-Deficient Osteoporosis.,This KLF9/WTAP/YTHDF2/m6A/CSF1R axis establishes a novel epigenetic circuit regulating bone resorption.,1,1156,1259,"PubTator BioC passage[1], document characters [1156,1259)",https://pubmed.ncbi.nlm.nih.gov/42669152/,31f58a173ecfc980f380db2685c46abaf3f28080252a33436a4ad185d1153e32,data/raw/discovery_pilot/41328b09b84b1c660d9742483f62b8d62b0eb2d54f5bef114eff582717ce60b5.json,"[""63"", ""64"", ""65"", ""66"", ""67"", ""68""]","[""12978"", ""16601"", ""213541"", ""60532"", ""MESH:C005955"", ""MESH:D014091""]","[""LOCAL:protein:mouse:CSF1R""]","[""regulating""]",False,4,pending,automated_extraction_unreviewed,,,,,,unresolved_molecular_form_and_species,False,"[""research-article"", ""Journal Article""]","[""broad"", ""metabolism""]"
candidate:626b10be2e006b746d26,PMID:38200114,38200114,The serine synthesis pathway drives osteoclast differentiation through epigenetic regulation of NFATc1 expression.,"Mechanistically, SSP-derived alpha-ketoglutarate is necessary for histone demethylases that remove repressive histone methylation marks at the nuclear factor of activated T cells, cytoplasmic 1 (Nfatc1) gene locus, thereby inducing NFATc1 expression and consequent osteoclast maturation.",1,943,1230,"PubTator BioC passage[1], document characters [943,1230)",https://pubmed.ncbi.nlm.nih.gov/38200114/,f4cf64f0bc9f8026ba1acf488adfe9142b738630947efdf158e6cd5cab643506,data/raw/discovery_pilot/4a74919c786c2d170d4443ae3396d1e857807d8ef61b9992bda6f5e8ef25fd67.json,"[""21"", ""22"", ""23"", ""24""]","[""18018"", ""MESH:D007656""]","[""LOCAL:protein:mouse:NFATC1""]","[""activated""]",False,3,pending,automated_extraction_unreviewed,,,,,,unresolved_molecular_form_and_species,False,"[""research-article"", ""Journal Article""]","[""mechanism_anchors"", ""positive_control_lookup""]"
candidate:612344871f0a4c48c74a,PMID:38964754,38964754,Acod1-mediated inhibition of aerobic glycolysis suppresses osteoclast differentiation and attenuates bone erosion in arthritis.,CRISPR/Cas9 gene editing was used to investigate the role of hypoxia-inducible factor (Hif)-1alpha in Acod1-mediated regulation of osteoclast development.,1,1263,1417,"PubTator BioC passage[1], document characters [1263,1417)",https://pubmed.ncbi.nlm.nih.gov/38964754/,70f9aa98c6008210a69fa09f9932f15b17227af94ba00b8c2d9f0e354cd2d1c5,data/raw/discovery_pilot/58dd0e1dea8df1a4f01dc61643f37fbe81bc0129e5c3437585f5fc2e87c34ad9.json,"[""57""]","[""16365""]","[""LOCAL:protein:mouse:ACOD1""]","[""regulation""]",False,3,pending,automated_extraction_unreviewed,,,,,,unresolved_molecular_form_and_species,False,"[""research-article"", ""Journal Article""]","[""mechanism_anchors""]"
candidate:b6cab9c841870f1f2946,PMID:38964754,38964754,Acod1-mediated inhibition of aerobic glycolysis suppresses osteoclast differentiation and attenuates bone erosion in arthritis.,Acod1-deficient mice exhibited increased osteoclast numbers and bone erosion in experimental arthritis while 4-OI treatment alleviated inflammatory bone loss in vivo and inhibited human and murine osteoclast differentiation in vitro.,1,1524,1757,"PubTator BioC passage[1], document characters [1524,1757)",https://pubmed.ncbi.nlm.nih.gov/38964754/,70f9aa98c6008210a69fa09f9932f15b17227af94ba00b8c2d9f0e354cd2d1c5,data/raw/discovery_pilot/58dd0e1dea8df1a4f01dc61643f37fbe81bc0129e5c3437585f5fc2e87c34ad9.json,"[""60"", ""61"", ""62"", ""63"", ""64""]","[""10090"", ""16365"", ""9606"", ""MESH:C000708109""]","[""LOCAL:protein:mouse:ACOD1""]","[""deficient"", ""inhibited""]",False,3,pending,automated_extraction_unreviewed,,,,,,unresolved_molecular_form_and_species,False,"[""research-article"", ""Journal Article""]","[""mechanism_anchors""]"
candidate:75bfc16a6a40979f0164,PMID:39120025,39120025,PRMT6 Epigenetically Drives Metabolic Switch from Fatty Acid Oxidation toward Glycolysis and Promotes Osteoclast Differentiation During Osteoporosis.,"Consequently, PRMT6 deficiency or inhibitor impedes osteoclast differentiation and alleviates bone loss in ovariectomized (OVX) mice.",1,801,934,"PubTator BioC passage[1], document characters [801,934)",https://pubmed.ncbi.nlm.nih.gov/39120025/,c84b99ab3ae0446c40c38dccb8d29a844939c9c07d0da5b3ea09d72ea31bb2cb,data/raw/discovery_pilot/c9f79391b6d9f45d562bfab7fb5011d2038e0b47656c04e8504e4cba18321274.json,"[""24"", ""25""]","[""10090"", ""55170""]","[""LOCAL:protein:mouse:PRMT6""]","[""deficiency"", ""inhibitor""]",False,3,pending,automated_extraction_unreviewed,,,,,,unresolved_molecular_form_and_species,False,"[""Research Support, Non-U.S. Gov't"", ""research-article"", ""Journal Article""]","[""mechanism_anchors""]"
candidate:1e9a3d96ccb395b1aab9,PMID:39870006,39870006,The absence of IRG1 exacerbates bone loss in a mouse model of ovariectomy-induced osteoporosis by increasing osteoclastogenesis through the potentiation of NLRP3 inflammasome activation.,The inhibition of NLRP3 inflammasome using a targeted inhibitor significantly ameliorated RANKL-induced osteoclastogenesis in IRG1 KO BMMs.,1,1647,1786,"PubTator BioC passage[1], document characters [1647,1786)",https://pubmed.ncbi.nlm.nih.gov/39870006/,31f58a173ecfc980f380db2685c46abaf3f28080252a33436a4ad185d1153e32,data/raw/discovery_pilot/41328b09b84b1c660d9742483f62b8d62b0eb2d54f5bef114eff582717ce60b5.json,"[""84"", ""85""]","[""16365"", ""21943""]","[""LOCAL:protein:mouse:ACOD1"", ""LOCAL:protein:mouse:TNFSF11""]","[""inhibition"", ""inhibitor""]",False,3,pending,automated_extraction_unreviewed,,,,,,unresolved_molecular_form_and_species,False,"[""Journal Article""]","[""mechanism_anchors""]"
candidate:32fd5a59a6ecdc3a7db7,PMID:39870006,39870006,The absence of IRG1 exacerbates bone loss in a mouse model of ovariectomy-induced osteoporosis by increasing osteoclastogenesis through the potentiation of NLRP3 inflammasome activation.,"Overall, this study highlights the significance of IRG1 in regulating osteoclastogenesis and proposes it as a potential target for osteoporosis treatment.",1,1787,1941,"PubTator BioC passage[1], document characters [1787,1941)",https://pubmed.ncbi.nlm.nih.gov/39870006/,31f58a173ecfc980f380db2685c46abaf3f28080252a33436a4ad185d1153e32,data/raw/discovery_pilot/41328b09b84b1c660d9742483f62b8d62b0eb2d54f5bef114eff582717ce60b5.json,"[""86"", ""87""]","[""16365"", ""MESH:D010024""]","[""LOCAL:protein:mouse:ACOD1""]","[""regulating""]",False,3,pending,automated_extraction_unreviewed,,,,,,unresolved_molecular_form_and_species,False,"[""Journal Article""]","[""mechanism_anchors""]"
candidate:22f829704185035326d8,PMID:41050704,41050704,PRMT6 inhibitors promote fracture healing by modulating osteoclast glucose metabolism.,"Further, PRMT6 inhibitors significantly enhanced fracture healing in vivo by inhibiting osteoclastogenesis.",1,855,962,"PubTator BioC passage[1], document characters [855,962)",https://pubmed.ncbi.nlm.nih.gov/41050704/,9d4dc6b57c16c2079ee9f4906da6686aea4192c8df9ee5805aa6cd98d008edc1,data/raw/discovery_pilot/21cb27e7f4a7b05f3320e5ffb015d150f972060ee765c5949eee573bc6a4d3db.json,"[""30"", ""31""]","[""55170"", ""MESH:D050723""]","[""LOCAL:protein:mouse:PRMT6""]","[""inhibiting"", ""inhibitors""]",False,3,pending,automated_extraction_unreviewed,,,,,,unresolved_molecular_form_and_species,False,"[""research-article"", ""Journal Article""]","[""mechanism_anchors""]"
candidate:7245e67dc7c9ae41c5c6,PMID:41349947,41349947,Investigating the role and mechanism of methionine in different types of skeletal fluorosis based on Siglec-15 methylation.,"Notably, SIGLEC-15 up-regulation specifically promoted fluoride-exposed osteoclasts differentiation through the TYROBP-SYK pathway, while it was not associated with osteoblast differentiation.",1,1406,1598,"PubTator BioC passage[1], document characters [1406,1598)",https://pubmed.ncbi.nlm.nih.gov/41349947/,f4cf64f0bc9f8026ba1acf488adfe9142b738630947efdf158e6cd5cab643506,data/raw/discovery_pilot/4a74919c786c2d170d4443ae3396d1e857807d8ef61b9992bda6f5e8ef25fd67.json,"[""67"", ""68"", ""69"", ""70""]","[""25155"", ""361537"", ""498888"", ""MESH:D005459""]","[""LOCAL:protein:mouse:SYK"", ""LOCAL:protein:mouse:TYROBP""]","[""promoted"", ""regulation""]",True,3,pending,automated_extraction_unreviewed,,,,,,unresolved_molecular_form_and_species,False,"[""Journal Article""]","[""metabolism"", ""mechanism_anchors""]"
candidate:6fb5200678b093c67058,PMID:41349947,41349947,Investigating the role and mechanism of methionine in different types of skeletal fluorosis based on Siglec-15 methylation.,"From our findings, the up-regulation of TET2 promoted Siglec-15 hypomethylation and induced its high expression, therefore increasing the fluoride-exposed osteoclast differentiation under different nutritional conditions.",1,1858,2079,"PubTator BioC passage[1], document characters [1858,2079)",https://pubmed.ncbi.nlm.nih.gov/41349947/,f4cf64f0bc9f8026ba1acf488adfe9142b738630947efdf158e6cd5cab643506,data/raw/discovery_pilot/4a74919c786c2d170d4443ae3396d1e857807d8ef61b9992bda6f5e8ef25fd67.json,"[""76"", ""77"", ""78""]","[""310859"", ""498888"", ""MESH:D005459""]","[""LOCAL:protein:mouse:TET2""]","[""promoted"", ""regulation""]",False,3,pending,automated_extraction_unreviewed,,,,,,unresolved_molecular_form_and_species,False,"[""Journal Article""]","[""metabolism"", ""mechanism_anchors""]"
candidate:2bbf46c8da37bef47619,PMID:41349947,41349947,Investigating the role and mechanism of methionine in different types of skeletal fluorosis based on Siglec-15 methylation.,"Under low nutritional conditions, methionine deficiency reduced the SAM/SAH ratio and activated TET2 to induce Siglec-15 hypomethylation in fluoride-exposed osteoclasts.",1,2080,2249,"PubTator BioC passage[1], document characters [2080,2249)",https://pubmed.ncbi.nlm.nih.gov/41349947/,f4cf64f0bc9f8026ba1acf488adfe9142b738630947efdf158e6cd5cab643506,data/raw/discovery_pilot/4a74919c786c2d170d4443ae3396d1e857807d8ef61b9992bda6f5e8ef25fd67.json,"[""79"", ""80"", ""81"", ""82"", ""83""]","[""310859"", ""498888"", ""MESH:D005459"", ""MESH:D008715"", ""MESH:D012435""]","[""LOCAL:protein:mouse:TET2""]","[""activated"", ""deficiency""]",False,3,pending,automated_extraction_unreviewed,,,,,,unresolved_molecular_form_and_species,False,"[""Journal Article""]","[""metabolism"", ""mechanism_anchors""]"
candidate:1d4196836e903c376c0e,PMID:41639517,41639517,LncRNA-Gm5532 deficiency alleviates bone resorption by inhibiting mitochondrial respiration through iASPP/NRF2.,"This study aimed to elucidate the mechanism by which Gm5532 regulates bone resorption through iron metabolism and mitochondrial respiration, focusing on its interaction with iASPP and the NRF2 signaling pathway.",1,389,600,"PubTator BioC passage[1], document characters [389,600)",https://pubmed.ncbi.nlm.nih.gov/41639517/,3a45de7af8b858690bd4afe055a244a80441c18e380efa9a6fddc7206083f6e2,data/raw/discovery_pilot/51e0cf1555b67a873f11ddeef370092171da9a96fac3114dffbf752e60ea5861.json,"[""47"", ""48"", ""49"", ""50"", ""51""]","[""18024"", ""333654"", ""433367"", ""MESH:D007501"", ""MESH:D014091""]",[],"[""regulates""]",False,3,pending,automated_extraction_unreviewed,,,,,,unresolved_molecular_form_and_species,False,"[""Research Support, Non-U.S. Gov't"", ""research-article"", ""Journal Article""]","[""broad"", ""metabolism""]"
candidate:c98b4fd419710e174969,PMID:41639517,41639517,LncRNA-Gm5532 deficiency alleviates bone resorption by inhibiting mitochondrial respiration through iASPP/NRF2.,"Iron deficiency suppresses mitochondrial biogenesis and respiration, and ultimately, inhibites osteoclast differentiation.",1,1092,1214,"PubTator BioC passage[1], document characters [1092,1214)",https://pubmed.ncbi.nlm.nih.gov/41639517/,3a45de7af8b858690bd4afe055a244a80441c18e380efa9a6fddc7206083f6e2,data/raw/discovery_pilot/51e0cf1555b67a873f11ddeef370092171da9a96fac3114dffbf752e60ea5861.json,"[""69""]","[""MESH:D000090463""]",[],"[""deficiency"", ""inhibites"", ""suppresses""]",False,3,pending,automated_extraction_unreviewed,,,,,,unresolved_molecular_form_and_species,False,"[""Research Support, Non-U.S. Gov't"", ""research-article"", ""Journal Article""]","[""broad"", ""metabolism""]"
candidate:a0059fae9b69e45dd4ef,PMID:41639517,41639517,LncRNA-Gm5532 deficiency alleviates bone resorption by inhibiting mitochondrial respiration through iASPP/NRF2.,"In summary, Gm5532 functions as a critical regulator of bone resorption through its modulation of iron homeostasis and mitochondrial respiration.",1,1215,1360,"PubTator BioC passage[1], document characters [1215,1360)",https://pubmed.ncbi.nlm.nih.gov/41639517/,3a45de7af8b858690bd4afe055a244a80441c18e380efa9a6fddc7206083f6e2,data/raw/discovery_pilot/51e0cf1555b67a873f11ddeef370092171da9a96fac3114dffbf752e60ea5861.json,"[""70"", ""71"", ""72""]","[""433367"", ""MESH:D007501"", ""MESH:D014091""]",[],"[""regulator""]",False,3,pending,automated_extraction_unreviewed,,,,,,unresolved_molecular_form_and_species,False,"[""Research Support, Non-U.S. Gov't"", ""research-article"", ""Journal Article""]","[""broad"", ""metabolism""]"
candidate:04dfb0931f271685d565,PMID:41661386,41661386,Nutrients and Metabolites as Signalling Molecules in Osteoclasts.,Elucidating these pathways will reshape our understanding of osteoclast regulation and help identify new metabolic targets for treating bone diseases.,1,1394,1544,"PubTator BioC passage[1], document characters [1394,1544)",https://pubmed.ncbi.nlm.nih.gov/41661386/,c84b99ab3ae0446c40c38dccb8d29a844939c9c07d0da5b3ea09d72ea31bb2cb,data/raw/discovery_pilot/c9f79391b6d9f45d562bfab7fb5011d2038e0b47656c04e8504e4cba18321274.json,"[""29""]","[""MESH:D001847""]",[],"[""regulation""]",False,3,pending,automated_extraction_unreviewed,,,,,,unresolved_molecular_form_and_species,False,"[""review-article"", ""Review"", ""Journal Article""]","[""mechanism_anchors""]"
candidate:2d9aadc6e2166c6cc7e4,PMID:41703110,41703110,Extracellular Vesicles for Treatment of Bone Resorption-Related Diseases in Animal Models: Systematic Review.,"Increased levels of osteoprotegerin (OPG) and decreased levels of the pro-inflammatory cytokines, receptor activator of nuclear factor-kB ligand (RANKL), tartrate-resistant acid phosphatase (TRAP), and osteoclasts were reported.",1,1000,1228,"PubTator BioC passage[1], document characters [1000,1228)",https://pubmed.ncbi.nlm.nih.gov/41703110/,70f9aa98c6008210a69fa09f9932f15b17227af94ba00b8c2d9f0e354cd2d1c5,data/raw/discovery_pilot/58dd0e1dea8df1a4f01dc61643f37fbe81bc0129e5c3437585f5fc2e87c34ad9.json,"[""23"", ""24"", ""25"", ""26"", ""27""]","[""4982"", ""8600"", ""MESH:D007249""]","[""LOCAL:protein:mouse:TNFRSF11B"", ""LOCAL:protein:mouse:TNFSF11""]","[""activator""]",False,3,pending,automated_extraction_unreviewed,,,,,,unresolved_molecular_form_and_species,False,"[""research-article"", ""Systematic Review"", ""Journal Article""]","[""broad""]"
candidate:9261bc5173b20443bbc6,PMID:41739588,41739588,Tet2-driven clonal hematopoiesis drives aortic aneurysm via macrophage-to-osteoclast-like differentiation.,"Interestingly, Tet2-deficient macrophages adopted an ACP5-positive, osteoclast-like state and produced more MMP9.",1,965,1078,"PubTator BioC passage[1], document characters [965,1078)",https://pubmed.ncbi.nlm.nih.gov/41739588/,3a45de7af8b858690bd4afe055a244a80441c18e380efa9a6fddc7206083f6e2,data/raw/discovery_pilot/51e0cf1555b67a873f11ddeef370092171da9a96fac3114dffbf752e60ea5861.json,"[""38"", ""39"", ""40""]","[""11433"", ""17395"", ""214133""]","[""LOCAL:protein:mouse:ACP5"", ""LOCAL:protein:mouse:MMP9"", ""LOCAL:protein:mouse:TET2""]","[""deficient""]",False,3,pending,automated_extraction_unreviewed,,,,,,unresolved_molecular_form_and_species,False,"[""research-article"", ""Journal Article""]","[""mechanism_anchors""]"
candidate:d32b5138884aea98e7f1,PMID:41739588,41739588,Tet2-driven clonal hematopoiesis drives aortic aneurysm via macrophage-to-osteoclast-like differentiation.,Both genetic and pharmacological inhibition of osteoclast-like differentiation suppressed the Tet2-mediated aneurysmal growth in vivo.,1,1079,1213,"PubTator BioC passage[1], document characters [1079,1213)",https://pubmed.ncbi.nlm.nih.gov/41739588/,3a45de7af8b858690bd4afe055a244a80441c18e380efa9a6fddc7206083f6e2,data/raw/discovery_pilot/51e0cf1555b67a873f11ddeef370092171da9a96fac3114dffbf752e60ea5861.json,"[""41"", ""42""]","[""214133"", ""MESH:D000783""]","[""LOCAL:protein:mouse:TET2""]","[""inhibition"", ""suppressed""]",False,3,pending,automated_extraction_unreviewed,,,,,,unresolved_molecular_form_and_species,False,"[""research-article"", ""Journal Article""]","[""mechanism_anchors""]"
candidate:4696c94bdd011a0efd4d,PMID:41750376,41750376,Lactate-Driven Reprogramming of Monocyte Bridges Bone Loss in Inflammatory Comorbidities.,"In vivo and in vitro experiments further validated that lactate-driven reprogramming of monocytes, marked by activation of core lactate-related genes in circulating monocytes and local macrophages, functionally connects immune activation with exacerbated bone resorption in comorbid PD and RA.",1,1138,1431,"PubTator BioC passage[1], document characters [1138,1431)",https://pubmed.ncbi.nlm.nih.gov/41750376/,31f58a173ecfc980f380db2685c46abaf3f28080252a33436a4ad185d1153e32,data/raw/discovery_pilot/41328b09b84b1c660d9742483f62b8d62b0eb2d54f5bef114eff582717ce60b5.json,"[""62"", ""63"", ""64"", ""65""]","[""MESH:D001172"", ""MESH:D010518"", ""MESH:D019344""]","[""CHEBI:16651""]","[""activation""]",False,3,pending,automated_extraction_unreviewed,,,,,,unresolved_molecular_form_and_species,False,"[""research-article"", ""Journal Article""]","[""mechanism_anchors""]"
candidate:014de8e3fa9cec24e11d,PMID:41927522,41927522,LincRNA-EPS alleviates osteoclastogenesis under inflammatory microenvironment through preventing excessive iron metabolism.,"Knockdown of Lcn2 in osteoclast precursors (OCPs) resulted in a reduction in the level of iron metabolism and osteoclastogenesis; however, the regulatory response was delayed in KO cells.",1,689,876,"PubTator BioC passage[1], document characters [689,876)",https://pubmed.ncbi.nlm.nih.gov/41927522/,9d4dc6b57c16c2079ee9f4906da6686aea4192c8df9ee5805aa6cd98d008edc1,data/raw/discovery_pilot/21cb27e7f4a7b05f3320e5ffb015d150f972060ee765c5949eee573bc6a4d3db.json,"[""35"", ""36""]","[""16819"", ""MESH:D007501""]",[],"[""knockdown"", ""regulatory""]",False,3,pending,automated_extraction_unreviewed,,,,,,unresolved_molecular_form_and_species,False,"[""research-article"", ""Journal Article""]","[""broad"", ""metabolism""]"
candidate:0fe1c59188fb5ed306a5,PMID:41927522,41927522,LincRNA-EPS alleviates osteoclastogenesis under inflammatory microenvironment through preventing excessive iron metabolism.,"Taken together, we identified the critical role of lincRNA-EPS in regulating osteoclastogenesis under inflammatory environment, by preventing excessive iron metabolism caused by Lcn2.",1,1082,1265,"PubTator BioC passage[1], document characters [1082,1265)",https://pubmed.ncbi.nlm.nih.gov/41927522/,9d4dc6b57c16c2079ee9f4906da6686aea4192c8df9ee5805aa6cd98d008edc1,data/raw/discovery_pilot/21cb27e7f4a7b05f3320e5ffb015d150f972060ee765c5949eee573bc6a4d3db.json,"[""44"", ""45"", ""46"", ""47""]","[""102635290"", ""16819"", ""MESH:D007249"", ""MESH:D007501""]",[],"[""regulating""]",False,3,pending,automated_extraction_unreviewed,,,,,,unresolved_molecular_form_and_species,False,"[""research-article"", ""Journal Article""]","[""broad"", ""metabolism""]"
candidate:3c5359c50a8e893c424c,PMID:42013185,42013185,Keeping inflammasomes in check during bone resorption.,"Ca2+ flux is a key trigger of NLRP3 inflammasome activation, but bone-resorbing osteoclasts operate in a Ca2+-rich environment created during bone resorption.",1,55,213,"PubTator BioC passage[1], document characters [55,213)",https://pubmed.ncbi.nlm.nih.gov/42013185/,3a45de7af8b858690bd4afe055a244a80441c18e380efa9a6fddc7206083f6e2,data/raw/discovery_pilot/51e0cf1555b67a873f11ddeef370092171da9a96fac3114dffbf752e60ea5861.json,"[""10"", ""11"", ""12"", ""13""]","[""-"", ""114548"", ""MESH:D014091""]","[""CHEBI:29108""]","[""activation""]",False,3,pending,automated_extraction_unreviewed,,,,,,unresolved_molecular_form_and_species,False,"[""Comment"", ""Journal Article""]","[""broad""]"
candidate:9d0e616b940bf624903e,PMID:42013185,42013185,Keeping inflammasomes in check during bone resorption.,"reveal that osteoclasts prevent inflammasome activation by limiting Ca2+ influx through the membrane protein Tmem178, thereby protecting bone from excessive resorption driven by inflammatory signaling.",1,262,463,"PubTator BioC passage[1], document characters [262,463)",https://pubmed.ncbi.nlm.nih.gov/42013185/,3a45de7af8b858690bd4afe055a244a80441c18e380efa9a6fddc7206083f6e2,data/raw/discovery_pilot/51e0cf1555b67a873f11ddeef370092171da9a96fac3114dffbf752e60ea5861.json,"[""14"", ""15"", ""16"", ""17""]","[""-"", ""130733"", ""MESH:D007249"", ""MESH:D014091""]","[""CHEBI:29108""]","[""activation""]",False,3,pending,automated_extraction_unreviewed,,,,,,unresolved_molecular_form_and_species,False,"[""Comment"", ""Journal Article""]","[""broad""]"
candidate:7a40cc571680e5882ad0,PMID:42320631,42320631,Nrf2 dynamically regulates RANKL-induced osteoclastogenesis and cathepsin K function.,"RANKL, the master cytokine driving osteoclastogenesis, elevates reactive oxygen species (ROS) levels that promote osteoclast differentiation; however, excessive ROS can lead to oxidative stress and cellular damage.",1,166,380,"PubTator BioC passage[1], document characters [166,380)",https://pubmed.ncbi.nlm.nih.gov/42320631/,f4cf64f0bc9f8026ba1acf488adfe9142b738630947efdf158e6cd5cab643506,data/raw/discovery_pilot/4a74919c786c2d170d4443ae3396d1e857807d8ef61b9992bda6f5e8ef25fd67.json,"[""27"", ""28"", ""29"", ""30""]","[""21943"", ""MESH:D017382""]","[""CHEBI:26523"", ""LOCAL:protein:mouse:TNFSF11""]","[""promote""]",False,3,pending,automated_extraction_unreviewed,,,,,,unresolved_molecular_form_and_species,False,"[""Research Support, Non-U.S. Gov't"", ""research-article"", ""Journal Article""]","[""broad"", ""metabolism""]"
candidate:a579ecd0171c422257c4,PMID:42320631,42320631,Nrf2 dynamically regulates RANKL-induced osteoclastogenesis and cathepsin K function.,"To counteract the detrimental effects of ROS, osteoclasts activate antioxidant defense mechanisms, including the Nrf2 pathway.",1,381,507,"PubTator BioC passage[1], document characters [381,507)",https://pubmed.ncbi.nlm.nih.gov/42320631/,f4cf64f0bc9f8026ba1acf488adfe9142b738630947efdf158e6cd5cab643506,data/raw/discovery_pilot/4a74919c786c2d170d4443ae3396d1e857807d8ef61b9992bda6f5e8ef25fd67.json,"[""31"", ""32""]","[""18024"", ""MESH:D017382""]","[""CHEBI:26523""]","[""activate""]",False,3,pending,automated_extraction_unreviewed,,,,,,unresolved_molecular_form_and_species,False,"[""Research Support, Non-U.S. Gov't"", ""research-article"", ""Journal Article""]","[""broad"", ""metabolism""]"
candidate:a6605c83a54b4d5656ef,PMID:42320631,42320631,Nrf2 dynamically regulates RANKL-induced osteoclastogenesis and cathepsin K function.,"Through a combined bioinformatic and genetic approach using engineered mouse models, we demonstrate a dual role of RANKL in regulating antioxidant responses in osteoclasts: while it suppresses glutathione-mediated antioxidant defenses, RANKL activates Nrf2-dependent mechanisms during osteoclast differentiation.",1,632,944,"PubTator BioC passage[1], document characters [632,944)",https://pubmed.ncbi.nlm.nih.gov/42320631/,f4cf64f0bc9f8026ba1acf488adfe9142b738630947efdf158e6cd5cab643506,data/raw/discovery_pilot/4a74919c786c2d170d4443ae3396d1e857807d8ef61b9992bda6f5e8ef25fd67.json,"[""33"", ""34"", ""35"", ""36"", ""37""]","[""10090"", ""18024"", ""21943"", ""MESH:D005978""]","[""LOCAL:protein:mouse:TNFSF11""]","[""activates"", ""regulating"", ""suppresses""]",False,3,pending,automated_extraction_unreviewed,,,,,,unresolved_molecular_form_and_species,False,"[""Research Support, Non-U.S. Gov't"", ""research-article"", ""Journal Article""]","[""broad"", ""metabolism""]"
candidate:1a7ce8741652f276c18e,PMID:42320631,42320631,Nrf2 dynamically regulates RANKL-induced osteoclastogenesis and cathepsin K function.,"Genetic deletion of Nrf2 in vitro enhances osteoclast formation, whereas impairs osteoclast resorptive function, reducing cathepsin K activity.",1,945,1088,"PubTator BioC passage[1], document characters [945,1088)",https://pubmed.ncbi.nlm.nih.gov/42320631/,f4cf64f0bc9f8026ba1acf488adfe9142b738630947efdf158e6cd5cab643506,data/raw/discovery_pilot/4a74919c786c2d170d4443ae3396d1e857807d8ef61b9992bda6f5e8ef25fd67.json,"[""38"", ""39""]","[""13038"", ""18024""]","[""LOCAL:protein:mouse:CTSK""]","[""deletion"", ""impairs""]",False,3,pending,automated_extraction_unreviewed,,,,,,unresolved_molecular_form_and_species,False,"[""Research Support, Non-U.S. Gov't"", ""research-article"", ""Journal Article""]","[""broad"", ""metabolism""]"
candidate:7759ddceff5b8c496e84,PMID:42320631,42320631,Nrf2 dynamically regulates RANKL-induced osteoclastogenesis and cathepsin K function.,"Nrf2-deficient osteoclasts exhibit increased lipid peroxidation, mitochondrial dysfunction, and lysosomal instability without alterations in cell viability.",1,1089,1245,"PubTator BioC passage[1], document characters [1089,1245)",https://pubmed.ncbi.nlm.nih.gov/42320631/,f4cf64f0bc9f8026ba1acf488adfe9142b738630947efdf158e6cd5cab643506,data/raw/discovery_pilot/4a74919c786c2d170d4443ae3396d1e857807d8ef61b9992bda6f5e8ef25fd67.json,"[""40"", ""41"", ""42""]","[""18024"", ""MESH:D008055"", ""MESH:D028361""]",[],"[""deficient""]",True,3,pending,automated_extraction_unreviewed,,,,,,unresolved_molecular_form_and_species,False,"[""Research Support, Non-U.S. Gov't"", ""research-article"", ""Journal Article""]","[""broad"", ""metabolism""]"
candidate:d875e92528925b3ea462,PMID:42320631,42320631,Nrf2 dynamically regulates RANKL-induced osteoclastogenesis and cathepsin K function.,"This study reveals an intricate interplay between RANKL-induced oxidative signaling and antioxidant regulation, highlighting Nrf2 as a critical determinant of osteoclast-mediated bone resorption.",1,1421,1616,"PubTator BioC passage[1], document characters [1421,1616)",https://pubmed.ncbi.nlm.nih.gov/42320631/,f4cf64f0bc9f8026ba1acf488adfe9142b738630947efdf158e6cd5cab643506,data/raw/discovery_pilot/4a74919c786c2d170d4443ae3396d1e857807d8ef61b9992bda6f5e8ef25fd67.json,"[""44"", ""45""]","[""18024"", ""21943""]","[""LOCAL:protein:mouse:TNFSF11""]","[""regulation""]",False,3,pending,automated_extraction_unreviewed,,,,,,unresolved_molecular_form_and_species,False,"[""Research Support, Non-U.S. Gov't"", ""research-article"", ""Journal Article""]","[""broad"", ""metabolism""]"
candidate:04a4179a7c7ca08ec216,PMID:42322165,42322165,"Solasodine, a Natural Steroidal Alkaloid, Attenuates RANKL-Induced Osteoclastogenesis and Bone Resorption: A Study Based on Network Pharmacology and Experimental Validation.","Evaluation via TRAcP staining, F-actin immunofluorescence, and hydroxyapatite assays showed that SOL dose-dependently inhibited RANKL-induced osteoclast formation, fusion, and resorptive activity without cytotoxicity.",1,853,1070,"PubTator BioC passage[1], document characters [853,1070)",https://pubmed.ncbi.nlm.nih.gov/42322165/,9d4dc6b57c16c2079ee9f4906da6686aea4192c8df9ee5805aa6cd98d008edc1,data/raw/discovery_pilot/21cb27e7f4a7b05f3320e5ffb015d150f972060ee765c5949eee573bc6a4d3db.json,"[""60"", ""61"", ""62"", ""63""]","[""8600"", ""MESH:C012037"", ""MESH:D017886"", ""MESH:D064420""]","[""LOCAL:protein:mouse:TNFSF11""]","[""inhibited""]",True,3,pending,automated_extraction_unreviewed,,,,,,unresolved_molecular_form_and_species,False,"[""Research Support, Non-U.S. Gov't"", ""research-article"", ""Journal Article""]","[""broad"", ""metabolism""]"
candidate:b5cf0b699b38e6377ff2,PMID:42322165,42322165,"Solasodine, a Natural Steroidal Alkaloid, Attenuates RANKL-Induced Osteoclastogenesis and Bone Resorption: A Study Based on Network Pharmacology and Experimental Validation.","Ultimately, SOL inhibits RANKL-induced osteoclastogenesis and bone resorption by suppressing the NFATc1/c-Fos axis through coordinated modulation of the MAPK, NF-kappaB, and JAK-STAT pathways, alongside mitigation of ROS production and calcium signalling, representing a promising natural candidate for treating osteolytic bone diseases.",1,1578,1915,"PubTator BioC passage[1], document characters [1578,1915)",https://pubmed.ncbi.nlm.nih.gov/42322165/,9d4dc6b57c16c2079ee9f4906da6686aea4192c8df9ee5805aa6cd98d008edc1,data/raw/discovery_pilot/21cb27e7f4a7b05f3320e5ffb015d150f972060ee765c5949eee573bc6a4d3db.json,"[""84"", ""85"", ""86"", ""87"", ""88"", ""89"", ""90"", ""91""]","[""-"", ""2353"", ""4772"", ""4790"", ""8600"", ""MESH:C012037"", ""MESH:D001847"", ""MESH:D002118""]","[""CHEBI:26523"", ""CHEBI:29108"", ""LOCAL:protein:mouse:FOS"", ""LOCAL:protein:mouse:NFATC1"", ""LOCAL:protein:mouse:NFKB1"", ""LOCAL:protein:mouse:TNFSF11""]","[""inhibits"", ""suppressing""]",False,3,pending,automated_extraction_unreviewed,,,,,,unresolved_molecular_form_and_species,False,"[""Research Support, Non-U.S. Gov't"", ""research-article"", ""Journal Article""]","[""broad"", ""metabolism""]"
candidate:8f4906aa525f25fa086a,PMID:42331345,42331345,Effects of intra-articular injection of dimethyl itaconate combined with systemic vancomycin on periprosthetic joint infection in rats.,"Tartrate-resistant acid phosphatase (TRAP) staining was used to evaluate osteoclast inhibition by DI and vancomycin, and Alizarin Red staining was used to assess its effect on osteogenic differentiation.",1,635,838,"PubTator BioC passage[1], document characters [635,838)",https://pubmed.ncbi.nlm.nih.gov/42331345/,9d4dc6b57c16c2079ee9f4906da6686aea4192c8df9ee5805aa6cd98d008edc1,data/raw/discovery_pilot/21cb27e7f4a7b05f3320e5ffb015d150f972060ee765c5949eee573bc6a4d3db.json,"[""73"", ""74"", ""75"", ""76"", ""77""]","[""25732"", ""MESH:C010078"", ""MESH:C518953"", ""MESH:D014640""]","[""LOCAL:protein:mouse:ACP5""]","[""inhibition""]",False,3,pending,automated_extraction_unreviewed,,,,,,unresolved_molecular_form_and_species,False,"[""research-article"", ""Journal Article""]","[""mechanism_anchors""]"
candidate:8cd87931b8f0bc0b8832,PMID:42345820,42345820,Expression of Phosphomimetic OSTM1-T328E/S329D Variant Partially Restores Bone Resorption Defect in LRRK1-Deficient Mice.,"To test the role for OSTM1 phosphorylation in LRRK1 regulation of osteoclast functions, we expressed a phosphomimetic OSTM1 variant in LRRK1-null osteoclasts.",1,483,641,"PubTator BioC passage[1], document characters [483,641)",https://pubmed.ncbi.nlm.nih.gov/42345820/,f4cf64f0bc9f8026ba1acf488adfe9142b738630947efdf158e6cd5cab643506,data/raw/discovery_pilot/4a74919c786c2d170d4443ae3396d1e857807d8ef61b9992bda6f5e8ef25fd67.json,"[""64"", ""65"", ""66"", ""67""]","[""14628"", ""233328""]","[""LOCAL:protein:mouse:OSTM1""]","[""regulation""]",False,3,pending,automated_extraction_unreviewed,,,,,,unresolved_molecular_form_and_species,False,"[""research-article"", ""Journal Article""]","[""broad"", ""metabolism""]"
candidate:29212ac89f77dbff7ebe,PMID:42345820,42345820,Expression of Phosphomimetic OSTM1-T328E/S329D Variant Partially Restores Bone Resorption Defect in LRRK1-Deficient Mice.,"To test OSTM1's role in rescuing defective bone resorption in Lrrk1-null mice, we generated Ostm1-T328E/S329D knock-in (KI) mice and crossed them onto the Lrrk1-deficient background.",1,792,974,"PubTator BioC passage[1], document characters [792,974)",https://pubmed.ncbi.nlm.nih.gov/42345820/,f4cf64f0bc9f8026ba1acf488adfe9142b738630947efdf158e6cd5cab643506,data/raw/discovery_pilot/4a74919c786c2d170d4443ae3396d1e857807d8ef61b9992bda6f5e8ef25fd67.json,"[""69"", ""70"", ""71"", ""72"", ""73"", ""74"", ""75"", ""76"", ""77""]","[""10090"", ""14628"", ""233328"", ""MESH:D014091"", ""tmVar:p|SUB|S|329|D;HGVS:p.S329D;VariantGroup:0;OriginalGene:14628;CorrespondingGene:28962;CorrespondingSpecies:10090"", ""tmVar:p|SUB|T|328|E;HGVS:p.T328E;VariantGroup:1;OriginalGene:14628;CorrespondingGene:28962;CorrespondingSpecies:10090""]","[""LOCAL:protein:mouse:OSTM1""]","[""deficient"", ""knock"", ""rescuing""]",False,3,pending,automated_extraction_unreviewed,,,,,,unresolved_molecular_form_and_species,False,"[""research-article"", ""Journal Article""]","[""broad"", ""metabolism""]"
candidate:afe6523fb169848938d9,PMID:42345820,42345820,Expression of Phosphomimetic OSTM1-T328E/S329D Variant Partially Restores Bone Resorption Defect in LRRK1-Deficient Mice.,"When crossed to the Lrrk1-deficient background, OSTM1-T328E/S329D expression increased osteoclast resorptive activity and bone formation and partially improved trabecular architecture, although bone volume remained unchanged.",1,1060,1285,"PubTator BioC passage[1], document characters [1060,1285)",https://pubmed.ncbi.nlm.nih.gov/42345820/,f4cf64f0bc9f8026ba1acf488adfe9142b738630947efdf158e6cd5cab643506,data/raw/discovery_pilot/4a74919c786c2d170d4443ae3396d1e857807d8ef61b9992bda6f5e8ef25fd67.json,"[""82"", ""83"", ""84"", ""85""]","[""14628"", ""233328"", ""tmVar:p|SUB|S|329|D;HGVS:p.S329D;VariantGroup:0;OriginalGene:14628;CorrespondingGene:28962;CorrespondingSpecies:10090"", ""tmVar:p|SUB|T|328|E;HGVS:p.T328E;VariantGroup:1;OriginalGene:14628;CorrespondingGene:28962;CorrespondingSpecies:10090""]","[""LOCAL:protein:mouse:OSTM1""]","[""deficient""]",True,3,pending,automated_extraction_unreviewed,,,,,,unresolved_molecular_form_and_species,False,"[""research-article"", ""Journal Article""]","[""broad"", ""metabolism""]"
candidate:6fbbdfc789d282b63f42,PMID:42345820,42345820,Expression of Phosphomimetic OSTM1-T328E/S329D Variant Partially Restores Bone Resorption Defect in LRRK1-Deficient Mice.,These findings demonstrate that OSTM1 phosphorylation contributes to LRRK1-dependent regulation of osteoclast function and identify the LRRK1-OSTM1 pathway as a mechanistic node controlling bone resorption.,1,1286,1492,"PubTator BioC passage[1], document characters [1286,1492)",https://pubmed.ncbi.nlm.nih.gov/42345820/,f4cf64f0bc9f8026ba1acf488adfe9142b738630947efdf158e6cd5cab643506,data/raw/discovery_pilot/4a74919c786c2d170d4443ae3396d1e857807d8ef61b9992bda6f5e8ef25fd67.json,"[""86"", ""87"", ""88"", ""89"", ""90""]","[""14628"", ""233328"", ""MESH:D014091""]","[""LOCAL:protein:mouse:OSTM1""]","[""regulation""]",False,3,pending,automated_extraction_unreviewed,,,,,,unresolved_molecular_form_and_species,False,"[""research-article"", ""Journal Article""]","[""broad"", ""metabolism""]"
candidate:4f30f2c257ea135c2553,PMID:42375095,42375095,Isoschaftoside Inhibits Osteoclastogenesis by Suppressing the NF-kappaB and MAPK Pathways.,RANKL-induced activation of NF-kappaB has been recognized as a crucial mechanism in osteoclast differentiation.,1,511,622,"PubTator BioC passage[1], document characters [511,622)",https://pubmed.ncbi.nlm.nih.gov/42375095/,c84b99ab3ae0446c40c38dccb8d29a844939c9c07d0da5b3ea09d72ea31bb2cb,data/raw/discovery_pilot/c9f79391b6d9f45d562bfab7fb5011d2038e0b47656c04e8504e4cba18321274.json,"[""29"", ""30""]","[""4790"", ""8600""]","[""LOCAL:protein:mouse:NFKB1"", ""LOCAL:protein:mouse:TNFSF11""]","[""activation""]",False,3,pending,automated_extraction_unreviewed,,,,,,unresolved_molecular_form_and_species,False,"[""research-article"", ""Journal Article""]","[""broad""]"
candidate:7415e5588db5c8db364d,PMID:42375095,42375095,Isoschaftoside Inhibits Osteoclastogenesis by Suppressing the NF-kappaB and MAPK Pathways.,"Our findings indicate that ISH attenuates RANKL-induced activation of NF-kappaB and MAPK; moreover, ISH inhibits osteoclastogenesis and bone resorption stimulated by RANKL and M-CSF.",1,1245,1427,"PubTator BioC passage[1], document characters [1245,1427)",https://pubmed.ncbi.nlm.nih.gov/42375095/,c84b99ab3ae0446c40c38dccb8d29a844939c9c07d0da5b3ea09d72ea31bb2cb,data/raw/discovery_pilot/c9f79391b6d9f45d562bfab7fb5011d2038e0b47656c04e8504e4cba18321274.json,"[""42"", ""43"", ""44"", ""45"", ""46"", ""47""]","[""1435"", ""4790"", ""8600"", ""MESH:C515113""]","[""LOCAL:protein:mouse:CSF1"", ""LOCAL:protein:mouse:NFKB1"", ""LOCAL:protein:mouse:TNFSF11""]","[""activation"", ""attenuates"", ""inhibits""]",False,3,pending,automated_extraction_unreviewed,,,,,,unresolved_molecular_form_and_species,False,"[""research-article"", ""Journal Article""]","[""broad""]"
candidate:688cfb81659c40f2ab9d,PMID:42381997,42381997,Histone H3K18 lactylation: An exercise-induced epigenetic mechanism that inhibits osteoclast activity and protects against osteoporosis.,"Mechanistically, lactate enhanced histone H3 lysine-18 lactylation (H3K18la), which suppressed osteoclast differentiation by downregulating key osteoclastogenesis genes like Ctsk, Mmp9, and Mmp12.",1,1487,1683,"PubTator BioC passage[1], document characters [1487,1683)",https://pubmed.ncbi.nlm.nih.gov/42381997/,c84b99ab3ae0446c40c38dccb8d29a844939c9c07d0da5b3ea09d72ea31bb2cb,data/raw/discovery_pilot/c9f79391b6d9f45d562bfab7fb5011d2038e0b47656c04e8504e4cba18321274.json,"[""58"", ""59"", ""60"", ""61""]","[""13038"", ""17381"", ""17395"", ""MESH:D019344""]","[""CHEBI:16651"", ""LOCAL:protein:mouse:CTSK"", ""LOCAL:protein:mouse:MMP9""]","[""suppressed""]",False,3,pending,automated_extraction_unreviewed,,,,,,unresolved_molecular_form_and_species,False,"[""research-article"", ""Journal Article""]","[""broad"", ""metabolism""]"
candidate:873bb09dac2427a814d1,PMID:42381997,42381997,Histone H3K18 lactylation: An exercise-induced epigenetic mechanism that inhibits osteoclast activity and protects against osteoporosis.,"Conclusions: Lactate suppresses osteoclast differentiation and alleviates osteoporosis through histone H3K18 lactylation, which downregulates osteoclastogenic genes including Ctsk, Mmp9, and Mmp12.",1,1853,2050,"PubTator BioC passage[1], document characters [1853,2050)",https://pubmed.ncbi.nlm.nih.gov/42381997/,c84b99ab3ae0446c40c38dccb8d29a844939c9c07d0da5b3ea09d72ea31bb2cb,data/raw/discovery_pilot/c9f79391b6d9f45d562bfab7fb5011d2038e0b47656c04e8504e4cba18321274.json,"[""64"", ""65"", ""66"", ""67"", ""68""]","[""13038"", ""17381"", ""17395"", ""MESH:D010024"", ""MESH:D019344""]","[""CHEBI:16651"", ""LOCAL:protein:mouse:CTSK"", ""LOCAL:protein:mouse:MMP9""]","[""suppresses""]",False,3,pending,automated_extraction_unreviewed,,,,,,unresolved_molecular_form_and_species,False,"[""research-article"", ""Journal Article""]","[""broad"", ""metabolism""]"
candidate:04708c68b20446320d1b,PMID:42390226,42390226,Oxypaeoniflorin Ameliorates Titanium Particle-Stimulated Osteolysis by Targeting Nrf2 to Reprogram Mitochondrial Homeostasis in Osteoclasts.,"Our results indicate that in vitro, OPF inhibits RANKL-induced osteoclastogenesis, osteoclast-dependent resorption, and the expression of osteoclast marker genes through the activation of Nrf2-mediated oxidative stress signalling.",1,880,1110,"PubTator BioC passage[1], document characters [880,1110)",https://pubmed.ncbi.nlm.nih.gov/42390226/,70f9aa98c6008210a69fa09f9932f15b17227af94ba00b8c2d9f0e354cd2d1c5,data/raw/discovery_pilot/58dd0e1dea8df1a4f01dc61643f37fbe81bc0129e5c3437585f5fc2e87c34ad9.json,"[""26"", ""27""]","[""4780"", ""8600""]","[""LOCAL:protein:mouse:TNFSF11""]","[""activation"", ""inhibits""]",False,3,pending,automated_extraction_unreviewed,,,,,,unresolved_molecular_form_and_species,False,"[""Research Support, Non-U.S. Gov't"", ""research-article"", ""Journal Article""]","[""broad"", ""metabolism""]"
candidate:238e3fbaf0601d399826,PMID:42402178,42402178,Brown Adipose Tissue Secreted Nrg4 Prevents Bone Loss by Orchestrates Bone Resorption and Angiogenesis.,"In vitro, Nrg4 significantly inhibited osteoclastogenesis, at least partially through the NF-kappaB inflammatory signaling pathway, while simultaneously activating the angiogenesis-osteogenesis coupling via PDGF-BB derived from preosteoclasts.",1,1097,1340,"PubTator BioC passage[1], document characters [1097,1340)",https://pubmed.ncbi.nlm.nih.gov/42402178/,70f9aa98c6008210a69fa09f9932f15b17227af94ba00b8c2d9f0e354cd2d1c5,data/raw/discovery_pilot/58dd0e1dea8df1a4f01dc61643f37fbe81bc0129e5c3437585f5fc2e87c34ad9.json,"[""44"", ""45"", ""46""]","[""18033"", ""83961"", ""MESH:D007249""]","[""LOCAL:protein:mouse:NFKB1""]","[""activating"", ""inhibited""]",False,3,pending,automated_extraction_unreviewed,,,,,,unresolved_molecular_form_and_species,False,"[""Journal Article""]","[""broad"", ""metabolism""]"
candidate:be52de3018e58d5b6f45,PMID:42492705,42492705,Osteoprotegerin induces osteoclast pyroptosis via NF-kappaB signaling activation.,"As a decoy receptor for RANKL, osteoprotegerin (OPG) suppresses osteoclast differentiation and can induce osteoclast death.",1,82,205,"PubTator BioC passage[1], document characters [82,205)",https://pubmed.ncbi.nlm.nih.gov/42492705/,31f58a173ecfc980f380db2685c46abaf3f28080252a33436a4ad185d1153e32,data/raw/discovery_pilot/41328b09b84b1c660d9742483f62b8d62b0eb2d54f5bef114eff582717ce60b5.json,"[""36"", ""37"", ""38""]","[""4982"", ""8600""]","[""LOCAL:protein:mouse:TNFRSF11B"", ""LOCAL:protein:mouse:TNFSF11""]","[""suppresses""]",False,3,pending,automated_extraction_unreviewed,,,,,,unresolved_molecular_form_and_species,False,"[""Journal Article""]","[""broad""]"
candidate:e97e1352b942fedffa23,PMID:42492705,42492705,Osteoprotegerin induces osteoclast pyroptosis via NF-kappaB signaling activation.,"Osteoclasts were treated with OPG and assessed for pyroptotic markers, NF-kappaB activation, morphology, and bone resorption.",1,429,554,"PubTator BioC passage[1], document characters [429,554)",https://pubmed.ncbi.nlm.nih.gov/42492705/,31f58a173ecfc980f380db2685c46abaf3f28080252a33436a4ad185d1153e32,data/raw/discovery_pilot/41328b09b84b1c660d9742483f62b8d62b0eb2d54f5bef114eff582717ce60b5.json,"[""44"", ""45""]","[""4790"", ""4982""]","[""LOCAL:protein:mouse:NFKB1"", ""LOCAL:protein:mouse:TNFRSF11B""]","[""activation""]",False,3,pending,automated_extraction_unreviewed,,,,,,unresolved_molecular_form_and_species,False,"[""Journal Article""]","[""broad""]"
candidate:1063802351b42b498bbb,PMID:42492705,42492705,Osteoprotegerin induces osteoclast pyroptosis via NF-kappaB signaling activation.,"In conclusion, OPG induces osteoclast pyroptosis through NF-kappaB activation, providing a potential therapeutic target for osteoclast-related bone disorders.",1,1302,1460,"PubTator BioC passage[1], document characters [1302,1460)",https://pubmed.ncbi.nlm.nih.gov/42492705/,31f58a173ecfc980f380db2685c46abaf3f28080252a33436a4ad185d1153e32,data/raw/discovery_pilot/41328b09b84b1c660d9742483f62b8d62b0eb2d54f5bef114eff582717ce60b5.json,"[""62"", ""63"", ""64"", ""65""]","[""4790"", ""4982"", ""MESH:D001862""]","[""LOCAL:protein:mouse:NFKB1"", ""LOCAL:protein:mouse:TNFRSF11B""]","[""activation""]",False,3,pending,automated_extraction_unreviewed,,,,,,unresolved_molecular_form_and_species,False,"[""Journal Article""]","[""broad""]"
candidate:264d1613fae5cf241cd7,PMID:42505728,42505728,Estradiol Enhances Alveolar Bone Resorption by Promoting Osteoclast Differentiation in Experimental Periodontitis.,"E2 promoted osteoclast differentiation in vitro, and treatment with E2 prior to RANKL stimulation further increased the number of osteoclasts.",1,1457,1599,"PubTator BioC passage[1], document characters [1457,1599)",https://pubmed.ncbi.nlm.nih.gov/42505728/,9d4dc6b57c16c2079ee9f4906da6686aea4192c8df9ee5805aa6cd98d008edc1,data/raw/discovery_pilot/21cb27e7f4a7b05f3320e5ffb015d150f972060ee765c5949eee573bc6a4d3db.json,"[""72"", ""73"", ""74""]","[""21943"", ""MESH:D004958""]","[""LOCAL:protein:mouse:TNFSF11""]","[""promoted""]",False,3,pending,automated_extraction_unreviewed,,,,,,unresolved_molecular_form_and_species,False,"[""research-article"", ""Journal Article""]","[""broad""]"
candidate:3945167fbbdc71ca4a90,PMID:42505728,42505728,Estradiol Enhances Alveolar Bone Resorption by Promoting Osteoclast Differentiation in Experimental Periodontitis.,"Conclusions: E2 increased alveolar bone resorption in experimental periodontitis, likely by promoting osteoclast differentiation, independent of inflammatory cytokine or RANKL gene expression.",1,1807,1999,"PubTator BioC passage[1], document characters [1807,1999)",https://pubmed.ncbi.nlm.nih.gov/42505728/,9d4dc6b57c16c2079ee9f4906da6686aea4192c8df9ee5805aa6cd98d008edc1,data/raw/discovery_pilot/21cb27e7f4a7b05f3320e5ffb015d150f972060ee765c5949eee573bc6a4d3db.json,"[""79"", ""80"", ""81"", ""82"", ""83""]","[""21943"", ""MESH:D004958"", ""MESH:D007249"", ""MESH:D010518"", ""MESH:D014091""]","[""LOCAL:protein:mouse:TNFSF11""]","[""promoting""]",True,3,pending,automated_extraction_unreviewed,,,,,,unresolved_molecular_form_and_species,False,"[""research-article"", ""Journal Article""]","[""broad""]"
candidate:5f70f7edfa96a5f4b375,PMID:42509761,42509761,"Integrin Signaling Imbalance in Periodontitis: A Stage-Dependent Link Between Inflammation, Bone Resorption and Regenerative Failure.","Matrix-associated integrins, including alpha2beta1 and alpha11beta1, support extracellular matrix (ECM) organization and mechanotransduction, whereas alphavbeta3 cooperates with Receptor activator of nuclear factor kappa B ligand (RANKL) to promote osteoclast activity and alveolar bone resorption.",1,1021,1319,"PubTator BioC passage[1], document characters [1021,1319)",https://pubmed.ncbi.nlm.nih.gov/42509761/,70f9aa98c6008210a69fa09f9932f15b17227af94ba00b8c2d9f0e354cd2d1c5,data/raw/discovery_pilot/58dd0e1dea8df1a4f01dc61643f37fbe81bc0129e5c3437585f5fc2e87c34ad9.json,"[""23"", ""24""]","[""8600""]","[""LOCAL:protein:mouse:TNFSF11""]","[""activator"", ""promote""]",False,3,pending,automated_extraction_unreviewed,,,,,,unresolved_molecular_form_and_species,False,"[""review-article"", ""Review"", ""Journal Article""]","[""broad""]"
candidate:4c92d35bda94bfae2474,PMID:42564269,42564269,TNF-alpha blockade with adalimumab restores bone metabolism in rheumatoid arthritis by regulating cytokines and inflammatory cell infiltration.,"In osteoclast assays, adalimumab inhibited macrophage-derived osteoclast differentiation and suppressed bone resorption under both low and high RANKL conditions.",1,1524,1685,"PubTator BioC passage[1], document characters [1524,1685)",https://pubmed.ncbi.nlm.nih.gov/42564269/,c84b99ab3ae0446c40c38dccb8d29a844939c9c07d0da5b3ea09d72ea31bb2cb,data/raw/discovery_pilot/c9f79391b6d9f45d562bfab7fb5011d2038e0b47656c04e8504e4cba18321274.json,"[""73"", ""74""]","[""8600"", ""MESH:D000068879""]","[""LOCAL:protein:mouse:TNFSF11""]","[""inhibited"", ""suppressed""]",False,3,pending,automated_extraction_unreviewed,,,,,,unresolved_molecular_form_and_species,False,"[""research-article"", ""Journal Article""]","[""broad"", ""metabolism""]"
candidate:957f5ba0222dd0579223,PMID:42596713,42596713,Cobinamide inhibits osteoclastogenesis and alveolar bone resorption in periodontitis.,"RESULTS: At submicromolar concentrations, cobinamide significantly reduced receptor activator of nuclear factor kappaB ligand-dependent differentiation of osteoclasts from mouse BMM precursors.",1,790,983,"PubTator BioC passage[1], document characters [790,983)",https://pubmed.ncbi.nlm.nih.gov/42596713/,3a45de7af8b858690bd4afe055a244a80441c18e380efa9a6fddc7206083f6e2,data/raw/discovery_pilot/51e0cf1555b67a873f11ddeef370092171da9a96fac3114dffbf752e60ea5861.json,"[""50"", ""51"", ""52""]","[""10090"", ""21943"", ""MESH:C017142""]","[""LOCAL:protein:mouse:TNFSF11""]","[""activator""]",False,3,pending,automated_extraction_unreviewed,,,,,,unresolved_molecular_form_and_species,False,"[""Journal Article""]","[""broad""]"
candidate:c7e7883558b428282a97,PMID:42602299,42602299,Role of the Antioxidant Lycopene in Bone Health: Emphasis on the RANKL/RANK/OPG Signaling Pathway.,"Elevated RANKL/RANK signaling promotes osteoclastogenesis and consequently bone resorption, while inhibition of this pathway may prevent bone resorption.",1,751,904,"PubTator BioC passage[1], document characters [751,904)",https://pubmed.ncbi.nlm.nih.gov/42602299/,9d4dc6b57c16c2079ee9f4906da6686aea4192c8df9ee5805aa6cd98d008edc1,data/raw/discovery_pilot/21cb27e7f4a7b05f3320e5ffb015d150f972060ee765c5949eee573bc6a4d3db.json,"[""30""]","[""8600""]","[""LOCAL:protein:mouse:TNFSF11""]","[""inhibition"", ""promotes""]",False,3,pending,automated_extraction_unreviewed,,,,,,unresolved_molecular_form_and_species,False,"[""review-article"", ""Review"", ""Journal Article""]","[""broad""]"
candidate:dd9ebda2f385c2dc101d,PMID:42628588,42628588,Salidroside and Apigenin attenuate bone resorption in ovariectomized mice and osteoclasts via Sema3A/Nrp1/PlexinA1 pathway.,"We found that SAL and AP treatments reduce the numbers of TRAP-positive cells, F-actin rings and bone resorption pits, and suppress the expression levels of c-Fos, Nfatc1 and Ctsk in osteoclasts.",1,694,889,"PubTator BioC passage[1], document characters [694,889)",https://pubmed.ncbi.nlm.nih.gov/42628588/,f4cf64f0bc9f8026ba1acf488adfe9142b738630947efdf158e6cd5cab643506,data/raw/discovery_pilot/4a74919c786c2d170d4443ae3396d1e857807d8ef61b9992bda6f5e8ef25fd67.json,"[""53"", ""54"", ""55"", ""56"", ""57"", ""58""]","[""11433"", ""13038"", ""14281"", ""18018"", ""MESH:C009172"", ""MESH:D047310""]","[""LOCAL:protein:mouse:ACP5"", ""LOCAL:protein:mouse:CTSK"", ""LOCAL:protein:mouse:FOS"", ""LOCAL:protein:mouse:NFATC1""]","[""suppress""]",False,3,pending,automated_extraction_unreviewed,,,,,,unresolved_molecular_form_and_species,False,"[""Journal Article""]","[""broad""]"
candidate:99f2ff6eb0e94f24ee46,PMID:42658444,42658444,A peroxiredoxin 1-reactive oxygen species feedback loop modulates nuclear factor kappa B activity in osteoclastogenesis.,"Osteoclastogenesis is driven by tightly coordinated transcriptional programs downstream of receptor activator of nuclear factor-kappaB ligand (RANKL) signaling, in which reactive oxygen species (ROS) function as essential secondary messengers.",1,121,364,"PubTator BioC passage[1], document characters [121,364)",https://pubmed.ncbi.nlm.nih.gov/42658444/,31f58a173ecfc980f380db2685c46abaf3f28080252a33436a4ad185d1153e32,data/raw/discovery_pilot/41328b09b84b1c660d9742483f62b8d62b0eb2d54f5bef114eff582717ce60b5.json,"[""41"", ""42"", ""43"", ""44""]","[""8600"", ""MESH:D017382""]","[""CHEBI:26523"", ""LOCAL:protein:mouse:TNFSF11""]","[""activator""]",False,3,pending,automated_extraction_unreviewed,,,,,,unresolved_molecular_form_and_species,False,"[""research-article"", ""Journal Article""]","[""broad""]"
candidate:c2a09839287dc514c11c,PMID:42658444,42658444,A peroxiredoxin 1-reactive oxygen species feedback loop modulates nuclear factor kappa B activity in osteoclastogenesis.,Transcriptomic and mechanistic analyses revealed that PRDX1 attenuates osteoclastogenic gene transcription by blocking the nuclear factor kappa B (NF-kappaB)/p65 signaling axis.,1,829,1006,"PubTator BioC passage[1], document characters [829,1006)",https://pubmed.ncbi.nlm.nih.gov/42658444/,31f58a173ecfc980f380db2685c46abaf3f28080252a33436a4ad185d1153e32,data/raw/discovery_pilot/41328b09b84b1c660d9742483f62b8d62b0eb2d54f5bef114eff582717ce60b5.json,"[""53"", ""54"", ""55"", ""56""]","[""4790"", ""5052"", ""5970""]","[""LOCAL:protein:mouse:NFKB1"", ""LOCAL:protein:mouse:RELA""]","[""attenuates""]",False,3,pending,automated_extraction_unreviewed,,,,,,unresolved_molecular_form_and_species,False,"[""research-article"", ""Journal Article""]","[""broad""]"
candidate:063ab0c076b232b3c4b2,PMID:42658444,42658444,A peroxiredoxin 1-reactive oxygen species feedback loop modulates nuclear factor kappa B activity in osteoclastogenesis.,"Loss of PRDX1 increased intracellular ROS accumulation, promoted p65 nuclear translocation and promoter occupancy, thereby amplifying osteoclastogenic transcriptional programs.",1,1007,1183,"PubTator BioC passage[1], document characters [1007,1183)",https://pubmed.ncbi.nlm.nih.gov/42658444/,31f58a173ecfc980f380db2685c46abaf3f28080252a33436a4ad185d1153e32,data/raw/discovery_pilot/41328b09b84b1c660d9742483f62b8d62b0eb2d54f5bef114eff582717ce60b5.json,"[""57"", ""58"", ""59""]","[""5052"", ""5970"", ""MESH:D017382""]","[""CHEBI:26523"", ""LOCAL:protein:mouse:RELA""]","[""promoted"", ""promoter""]",False,3,pending,automated_extraction_unreviewed,,,,,,unresolved_molecular_form_and_species,False,"[""research-article"", ""Journal Article""]","[""broad""]"
candidate:74badd0127ac8f237b26,PMID:42658444,42658444,A peroxiredoxin 1-reactive oxygen species feedback loop modulates nuclear factor kappa B activity in osteoclastogenesis.,"Together, these findings reveal a PRDX1-ROS feedback loop that modulates NF-kappaB activity during osteoclastogenesis and identify regulated PRDX1 degradation as a mechanism by which RANKL signaling amplifies osteoclastogenic responses.",1,1542,1778,"PubTator BioC passage[1], document characters [1542,1778)",https://pubmed.ncbi.nlm.nih.gov/42658444/,31f58a173ecfc980f380db2685c46abaf3f28080252a33436a4ad185d1153e32,data/raw/discovery_pilot/41328b09b84b1c660d9742483f62b8d62b0eb2d54f5bef114eff582717ce60b5.json,"[""69"", ""70"", ""71"", ""72"", ""73""]","[""4790"", ""5052"", ""8600"", ""MESH:D017382""]","[""CHEBI:26523"", ""LOCAL:protein:mouse:NFKB1"", ""LOCAL:protein:mouse:TNFSF11""]","[""regulated""]",False,3,pending,automated_extraction_unreviewed,,,,,,unresolved_molecular_form_and_species,False,"[""research-article"", ""Journal Article""]","[""broad""]"
candidate:2e6fc6832825273f4425,PMID:42663873,42663873,Liensinine-loaded extracellular vesicles mitigate osteoporosis through inhibition of NF-kappaB signaling and calcium oscillations in osteoclasts.,"Furthermore, both in vitro and in vivo experiments were conducted to evaluate its inhibitory effects on RANKL-induced osteoclastogenesis and bone resorption.",1,907,1064,"PubTator BioC passage[1], document characters [907,1064)",https://pubmed.ncbi.nlm.nih.gov/42663873/,f4cf64f0bc9f8026ba1acf488adfe9142b738630947efdf158e6cd5cab643506,data/raw/discovery_pilot/4a74919c786c2d170d4443ae3396d1e857807d8ef61b9992bda6f5e8ef25fd67.json,"[""46""]","[""8600""]","[""LOCAL:protein:mouse:TNFSF11""]","[""inhibitory""]",False,3,pending,automated_extraction_unreviewed,,,,,,unresolved_molecular_form_and_species,False,"[""Journal Article""]","[""broad""]"
candidate:3ee1847eb6d07423a5b8,PMID:42663873,42663873,Liensinine-loaded extracellular vesicles mitigate osteoporosis through inhibition of NF-kappaB signaling and calcium oscillations in osteoclasts.,"Mechanistically, LIE@EVs effectively suppressed the activation of the NF-kappaB signaling pathway and calcium oscillations, ultimately downregulating osteoclast-specific gene expression.",1,1417,1603,"PubTator BioC passage[1], document characters [1417,1603)",https://pubmed.ncbi.nlm.nih.gov/42663873/,f4cf64f0bc9f8026ba1acf488adfe9142b738630947efdf158e6cd5cab643506,data/raw/discovery_pilot/4a74919c786c2d170d4443ae3396d1e857807d8ef61b9992bda6f5e8ef25fd67.json,"[""54"", ""55"", ""56""]","[""-"", ""4790"", ""MESH:D002118""]","[""CHEBI:29108"", ""LOCAL:protein:mouse:NFKB1""]","[""activation"", ""suppressed""]",False,3,pending,automated_extraction_unreviewed,,,,,,unresolved_molecular_form_and_species,False,"[""Journal Article""]","[""broad""]"
candidate:42d209f7b3c8278abd6d,PMID:42668073,42668073,Eriodictyol regulates LDHB to trigger mitophagy-mediated NLRP3 inflammasome inactivation as a therapeutic strategy for bone loss.,"RESULTS: Transcriptomic profiling indicated that ERI exerted suppressive impacts on osteoclast biological behavior, which was tightly linked to mitochondrial autophagy as well as the NLRP3 inflammatory complex.",1,1579,1789,"PubTator BioC passage[1], document characters [1579,1789)",https://pubmed.ncbi.nlm.nih.gov/42668073/,3a45de7af8b858690bd4afe055a244a80441c18e380efa9a6fddc7206083f6e2,data/raw/discovery_pilot/51e0cf1555b67a873f11ddeef370092171da9a96fac3114dffbf752e60ea5861.json,"[""74"", ""75"", ""76""]","[""216799"", ""MESH:C007619"", ""MESH:D007249""]",[],"[""suppressive""]",False,3,pending,automated_extraction_unreviewed,,,,,,unresolved_molecular_form_and_species,False,"[""Journal Article""]","[""broad"", ""metabolism""]"
candidate:c0591cdd0375e57d8ab1,PMID:42669152,42669152,WTAP Transcriptional Suppression by KLF9 Drives Osteoclastogenesis via M6A-Mediated Regulation of CSF1R Signaling in Estrogen-Deficient Osteoporosis.,"Mechanistically, WTAP mediates m6A deposition on Csflr mRNA, promoting degradation via the key m6A reader YTHDF2 and downregulating CSF1R expression, thereby enhancing osteoclastogenesis and bone loss in estrogen-deficient osteoporosis.",1,575,811,"PubTator BioC passage[1], document characters [575,811)",https://pubmed.ncbi.nlm.nih.gov/42669152/,31f58a173ecfc980f380db2685c46abaf3f28080252a33436a4ad185d1153e32,data/raw/discovery_pilot/41328b09b84b1c660d9742483f62b8d62b0eb2d54f5bef114eff582717ce60b5.json,"[""51"", ""52"", ""53"", ""54"", ""55"", ""56"", ""57""]","[""12978"", ""213541"", ""60532"", ""MESH:C005955"", ""MESH:D001847"", ""MESH:D010024""]","[""LOCAL:protein:mouse:CSF1R""]","[""deficient"", ""promoting""]",False,3,pending,automated_extraction_unreviewed,,,,,,unresolved_molecular_form_and_species,False,"[""research-article"", ""Journal Article""]","[""broad"", ""metabolism""]"
candidate:2bd454e19a167e9136c9,PMID:42684554,42684554,Bruceine D suppressed osteoclast formation via STAT3/NF-kappaB/NFATc1 signaling and protected postmenopausal osteoporosis.,Our results demonstrated that BD significantly inhibited RANKL-induced osteoclast differentiation in a dose-dependent manner without cytotoxic effects at effective concentrations.,1,881,1060,"PubTator BioC passage[1], document characters [881,1060)",https://pubmed.ncbi.nlm.nih.gov/42684554/,9d4dc6b57c16c2079ee9f4906da6686aea4192c8df9ee5805aa6cd98d008edc1,data/raw/discovery_pilot/21cb27e7f4a7b05f3320e5ffb015d150f972060ee765c5949eee573bc6a4d3db.json,"[""61"", ""62"", ""63""]","[""21943"", ""MESH:C030412"", ""MESH:D064420""]","[""LOCAL:protein:mouse:TNFSF11""]","[""inhibited""]",True,3,pending,automated_extraction_unreviewed,,,,,,unresolved_molecular_form_and_species,False,"[""Journal Article""]","[""broad""]"
candidate:7152a21684adae4e65ae,PMID:42684554,42684554,Bruceine D suppressed osteoclast formation via STAT3/NF-kappaB/NFATc1 signaling and protected postmenopausal osteoporosis.,"In conclusion, BD suppresses osteoclastogenesis and protects against estrogen deficiency-induced bone loss by inhibiting the STAT3/NF-kappaB/NFATc1 signaling axis.",1,1560,1723,"PubTator BioC passage[1], document characters [1560,1723)",https://pubmed.ncbi.nlm.nih.gov/42684554/,9d4dc6b57c16c2079ee9f4906da6686aea4192c8df9ee5805aa6cd98d008edc1,data/raw/discovery_pilot/21cb27e7f4a7b05f3320e5ffb015d150f972060ee765c5949eee573bc6a4d3db.json,"[""74"", ""75"", ""76"", ""77"", ""78"", ""79""]","[""18018"", ""18033"", ""20848"", ""MESH:C030412"", ""MESH:D001847"", ""MESH:D056828""]","[""LOCAL:protein:mouse:NFATC1"", ""LOCAL:protein:mouse:NFKB1""]","[""deficiency"", ""inhibiting"", ""suppresses""]",False,3,pending,automated_extraction_unreviewed,,,,,,unresolved_molecular_form_and_species,False,"[""Journal Article""]","[""broad""]"
candidate:6c6e87b10d2460907ce0,PMID:42695337,42695337,ACOD1-dependent succinate signalling acts as a metabolic checkpoint for osteoclast differentiation.,ACOD1 cells displayed impaired osteoclastogenesis with reduced expression of osteoclast-associated genes and fewer TRAP-positive multinucleated osteoclasts.,1,596,752,"PubTator BioC passage[1], document characters [596,752)",https://pubmed.ncbi.nlm.nih.gov/42695337/,9d4dc6b57c16c2079ee9f4906da6686aea4192c8df9ee5805aa6cd98d008edc1,data/raw/discovery_pilot/21cb27e7f4a7b05f3320e5ffb015d150f972060ee765c5949eee573bc6a4d3db.json,"[""49"", ""50""]","[""16365"", ""20832""]","[""LOCAL:protein:mouse:ACOD1"", ""LOCAL:protein:mouse:ACP5""]","[""impaired""]",False,3,pending,automated_extraction_unreviewed,,,,,,unresolved_molecular_form_and_species,False,"[""Journal Article""]","[""mechanism_anchors""]"
candidate:d1f415f410f9cc4e99e4,PMID:42695337,42695337,ACOD1-dependent succinate signalling acts as a metabolic checkpoint for osteoclast differentiation.,"Upon RANKL stimulation, these pre-activated cells showed delayed osteoclastogenic signalling accompanied by sustained expression of the transcriptional repressors BCL6, MafB, and IRF8.",1,915,1099,"PubTator BioC passage[1], document characters [915,1099)",https://pubmed.ncbi.nlm.nih.gov/42695337/,9d4dc6b57c16c2079ee9f4906da6686aea4192c8df9ee5805aa6cd98d008edc1,data/raw/discovery_pilot/21cb27e7f4a7b05f3320e5ffb015d150f972060ee765c5949eee573bc6a4d3db.json,"[""54"", ""55"", ""56"", ""57""]","[""12053"", ""15900"", ""16658"", ""21943""]","[""LOCAL:protein:mouse:BCL6"", ""LOCAL:protein:mouse:IRF8"", ""LOCAL:protein:mouse:MAFB"", ""LOCAL:protein:mouse:TNFSF11""]","[""activated""]",False,3,pending,automated_extraction_unreviewed,,,,,,unresolved_molecular_form_and_species,False,"[""Journal Article""]","[""mechanism_anchors""]"
candidate:1f4496456a38c00a6d57,PMID:42695337,42695337,ACOD1-dependent succinate signalling acts as a metabolic checkpoint for osteoclast differentiation.,RNA sequencing further revealed that ACOD1 overexpression promotes an innate immune transcriptional program rather than osteoclast differentiation.,1,1241,1388,"PubTator BioC passage[1], document characters [1241,1388)",https://pubmed.ncbi.nlm.nih.gov/42695337/,9d4dc6b57c16c2079ee9f4906da6686aea4192c8df9ee5805aa6cd98d008edc1,data/raw/discovery_pilot/21cb27e7f4a7b05f3320e5ffb015d150f972060ee765c5949eee573bc6a4d3db.json,"[""64""]","[""16365""]","[""LOCAL:protein:mouse:ACOD1""]","[""overexpression"", ""promotes""]",False,3,pending,automated_extraction_unreviewed,,,,,,unresolved_molecular_form_and_species,False,"[""Journal Article""]","[""mechanism_anchors""]"
candidate:269e4d57d5c2bc6059f8,PMID:42695337,42695337,ACOD1-dependent succinate signalling acts as a metabolic checkpoint for osteoclast differentiation.,"Together, our findings identify succinate-GPR91 signalling as a regulator of the transition between inflammatory activation and osteoclastogenesis.",1,1389,1536,"PubTator BioC passage[1], document characters [1389,1536)",https://pubmed.ncbi.nlm.nih.gov/42695337/,9d4dc6b57c16c2079ee9f4906da6686aea4192c8df9ee5805aa6cd98d008edc1,data/raw/discovery_pilot/21cb27e7f4a7b05f3320e5ffb015d150f972060ee765c5949eee573bc6a4d3db.json,"[""65"", ""66"", ""67""]","[""84112"", ""MESH:D007249"", ""MESH:D019802""]","[""CHEBI:15741""]","[""activation"", ""regulator""]",False,3,pending,automated_extraction_unreviewed,,,,,,unresolved_molecular_form_and_species,False,"[""Journal Article""]","[""mechanism_anchors""]"
candidate:edb6c82825356d267edd,PMID:38200114,38200114,The serine synthesis pathway drives osteoclast differentiation through epigenetic regulation of NFATc1 expression.,"In addition, pharmacological phosphoglycerate dehydrogenase inhibition abrogated bone loss in a mouse model of postmenopausal osteoporosis by blocking bone resorption.",1,775,942,"PubTator BioC passage[1], document characters [775,942)",https://pubmed.ncbi.nlm.nih.gov/38200114/,f4cf64f0bc9f8026ba1acf488adfe9142b738630947efdf158e6cd5cab643506,data/raw/discovery_pilot/4a74919c786c2d170d4443ae3396d1e857807d8ef61b9992bda6f5e8ef25fd67.json,"[""17"", ""18"", ""19"", ""20""]","[""10090"", ""MESH:D001847"", ""MESH:D001862"", ""MESH:D010024""]",[],"[""inhibition""]",False,2,pending,automated_extraction_unreviewed,,,,,,unresolved_molecular_form_and_species,False,"[""research-article"", ""Journal Article""]","[""mechanism_anchors"", ""positive_control_lookup""]"
candidate:52cccc9d200620fe2b75,PMID:39120025,39120025,PRMT6 Epigenetically Drives Metabolic Switch from Fatty Acid Oxidation toward Glycolysis and Promotes Osteoclast Differentiation During Osteoporosis.,"By transcriptional sequence and ATAC analysis, this study identifies that activation of RANK signaling upregulates PRMT6 by epigenetic modification, triggering a metabolic switching from fatty acids oxidation toward glycolysis.",1,438,665,"PubTator BioC passage[1], document characters [438,665)",https://pubmed.ncbi.nlm.nih.gov/39120025/,c84b99ab3ae0446c40c38dccb8d29a844939c9c07d0da5b3ea09d72ea31bb2cb,data/raw/discovery_pilot/c9f79391b6d9f45d562bfab7fb5011d2038e0b47656c04e8504e4cba18321274.json,"[""19"", ""20""]","[""55170"", ""MESH:D005227""]","[""LOCAL:protein:mouse:PRMT6""]","[""activation""]",False,2,pending,automated_extraction_unreviewed,,,,,,unresolved_molecular_form_and_species,False,"[""Research Support, Non-U.S. Gov't"", ""research-article"", ""Journal Article""]","[""mechanism_anchors""]"
candidate:ec62a94e696320b58a2b,PMID:39120025,39120025,PRMT6 Epigenetically Drives Metabolic Switch from Fatty Acid Oxidation toward Glycolysis and Promotes Osteoclast Differentiation During Osteoporosis.,"Conversely, Prmt6 deficiency reverses this shift, markedly reducing HIF-1alpha-mediated glycolysis and enhancing fatty acid oxidation.",1,666,800,"PubTator BioC passage[1], document characters [666,800)",https://pubmed.ncbi.nlm.nih.gov/39120025/,c84b99ab3ae0446c40c38dccb8d29a844939c9c07d0da5b3ea09d72ea31bb2cb,data/raw/discovery_pilot/c9f79391b6d9f45d562bfab7fb5011d2038e0b47656c04e8504e4cba18321274.json,"[""21"", ""22"", ""23""]","[""3091"", ""55170"", ""MESH:D005227""]","[""LOCAL:protein:mouse:HIF1A"", ""LOCAL:protein:mouse:PRMT6""]","[""deficiency""]",False,2,pending,automated_extraction_unreviewed,,,,,,unresolved_molecular_form_and_species,False,"[""Research Support, Non-U.S. Gov't"", ""research-article"", ""Journal Article""]","[""mechanism_anchors""]"
candidate:d0a5deb5698329015d22,PMID:39120025,39120025,PRMT6 Epigenetically Drives Metabolic Switch from Fatty Acid Oxidation toward Glycolysis and Promotes Osteoclast Differentiation During Osteoporosis.,"At the molecular level, Prmt6 deficiency reduces asymmetric dimethylation of H3R2 at the promoters of genes including Ppard, Acox3, and Cpt1a, enhancing genomic accessibility for fatty acid oxidation.",1,935,1135,"PubTator BioC passage[1], document characters [935,1135)",https://pubmed.ncbi.nlm.nih.gov/39120025/,c84b99ab3ae0446c40c38dccb8d29a844939c9c07d0da5b3ea09d72ea31bb2cb,data/raw/discovery_pilot/c9f79391b6d9f45d562bfab7fb5011d2038e0b47656c04e8504e4cba18321274.json,"[""26"", ""27"", ""28"", ""29"", ""30""]","[""1374"", ""5467"", ""55170"", ""8310"", ""MESH:D005227""]","[""LOCAL:protein:mouse:CPT1A"", ""LOCAL:protein:mouse:PPARD"", ""LOCAL:protein:mouse:PRMT6""]","[""deficiency"", ""promoters""]",False,2,pending,automated_extraction_unreviewed,,,,,,unresolved_molecular_form_and_species,False,"[""Research Support, Non-U.S. Gov't"", ""research-article"", ""Journal Article""]","[""mechanism_anchors""]"
candidate:d19017c50c77a18c74ea,PMID:40500265,40500265,Inflammatory macrophage-derived itaconate inhibits DNA demethylase TET2 to prevent excessive osteoclast activation in rheumatoid arthritis.,"Itaconate, a macrophage-specific anti-inflammatory metabolite, has recently emerged as a critical regulator in rheumatoid arthritis pathogenesis.",1,140,285,"PubTator BioC passage[1], document characters [140,285)",https://pubmed.ncbi.nlm.nih.gov/40500265/,f4cf64f0bc9f8026ba1acf488adfe9142b738630947efdf158e6cd5cab643506,data/raw/discovery_pilot/4a74919c786c2d170d4443ae3396d1e857807d8ef61b9992bda6f5e8ef25fd67.json,"[""34"", ""35"", ""36""]","[""MESH:C005229"", ""MESH:D001172"", ""MESH:D007249""]","[""CHEBI:30805""]","[""regulator""]",False,2,pending,automated_extraction_unreviewed,,,,,,unresolved_molecular_form_and_species,False,"[""research-article"", ""Journal Article""]","[""mechanism_anchors"", ""positive_control_lookup""]"
candidate:66f8bffa0e7505cfcff5,PMID:40500265,40500265,Inflammatory macrophage-derived itaconate inhibits DNA demethylase TET2 to prevent excessive osteoclast activation in rheumatoid arthritis.,"Furthermore, exogenous administration of itaconate or its derivative, 4-octyl-itaconate, inhibits arthritis progression and mitigates bone destruction, offering a potential therapeutic strategy for rheumatoid arthritis.",1,774,993,"PubTator BioC passage[1], document characters [774,993)",https://pubmed.ncbi.nlm.nih.gov/40500265/,f4cf64f0bc9f8026ba1acf488adfe9142b738630947efdf158e6cd5cab643506,data/raw/discovery_pilot/4a74919c786c2d170d4443ae3396d1e857807d8ef61b9992bda6f5e8ef25fd67.json,"[""49"", ""50"", ""51"", ""52"", ""53""]","[""MESH:C000708109"", ""MESH:C005229"", ""MESH:D001168"", ""MESH:D001172"", ""MESH:D001847""]","[""CHEBI:30805""]","[""inhibits""]",False,2,pending,automated_extraction_unreviewed,,,,,,unresolved_molecular_form_and_species,False,"[""research-article"", ""Journal Article""]","[""mechanism_anchors"", ""positive_control_lookup""]"
candidate:cc656977635334e616da,PMID:41050704,41050704,PRMT6 inhibitors promote fracture healing by modulating osteoclast glucose metabolism.,"Osteoclasts, derived from monocytes, are pivotal in bone tissue reconstruction, yet no effective clinical tools exist to promote fracture healing by modulating osteoclast activity.",1,214,394,"PubTator BioC passage[1], document characters [214,394)",https://pubmed.ncbi.nlm.nih.gov/41050704/,9d4dc6b57c16c2079ee9f4906da6686aea4192c8df9ee5805aa6cd98d008edc1,data/raw/discovery_pilot/21cb27e7f4a7b05f3320e5ffb015d150f972060ee765c5949eee573bc6a4d3db.json,"[""22""]","[""MESH:D050723""]",[],"[""promote""]",True,2,pending,automated_extraction_unreviewed,,,,,,unresolved_molecular_form_and_species,False,"[""research-article"", ""Journal Article""]","[""mechanism_anchors""]"
candidate:a9f2c37ab4ec698b409f,PMID:41349947,41349947,Investigating the role and mechanism of methionine in different types of skeletal fluorosis based on Siglec-15 methylation.,"Our results showed that osteoclast-mediated bone resorption had a predominant role in osteoporotic/osteomalacic skeletal fluorosis, while methionine supplementation primarily attenuated this process.",1,819,1018,"PubTator BioC passage[1], document characters [819,1018)",https://pubmed.ncbi.nlm.nih.gov/41349947/,f4cf64f0bc9f8026ba1acf488adfe9142b738630947efdf158e6cd5cab643506,data/raw/discovery_pilot/4a74919c786c2d170d4443ae3396d1e857807d8ef61b9992bda6f5e8ef25fd67.json,"[""58"", ""59"", ""60""]","[""MESH:D008715"", ""MESH:D009050"", ""MESH:D058866""]",[],"[""attenuated""]",False,2,pending,automated_extraction_unreviewed,,,,,,unresolved_molecular_form_and_species,False,"[""Journal Article""]","[""metabolism"", ""mechanism_anchors""]"
candidate:1fe0beec4a963c3928e2,PMID:41349947,41349947,Investigating the role and mechanism of methionine in different types of skeletal fluorosis based on Siglec-15 methylation.,"Then, we examined the methylation levels of Siglec-15 in fluoride-exposed osteoblasts and osteoclasts under different nutritional conditions, and explored the regulatory role of methionine in Siglec-15 methylation.",1,1019,1233,"PubTator BioC passage[1], document characters [1019,1233)",https://pubmed.ncbi.nlm.nih.gov/41349947/,f4cf64f0bc9f8026ba1acf488adfe9142b738630947efdf158e6cd5cab643506,data/raw/discovery_pilot/4a74919c786c2d170d4443ae3396d1e857807d8ef61b9992bda6f5e8ef25fd67.json,"[""61"", ""62"", ""63"", ""64""]","[""498888"", ""MESH:D005459"", ""MESH:D008715""]",[],"[""regulatory""]",False,2,pending,automated_extraction_unreviewed,,,,,,unresolved_molecular_form_and_species,False,"[""Journal Article""]","[""metabolism"", ""mechanism_anchors""]"
candidate:89b4fbdc3efbc975bb15,PMID:41349947,41349947,Investigating the role and mechanism of methionine in different types of skeletal fluorosis based on Siglec-15 methylation.,"Under low nutritional conditions, methionine supplementation inhibited fluoride-exposed osteoclast differentiation by modulating Siglec-15 methylation.",1,1599,1750,"PubTator BioC passage[1], document characters [1599,1750)",https://pubmed.ncbi.nlm.nih.gov/41349947/,f4cf64f0bc9f8026ba1acf488adfe9142b738630947efdf158e6cd5cab643506,data/raw/discovery_pilot/4a74919c786c2d170d4443ae3396d1e857807d8ef61b9992bda6f5e8ef25fd67.json,"[""71"", ""72"", ""73""]","[""498888"", ""MESH:D005459"", ""MESH:D008715""]",[],"[""inhibited""]",False,2,pending,automated_extraction_unreviewed,,,,,,unresolved_molecular_form_and_species,False,"[""Journal Article""]","[""metabolism"", ""mechanism_anchors""]"
candidate:e32d791f5ab1ba787b22,PMID:41927522,41927522,LincRNA-EPS alleviates osteoclastogenesis under inflammatory microenvironment through preventing excessive iron metabolism.,The precise regulation of bone homeostasis and the balance between bone resorption and formation in periodontitis remain unclear.,1,124,253,"PubTator BioC passage[1], document characters [124,253)",https://pubmed.ncbi.nlm.nih.gov/41927522/,9d4dc6b57c16c2079ee9f4906da6686aea4192c8df9ee5805aa6cd98d008edc1,data/raw/discovery_pilot/21cb27e7f4a7b05f3320e5ffb015d150f972060ee765c5949eee573bc6a4d3db.json,"[""27""]","[""MESH:D010518""]",[],"[""regulation""]",False,2,pending,automated_extraction_unreviewed,,,,,,unresolved_molecular_form_and_species,False,"[""research-article"", ""Journal Article""]","[""broad"", ""metabolism""]"
candidate:57a0c1431d4ad270b0cd,PMID:41927522,41927522,LincRNA-EPS alleviates osteoclastogenesis under inflammatory microenvironment through preventing excessive iron metabolism.,LincRNA-EPS knockout (KO) worsened LPS-induced alveolar bone resorption in vivo and osteoclast differentiation in vitro.,1,408,528,"PubTator BioC passage[1], document characters [408,528)",https://pubmed.ncbi.nlm.nih.gov/41927522/,9d4dc6b57c16c2079ee9f4906da6686aea4192c8df9ee5805aa6cd98d008edc1,data/raw/discovery_pilot/21cb27e7f4a7b05f3320e5ffb015d150f972060ee765c5949eee573bc6a4d3db.json,"[""30"", ""31""]","[""102635290"", ""MESH:D008070""]",[],"[""knockout""]",False,2,pending,automated_extraction_unreviewed,,,,,,unresolved_molecular_form_and_species,False,"[""research-article"", ""Journal Article""]","[""broad"", ""metabolism""]"
candidate:d2115b9dc7118bcbb172,PMID:41989515,41989515,Nell-1 inhibits osteoclast differentiation and bone resorption in apical periodontitis.,"Although Nell-1 may inhibit osteoclast differentiation, the underlying mechanisms and its specific role in AP remain unclear.",1,184,309,"PubTator BioC passage[1], document characters [184,309)",https://pubmed.ncbi.nlm.nih.gov/41989515/,70f9aa98c6008210a69fa09f9932f15b17227af94ba00b8c2d9f0e354cd2d1c5,data/raw/discovery_pilot/58dd0e1dea8df1a4f01dc61643f37fbe81bc0129e5c3437585f5fc2e87c34ad9.json,"[""29"", ""30""]","[""338352"", ""MESH:D010485""]",[],"[""inhibit""]",False,2,pending,automated_extraction_unreviewed,,,,,,unresolved_molecular_form_and_species,False,"[""Journal Article""]","[""broad""]"
candidate:d4d7c0af4970f2f9c24c,PMID:41989515,41989515,Nell-1 inhibits osteoclast differentiation and bone resorption in apical periodontitis.,This study aims to determine the inhibitory effects of Nell-1 on osteoclast differentiation and bone resorption in apical periodontitis.,1,310,446,"PubTator BioC passage[1], document characters [310,446)",https://pubmed.ncbi.nlm.nih.gov/41989515/,70f9aa98c6008210a69fa09f9932f15b17227af94ba00b8c2d9f0e354cd2d1c5,data/raw/discovery_pilot/58dd0e1dea8df1a4f01dc61643f37fbe81bc0129e5c3437585f5fc2e87c34ad9.json,"[""31"", ""32""]","[""338352"", ""MESH:D010485""]",[],"[""inhibitory""]",False,2,pending,automated_extraction_unreviewed,,,,,,unresolved_molecular_form_and_species,False,"[""Journal Article""]","[""broad""]"
candidate:5514faab47cec1f18de7,PMID:41989515,41989515,Nell-1 inhibits osteoclast differentiation and bone resorption in apical periodontitis.,7 cells demonstrated that Nell-1 overexpression inhibited osteoclastogenesis.,1,940,1017,"PubTator BioC passage[1], document characters [940,1017)",https://pubmed.ncbi.nlm.nih.gov/41989515/,70f9aa98c6008210a69fa09f9932f15b17227af94ba00b8c2d9f0e354cd2d1c5,data/raw/discovery_pilot/58dd0e1dea8df1a4f01dc61643f37fbe81bc0129e5c3437585f5fc2e87c34ad9.json,"[""43""]","[""338352""]",[],"[""inhibited"", ""overexpression""]",False,2,pending,automated_extraction_unreviewed,,,,,,unresolved_molecular_form_and_species,False,"[""Journal Article""]","[""broad""]"
candidate:ce68ee8d0fff7d1f5f85,PMID:41989515,41989515,Nell-1 inhibits osteoclast differentiation and bone resorption in apical periodontitis.,"By activating the Wnt pathway, Nell-1 effectively prevents osteoclast differentiation and bone resorption in apical periodontitis.",1,1243,1373,"PubTator BioC passage[1], document characters [1243,1373)",https://pubmed.ncbi.nlm.nih.gov/41989515/,70f9aa98c6008210a69fa09f9932f15b17227af94ba00b8c2d9f0e354cd2d1c5,data/raw/discovery_pilot/58dd0e1dea8df1a4f01dc61643f37fbe81bc0129e5c3437585f5fc2e87c34ad9.json,"[""46"", ""47""]","[""338352"", ""MESH:D010485""]",[],"[""activating""]",False,2,pending,automated_extraction_unreviewed,,,,,,unresolved_molecular_form_and_species,False,"[""Journal Article""]","[""broad""]"
candidate:e37a0f7db20144faf81e,PMID:42062580,42062580,Hydroxysafflor yellow A attenuatesovariectomy induced bone loss andpromotes osteogenesis via PI3K/AKT activation in an in vitro BMSC model.,"Concurrently, HSYA inhibit osteoclast differentiation, thereby mitigating the excessive bone resorption associated with osteoporosis.",1,776,909,"PubTator BioC passage[1], document characters [776,909)",https://pubmed.ncbi.nlm.nih.gov/42062580/,c84b99ab3ae0446c40c38dccb8d29a844939c9c07d0da5b3ea09d72ea31bb2cb,data/raw/discovery_pilot/c9f79391b6d9f45d562bfab7fb5011d2038e0b47656c04e8504e4cba18321274.json,"[""29"", ""30""]","[""MESH:C085278"", ""MESH:D010024""]",[],"[""inhibit""]",False,2,pending,automated_extraction_unreviewed,,,,,,unresolved_molecular_form_and_species,False,"[""research-article"", ""Journal Article""]","[""broad"", ""metabolism""]"
candidate:c94f1e3cdeb06ba623fd,PMID:42062580,42062580,Hydroxysafflor yellow A attenuatesovariectomy induced bone loss andpromotes osteogenesis via PI3K/AKT activation in an in vitro BMSC model.,"These findings indicate that HSYA mitigates bone loss in OP in vivo, while enhancing osteoblast activity and activating the PI3K/AKT pathway in an in vitro osteoblast differentiation model using BMSCs, and inhibiting osteoclast-driven bone resorption.",1,910,1161,"PubTator BioC passage[1], document characters [910,1161)",https://pubmed.ncbi.nlm.nih.gov/42062580/,c84b99ab3ae0446c40c38dccb8d29a844939c9c07d0da5b3ea09d72ea31bb2cb,data/raw/discovery_pilot/c9f79391b6d9f45d562bfab7fb5011d2038e0b47656c04e8504e4cba18321274.json,"[""31"", ""32"", ""33""]","[""MESH:C085278"", ""MESH:D001847"", ""MESH:D010024""]",[],"[""activating"", ""inhibiting""]",False,2,pending,automated_extraction_unreviewed,,,,,,unresolved_molecular_form_and_species,False,"[""research-article"", ""Journal Article""]","[""broad"", ""metabolism""]"
candidate:14b1d519c4ea240410d7,PMID:42320631,42320631,Nrf2 dynamically regulates RANKL-induced osteoclastogenesis and cathepsin K function.,"Together, these findings identify Nrf2 as a critical regulator of osteoclast function, essential for maintaining redox balance and lysosomal integrity during bone resorption.",1,1246,1420,"PubTator BioC passage[1], document characters [1246,1420)",https://pubmed.ncbi.nlm.nih.gov/42320631/,f4cf64f0bc9f8026ba1acf488adfe9142b738630947efdf158e6cd5cab643506,data/raw/discovery_pilot/4a74919c786c2d170d4443ae3396d1e857807d8ef61b9992bda6f5e8ef25fd67.json,"[""43""]","[""18024""]",[],"[""regulator""]",False,2,pending,automated_extraction_unreviewed,,,,,,unresolved_molecular_form_and_species,False,"[""Research Support, Non-U.S. Gov't"", ""research-article"", ""Journal Article""]","[""broad"", ""metabolism""]"
candidate:e75a2df09ecef90de7e2,PMID:42322165,42322165,"Solasodine, a Natural Steroidal Alkaloid, Attenuates RANKL-Induced Osteoclastogenesis and Bone Resorption: A Study Based on Network Pharmacology and Experimental Validation.",Osteoporosis is characterized by excessive bone resorption driven by aberrant osteoclast activation.,1,174,274,"PubTator BioC passage[1], document characters [174,274)",https://pubmed.ncbi.nlm.nih.gov/42322165/,9d4dc6b57c16c2079ee9f4906da6686aea4192c8df9ee5805aa6cd98d008edc1,data/raw/discovery_pilot/21cb27e7f4a7b05f3320e5ffb015d150f972060ee765c5949eee573bc6a4d3db.json,"[""49""]","[""MESH:D010024""]",[],"[""activation""]",False,2,pending,automated_extraction_unreviewed,,,,,,unresolved_molecular_form_and_species,False,"[""Research Support, Non-U.S. Gov't"", ""research-article"", ""Journal Article""]","[""broad"", ""metabolism""]"
candidate:9c5cee14ab3c434ef1f4,PMID:42331345,42331345,Effects of intra-articular injection of dimethyl itaconate combined with systemic vancomycin on periprosthetic joint infection in rats.,"In vitro, it was validated that DI exerts a promotive effect on osteoblast function while concurrently inhibiting osteoclast formation.",1,1593,1728,"PubTator BioC passage[1], document characters [1593,1728)",https://pubmed.ncbi.nlm.nih.gov/42331345/,9d4dc6b57c16c2079ee9f4906da6686aea4192c8df9ee5805aa6cd98d008edc1,data/raw/discovery_pilot/21cb27e7f4a7b05f3320e5ffb015d150f972060ee765c5949eee573bc6a4d3db.json,"[""95""]","[""MESH:C518953""]",[],"[""inhibiting"", ""promotive""]",False,2,pending,automated_extraction_unreviewed,,,,,,unresolved_molecular_form_and_species,False,"[""research-article"", ""Journal Article""]","[""mechanism_anchors""]"
candidate:39b1acc3d3ec6275f285,PMID:42338756,42338756,Red ginseng-derived nanovesicles to modulate osteoblast and osteoclastogenesis for osteoporosis therapy.,"These findings suggest that RGNVs regulate bone remodeling through a dual mechanism, to stimulate bone formation and inhibit bone resorption, thereby offering a promising and well-tolerated approach for osteoporosis management.",1,1316,1543,"PubTator BioC passage[1], document characters [1316,1543)",https://pubmed.ncbi.nlm.nih.gov/42338756/,9d4dc6b57c16c2079ee9f4906da6686aea4192c8df9ee5805aa6cd98d008edc1,data/raw/discovery_pilot/21cb27e7f4a7b05f3320e5ffb015d150f972060ee765c5949eee573bc6a4d3db.json,"[""23""]","[""MESH:D010024""]",[],"[""inhibit"", ""regulate""]",False,2,pending,automated_extraction_unreviewed,,,,,,unresolved_molecular_form_and_species,False,"[""research-article"", ""Journal Article""]","[""broad"", ""metabolism""]"
candidate:0a6c128d70a41d1c4b0d,PMID:42345820,42345820,Expression of Phosphomimetic OSTM1-T328E/S329D Variant Partially Restores Bone Resorption Defect in LRRK1-Deficient Mice.,"However, the mechanisms by which LRRK1 regulates osteoclast activity remain incompletely defined.",1,250,347,"PubTator BioC passage[1], document characters [250,347)",https://pubmed.ncbi.nlm.nih.gov/42345820/,f4cf64f0bc9f8026ba1acf488adfe9142b738630947efdf158e6cd5cab643506,data/raw/discovery_pilot/4a74919c786c2d170d4443ae3396d1e857807d8ef61b9992bda6f5e8ef25fd67.json,"[""59""]","[""233328""]",[],"[""regulates""]",False,2,pending,automated_extraction_unreviewed,,,,,,unresolved_molecular_form_and_species,False,"[""research-article"", ""Journal Article""]","[""broad"", ""metabolism""]"
candidate:b93a013ffdbf2e7c289f,PMID:42345820,42345820,Expression of Phosphomimetic OSTM1-T328E/S329D Variant Partially Restores Bone Resorption Defect in LRRK1-Deficient Mice.,"Overexpression of phosphomimetic, but not a dephosphomimetic variant, partially restored resorptive activity in LRRK1-deficient osteoclasts in vitro.",1,642,791,"PubTator BioC passage[1], document characters [642,791)",https://pubmed.ncbi.nlm.nih.gov/42345820/,f4cf64f0bc9f8026ba1acf488adfe9142b738630947efdf158e6cd5cab643506,data/raw/discovery_pilot/4a74919c786c2d170d4443ae3396d1e857807d8ef61b9992bda6f5e8ef25fd67.json,"[""68""]","[""233328""]",[],"[""deficient"", ""overexpression""]",True,2,pending,automated_extraction_unreviewed,,,,,,unresolved_molecular_form_and_species,False,"[""research-article"", ""Journal Article""]","[""broad"", ""metabolism""]"
candidate:b079106e095eb55b7334,PMID:42390226,42390226,Oxypaeoniflorin Ameliorates Titanium Particle-Stimulated Osteolysis by Targeting Nrf2 to Reprogram Mitochondrial Homeostasis in Osteoclasts.,"In this study, we examined the regulatory effect of OPF on titanium particle-induced bone erosion in vivo and utilized bone marrow macrophages to investigate the impact of OPF on osteoclast differentiation and resorptive function along with its potential mechanisms.",1,613,879,"PubTator BioC passage[1], document characters [613,879)",https://pubmed.ncbi.nlm.nih.gov/42390226/,70f9aa98c6008210a69fa09f9932f15b17227af94ba00b8c2d9f0e354cd2d1c5,data/raw/discovery_pilot/58dd0e1dea8df1a4f01dc61643f37fbe81bc0129e5c3437585f5fc2e87c34ad9.json,"[""24"", ""25""]","[""MESH:D014025"", ""MESH:D014077""]",[],"[""regulatory""]",False,2,pending,automated_extraction_unreviewed,,,,,,unresolved_molecular_form_and_species,False,"[""Research Support, Non-U.S. Gov't"", ""research-article"", ""Journal Article""]","[""broad"", ""metabolism""]"
candidate:320005cf2b1f45285f66,PMID:42390226,42390226,Oxypaeoniflorin Ameliorates Titanium Particle-Stimulated Osteolysis by Targeting Nrf2 to Reprogram Mitochondrial Homeostasis in Osteoclasts.,"Furthermore, in vivo, OPF suppressed titanium particle-induced bone loss and osteoclast formation.",1,1111,1209,"PubTator BioC passage[1], document characters [1111,1209)",https://pubmed.ncbi.nlm.nih.gov/42390226/,70f9aa98c6008210a69fa09f9932f15b17227af94ba00b8c2d9f0e354cd2d1c5,data/raw/discovery_pilot/58dd0e1dea8df1a4f01dc61643f37fbe81bc0129e5c3437585f5fc2e87c34ad9.json,"[""28"", ""29""]","[""MESH:D001847"", ""MESH:D014025""]",[],"[""suppressed""]",False,2,pending,automated_extraction_unreviewed,,,,,,unresolved_molecular_form_and_species,False,"[""Research Support, Non-U.S. Gov't"", ""research-article"", ""Journal Article""]","[""broad"", ""metabolism""]"
candidate:3c6824506cd15573817c,PMID:42402178,42402178,Brown Adipose Tissue Secreted Nrg4 Prevents Bone Loss by Orchestrates Bone Resorption and Angiogenesis.,"BAT removal or Nrg4 knockout resulted in increased bone resorption and decreased bone formation, thereby accelerating bone loss in mice; conversely, BAT transplantation rescued the skeletal phenotype of Nrg4-/- mice.",1,880,1096,"PubTator BioC passage[1], document characters [880,1096)",https://pubmed.ncbi.nlm.nih.gov/42402178/,70f9aa98c6008210a69fa09f9932f15b17227af94ba00b8c2d9f0e354cd2d1c5,data/raw/discovery_pilot/58dd0e1dea8df1a4f01dc61643f37fbe81bc0129e5c3437585f5fc2e87c34ad9.json,"[""39"", ""40"", ""41"", ""42"", ""43""]","[""10090"", ""83961"", ""MESH:D001847""]",[],"[""knockout"", ""rescued""]",False,2,pending,automated_extraction_unreviewed,,,,,,unresolved_molecular_form_and_species,False,"[""Journal Article""]","[""broad"", ""metabolism""]"
candidate:292efa832195fea3e7a0,PMID:42402178,42402178,Brown Adipose Tissue Secreted Nrg4 Prevents Bone Loss by Orchestrates Bone Resorption and Angiogenesis.,These findings demonstrate that BAT-derived Nrg4 acts as a key regulator of bone homeostasis and represents a promising therapeutic target for bone loss disorders by orchestrating crosstalk between osteoclasts and endothelial cells.,1,1446,1678,"PubTator BioC passage[1], document characters [1446,1678)",https://pubmed.ncbi.nlm.nih.gov/42402178/,70f9aa98c6008210a69fa09f9932f15b17227af94ba00b8c2d9f0e354cd2d1c5,data/raw/discovery_pilot/58dd0e1dea8df1a4f01dc61643f37fbe81bc0129e5c3437585f5fc2e87c34ad9.json,"[""52"", ""53""]","[""83961"", ""MESH:D001847""]",[],"[""regulator""]",False,2,pending,automated_extraction_unreviewed,,,,,,unresolved_molecular_form_and_species,False,"[""Journal Article""]","[""broad"", ""metabolism""]"
candidate:cb4f7c69ef11ad0a39b0,PMID:42492705,42492705,Osteoprotegerin induces osteoclast pyroptosis via NF-kappaB signaling activation.,"Pyroptosis, an inflammatory programmed cell death, critically influences bone resorption, but its regulation remains unclear.",1,206,331,"PubTator BioC passage[1], document characters [206,331)",https://pubmed.ncbi.nlm.nih.gov/42492705/,31f58a173ecfc980f380db2685c46abaf3f28080252a33436a4ad185d1153e32,data/raw/discovery_pilot/41328b09b84b1c660d9742483f62b8d62b0eb2d54f5bef114eff582717ce60b5.json,"[""39"", ""40""]","[""MESH:D007249""]",[],"[""regulation""]",False,2,pending,automated_extraction_unreviewed,,,,,,unresolved_molecular_form_and_species,False,"[""Journal Article""]","[""broad""]"
candidate:02d7890fc07c0d7e7c52,PMID:42505728,42505728,Estradiol Enhances Alveolar Bone Resorption by Promoting Osteoclast Differentiation in Experimental Periodontitis.,"Additional groups received an aromatase inhibitor or E2 supplementation after OVX, with subsequent induction of periodontitis and evaluation of bone resorption.",1,550,710,"PubTator BioC passage[1], document characters [550,710)",https://pubmed.ncbi.nlm.nih.gov/42505728/,9d4dc6b57c16c2079ee9f4906da6686aea4192c8df9ee5805aa6cd98d008edc1,data/raw/discovery_pilot/21cb27e7f4a7b05f3320e5ffb015d150f972060ee765c5949eee573bc6a4d3db.json,"[""55"", ""56"", ""57"", ""58"", ""59""]","[""13075"", ""MESH:D004958"", ""MESH:D010518"", ""MESH:D014091""]",[],"[""inhibitor""]",False,2,pending,automated_extraction_unreviewed,,,,,,unresolved_molecular_form_and_species,False,"[""research-article"", ""Journal Article""]","[""broad""]"
candidate:7e649cf7b6701877127d,PMID:42515798,42515798,Geranylgeraniol as a Modulator of Mevalonate Pathway Disruption: A Scoping Review of Cellular Mechanisms and Skeletal Outcomes in Osteoporosis Models.,"GGOH reduced osteoclast apoptosis, restored nuclear factor of activated T-cells 1 and carbonic anhydrase II expression, and prevented N-BP-associated suppression of bone resorption.",1,1060,1241,"PubTator BioC passage[1], document characters [1060,1241)",https://pubmed.ncbi.nlm.nih.gov/42515798/,70f9aa98c6008210a69fa09f9932f15b17227af94ba00b8c2d9f0e354cd2d1c5,data/raw/discovery_pilot/58dd0e1dea8df1a4f01dc61643f37fbe81bc0129e5c3437585f5fc2e87c34ad9.json,"[""63"", ""64"", ""65"", ""66""]","[""-"", ""12349"", ""MESH:D001862""]",[],"[""activated"", ""suppression""]",False,2,pending,automated_extraction_unreviewed,,,,,,unresolved_molecular_form_and_species,False,"[""review-article"", ""Review"", ""Journal Article""]","[""broad""]"
candidate:6b29fc22628b8b44a8b7,PMID:42515798,42515798,Geranylgeraniol as a Modulator of Mevalonate Pathway Disruption: A Scoping Review of Cellular Mechanisms and Skeletal Outcomes in Osteoporosis Models.,"Independent of N-BPs, GGOH exerted divergent effects on osteoclasts, by inhibiting osteoclastogenesis or promoting retinoic acid receptor-mediated bone resorption and attenuating zoledronate protection in vascular calcification settings in a model-specific manner.",1,1527,1791,"PubTator BioC passage[1], document characters [1527,1791)",https://pubmed.ncbi.nlm.nih.gov/42515798/,70f9aa98c6008210a69fa09f9932f15b17227af94ba00b8c2d9f0e354cd2d1c5,data/raw/discovery_pilot/58dd0e1dea8df1a4f01dc61643f37fbe81bc0129e5c3437585f5fc2e87c34ad9.json,"[""71"", ""72"", ""73"", ""74"", ""75""]","[""-"", ""MESH:D000077211"", ""MESH:D001862"", ""MESH:D061205""]",[],"[""attenuating"", ""inhibiting"", ""promoting""]",True,2,pending,automated_extraction_unreviewed,,,,,,unresolved_molecular_form_and_species,False,"[""review-article"", ""Review"", ""Journal Article""]","[""broad""]"
candidate:308a4e41604316f0a0ac,PMID:42515798,42515798,Geranylgeraniol as a Modulator of Mevalonate Pathway Disruption: A Scoping Review of Cellular Mechanisms and Skeletal Outcomes in Osteoporosis Models.,"In vivo, dietary GGOH supplementation improved trabecular and cortical bone parameters and reduced serum C-terminal telopeptide of type I collagen in obese mice, indicating suppression of bone resorption.",1,1792,1996,"PubTator BioC passage[1], document characters [1792,1996)",https://pubmed.ncbi.nlm.nih.gov/42515798/,70f9aa98c6008210a69fa09f9932f15b17227af94ba00b8c2d9f0e354cd2d1c5,data/raw/discovery_pilot/58dd0e1dea8df1a4f01dc61643f37fbe81bc0129e5c3437585f5fc2e87c34ad9.json,"[""76"", ""77"", ""78"", ""79""]","[""-"", ""10090"", ""MESH:D001862"", ""MESH:D009765""]",[],"[""suppression""]",False,2,pending,automated_extraction_unreviewed,,,,,,unresolved_molecular_form_and_species,False,"[""review-article"", ""Review"", ""Journal Article""]","[""broad""]"
candidate:c07d3aa72b607e2cebcd,PMID:42557310,42557310,Macrophage-to-myofibroblast transition-derived itaconate promotes bone metastasis in lung cancer through targeting of HSPA8.,"Mechanistically, itaconate promoted HSPA8 ubiquitination and subsequent proteasomal degradation, thereby releasing activated transcription factor 4 (ATF4) from cytosolic sequestration.",1,1172,1356,"PubTator BioC passage[1], document characters [1172,1356)",https://pubmed.ncbi.nlm.nih.gov/42557310/,3a45de7af8b858690bd4afe055a244a80441c18e380efa9a6fddc7206083f6e2,data/raw/discovery_pilot/51e0cf1555b67a873f11ddeef370092171da9a96fac3114dffbf752e60ea5861.json,"[""68"", ""69"", ""70"", ""71""]","[""3312"", ""468"", ""MESH:C005229""]","[""CHEBI:30805""]","[""activated"", ""promoted""]",False,2,pending,automated_extraction_unreviewed,,,,,,unresolved_molecular_form_and_species,False,"[""research-article"", ""Journal Article""]","[""mechanism_anchors""]"
candidate:7d89f790463f925f33a2,PMID:42557310,42557310,Macrophage-to-myofibroblast transition-derived itaconate promotes bone metastasis in lung cancer through targeting of HSPA8.,"Liberated ATF4 translocated to the nucleus, where it bound the promoter region of phosphoserine aminotransferase 1 (PSAT1) to upregulate its expression.",1,1357,1509,"PubTator BioC passage[1], document characters [1357,1509)",https://pubmed.ncbi.nlm.nih.gov/42557310/,3a45de7af8b858690bd4afe055a244a80441c18e380efa9a6fddc7206083f6e2,data/raw/discovery_pilot/51e0cf1555b67a873f11ddeef370092171da9a96fac3114dffbf752e60ea5861.json,"[""72"", ""73"", ""74""]","[""29968"", ""468""]","[""LOCAL:protein:mouse:PSAT1""]","[""promoter""]",False,2,pending,automated_extraction_unreviewed,,,,,,unresolved_molecular_form_and_species,False,"[""research-article"", ""Journal Article""]","[""mechanism_anchors""]"
candidate:0ffeb3a4b90de72c50ed,PMID:42557310,42557310,Macrophage-to-myofibroblast transition-derived itaconate promotes bone metastasis in lung cancer through targeting of HSPA8.,"Our findings elucidate an unappreciated metabolic reprogramming axis in lung cancer bone metastases: macrophage-to-myofibroblast transition-derived itaconate alleviated cytoplasmic sequestration of ATF4 via HSPA8 ubiquitination, thereby activating its transcriptional target PSAT1.",1,1728,2009,"PubTator BioC passage[1], document characters [1728,2009)",https://pubmed.ncbi.nlm.nih.gov/42557310/,3a45de7af8b858690bd4afe055a244a80441c18e380efa9a6fddc7206083f6e2,data/raw/discovery_pilot/51e0cf1555b67a873f11ddeef370092171da9a96fac3114dffbf752e60ea5861.json,"[""78"", ""79"", ""80"", ""81"", ""82"", ""83""]","[""29968"", ""3312"", ""468"", ""MESH:C005229"", ""MESH:D008175"", ""MESH:D009362""]","[""CHEBI:30805"", ""LOCAL:protein:mouse:PSAT1""]","[""activating""]",False,2,pending,automated_extraction_unreviewed,,,,,,unresolved_molecular_form_and_species,False,"[""research-article"", ""Journal Article""]","[""mechanism_anchors""]"
candidate:5de1eb9c4c066b9e0dd1,PMID:42557310,42557310,Macrophage-to-myofibroblast transition-derived itaconate promotes bone metastasis in lung cancer through targeting of HSPA8.,"Notably, the HSPA8-ATF4-PSAT1 axis was identified as a key regulatory pathway governing metabolic reprogramming, thereby establishing a translational framework for targeting immunometabolic crosstalk in bone metastasis therapy.",1,2120,2347,"PubTator BioC passage[1], document characters [2120,2347)",https://pubmed.ncbi.nlm.nih.gov/42557310/,3a45de7af8b858690bd4afe055a244a80441c18e380efa9a6fddc7206083f6e2,data/raw/discovery_pilot/51e0cf1555b67a873f11ddeef370092171da9a96fac3114dffbf752e60ea5861.json,"[""86"", ""87"", ""88"", ""89""]","[""29968"", ""3312"", ""468"", ""MESH:D009362""]","[""LOCAL:protein:mouse:PSAT1""]","[""regulatory""]",False,2,pending,automated_extraction_unreviewed,,,,,,unresolved_molecular_form_and_species,False,"[""research-article"", ""Journal Article""]","[""mechanism_anchors""]"
candidate:a8e8d7985de060be1697,PMID:42564269,42564269,TNF-alpha blockade with adalimumab restores bone metabolism in rheumatoid arthritis by regulating cytokines and inflammatory cell infiltration.,Conclusion: Adalimumab decreased synovial macrophage infiltration while it modulates pro-osteoclastogenic cytokines and inhibits osteoclastogenesis.,1,1686,1834,"PubTator BioC passage[1], document characters [1686,1834)",https://pubmed.ncbi.nlm.nih.gov/42564269/,c84b99ab3ae0446c40c38dccb8d29a844939c9c07d0da5b3ea09d72ea31bb2cb,data/raw/discovery_pilot/c9f79391b6d9f45d562bfab7fb5011d2038e0b47656c04e8504e4cba18321274.json,"[""75""]","[""MESH:D000068879""]",[],"[""inhibits""]",False,2,pending,automated_extraction_unreviewed,,,,,,unresolved_molecular_form_and_species,False,"[""research-article"", ""Journal Article""]","[""broad"", ""metabolism""]"
candidate:ee03f84cf059c0cd5753,PMID:42597306,42597306,Circadian regulation of osteoclast lysosomal-resorption machinery: implications for osteoporosis therapy.,"Osteoporosis (OP) is a systemic degenerative skeletal disorder characterized by reduced bone mass and compromised biomechanical properties, with its pathogenesis closely associated with excessive osteoclast activation and dysregulated bone resorption.",1,106,357,"PubTator BioC passage[1], document characters [106,357)",https://pubmed.ncbi.nlm.nih.gov/42597306/,c84b99ab3ae0446c40c38dccb8d29a844939c9c07d0da5b3ea09d72ea31bb2cb,data/raw/discovery_pilot/c9f79391b6d9f45d562bfab7fb5011d2038e0b47656c04e8504e4cba18321274.json,"[""11"", ""12"", ""13""]","[""MESH:D010024"", ""MESH:D019636""]",[],"[""activation""]",False,2,pending,automated_extraction_unreviewed,,,,,,unresolved_molecular_form_and_species,False,"[""review-article"", ""Review"", ""Journal Article""]","[""broad""]"
candidate:6f57361fabec1ee34025,PMID:42597306,42597306,Circadian regulation of osteoclast lysosomal-resorption machinery: implications for osteoporosis therapy.,"Disruption of circadian rhythms can impair LRA homeostasis and function, thereby promoting osteoclast hyperactivity and accelerating pathological bone loss.",1,617,773,"PubTator BioC passage[1], document characters [617,773)",https://pubmed.ncbi.nlm.nih.gov/42597306/,c84b99ab3ae0446c40c38dccb8d29a844939c9c07d0da5b3ea09d72ea31bb2cb,data/raw/discovery_pilot/c9f79391b6d9f45d562bfab7fb5011d2038e0b47656c04e8504e4cba18321274.json,"[""14"", ""15""]","[""MESH:D001847"", ""MESH:D001862""]",[],"[""impair"", ""promoting""]",False,2,pending,automated_extraction_unreviewed,,,,,,unresolved_molecular_form_and_species,False,"[""review-article"", ""Review"", ""Journal Article""]","[""broad""]"
candidate:80b0989987c5dfc318e9,PMID:42658444,42658444,A peroxiredoxin 1-reactive oxygen species feedback loop modulates nuclear factor kappa B activity in osteoclastogenesis.,"Although extracellular peroxiredoxin 1 (PRDX1) has been implicated in the suppression of osteoclast differentiation, the role of intracellular PRDX1 in regulating osteoclastogenic signaling remains poorly understood.",1,365,581,"PubTator BioC passage[1], document characters [365,581)",https://pubmed.ncbi.nlm.nih.gov/42658444/,31f58a173ecfc980f380db2685c46abaf3f28080252a33436a4ad185d1153e32,data/raw/discovery_pilot/41328b09b84b1c660d9742483f62b8d62b0eb2d54f5bef114eff582717ce60b5.json,"[""45"", ""46"", ""47""]","[""5052""]",[],"[""regulating"", ""suppression""]",False,2,pending,automated_extraction_unreviewed,,,,,,unresolved_molecular_form_and_species,False,"[""research-article"", ""Journal Article""]","[""broad""]"
candidate:154f6d18bf4e0d1597b1,PMID:42658444,42658444,A peroxiredoxin 1-reactive oxygen species feedback loop modulates nuclear factor kappa B activity in osteoclastogenesis.,"Here, we identify intracellular PRDX1 as a redox-sensitive negative regulator of osteoclastogenesis and bone resorption.",1,582,702,"PubTator BioC passage[1], document characters [582,702)",https://pubmed.ncbi.nlm.nih.gov/42658444/,31f58a173ecfc980f380db2685c46abaf3f28080252a33436a4ad185d1153e32,data/raw/discovery_pilot/41328b09b84b1c660d9742483f62b8d62b0eb2d54f5bef114eff582717ce60b5.json,"[""48"", ""49""]","[""5052"", ""MESH:D001862""]",[],"[""regulator""]",False,2,pending,automated_extraction_unreviewed,,,,,,unresolved_molecular_form_and_species,False,"[""research-article"", ""Journal Article""]","[""broad""]"
candidate:5a501348ac049b4477a8,PMID:42658444,42658444,A peroxiredoxin 1-reactive oxygen species feedback loop modulates nuclear factor kappa B activity in osteoclastogenesis.,"PRDX1 deficiency markedly enhanced osteoclast differentiation, bone resorption activity, and osteoporotic phenotypes in vivo.",1,703,828,"PubTator BioC passage[1], document characters [703,828)",https://pubmed.ncbi.nlm.nih.gov/42658444/,31f58a173ecfc980f380db2685c46abaf3f28080252a33436a4ad185d1153e32,data/raw/discovery_pilot/41328b09b84b1c660d9742483f62b8d62b0eb2d54f5bef114eff582717ce60b5.json,"[""50"", ""51"", ""52""]","[""5052"", ""MESH:D001862"", ""MESH:D058866""]",[],"[""deficiency""]",False,2,pending,automated_extraction_unreviewed,,,,,,unresolved_molecular_form_and_species,False,"[""research-article"", ""Journal Article""]","[""broad""]"
candidate:5a9061d26d2be1be9d13,PMID:42663873,42663873,Liensinine-loaded extracellular vesicles mitigate osteoporosis through inhibition of NF-kappaB signaling and calcium oscillations in osteoclasts.,Functional assays demonstrated that LIE@EVs significantly inhibited osteoclast differentiation and bone resorption compared to free LIE.,1,1170,1306,"PubTator BioC passage[1], document characters [1170,1306)",https://pubmed.ncbi.nlm.nih.gov/42663873/,f4cf64f0bc9f8026ba1acf488adfe9142b738630947efdf158e6cd5cab643506,data/raw/discovery_pilot/4a74919c786c2d170d4443ae3396d1e857807d8ef61b9992bda6f5e8ef25fd67.json,"[""49"", ""50""]","[""-"", ""MESH:C080095""]",[],"[""inhibited""]",False,2,pending,automated_extraction_unreviewed,,,,,,unresolved_molecular_form_and_species,False,"[""Journal Article""]","[""broad""]"
candidate:1fe1b2b97d0ced298617,PMID:42668073,42668073,Eriodictyol regulates LDHB to trigger mitophagy-mediated NLRP3 inflammasome inactivation as a therapeutic strategy for bone loss.,"BACKGROUND: Imbalance of bone homeostasis triggers abnormal activation of osteoclasts and impaired osteogenic function, which further exacerbates bone resorption, reduces bone mass, and ultimately induces bone loss.",1,130,345,"PubTator BioC passage[1], document characters [130,345)",https://pubmed.ncbi.nlm.nih.gov/42668073/,3a45de7af8b858690bd4afe055a244a80441c18e380efa9a6fddc7206083f6e2,data/raw/discovery_pilot/51e0cf1555b67a873f11ddeef370092171da9a96fac3114dffbf752e60ea5861.json,"[""51""]","[""MESH:D001847""]",[],"[""activation"", ""impaired""]",False,2,pending,automated_extraction_unreviewed,,,,,,unresolved_molecular_form_and_species,False,"[""Journal Article""]","[""broad"", ""metabolism""]"
candidate:b5a532702e806cc89cde,PMID:42668073,42668073,Eriodictyol regulates LDHB to trigger mitophagy-mediated NLRP3 inflammasome inactivation as a therapeutic strategy for bone loss.,"RNA sequencing, western blotting, and qPCR were then carried out to dissect the molecular mechanisms by which ERI regulates osteoclast activity.",1,967,1111,"PubTator BioC passage[1], document characters [967,1111)",https://pubmed.ncbi.nlm.nih.gov/42668073/,3a45de7af8b858690bd4afe055a244a80441c18e380efa9a6fddc7206083f6e2,data/raw/discovery_pilot/51e0cf1555b67a873f11ddeef370092171da9a96fac3114dffbf752e60ea5861.json,"[""65""]","[""MESH:C007619""]",[],"[""regulates""]",False,2,pending,automated_extraction_unreviewed,,,,,,unresolved_molecular_form_and_species,False,"[""Journal Article""]","[""broad"", ""metabolism""]"
candidate:84ea82e1a93a4201a227,PMID:42668073,42668073,Eriodictyol regulates LDHB to trigger mitophagy-mediated NLRP3 inflammasome inactivation as a therapeutic strategy for bone loss.,Functional manipulation of LDHB through both silencing and overexpression confirmed its regulatory role in osteoclasts.,1,1263,1382,"PubTator BioC passage[1], document characters [1263,1382)",https://pubmed.ncbi.nlm.nih.gov/42668073/,3a45de7af8b858690bd4afe055a244a80441c18e380efa9a6fddc7206083f6e2,data/raw/discovery_pilot/51e0cf1555b67a873f11ddeef370092171da9a96fac3114dffbf752e60ea5861.json,"[""68""]","[""16832""]",[],"[""overexpression"", ""regulatory"", ""silencing""]",False,2,pending,automated_extraction_unreviewed,,,,,,unresolved_molecular_form_and_species,False,"[""Journal Article""]","[""broad"", ""metabolism""]"
candidate:799c0df1c229df10cd45,PMID:42668073,42668073,Eriodictyol regulates LDHB to trigger mitophagy-mediated NLRP3 inflammasome inactivation as a therapeutic strategy for bone loss.,Functional assays demonstrated that altered LDHB expression modulates the activation status of osteoclasts.,1,1974,2081,"PubTator BioC passage[1], document characters [1974,2081)",https://pubmed.ncbi.nlm.nih.gov/42668073/,3a45de7af8b858690bd4afe055a244a80441c18e380efa9a6fddc7206083f6e2,data/raw/discovery_pilot/51e0cf1555b67a873f11ddeef370092171da9a96fac3114dffbf752e60ea5861.json,"[""83""]","[""16832""]",[],"[""activation""]",False,2,pending,automated_extraction_unreviewed,,,,,,unresolved_molecular_form_and_species,False,"[""Journal Article""]","[""broad"", ""metabolism""]"
candidate:f403b528372a77c8e6cb,PMID:42668073,42668073,Eriodictyol regulates LDHB to trigger mitophagy-mediated NLRP3 inflammasome inactivation as a therapeutic strategy for bone loss.,"Notably, ERI modulated osteoclast activity and mitophagy activation in a LDHB-dependent manner.",1,2082,2177,"PubTator BioC passage[1], document characters [2082,2177)",https://pubmed.ncbi.nlm.nih.gov/42668073/,3a45de7af8b858690bd4afe055a244a80441c18e380efa9a6fddc7206083f6e2,data/raw/discovery_pilot/51e0cf1555b67a873f11ddeef370092171da9a96fac3114dffbf752e60ea5861.json,"[""84"", ""85""]","[""16832"", ""MESH:C007619""]",[],"[""activation""]",False,2,pending,automated_extraction_unreviewed,,,,,,unresolved_molecular_form_and_species,False,"[""Journal Article""]","[""broad"", ""metabolism""]"
candidate:4445f4e4a41ce1ea42c6,PMID:42669152,42669152,WTAP Transcriptional Suppression by KLF9 Drives Osteoclastogenesis via M6A-Mediated Regulation of CSF1R Signaling in Estrogen-Deficient Osteoporosis.,"Osteoporosis, characterized by imbalanced bone homeostasis, is driven by excessive osteoclast-mediated bone resorption, yet the epitranscriptomic regulation via m6A modification remains unclear.",1,150,344,"PubTator BioC passage[1], document characters [150,344)",https://pubmed.ncbi.nlm.nih.gov/42669152/,31f58a173ecfc980f380db2685c46abaf3f28080252a33436a4ad185d1153e32,data/raw/discovery_pilot/41328b09b84b1c660d9742483f62b8d62b0eb2d54f5bef114eff582717ce60b5.json,"[""43"", ""44"", ""45""]","[""MESH:C005955"", ""MESH:D010024"", ""MESH:D014091""]",[],"[""regulation""]",False,2,pending,automated_extraction_unreviewed,,,,,,unresolved_molecular_form_and_species,False,"[""research-article"", ""Journal Article""]","[""broad"", ""metabolism""]"
candidate:1513cc88cfee266b5861,PMID:42669152,42669152,WTAP Transcriptional Suppression by KLF9 Drives Osteoclastogenesis via M6A-Mediated Regulation of CSF1R Signaling in Estrogen-Deficient Osteoporosis.,"Here, we identify WTAP, a component of the m6A methyltransferase complex, as a critical negative regulator of osteoclastogenesis.",1,345,474,"PubTator BioC passage[1], document characters [345,474)",https://pubmed.ncbi.nlm.nih.gov/42669152/,31f58a173ecfc980f380db2685c46abaf3f28080252a33436a4ad185d1153e32,data/raw/discovery_pilot/41328b09b84b1c660d9742483f62b8d62b0eb2d54f5bef114eff582717ce60b5.json,"[""46"", ""47""]","[""56335"", ""60532""]",[],"[""regulator""]",False,2,pending,automated_extraction_unreviewed,,,,,,unresolved_molecular_form_and_species,False,"[""research-article"", ""Journal Article""]","[""broad"", ""metabolism""]"
candidate:d3372478d7d1a205196a,PMID:42669152,42669152,WTAP Transcriptional Suppression by KLF9 Drives Osteoclastogenesis via M6A-Mediated Regulation of CSF1R Signaling in Estrogen-Deficient Osteoporosis.,Myeloid-specific Wtap knockout in mice exacerbates osteoclast formation and osteoporotic bone loss.,1,475,574,"PubTator BioC passage[1], document characters [475,574)",https://pubmed.ncbi.nlm.nih.gov/42669152/,31f58a173ecfc980f380db2685c46abaf3f28080252a33436a4ad185d1153e32,data/raw/discovery_pilot/41328b09b84b1c660d9742483f62b8d62b0eb2d54f5bef114eff582717ce60b5.json,"[""48"", ""49"", ""50""]","[""10090"", ""60532"", ""MESH:D058866""]",[],"[""knockout""]",False,2,pending,automated_extraction_unreviewed,,,,,,unresolved_molecular_form_and_species,False,"[""research-article"", ""Journal Article""]","[""broad"", ""metabolism""]"
candidate:95cc0a410bef686d40a1,PMID:42669152,42669152,WTAP Transcriptional Suppression by KLF9 Drives Osteoclastogenesis via M6A-Mediated Regulation of CSF1R Signaling in Estrogen-Deficient Osteoporosis.,Concurrent conditional knockout of KLF9 in osteoclast precursors rescues the exacerbated osteoporotic bone loss driven by myeloid-specific Wtap deficiency in vivo.,1,992,1155,"PubTator BioC passage[1], document characters [992,1155)",https://pubmed.ncbi.nlm.nih.gov/42669152/,31f58a173ecfc980f380db2685c46abaf3f28080252a33436a4ad185d1153e32,data/raw/discovery_pilot/41328b09b84b1c660d9742483f62b8d62b0eb2d54f5bef114eff582717ce60b5.json,"[""60"", ""61"", ""62""]","[""16601"", ""60532"", ""MESH:D058866""]",[],"[""deficiency"", ""knockout"", ""rescues""]",False,2,pending,automated_extraction_unreviewed,,,,,,unresolved_molecular_form_and_species,False,"[""research-article"", ""Journal Article""]","[""broad"", ""metabolism""]"
candidate:eefa2474c855434baf22,PMID:42684554,42684554,Bruceine D suppressed osteoclast formation via STAT3/NF-kappaB/NFATc1 signaling and protected postmenopausal osteoporosis.,Postmenopausal osteoporosis is characterized by excessive osteoclast-mediated bone resorption driven by estrogen deficiency.,1,123,247,"PubTator BioC passage[1], document characters [123,247)",https://pubmed.ncbi.nlm.nih.gov/42684554/,9d4dc6b57c16c2079ee9f4906da6686aea4192c8df9ee5805aa6cd98d008edc1,data/raw/discovery_pilot/21cb27e7f4a7b05f3320e5ffb015d150f972060ee765c5949eee573bc6a4d3db.json,"[""45"", ""46""]","[""MESH:D010024"", ""MESH:D056828""]",[],"[""deficiency""]",False,2,pending,automated_extraction_unreviewed,,,,,,unresolved_molecular_form_and_species,False,"[""Journal Article""]","[""broad""]"
candidate:9db930b80e5b3b9388fd,PMID:42684554,42684554,Bruceine D suppressed osteoclast formation via STAT3/NF-kappaB/NFATc1 signaling and protected postmenopausal osteoporosis.,"BD suppressed the formation of multinucleated osteoclasts, reduced expression of osteoclast-specific genes, and impaired podosome formation and bone resorption activity.",1,1061,1230,"PubTator BioC passage[1], document characters [1061,1230)",https://pubmed.ncbi.nlm.nih.gov/42684554/,9d4dc6b57c16c2079ee9f4906da6686aea4192c8df9ee5805aa6cd98d008edc1,data/raw/discovery_pilot/21cb27e7f4a7b05f3320e5ffb015d150f972060ee765c5949eee573bc6a4d3db.json,"[""64""]","[""MESH:C030412""]",[],"[""impaired"", ""suppressed""]",False,2,pending,automated_extraction_unreviewed,,,,,,unresolved_molecular_form_and_species,False,"[""Journal Article""]","[""broad""]"
candidate:4c16c529e3ca61383eeb,PMID:42693110,42693110,Itaconate and its derivatives in human health and diseases.,"Itaconate, generated through the decarboxylation of cis aconitate, acts as an immunometabolic brake that engages multiple regulatory pathways to sustain the dynamic equilibrium between inflammation and tissue homeostasis.",1,356,577,"PubTator BioC passage[1], document characters [356,577)",https://pubmed.ncbi.nlm.nih.gov/42693110/,31f58a173ecfc980f380db2685c46abaf3f28080252a33436a4ad185d1153e32,data/raw/discovery_pilot/41328b09b84b1c660d9742483f62b8d62b0eb2d54f5bef114eff582717ce60b5.json,"[""33"", ""34"", ""35""]","[""-"", ""MESH:C005229"", ""MESH:D007249""]","[""CHEBI:30805"", ""CHEBI:32838""]","[""regulatory""]",False,2,pending,automated_extraction_unreviewed,,,,,,unresolved_molecular_form_and_species,False,"[""Research Support, Non-U.S. Gov't"", ""review-article"", ""Review"", ""Journal Article""]","[""mechanism_anchors""]"
candidate:2c4fc0d395332a0fb0aa,PMID:42693110,42693110,Itaconate and its derivatives in human health and diseases.,"Future studies should further elucidate tissue- and lineage-specific functions, define bidirectional regulatory mechanisms, and optimize the pharmacokinetic properties of itaconate derivatives.",1,1046,1239,"PubTator BioC passage[1], document characters [1046,1239)",https://pubmed.ncbi.nlm.nih.gov/42693110/,31f58a173ecfc980f380db2685c46abaf3f28080252a33436a4ad185d1153e32,data/raw/discovery_pilot/41328b09b84b1c660d9742483f62b8d62b0eb2d54f5bef114eff582717ce60b5.json,"[""44""]","[""MESH:C005229""]","[""CHEBI:30805""]","[""regulatory""]",False,2,pending,automated_extraction_unreviewed,,,,,,unresolved_molecular_form_and_species,False,"[""Research Support, Non-U.S. Gov't"", ""review-article"", ""Review"", ""Journal Article""]","[""mechanism_anchors""]"
candidate:527cde048af698567bce,PMID:42695337,42695337,ACOD1-dependent succinate signalling acts as a metabolic checkpoint for osteoclast differentiation.,"Itaconate inhibits succinate dehydrogenase, resulting in succinate accumulation.",1,321,401,"PubTator BioC passage[1], document characters [321,401)",https://pubmed.ncbi.nlm.nih.gov/42695337/,9d4dc6b57c16c2079ee9f4906da6686aea4192c8df9ee5805aa6cd98d008edc1,data/raw/discovery_pilot/21cb27e7f4a7b05f3320e5ffb015d150f972060ee765c5949eee573bc6a4d3db.json,"[""43"", ""44""]","[""MESH:C005229"", ""MESH:D019802""]","[""CHEBI:15741"", ""CHEBI:30805""]","[""inhibits""]",False,2,pending,automated_extraction_unreviewed,,,,,,unresolved_molecular_form_and_species,False,"[""Journal Article""]","[""mechanism_anchors""]"
candidate:80d77448106c796e873d,PMID:42710660,42710660,B1486 is a highly potent VprBP inhibitor capable of blocking osteoclast differentiation and bone resorption.,"We previously developed B32B3 as the first VprBP inhibitor, but its high IC50 value has been a major challenge in using it for osteoclast-triggered bone diseases.",1,583,745,"PubTator BioC passage[1], document characters [583,745)",https://pubmed.ncbi.nlm.nih.gov/42710660/,3a45de7af8b858690bd4afe055a244a80441c18e380efa9a6fddc7206083f6e2,data/raw/discovery_pilot/51e0cf1555b67a873f11ddeef370092171da9a96fac3114dffbf752e60ea5861.json,"[""36"", ""37"", ""38"", ""39""]","[""-"", ""100333081"", ""MESH:D001847"", ""MESH:D001862""]",[],"[""inhibitor""]",False,2,pending,automated_extraction_unreviewed,,,,,,unresolved_molecular_form_and_species,False,"[""Journal Article""]","[""broad""]"
candidate:d2a453281fb0387592fa,PMID:42710660,42710660,B1486 is a highly potent VprBP inhibitor capable of blocking osteoclast differentiation and bone resorption.,"Consistent with these in vitro findings, B1486 showed significantly improved inhibitory activity against VprBP-driven bone resorption and low bone mass phenotypes in our preclinical studies using zebrafish and mouse models.",1,1382,1605,"PubTator BioC passage[1], document characters [1382,1605)",https://pubmed.ncbi.nlm.nih.gov/42710660/,3a45de7af8b858690bd4afe055a244a80441c18e380efa9a6fddc7206083f6e2,data/raw/discovery_pilot/51e0cf1555b67a873f11ddeef370092171da9a96fac3114dffbf752e60ea5861.json,"[""52"", ""53"", ""54"", ""55""]","[""-"", ""100333081"", ""10090"", ""7955""]",[],"[""inhibitory""]",False,2,pending,automated_extraction_unreviewed,,,,,,unresolved_molecular_form_and_species,False,"[""Journal Article""]","[""broad""]"
candidate:e6d25257d4a88139c94c,PMID:42710660,42710660,B1486 is a highly potent VprBP inhibitor capable of blocking osteoclast differentiation and bone resorption.,"Taken together, our results indicate that B1486 is a highly potent inhibitor for blocking VprBP-mediated H2AT120p and osteoclastogenic gene silencing, as well as for overcoming osteoporosis generated by excessive osteoclast differentiation.",1,1606,1846,"PubTator BioC passage[1], document characters [1606,1846)",https://pubmed.ncbi.nlm.nih.gov/42710660/,3a45de7af8b858690bd4afe055a244a80441c18e380efa9a6fddc7206083f6e2,data/raw/discovery_pilot/51e0cf1555b67a873f11ddeef370092171da9a96fac3114dffbf752e60ea5861.json,"[""56"", ""57"", ""58"", ""59""]","[""-"", ""100333081"", ""MESH:D001862"", ""MESH:D010024""]",[],"[""inhibitor"", ""silencing""]",False,2,pending,automated_extraction_unreviewed,,,,,,unresolved_molecular_form_and_species,False,"[""Journal Article""]","[""broad""]"
candidate:ac405c0ef4a80c360c12,PMID:42753712,42753712,Exacerbation of inflammatory bone loss in TET2-driven clonal hematopoiesis.,Loss-of-function mutations in the epigenetic regulator TET2 are among the most frequent in CHIP and increase the risk of hematologic malignancies and chronic inflammatory disorders.,1,275,456,"PubTator BioC passage[1], document characters [275,456)",https://pubmed.ncbi.nlm.nih.gov/42753712/,f4cf64f0bc9f8026ba1acf488adfe9142b738630947efdf158e6cd5cab643506,data/raw/discovery_pilot/4a74919c786c2d170d4443ae3396d1e857807d8ef61b9992bda6f5e8ef25fd67.json,"[""36"", ""37"", ""38"", ""39""]","[""214133"", ""MESH:D002908"", ""MESH:D007249"", ""MESH:D019337""]","[""LOCAL:protein:mouse:TET2""]","[""regulator""]",False,2,pending,automated_extraction_unreviewed,,,,,,unresolved_molecular_form_and_species,False,"[""Research Support, Non-U.S. Gov't"", ""research-article"", ""Journal Article"", ""Research Support, N.I.H., Extramural""]","[""mechanism_anchors""]"
candidate:78d4ba7e4245b7706761,PMID:42757825,42757825,Prmt6 Deficiency Drives Osteoblast Senescence Promoting Age-Related Osteoporosis via Epigenetic Remodelling of the H3R2me2a/Sting/Ifitm3 Pathway.,"Protein arginine methyltransferase 6 (Prmt6), an epigenetic regulator, plays an unclear role in bone homeostasis and osteoblast senescence.",1,146,285,"PubTator BioC passage[1], document characters [146,285)",https://pubmed.ncbi.nlm.nih.gov/42757825/,9d4dc6b57c16c2079ee9f4906da6686aea4192c8df9ee5805aa6cd98d008edc1,data/raw/discovery_pilot/21cb27e7f4a7b05f3320e5ffb015d150f972060ee765c5949eee573bc6a4d3db.json,"[""32""]","[""99890""]","[""LOCAL:protein:mouse:PRMT6""]","[""regulator""]",False,2,pending,automated_extraction_unreviewed,,,,,,unresolved_molecular_form_and_species,False,"[""research-article"", ""Journal Article""]","[""mechanism_anchors""]"
candidate:7f6e19c0526fe4ed365e,PMID:42757825,42757825,Prmt6 Deficiency Drives Osteoblast Senescence Promoting Age-Related Osteoporosis via Epigenetic Remodelling of the H3R2me2a/Sting/Ifitm3 Pathway.,"Collectively, this study reveals a previously unreported Prmt6/H3R2me2a/Sting/Ifitm3 signalling axis that maintains osteoblast homeostasis by constraining excessive activation of the Sting/Ifitm3 axis via epigenetic repressive modifications, offering a novel target for epigenetic intervention in osteoporosis.",1,1364,1674,"PubTator BioC passage[1], document characters [1364,1674)",https://pubmed.ncbi.nlm.nih.gov/42757825/,9d4dc6b57c16c2079ee9f4906da6686aea4192c8df9ee5805aa6cd98d008edc1,data/raw/discovery_pilot/21cb27e7f4a7b05f3320e5ffb015d150f972060ee765c5949eee573bc6a4d3db.json,"[""50"", ""51"", ""52"", ""53"", ""54"", ""55""]","[""66141"", ""72512"", ""99890"", ""MESH:D010024""]","[""LOCAL:protein:mouse:PRMT6""]","[""activation""]",False,2,pending,automated_extraction_unreviewed,,,,,,unresolved_molecular_form_and_species,False,"[""research-article"", ""Journal Article""]","[""mechanism_anchors""]"
candidate:879f764ebcf2f14e5ddb,PMID:38964754,38964754,Acod1-mediated inhibition of aerobic glycolysis suppresses osteoclast differentiation and attenuates bone erosion in arthritis.,We examined the impact of Acod1-deficiency and 4-OI treatment on bone erosion in mice using K/BxN serum-induced arthritis and human TNF transgenic (hTNFtg) mice.,1,858,1019,"PubTator BioC passage[1], document characters [858,1019)",https://pubmed.ncbi.nlm.nih.gov/38964754/,70f9aa98c6008210a69fa09f9932f15b17227af94ba00b8c2d9f0e354cd2d1c5,data/raw/discovery_pilot/58dd0e1dea8df1a4f01dc61643f37fbe81bc0129e5c3437585f5fc2e87c34ad9.json,"[""48"", ""49"", ""50"", ""51"", ""52"", ""53"", ""54""]","[""-"", ""10090"", ""16365"", ""7124"", ""9606"", ""MESH:C000708109""]","[""LOCAL:protein:mouse:ACOD1"", ""LOCAL:protein:mouse:TNF""]","[""deficiency""]",False,1,pending,automated_extraction_unreviewed,,,,,,unresolved_molecular_form_and_species,False,"[""research-article"", ""Journal Article""]","[""mechanism_anchors""]"
candidate:e10d9b7e66aed7bac8ba,PMID:38986577,38986577,Itaconate is a metabolic regulator of bone formation in homeostasis and arthritis.,immunoresponsive gene 1 (Irg1)-deficient mice were used in various inflammatory or non-inflammatory models of bone loss.,1,666,786,"PubTator BioC passage[1], document characters [666,786)",https://pubmed.ncbi.nlm.nih.gov/38986577/,70f9aa98c6008210a69fa09f9932f15b17227af94ba00b8c2d9f0e354cd2d1c5,data/raw/discovery_pilot/58dd0e1dea8df1a4f01dc61643f37fbe81bc0129e5c3437585f5fc2e87c34ad9.json,"[""22"", ""23"", ""24""]","[""10090"", ""16365""]","[""LOCAL:protein:mouse:ACOD1""]","[""deficient""]",False,1,pending,automated_extraction_unreviewed,,,,,,unresolved_molecular_form_and_species,False,"[""research-article"", ""Journal Article""]","[""mechanism_anchors""]"
candidate:d2749be1c1c15d52d788,PMID:38986577,38986577,Itaconate is a metabolic regulator of bone formation in homeostasis and arthritis.,"Conversely, Irg1-deficient mice exhibit decreased bone mass and have reduced osteoproliferative lesions in experimental arthritis.",1,1596,1726,"PubTator BioC passage[1], document characters [1596,1726)",https://pubmed.ncbi.nlm.nih.gov/38986577/,70f9aa98c6008210a69fa09f9932f15b17227af94ba00b8c2d9f0e354cd2d1c5,data/raw/discovery_pilot/58dd0e1dea8df1a4f01dc61643f37fbe81bc0129e5c3437585f5fc2e87c34ad9.json,"[""37"", ""38""]","[""10090"", ""16365""]","[""LOCAL:protein:mouse:ACOD1""]","[""deficient""]",False,1,pending,automated_extraction_unreviewed,,,,,,unresolved_molecular_form_and_species,False,"[""research-article"", ""Journal Article""]","[""mechanism_anchors""]"
candidate:e593eeb7bdde2eadd046,PMID:39870006,39870006,The absence of IRG1 exacerbates bone loss in a mouse model of ovariectomy-induced osteoporosis by increasing osteoclastogenesis through the potentiation of NLRP3 inflammasome activation.,This study aimed to determine the role of IRG1 in osteoporosis through the utilization of IRG1 knockout (KO) mice and a model of ovariectomy (OVX)-induced osteoporosis.,1,573,741,"PubTator BioC passage[1], document characters [573,741)",https://pubmed.ncbi.nlm.nih.gov/39870006/,31f58a173ecfc980f380db2685c46abaf3f28080252a33436a4ad185d1153e32,data/raw/discovery_pilot/41328b09b84b1c660d9742483f62b8d62b0eb2d54f5bef114eff582717ce60b5.json,"[""55"", ""56"", ""57"", ""58"", ""59"", ""60""]","[""10090"", ""16365"", ""MESH:D010024""]","[""LOCAL:protein:mouse:ACOD1""]","[""knockout""]",False,1,pending,automated_extraction_unreviewed,,,,,,unresolved_molecular_form_and_species,False,"[""Journal Article""]","[""mechanism_anchors""]"
candidate:40cc3d261c50c933133d,PMID:39870006,39870006,The absence of IRG1 exacerbates bone loss in a mouse model of ovariectomy-induced osteoporosis by increasing osteoclastogenesis through the potentiation of NLRP3 inflammasome activation.,Further investigation revealed that IRG1 deficiency potentiated the activation of NOD-like receptor family pyrin domain-containing 3 (NLRP3) inflammasome.,1,1492,1646,"PubTator BioC passage[1], document characters [1492,1646)",https://pubmed.ncbi.nlm.nih.gov/39870006/,31f58a173ecfc980f380db2685c46abaf3f28080252a33436a4ad185d1153e32,data/raw/discovery_pilot/41328b09b84b1c660d9742483f62b8d62b0eb2d54f5bef114eff582717ce60b5.json,"[""81"", ""82"", ""83""]","[""16365"", ""216799""]","[""LOCAL:protein:mouse:ACOD1""]","[""activation"", ""deficiency""]",False,1,pending,automated_extraction_unreviewed,,,,,,unresolved_molecular_form_and_species,False,"[""Journal Article""]","[""mechanism_anchors""]"
candidate:42519c0a0d0bcfa533ab,PMID:40930719,40930719,PHGDH Orchestrates Cell Cycle Progression to Drive Cardiomyocyte Proliferation and Myocardial Regeneration via TGF-beta/Smad Signalling Pathway.,"PHGDH overexpression promoted myocardial regeneration and cardiac function in apical resection-operated mice, whereas inhibition by NCT-503 inhibited these processes.",1,400,566,"PubTator BioC passage[1], document characters [400,566)",https://pubmed.ncbi.nlm.nih.gov/40930719/,70f9aa98c6008210a69fa09f9932f15b17227af94ba00b8c2d9f0e354cd2d1c5,data/raw/discovery_pilot/58dd0e1dea8df1a4f01dc61643f37fbe81bc0129e5c3437585f5fc2e87c34ad9.json,"[""19"", ""20"", ""21""]","[""10090"", ""236539"", ""MESH:C000719287""]","[""LOCAL:protein:mouse:PHGDH""]","[""inhibited"", ""inhibition"", ""overexpression"", ""promoted""]",False,1,pending,automated_extraction_unreviewed,,,,,,unresolved_molecular_form_and_species,False,"[""research-article"", ""Journal Article""]","[""mechanism_anchors""]"
candidate:ebcd6fd64c8bcc88f323,PMID:40930719,40930719,PHGDH Orchestrates Cell Cycle Progression to Drive Cardiomyocyte Proliferation and Myocardial Regeneration via TGF-beta/Smad Signalling Pathway.,"Mechanistically, PHGDH activated the cell cycle and TGF-beta/Smad signalling.",1,673,750,"PubTator BioC passage[1], document characters [673,750)",https://pubmed.ncbi.nlm.nih.gov/40930719/,70f9aa98c6008210a69fa09f9932f15b17227af94ba00b8c2d9f0e354cd2d1c5,data/raw/discovery_pilot/58dd0e1dea8df1a4f01dc61643f37fbe81bc0129e5c3437585f5fc2e87c34ad9.json,"[""24"", ""25""]","[""21803"", ""236539""]","[""LOCAL:protein:mouse:PHGDH""]","[""activated""]",False,1,pending,automated_extraction_unreviewed,,,,,,unresolved_molecular_form_and_species,False,"[""research-article"", ""Journal Article""]","[""mechanism_anchors""]"
candidate:f542b9f7e5fb3077c2d9,PMID:40930719,40930719,PHGDH Orchestrates Cell Cycle Progression to Drive Cardiomyocyte Proliferation and Myocardial Regeneration via TGF-beta/Smad Signalling Pathway.,"Our study demonstrates that upregulating PHGDH promotes CM proliferation and myocardial regeneration, offering a promising therapeutic target for myocardial repair.",1,895,1059,"PubTator BioC passage[1], document characters [895,1059)",https://pubmed.ncbi.nlm.nih.gov/40930719/,70f9aa98c6008210a69fa09f9932f15b17227af94ba00b8c2d9f0e354cd2d1c5,data/raw/discovery_pilot/58dd0e1dea8df1a4f01dc61643f37fbe81bc0129e5c3437585f5fc2e87c34ad9.json,"[""29""]","[""236539""]","[""LOCAL:protein:mouse:PHGDH""]","[""promotes""]",False,1,pending,automated_extraction_unreviewed,,,,,,unresolved_molecular_form_and_species,False,"[""research-article"", ""Journal Article""]","[""mechanism_anchors""]"
candidate:ec12089184d2fc25a9f7,PMID:41050704,41050704,PRMT6 inhibitors promote fracture healing by modulating osteoclast glucose metabolism.,PRMT6 deficiency and pharmacological inhibition were employed to assess its functional impact.,1,559,653,"PubTator BioC passage[1], document characters [559,653)",https://pubmed.ncbi.nlm.nih.gov/41050704/,9d4dc6b57c16c2079ee9f4906da6686aea4192c8df9ee5805aa6cd98d008edc1,data/raw/discovery_pilot/21cb27e7f4a7b05f3320e5ffb015d150f972060ee765c5949eee573bc6a4d3db.json,"[""27""]","[""55170""]","[""LOCAL:protein:mouse:PRMT6""]","[""deficiency"", ""inhibition""]",False,1,pending,automated_extraction_unreviewed,,,,,,unresolved_molecular_form_and_species,False,"[""research-article"", ""Journal Article""]","[""mechanism_anchors""]"
candidate:50d66c4e1663f29ba476,PMID:41050704,41050704,PRMT6 inhibitors promote fracture healing by modulating osteoclast glucose metabolism.,Targeting PRMT6 offers a novel therapeutic strategy for impaired fracture healing and provides new insights into the mechanisms of bone tissue regeneration.,1,1067,1223,"PubTator BioC passage[1], document characters [1067,1223)",https://pubmed.ncbi.nlm.nih.gov/41050704/,9d4dc6b57c16c2079ee9f4906da6686aea4192c8df9ee5805aa6cd98d008edc1,data/raw/discovery_pilot/21cb27e7f4a7b05f3320e5ffb015d150f972060ee765c5949eee573bc6a4d3db.json,"[""34"", ""35""]","[""55170"", ""MESH:D050723""]","[""LOCAL:protein:mouse:PRMT6""]","[""impaired""]",False,1,pending,automated_extraction_unreviewed,,,,,,unresolved_molecular_form_and_species,False,"[""research-article"", ""Journal Article""]","[""mechanism_anchors""]"
candidate:d678b6d2b863858b36f2,PMID:41661386,41661386,Nutrients and Metabolites as Signalling Molecules in Osteoclasts.,", aldolase, mTORC1, CPT1) and transcriptional regulators (e.",1,1108,1168,"PubTator BioC passage[1], document characters [1108,1168)",https://pubmed.ncbi.nlm.nih.gov/41661386/,c84b99ab3ae0446c40c38dccb8d29a844939c9c07d0da5b3ea09d72ea31bb2cb,data/raw/discovery_pilot/c9f79391b6d9f45d562bfab7fb5011d2038e0b47656c04e8504e4cba18321274.json,"[""26""]","[""1374""]","[""LOCAL:protein:mouse:CPT1A""]","[""regulators""]",False,1,pending,automated_extraction_unreviewed,,,,,,unresolved_molecular_form_and_species,False,"[""review-article"", ""Review"", ""Journal Article""]","[""mechanism_anchors""]"
candidate:5106d9fa34840c03bf37,PMID:41739588,41739588,Tet2-driven clonal hematopoiesis drives aortic aneurysm via macrophage-to-osteoclast-like differentiation.,"Thus, we modeled clonal hematopoiesis by competitively transplanting Tet2-deficient bone marrow into ApoE-knockout mice and induced aneurysms with angiotensin II.",1,708,870,"PubTator BioC passage[1], document characters [708,870)",https://pubmed.ncbi.nlm.nih.gov/41739588/,3a45de7af8b858690bd4afe055a244a80441c18e380efa9a6fddc7206083f6e2,data/raw/discovery_pilot/51e0cf1555b67a873f11ddeef370092171da9a96fac3114dffbf752e60ea5861.json,"[""32"", ""33"", ""34""]","[""10090"", ""214133"", ""MESH:D000783""]","[""LOCAL:protein:mouse:TET2""]","[""deficient"", ""knockout""]",False,1,pending,automated_extraction_unreviewed,,,,,,unresolved_molecular_form_and_species,False,"[""research-article"", ""Journal Article""]","[""mechanism_anchors""]"
candidate:d5f5a8af2fe168311192,PMID:41927522,41927522,LincRNA-EPS alleviates osteoclastogenesis under inflammatory microenvironment through preventing excessive iron metabolism.,"Correspondingly, overexpression of lincRNA-EPS accelerated the regulation of iron metabolism.",1,877,970,"PubTator BioC passage[1], document characters [877,970)",https://pubmed.ncbi.nlm.nih.gov/41927522/,9d4dc6b57c16c2079ee9f4906da6686aea4192c8df9ee5805aa6cd98d008edc1,data/raw/discovery_pilot/21cb27e7f4a7b05f3320e5ffb015d150f972060ee765c5949eee573bc6a4d3db.json,"[""37"", ""38""]","[""102635290"", ""MESH:D007501""]",[],"[""overexpression"", ""regulation""]",False,1,pending,automated_extraction_unreviewed,,,,,,unresolved_molecular_form_and_species,False,"[""research-article"", ""Journal Article""]","[""broad"", ""metabolism""]"
candidate:7e86bf71c40d56472d77,PMID:41983393,41983393,"Expanding clones, expanding aneurysms through macrophage-to-osteoclast differentiation.","Inhibition of this differentiation, targeting RANK/RANKL with FDA-approved therapies like alendronate and denosumab, suppressed aneurysmal growth.",1,810,956,"PubTator BioC passage[1], document characters [810,956)",https://pubmed.ncbi.nlm.nih.gov/41983393/,3a45de7af8b858690bd4afe055a244a80441c18e380efa9a6fddc7206083f6e2,data/raw/discovery_pilot/51e0cf1555b67a873f11ddeef370092171da9a96fac3114dffbf752e60ea5861.json,"[""31"", ""32"", ""33"", ""34""]","[""8600"", ""MESH:D000069448"", ""MESH:D000783"", ""MESH:D019386""]","[""LOCAL:protein:mouse:TNFSF11""]","[""inhibition"", ""suppressed""]",False,1,pending,automated_extraction_unreviewed,,,,,,unresolved_molecular_form_and_species,False,"[""article-commentary"", ""Journal Article""]","[""mechanism_anchors""]"
candidate:71e977769e0239070f7b,PMID:42322165,42322165,"Solasodine, a Natural Steroidal Alkaloid, Attenuates RANKL-Induced Osteoclastogenesis and Bone Resorption: A Study Based on Network Pharmacology and Experimental Validation.","Mechanistic investigations through RT-qPCR, Western blotting, luciferase assays, ROS detection, and live-cell calcium monitoring revealed that SOL suppressed key markers, including NFATc1, c-Fos, CTSK, Atp6v0d2, and Integrin beta3.",1,1071,1302,"PubTator BioC passage[1], document characters [1071,1302)",https://pubmed.ncbi.nlm.nih.gov/42322165/,9d4dc6b57c16c2079ee9f4906da6686aea4192c8df9ee5805aa6cd98d008edc1,data/raw/discovery_pilot/21cb27e7f4a7b05f3320e5ffb015d150f972060ee765c5949eee573bc6a4d3db.json,"[""64"", ""65"", ""66"", ""67"", ""68"", ""69"", ""70"", ""71""]","[""-"", ""1513"", ""2353"", ""245972"", ""3690"", ""4772"", ""MESH:C012037"", ""MESH:D002118""]","[""CHEBI:26523"", ""CHEBI:29108"", ""LOCAL:protein:mouse:ATP6V0D2"", ""LOCAL:protein:mouse:CTSK"", ""LOCAL:protein:mouse:FOS"", ""LOCAL:protein:mouse:ITGB3"", ""LOCAL:protein:mouse:NFATC1""]","[""suppressed""]",False,1,pending,automated_extraction_unreviewed,,,,,,unresolved_molecular_form_and_species,False,"[""Research Support, Non-U.S. Gov't"", ""research-article"", ""Journal Article""]","[""broad"", ""metabolism""]"
candidate:c54daf45c95a3366aed0,PMID:42322165,42322165,"Solasodine, a Natural Steroidal Alkaloid, Attenuates RANKL-Induced Osteoclastogenesis and Bone Resorption: A Study Based on Network Pharmacology and Experimental Validation.","Specifically, SOL attenuated MAPK (p38, JNK, ERK) and STAT3 phosphorylation, inhibited NF-kappaB activity, and prevented IkappaB-alpha degradation.",1,1303,1450,"PubTator BioC passage[1], document characters [1303,1450)",https://pubmed.ncbi.nlm.nih.gov/42322165/,9d4dc6b57c16c2079ee9f4906da6686aea4192c8df9ee5805aa6cd98d008edc1,data/raw/discovery_pilot/21cb27e7f4a7b05f3320e5ffb015d150f972060ee765c5949eee573bc6a4d3db.json,"[""72"", ""73"", ""74"", ""75"", ""76"", ""77"", ""78""]","[""1432"", ""4790"", ""4792"", ""5594"", ""5599"", ""6774"", ""MESH:C012037""]","[""LOCAL:protein:mouse:MAPK1"", ""LOCAL:protein:mouse:MAPK14"", ""LOCAL:protein:mouse:MAPK8"", ""LOCAL:protein:mouse:NFKB1"", ""LOCAL:protein:mouse:NFKBIA""]","[""attenuated"", ""inhibited""]",False,1,pending,automated_extraction_unreviewed,,,,,,unresolved_molecular_form_and_species,False,"[""Research Support, Non-U.S. Gov't"", ""research-article"", ""Journal Article""]","[""broad"", ""metabolism""]"
candidate:f8f4af3080a2eb1ce4d5,PMID:42322165,42322165,"Solasodine, a Natural Steroidal Alkaloid, Attenuates RANKL-Induced Osteoclastogenesis and Bone Resorption: A Study Based on Network Pharmacology and Experimental Validation.","Furthermore, SOL curtailed RANKL-induced ROS generation, intracellular calcium oscillations, and subsequent CaMKIV activation.",1,1451,1577,"PubTator BioC passage[1], document characters [1451,1577)",https://pubmed.ncbi.nlm.nih.gov/42322165/,9d4dc6b57c16c2079ee9f4906da6686aea4192c8df9ee5805aa6cd98d008edc1,data/raw/discovery_pilot/21cb27e7f4a7b05f3320e5ffb015d150f972060ee765c5949eee573bc6a4d3db.json,"[""79"", ""80"", ""81"", ""82"", ""83""]","[""-"", ""814"", ""8600"", ""MESH:C012037"", ""MESH:D002118""]","[""CHEBI:26523"", ""CHEBI:29108"", ""LOCAL:protein:mouse:CAMK4"", ""LOCAL:protein:mouse:TNFSF11""]","[""activation""]",False,1,pending,automated_extraction_unreviewed,,,,,,unresolved_molecular_form_and_species,False,"[""Research Support, Non-U.S. Gov't"", ""research-article"", ""Journal Article""]","[""broad"", ""metabolism""]"
candidate:c4e343f7dccddbb96b90,PMID:42375095,42375095,Isoschaftoside Inhibits Osteoclastogenesis by Suppressing the NF-kappaB and MAPK Pathways.,"Additionally, MAPK signaling activated by RANKL plays a significant role in this process.",1,623,712,"PubTator BioC passage[1], document characters [623,712)",https://pubmed.ncbi.nlm.nih.gov/42375095/,c84b99ab3ae0446c40c38dccb8d29a844939c9c07d0da5b3ea09d72ea31bb2cb,data/raw/discovery_pilot/c9f79391b6d9f45d562bfab7fb5011d2038e0b47656c04e8504e4cba18321274.json,"[""31""]","[""8600""]","[""LOCAL:protein:mouse:TNFSF11""]","[""activated""]",False,1,pending,automated_extraction_unreviewed,,,,,,unresolved_molecular_form_and_species,False,"[""research-article"", ""Journal Article""]","[""broad""]"
candidate:2408543aa85e42297c84,PMID:42381997,42381997,Histone H3K18 lactylation: An exercise-induced epigenetic mechanism that inhibits osteoclast activity and protects against osteoporosis.,"Alanyl-tRNA synthetase 1 (AARS1) was identified as the lactylation ""writer"" that mediates H3K18la, with sirtuin 6 (SIRT6) acting as an ""eraser"" in a regulatory circuit.",1,1684,1852,"PubTator BioC passage[1], document characters [1684,1852)",https://pubmed.ncbi.nlm.nih.gov/42381997/,c84b99ab3ae0446c40c38dccb8d29a844939c9c07d0da5b3ea09d72ea31bb2cb,data/raw/discovery_pilot/c9f79391b6d9f45d562bfab7fb5011d2038e0b47656c04e8504e4cba18321274.json,"[""62"", ""63""]","[""50721""]","[""LOCAL:protein:mouse:SIRT6""]","[""regulatory""]",False,1,pending,automated_extraction_unreviewed,,,,,,unresolved_molecular_form_and_species,False,"[""research-article"", ""Journal Article""]","[""broad"", ""metabolism""]"
candidate:d85cb7f7dc3e668df52b,PMID:42381997,42381997,Histone H3K18 lactylation: An exercise-induced epigenetic mechanism that inhibits osteoclast activity and protects against osteoporosis.,"The dynamic regulation of H3K18la involves AARS1 as the lactylation ""writer""and SIRT6 as an ""eraser"".",1,2051,2152,"PubTator BioC passage[1], document characters [2051,2152)",https://pubmed.ncbi.nlm.nih.gov/42381997/,c84b99ab3ae0446c40c38dccb8d29a844939c9c07d0da5b3ea09d72ea31bb2cb,data/raw/discovery_pilot/c9f79391b6d9f45d562bfab7fb5011d2038e0b47656c04e8504e4cba18321274.json,"[""69""]","[""50721""]","[""LOCAL:protein:mouse:SIRT6""]","[""regulation""]",False,1,pending,automated_extraction_unreviewed,,,,,,unresolved_molecular_form_and_species,False,"[""research-article"", ""Journal Article""]","[""broad"", ""metabolism""]"
candidate:7a318827987d5fddd63b,PMID:42492705,42492705,Osteoprotegerin induces osteoclast pyroptosis via NF-kappaB signaling activation.,"Transcriptomic analysis highlighted NF-kappaB pathway activation, confirmed by western blot (P-NF-kappaB, P-IkappaBalpha) and immunofluorescence (p65 nuclear translocation).",1,797,970,"PubTator BioC passage[1], document characters [797,970)",https://pubmed.ncbi.nlm.nih.gov/42492705/,31f58a173ecfc980f380db2685c46abaf3f28080252a33436a4ad185d1153e32,data/raw/discovery_pilot/41328b09b84b1c660d9742483f62b8d62b0eb2d54f5bef114eff582717ce60b5.json,"[""53"", ""54"", ""55"", ""56""]","[""4790"", ""4792"", ""5970""]","[""LOCAL:protein:mouse:NFKB1"", ""LOCAL:protein:mouse:NFKBIA"", ""LOCAL:protein:mouse:RELA""]","[""activation""]",False,1,pending,automated_extraction_unreviewed,,,,,,unresolved_molecular_form_and_species,False,"[""Journal Article""]","[""broad""]"
candidate:16792496a9869908bb26,PMID:42492705,42492705,Osteoprotegerin induces osteoclast pyroptosis via NF-kappaB signaling activation.,The NF-kappaB inhibitor QNZ blocked OPG-induced pyroptosis.,1,1242,1301,"PubTator BioC passage[1], document characters [1242,1301)",https://pubmed.ncbi.nlm.nih.gov/42492705/,31f58a173ecfc980f380db2685c46abaf3f28080252a33436a4ad185d1153e32,data/raw/discovery_pilot/41328b09b84b1c660d9742483f62b8d62b0eb2d54f5bef114eff582717ce60b5.json,"[""58"", ""59"", ""60"", ""61""]","[""-"", ""4790"", ""4982""]","[""LOCAL:protein:mouse:NFKB1"", ""LOCAL:protein:mouse:TNFRSF11B""]","[""inhibitor""]",False,1,pending,automated_extraction_unreviewed,,,,,,unresolved_molecular_form_and_species,False,"[""Journal Article""]","[""broad""]"
candidate:fa06aa7acf2b0f0ea184,PMID:42505728,42505728,Estradiol Enhances Alveolar Bone Resorption by Promoting Osteoclast Differentiation in Experimental Periodontitis.,No significant changes in inflammatory cytokine or receptor activator of nuclear factor-kappa B ligand (RANKL) expression were observed.,1,1320,1456,"PubTator BioC passage[1], document characters [1320,1456)",https://pubmed.ncbi.nlm.nih.gov/42505728/,9d4dc6b57c16c2079ee9f4906da6686aea4192c8df9ee5805aa6cd98d008edc1,data/raw/discovery_pilot/21cb27e7f4a7b05f3320e5ffb015d150f972060ee765c5949eee573bc6a4d3db.json,"[""69"", ""70"", ""71""]","[""21943"", ""MESH:D007249""]","[""LOCAL:protein:mouse:TNFSF11""]","[""activator""]",True,1,pending,automated_extraction_unreviewed,,,,,,unresolved_molecular_form_and_species,False,"[""research-article"", ""Journal Article""]","[""broad""]"
candidate:195c02f2e87e21a908dc,PMID:42557310,42557310,Macrophage-to-myofibroblast transition-derived itaconate promotes bone metastasis in lung cancer through targeting of HSPA8.,Further ubiquitination proteomics of tumour cells and CRISPR-Cas9-mediated knockout of the gene encoding immune-responsive gene 1 (IRG1) confirmed the results in an animal model of lung cancer bone metastasis.,1,640,849,"PubTator BioC passage[1], document characters [640,849)",https://pubmed.ncbi.nlm.nih.gov/42557310/,3a45de7af8b858690bd4afe055a244a80441c18e380efa9a6fddc7206083f6e2,data/raw/discovery_pilot/51e0cf1555b67a873f11ddeef370092171da9a96fac3114dffbf752e60ea5861.json,"[""57"", ""58"", ""59"", ""60"", ""61""]","[""730249"", ""MESH:D008175"", ""MESH:D009362"", ""MESH:D009369""]","[""LOCAL:protein:mouse:ACOD1""]","[""knockout""]",False,1,pending,automated_extraction_unreviewed,,,,,,unresolved_molecular_form_and_species,False,"[""research-article"", ""Journal Article""]","[""mechanism_anchors""]"
candidate:1ed7ade9f47a8cf8833d,PMID:42564269,42564269,TNF-alpha blockade with adalimumab restores bone metabolism in rheumatoid arthritis by regulating cytokines and inflammatory cell infiltration.,"Immune-cell infiltrates (CD163+ macrophages, CD3+ lymphocytes) and expression of osteoprotegerin (OPG), receptor activator of nuclear factor kappaB (RANK), and its ligand (RANKL) were assessed by immunohistochemistry.",1,493,710,"PubTator BioC passage[1], document characters [493,710)",https://pubmed.ncbi.nlm.nih.gov/42564269/,c84b99ab3ae0446c40c38dccb8d29a844939c9c07d0da5b3ea09d72ea31bb2cb,data/raw/discovery_pilot/c9f79391b6d9f45d562bfab7fb5011d2038e0b47656c04e8504e4cba18321274.json,"[""50"", ""51"", ""52"", ""53"", ""54"", ""55""]","[""4982"", ""8600"", ""8792"", ""9332""]","[""LOCAL:protein:mouse:TNFRSF11A"", ""LOCAL:protein:mouse:TNFRSF11B"", ""LOCAL:protein:mouse:TNFSF11""]","[""activator""]",False,1,pending,automated_extraction_unreviewed,,,,,,unresolved_molecular_form_and_species,False,"[""research-article"", ""Journal Article""]","[""broad"", ""metabolism""]"
candidate:6b70917cd238baa25422,PMID:42602299,42602299,Role of the Antioxidant Lycopene in Bone Health: Emphasis on the RANKL/RANK/OPG Signaling Pathway.,"Lycopene, a lipophilic carotenoid and an acyclic isomer of beta-carotene, functions as an antioxidant and may improve bone health via multiple pathways, including the suppression of inflammatory cytokines, stimulation of osteoblast activity, regulation of the wingless-related integration site (Wnt)/beta-catenin pathway, and modulation of the receptor activator of nuclear factor-kB (RANK)/RANK ligand (RANKL)/osteoprotegerin (OPG) pathway.",1,182,623,"PubTator BioC passage[1], document characters [182,623)",https://pubmed.ncbi.nlm.nih.gov/42602299/,9d4dc6b57c16c2079ee9f4906da6686aea4192c8df9ee5805aa6cd98d008edc1,data/raw/discovery_pilot/21cb27e7f4a7b05f3320e5ffb015d150f972060ee765c5949eee573bc6a4d3db.json,"[""20"", ""21"", ""22"", ""23"", ""24"", ""25"", ""26"", ""27""]","[""1499"", ""4982"", ""8600"", ""MESH:D000077276"", ""MESH:D002338"", ""MESH:D007249"", ""MESH:D019207""]","[""LOCAL:protein:mouse:TNFRSF11B"", ""LOCAL:protein:mouse:TNFSF11""]","[""activator"", ""regulation"", ""suppression""]",False,1,pending,automated_extraction_unreviewed,,,,,,unresolved_molecular_form_and_species,False,"[""review-article"", ""Review"", ""Journal Article""]","[""broad""]"
candidate:6177dec979258344b7df,PMID:42602299,42602299,Role of the Antioxidant Lycopene in Bone Health: Emphasis on the RANKL/RANK/OPG Signaling Pathway.,"This review summarizes current evidence on the impact of lycopene on bone health via the RANK/RANKL/OPG signaling pathway, a key regulator of bone remodeling.",1,905,1063,"PubTator BioC passage[1], document characters [905,1063)",https://pubmed.ncbi.nlm.nih.gov/42602299/,9d4dc6b57c16c2079ee9f4906da6686aea4192c8df9ee5805aa6cd98d008edc1,data/raw/discovery_pilot/21cb27e7f4a7b05f3320e5ffb015d150f972060ee765c5949eee573bc6a4d3db.json,"[""31"", ""32"", ""33""]","[""4982"", ""8600"", ""MESH:D000077276""]","[""LOCAL:protein:mouse:TNFRSF11B"", ""LOCAL:protein:mouse:TNFSF11""]","[""regulator""]",False,1,pending,automated_extraction_unreviewed,,,,,,unresolved_molecular_form_and_species,False,"[""review-article"", ""Review"", ""Journal Article""]","[""broad""]"
candidate:f02a5e9b68a61006c13a,PMID:42658444,42658444,A peroxiredoxin 1-reactive oxygen species feedback loop modulates nuclear factor kappa B activity in osteoclastogenesis.,"In addition, RANKL-induced Src activation promoted phosphorylation of PRDX1 at Tyr194, which enhanced TRAF6-mediated ubiquitylation without substantially altering overall TRAF6 binding.",1,1356,1541,"PubTator BioC passage[1], document characters [1356,1541)",https://pubmed.ncbi.nlm.nih.gov/42658444/,31f58a173ecfc980f380db2685c46abaf3f28080252a33436a4ad185d1153e32,data/raw/discovery_pilot/41328b09b84b1c660d9742483f62b8d62b0eb2d54f5bef114eff582717ce60b5.json,"[""64"", ""65"", ""66"", ""67"", ""68""]","[""222344"", ""5052"", ""6714"", ""8600""]","[""LOCAL:protein:mouse:SRC"", ""LOCAL:protein:mouse:TNFSF11"", ""LOCAL:protein:mouse:TRAF6""]","[""activation"", ""promoted""]",True,1,pending,automated_extraction_unreviewed,,,,,,unresolved_molecular_form_and_species,False,"[""research-article"", ""Journal Article""]","[""broad""]"
candidate:d402d71e5a7bf30fa093,PMID:42669152,42669152,WTAP Transcriptional Suppression by KLF9 Drives Osteoclastogenesis via M6A-Mediated Regulation of CSF1R Signaling in Estrogen-Deficient Osteoporosis.,"Therapeutically, targeting this axis via AAV-mediated Wtap overexpression or pharmacological CSF1R inhibition with pexidartinib effectively ameliorates bone loss in osteoporotic mice.",1,1260,1443,"PubTator BioC passage[1], document characters [1260,1443)",https://pubmed.ncbi.nlm.nih.gov/42669152/,31f58a173ecfc980f380db2685c46abaf3f28080252a33436a4ad185d1153e32,data/raw/discovery_pilot/41328b09b84b1c660d9742483f62b8d62b0eb2d54f5bef114eff582717ce60b5.json,"[""69"", ""70"", ""71"", ""72"", ""73"", ""74""]","[""10090"", ""12978"", ""60532"", ""MESH:C000600259"", ""MESH:D001847"", ""MESH:D058866""]","[""LOCAL:protein:mouse:CSF1R""]","[""inhibition"", ""overexpression""]",False,1,pending,automated_extraction_unreviewed,,,,,,unresolved_molecular_form_and_species,False,"[""research-article"", ""Journal Article""]","[""broad"", ""metabolism""]"
candidate:8066c62e33ffd859752e,PMID:42684554,42684554,Bruceine D suppressed osteoclast formation via STAT3/NF-kappaB/NFATc1 signaling and protected postmenopausal osteoporosis.,"Mechanistically, BD attenuated the activation of STAT3 and NF-kappaB signaling pathways without affecting MAPKs and AKT signaling, leading to downregulation of key transcription factor NFATc1.",1,1231,1423,"PubTator BioC passage[1], document characters [1231,1423)",https://pubmed.ncbi.nlm.nih.gov/42684554/,9d4dc6b57c16c2079ee9f4906da6686aea4192c8df9ee5805aa6cd98d008edc1,data/raw/discovery_pilot/21cb27e7f4a7b05f3320e5ffb015d150f972060ee765c5949eee573bc6a4d3db.json,"[""65"", ""66"", ""67"", ""68"", ""69""]","[""11651"", ""18018"", ""18033"", ""20848"", ""MESH:C030412""]","[""LOCAL:protein:mouse:AKT1"", ""LOCAL:protein:mouse:NFATC1"", ""LOCAL:protein:mouse:NFKB1""]","[""activation"", ""attenuated""]",True,1,pending,automated_extraction_unreviewed,,,,,,unresolved_molecular_form_and_species,False,"[""Journal Article""]","[""broad""]"
candidate:e3bbce6b59fe43825efd,PMID:42693110,42693110,Itaconate and its derivatives in human health and diseases.,Metabolic reprogramming forms the foundation of immune effector functions and the regulation of inflammation.,1,60,169,"PubTator BioC passage[1], document characters [60,169)",https://pubmed.ncbi.nlm.nih.gov/42693110/,31f58a173ecfc980f380db2685c46abaf3f28080252a33436a4ad185d1153e32,data/raw/discovery_pilot/41328b09b84b1c660d9742483f62b8d62b0eb2d54f5bef114eff582717ce60b5.json,"[""27""]","[""MESH:D007249""]",[],"[""regulation""]",False,1,pending,automated_extraction_unreviewed,,,,,,unresolved_molecular_form_and_species,False,"[""Research Support, Non-U.S. Gov't"", ""review-article"", ""Review"", ""Journal Article""]","[""mechanism_anchors""]"
candidate:5b281b386415b35f2a00,PMID:42695337,42695337,ACOD1-dependent succinate signalling acts as a metabolic checkpoint for osteoclast differentiation.,Stable ACOD1 overexpression in RAW264.,1,402,440,"PubTator BioC passage[1], document characters [402,440)",https://pubmed.ncbi.nlm.nih.gov/42695337/,9d4dc6b57c16c2079ee9f4906da6686aea4192c8df9ee5805aa6cd98d008edc1,data/raw/discovery_pilot/21cb27e7f4a7b05f3320e5ffb015d150f972060ee765c5949eee573bc6a4d3db.json,"[""45""]","[""16365""]","[""LOCAL:protein:mouse:ACOD1""]","[""overexpression""]",False,1,pending,automated_extraction_unreviewed,,,,,,unresolved_molecular_form_and_species,False,"[""Journal Article""]","[""mechanism_anchors""]"
candidate:16aecd7ddbec221a72e0,PMID:42695337,42695337,ACOD1-dependent succinate signalling acts as a metabolic checkpoint for osteoclast differentiation.,"7 cells shifted cellular metabolism towards glycolysis, as indicated by enhanced mTOR activation, increased 4E-BP1 phosphorylation, and reduced ATP levels.",1,440,595,"PubTator BioC passage[1], document characters [440,595)",https://pubmed.ncbi.nlm.nih.gov/42695337/,9d4dc6b57c16c2079ee9f4906da6686aea4192c8df9ee5805aa6cd98d008edc1,data/raw/discovery_pilot/21cb27e7f4a7b05f3320e5ffb015d150f972060ee765c5949eee573bc6a4d3db.json,"[""46"", ""47"", ""48""]","[""13685"", ""56717"", ""MESH:D000255""]",[],"[""activation""]",False,1,pending,automated_extraction_unreviewed,,,,,,unresolved_molecular_form_and_species,False,"[""Journal Article""]","[""mechanism_anchors""]"
candidate:75d6d8623a94a3e63e1b,PMID:42695337,42695337,ACOD1-dependent succinate signalling acts as a metabolic checkpoint for osteoclast differentiation.,"Using a GPR91 antagonist and a Galphaq inhibitor, we demonstrate that extracellular succinate activates NFATc1 via GPR91-Galphaq signalling.",1,1100,1240,"PubTator BioC passage[1], document characters [1100,1240)",https://pubmed.ncbi.nlm.nih.gov/42695337/,9d4dc6b57c16c2079ee9f4906da6686aea4192c8df9ee5805aa6cd98d008edc1,data/raw/discovery_pilot/21cb27e7f4a7b05f3320e5ffb015d150f972060ee765c5949eee573bc6a4d3db.json,"[""58"", ""59"", ""60"", ""61"", ""62"", ""63""]","[""14682"", ""18018"", ""84112"", ""MESH:D019802""]","[""CHEBI:15741"", ""LOCAL:protein:mouse:NFATC1""]","[""activates"", ""inhibitor""]",False,1,pending,automated_extraction_unreviewed,,,,,,unresolved_molecular_form_and_species,False,"[""Journal Article""]","[""mechanism_anchors""]"
candidate:dd90c670d0d6172ecf5b,PMID:42753712,42753712,Exacerbation of inflammatory bone loss in TET2-driven clonal hematopoiesis.,"Partial BM reconstitution with TET2-deficient (Tet2-/-) cells promoted clonal expansion and spontaneous periodontitis, characterized by gingival inflammation and alveolar bone loss.",1,537,718,"PubTator BioC passage[1], document characters [537,718)",https://pubmed.ncbi.nlm.nih.gov/42753712/,f4cf64f0bc9f8026ba1acf488adfe9142b738630947efdf158e6cd5cab643506,data/raw/discovery_pilot/4a74919c786c2d170d4443ae3396d1e857807d8ef61b9992bda6f5e8ef25fd67.json,"[""43"", ""44"", ""45"", ""46"", ""47""]","[""214133"", ""MESH:D007249"", ""MESH:D010518"", ""MESH:D016301""]","[""LOCAL:protein:mouse:TET2""]","[""deficient"", ""promoted""]",False,1,pending,automated_extraction_unreviewed,,,,,,unresolved_molecular_form_and_species,False,"[""Research Support, Non-U.S. Gov't"", ""research-article"", ""Journal Article"", ""Research Support, N.I.H., Extramural""]","[""mechanism_anchors""]"
candidate:f58e75323ec3bdc5aafa,PMID:42753712,42753712,Exacerbation of inflammatory bone loss in TET2-driven clonal hematopoiesis.,"Although T cell-intrinsic TET2 deficiency minimally affected Th17 differentiation in vitro, Tet2-/- dendritic cells exhibited enhanced capacity to drive Th17 differentiation from wild-type CD4+ T cells.",1,1234,1436,"PubTator BioC passage[1], document characters [1234,1436)",https://pubmed.ncbi.nlm.nih.gov/42753712/,f4cf64f0bc9f8026ba1acf488adfe9142b738630947efdf158e6cd5cab643506,data/raw/discovery_pilot/4a74919c786c2d170d4443ae3396d1e857807d8ef61b9992bda6f5e8ef25fd67.json,"[""59"", ""60"", ""61""]","[""12504"", ""214133""]","[""LOCAL:protein:mouse:TET2""]","[""deficiency""]",False,1,pending,automated_extraction_unreviewed,,,,,,unresolved_molecular_form_and_species,False,"[""Research Support, Non-U.S. Gov't"", ""research-article"", ""Journal Article"", ""Research Support, N.I.H., Extramural""]","[""mechanism_anchors""]"
candidate:e85edc05f66a1ad46ddd,PMID:42757471,42757471,Integrin alphaVbeta3 as a context-dependent regulator of bone homeostasis: Insights into osteoporosis pathogenesis and therapeutic targeting (Review).,"Integrin alphaVbeta3 functions as an important regulator of bone homeostasis by coordinating bone cell-extracellular matrix interactions, mechanotransduction and intracellular signaling across multiple bone cell populations.",1,367,591,"PubTator BioC passage[1], document characters [367,591)",https://pubmed.ncbi.nlm.nih.gov/42757471/,31f58a173ecfc980f380db2685c46abaf3f28080252a33436a4ad185d1153e32,data/raw/discovery_pilot/41328b09b84b1c660d9742483f62b8d62b0eb2d54f5bef114eff582717ce60b5.json,"[""33"", ""34"", ""35"", ""36""]","[""3685"", ""MESH:D001847""]","[""LOCAL:protein:mouse:ITGAV""]","[""regulator""]",False,1,pending,automated_extraction_unreviewed,,,,,,unresolved_molecular_form_and_species,False,"[""review-article"", ""Review"", ""Journal Article""]","[""broad"", ""metabolism""]"
candidate:1d54ced2ca5dfd2c1427,PMID:42757471,42757471,Integrin alphaVbeta3 as a context-dependent regulator of bone homeostasis: Insights into osteoporosis pathogenesis and therapeutic targeting (Review).,"The present review summarizes current evidence regarding the molecular mechanisms underlying the integrin alphaVbeta3-mediated regulation of bone remodeling, discusses the cell-specific and microenvironment-dependent functions of integrin alphaVbeta3 in OP pathogenesis, and critically evaluates the challenges and future directions for translating integrin alphaVbeta3-targeted strategies into clinical applications against OP.",1,1045,1473,"PubTator BioC passage[1], document characters [1045,1473)",https://pubmed.ncbi.nlm.nih.gov/42757471/,31f58a173ecfc980f380db2685c46abaf3f28080252a33436a4ad185d1153e32,data/raw/discovery_pilot/41328b09b84b1c660d9742483f62b8d62b0eb2d54f5bef114eff582717ce60b5.json,"[""42"", ""43"", ""44"", ""45"", ""46"", ""47""]","[""3685"", ""MESH:D001847"", ""MESH:D010024""]","[""LOCAL:protein:mouse:ITGAV""]","[""regulation""]",False,1,pending,automated_extraction_unreviewed,,,,,,unresolved_molecular_form_and_species,False,"[""review-article"", ""Review"", ""Journal Article""]","[""broad"", ""metabolism""]"
candidate:84e3ed7648a51c7e79ce,PMID:42757825,42757825,Prmt6 Deficiency Drives Osteoblast Senescence Promoting Age-Related Osteoporosis via Epigenetic Remodelling of the H3R2me2a/Sting/Ifitm3 Pathway.,"In this study, we employed Western blot, qPCR, immunofluorescence, SA-beta-Gal staining, and RNA-seq to systematically investigate the regulatory mechanism of the Prmt6/H3R2me2a/Sting/Ifitm3 axis in osteoblast senescence, and further validated the association of relevant molecules with osteoporosis at the animal level using immunohistochemistry and micro-CT.",1,286,646,"PubTator BioC passage[1], document characters [286,646)",https://pubmed.ncbi.nlm.nih.gov/42757825/,9d4dc6b57c16c2079ee9f4906da6686aea4192c8df9ee5805aa6cd98d008edc1,data/raw/discovery_pilot/21cb27e7f4a7b05f3320e5ffb015d150f972060ee765c5949eee573bc6a4d3db.json,"[""33"", ""34"", ""35"", ""36"", ""37""]","[""14419"", ""66141"", ""72512"", ""99890"", ""MESH:D010024""]","[""LOCAL:protein:mouse:PRMT6""]","[""regulatory""]",False,1,pending,automated_extraction_unreviewed,,,,,,unresolved_molecular_form_and_species,False,"[""research-article"", ""Journal Article""]","[""mechanism_anchors""]"
candidate:9cb96d29f38d02591a26,PMID:42757825,42757825,Prmt6 Deficiency Drives Osteoblast Senescence Promoting Age-Related Osteoporosis via Epigenetic Remodelling of the H3R2me2a/Sting/Ifitm3 Pathway.,Our results showed that Prmt6 deficiency led to bone loss and induced osteoblast senescence in mice.,1,647,747,"PubTator BioC passage[1], document characters [647,747)",https://pubmed.ncbi.nlm.nih.gov/42757825/,9d4dc6b57c16c2079ee9f4906da6686aea4192c8df9ee5805aa6cd98d008edc1,data/raw/discovery_pilot/21cb27e7f4a7b05f3320e5ffb015d150f972060ee765c5949eee573bc6a4d3db.json,"[""38"", ""39"", ""40""]","[""10090"", ""99890"", ""MESH:D001847""]","[""LOCAL:protein:mouse:PRMT6""]","[""deficiency""]",False,1,pending,automated_extraction_unreviewed,,,,,,unresolved_molecular_form_and_species,False,"[""research-article"", ""Journal Article""]","[""mechanism_anchors""]"
candidate:9636dc7a8546853b5a31,PMID:42757825,42757825,Prmt6 Deficiency Drives Osteoblast Senescence Promoting Age-Related Osteoporosis via Epigenetic Remodelling of the H3R2me2a/Sting/Ifitm3 Pathway.,"Mechanistically, Prmt6 ablation was accompanied by reduced H3R2me2a modification and increased chromatin accessibility at the Sting promoter, suggesting that this histone mark may restrict local chromatin opening, thereby triggering sustained activation of the Sting pathway and marked upregulation of its classical downstream target gene Ifitm3.",1,748,1094,"PubTator BioC passage[1], document characters [748,1094)",https://pubmed.ncbi.nlm.nih.gov/42757825/,9d4dc6b57c16c2079ee9f4906da6686aea4192c8df9ee5805aa6cd98d008edc1,data/raw/discovery_pilot/21cb27e7f4a7b05f3320e5ffb015d150f972060ee765c5949eee573bc6a4d3db.json,"[""41"", ""42"", ""43"", ""44""]","[""66141"", ""72512"", ""99890""]","[""LOCAL:protein:mouse:PRMT6""]","[""activation"", ""promoter""]",False,1,pending,automated_extraction_unreviewed,,,,,,unresolved_molecular_form_and_species,False,"[""research-article"", ""Journal Article""]","[""mechanism_anchors""]"
candidate:658504d2ac1608c1f9d4,PMID:41050704,41050704,PRMT6 inhibitors promote fracture healing by modulating osteoclast glucose metabolism.,Introduction: Impaired fracture healing remains a significant clinical challenge due to the complexity of the healing process.,1,87,213,"PubTator BioC passage[1], document characters [87,213)",https://pubmed.ncbi.nlm.nih.gov/41050704/,9d4dc6b57c16c2079ee9f4906da6686aea4192c8df9ee5805aa6cd98d008edc1,data/raw/discovery_pilot/21cb27e7f4a7b05f3320e5ffb015d150f972060ee765c5949eee573bc6a4d3db.json,"[""21""]","[""MESH:D050723""]",[],"[""impaired""]",False,0,pending,automated_extraction_unreviewed,,,,,,unresolved_molecular_form_and_species,False,"[""research-article"", ""Journal Article""]","[""mechanism_anchors""]"
candidate:9c0b7c7e5b4c002b0b26,PMID:41885644,41885644,Four-Octyl Itaconate Alleviates Enterococcus faecalis-Induced Apical Periodontitis by Inhibiting Macrophage M1 Polarisation.,faecalis-induced apical periodontitis by regulating macrophage polarisation.,1,565,641,"PubTator BioC passage[1], document characters [565,641)",https://pubmed.ncbi.nlm.nih.gov/41885644/,c84b99ab3ae0446c40c38dccb8d29a844939c9c07d0da5b3ea09d72ea31bb2cb,data/raw/discovery_pilot/c9f79391b6d9f45d562bfab7fb5011d2038e0b47656c04e8504e4cba18321274.json,"[""55""]","[""MESH:D010485""]",[],"[""regulating""]",False,0,pending,automated_extraction_unreviewed,,,,,,unresolved_molecular_form_and_species,False,"[""research-article"", ""Journal Article""]","[""mechanism_anchors""]"
candidate:7c7761ce7a1886374daf,PMID:41885644,41885644,Four-Octyl Itaconate Alleviates Enterococcus faecalis-Induced Apical Periodontitis by Inhibiting Macrophage M1 Polarisation.,"Moreover, 4-OI inhibited macrophage M1 polarisation in the periapical region and inhibited the expression of M1 polarisation-related genes in E.",1,1579,1723,"PubTator BioC passage[1], document characters [1579,1723)",https://pubmed.ncbi.nlm.nih.gov/41885644/,c84b99ab3ae0446c40c38dccb8d29a844939c9c07d0da5b3ea09d72ea31bb2cb,data/raw/discovery_pilot/c9f79391b6d9f45d562bfab7fb5011d2038e0b47656c04e8504e4cba18321274.json,"[""72""]","[""MESH:C000708109""]",[],"[""inhibited""]",False,0,pending,automated_extraction_unreviewed,,,,,,unresolved_molecular_form_and_species,False,"[""research-article"", ""Journal Article""]","[""mechanism_anchors""]"
candidate:de3d10a17ee901166783,PMID:41885644,41885644,Four-Octyl Itaconate Alleviates Enterococcus faecalis-Induced Apical Periodontitis by Inhibiting Macrophage M1 Polarisation.,"However, suppression of M1 macrophage polarisation by 4-OI was reduced following Nrf2 inhibition.",1,1947,2044,"PubTator BioC passage[1], document characters [1947,2044)",https://pubmed.ncbi.nlm.nih.gov/41885644/,c84b99ab3ae0446c40c38dccb8d29a844939c9c07d0da5b3ea09d72ea31bb2cb,data/raw/discovery_pilot/c9f79391b6d9f45d562bfab7fb5011d2038e0b47656c04e8504e4cba18321274.json,"[""76""]","[""MESH:C000708109""]",[],"[""inhibition"", ""suppression""]",False,0,pending,automated_extraction_unreviewed,,,,,,unresolved_molecular_form_and_species,False,"[""research-article"", ""Journal Article""]","[""mechanism_anchors""]"
candidate:cea25b4b89bedc1e21b9,PMID:41885644,41885644,Four-Octyl Itaconate Alleviates Enterococcus faecalis-Induced Apical Periodontitis by Inhibiting Macrophage M1 Polarisation.,CONCLUSIONS: 4-OI inhibits E.,1,2045,2074,"PubTator BioC passage[1], document characters [2045,2074)",https://pubmed.ncbi.nlm.nih.gov/41885644/,c84b99ab3ae0446c40c38dccb8d29a844939c9c07d0da5b3ea09d72ea31bb2cb,data/raw/discovery_pilot/c9f79391b6d9f45d562bfab7fb5011d2038e0b47656c04e8504e4cba18321274.json,"[""77""]","[""MESH:C000708109""]",[],"[""inhibits""]",False,0,pending,automated_extraction_unreviewed,,,,,,unresolved_molecular_form_and_species,False,"[""research-article"", ""Journal Article""]","[""mechanism_anchors""]"
candidate:fbb93824e2b62919f5ca,PMID:41885644,41885644,Four-Octyl Itaconate Alleviates Enterococcus faecalis-Induced Apical Periodontitis by Inhibiting Macrophage M1 Polarisation.,"faecalis-induced macrophage M1 polarisation probably by activating the Nrf2 antioxidant system, thereby suppressing experimental apical periodontitis in mice.",1,2075,2233,"PubTator BioC passage[1], document characters [2075,2233)",https://pubmed.ncbi.nlm.nih.gov/41885644/,c84b99ab3ae0446c40c38dccb8d29a844939c9c07d0da5b3ea09d72ea31bb2cb,data/raw/discovery_pilot/c9f79391b6d9f45d562bfab7fb5011d2038e0b47656c04e8504e4cba18321274.json,"[""79"", ""80""]","[""10090"", ""MESH:D010485""]",[],"[""activating"", ""suppressing""]",False,0,pending,automated_extraction_unreviewed,,,,,,unresolved_molecular_form_and_species,False,"[""research-article"", ""Journal Article""]","[""mechanism_anchors""]"
candidate:a4825ff7cb8fe7109300,PMID:41989515,41989515,Nell-1 inhibits osteoclast differentiation and bone resorption in apical periodontitis.,It further explores whether Nell-1 exerts its function through activation of the Wnt/beta-catenin signaling pathway.,1,447,563,"PubTator BioC passage[1], document characters [447,563)",https://pubmed.ncbi.nlm.nih.gov/41989515/,70f9aa98c6008210a69fa09f9932f15b17227af94ba00b8c2d9f0e354cd2d1c5,data/raw/discovery_pilot/58dd0e1dea8df1a4f01dc61643f37fbe81bc0129e5c3437585f5fc2e87c34ad9.json,"[""33"", ""34""]","[""12387"", ""338352""]",[],"[""activation""]",False,0,pending,automated_extraction_unreviewed,,,,,,unresolved_molecular_form_and_species,False,"[""Journal Article""]","[""broad""]"
candidate:ff2d98cdedd33e435a20,PMID:41989515,41989515,Nell-1 inhibits osteoclast differentiation and bone resorption in apical periodontitis.,"A rat model of apical periodontitis was established, followed by treatment with Nell-1 protein and the Wnt inhibitor IWR-1.",1,701,824,"PubTator BioC passage[1], document characters [701,824)",https://pubmed.ncbi.nlm.nih.gov/41989515/,70f9aa98c6008210a69fa09f9932f15b17227af94ba00b8c2d9f0e354cd2d1c5,data/raw/discovery_pilot/58dd0e1dea8df1a4f01dc61643f37fbe81bc0129e5c3437585f5fc2e87c34ad9.json,"[""37"", ""38"", ""39"", ""40""]","[""-"", ""10116"", ""338352"", ""MESH:D010485""]",[],"[""inhibitor""]",False,0,pending,automated_extraction_unreviewed,,,,,,unresolved_molecular_form_and_species,False,"[""Journal Article""]","[""broad""]"
candidate:303bea4c5978bec301e7,PMID:41989515,41989515,Nell-1 inhibits osteoclast differentiation and bone resorption in apical periodontitis.,The effects were reversed by inhibiting the Wnt pathway with IWR-1.,1,1018,1085,"PubTator BioC passage[1], document characters [1018,1085)",https://pubmed.ncbi.nlm.nih.gov/41989515/,70f9aa98c6008210a69fa09f9932f15b17227af94ba00b8c2d9f0e354cd2d1c5,data/raw/discovery_pilot/58dd0e1dea8df1a4f01dc61643f37fbe81bc0129e5c3437585f5fc2e87c34ad9.json,"[""44""]","[""-""]",[],"[""inhibiting""]",False,0,pending,automated_extraction_unreviewed,,,,,,unresolved_molecular_form_and_species,False,"[""Journal Article""]","[""broad""]"
candidate:5c1ccd1686349f41fbfa,PMID:42062580,42062580,Hydroxysafflor yellow A attenuatesovariectomy induced bone loss andpromotes osteogenesis via PI3K/AKT activation in an in vitro BMSC model.,HSYA activates the PI3K/AKT signaling pathway and upregulates Runx2 expression in an in vitro osteoblast differentiation model using BMSCs.,1,636,775,"PubTator BioC passage[1], document characters [636,775)",https://pubmed.ncbi.nlm.nih.gov/42062580/,c84b99ab3ae0446c40c38dccb8d29a844939c9c07d0da5b3ea09d72ea31bb2cb,data/raw/discovery_pilot/c9f79391b6d9f45d562bfab7fb5011d2038e0b47656c04e8504e4cba18321274.json,"[""28""]","[""MESH:C085278""]",[],"[""activates""]",False,0,pending,automated_extraction_unreviewed,,,,,,unresolved_molecular_form_and_species,False,"[""research-article"", ""Journal Article""]","[""broad"", ""metabolism""]"
candidate:4e351d18f38f8fa487e4,PMID:42229052,42229052,Orthodontic force induces local bone resorption in mild-type hypophosphatasia mouse model.,HPP is characterized by impaired hard tissue mineralization and premature tooth loss.,1,224,309,"PubTator BioC passage[1], document characters [224,309)",https://pubmed.ncbi.nlm.nih.gov/42229052/,31f58a173ecfc980f380db2685c46abaf3f28080252a33436a4ad185d1153e32,data/raw/discovery_pilot/41328b09b84b1c660d9742483f62b8d62b0eb2d54f5bef114eff582717ce60b5.json,"[""39"", ""40""]","[""MESH:D007014"", ""MESH:D016388""]",[],"[""impaired""]",False,0,pending,automated_extraction_unreviewed,,,,,,unresolved_molecular_form_and_species,False,"[""Journal Article""]","[""broad""]"
candidate:bda5210179cbb8eb1873,PMID:42402178,42402178,Brown Adipose Tissue Secreted Nrg4 Prevents Bone Loss by Orchestrates Bone Resorption and Angiogenesis.,"Mouse models including brown adipose tissue (BAT) removal, Neuregulin 4 (Nrg4) knockout (Nrg4-/-), and BAT transplantation were used to evaluate the role of BAT-secreted Nrg4 in bone homeostasis.",1,416,611,"PubTator BioC passage[1], document characters [416,611)",https://pubmed.ncbi.nlm.nih.gov/42402178/,70f9aa98c6008210a69fa09f9932f15b17227af94ba00b8c2d9f0e354cd2d1c5,data/raw/discovery_pilot/58dd0e1dea8df1a4f01dc61643f37fbe81bc0129e5c3437585f5fc2e87c34ad9.json,"[""29"", ""30"", ""31"", ""32"", ""33""]","[""10090"", ""83961""]",[],"[""knockout""]",False,0,pending,automated_extraction_unreviewed,,,,,,unresolved_molecular_form_and_species,False,"[""Journal Article""]","[""broad"", ""metabolism""]"
candidate:7ed932b8e1fd0851d675,PMID:42402178,42402178,Brown Adipose Tissue Secreted Nrg4 Prevents Bone Loss by Orchestrates Bone Resorption and Angiogenesis.,"Furthermore, exogenous Nrg4 treatment effectively attenuated bone loss in OVX-induced osteoporotic mice.",1,1341,1445,"PubTator BioC passage[1], document characters [1341,1445)",https://pubmed.ncbi.nlm.nih.gov/42402178/,70f9aa98c6008210a69fa09f9932f15b17227af94ba00b8c2d9f0e354cd2d1c5,data/raw/discovery_pilot/58dd0e1dea8df1a4f01dc61643f37fbe81bc0129e5c3437585f5fc2e87c34ad9.json,"[""47"", ""48"", ""49"", ""50"", ""51""]","[""10090"", ""83961"", ""MESH:D001847"", ""MESH:D058866""]",[],"[""attenuated""]",False,0,pending,automated_extraction_unreviewed,,,,,,unresolved_molecular_form_and_species,False,"[""Journal Article""]","[""broad"", ""metabolism""]"
candidate:a5cfc33c32b98b75574b,PMID:42505728,42505728,Estradiol Enhances Alveolar Bone Resorption by Promoting Osteoclast Differentiation in Experimental Periodontitis.,Aromatase inhibitor administration similarly reduced bone loss.,1,1111,1174,"PubTator BioC passage[1], document characters [1111,1174)",https://pubmed.ncbi.nlm.nih.gov/42505728/,9d4dc6b57c16c2079ee9f4906da6686aea4192c8df9ee5805aa6cd98d008edc1,data/raw/discovery_pilot/21cb27e7f4a7b05f3320e5ffb015d150f972060ee765c5949eee573bc6a4d3db.json,"[""64"", ""65""]","[""13075"", ""MESH:D001847""]",[],"[""inhibitor""]",False,0,pending,automated_extraction_unreviewed,,,,,,unresolved_molecular_form_and_species,False,"[""research-article"", ""Journal Article""]","[""broad""]"
candidate:be07441f7f06f337da41,PMID:42505728,42505728,Estradiol Enhances Alveolar Bone Resorption by Promoting Osteoclast Differentiation in Experimental Periodontitis.,This effect was suppressed by an estrogen receptor antagonist.,1,1600,1662,"PubTator BioC passage[1], document characters [1600,1662)",https://pubmed.ncbi.nlm.nih.gov/42505728/,9d4dc6b57c16c2079ee9f4906da6686aea4192c8df9ee5805aa6cd98d008edc1,data/raw/discovery_pilot/21cb27e7f4a7b05f3320e5ffb015d150f972060ee765c5949eee573bc6a4d3db.json,"[""75""]","[""13982""]",[],"[""suppressed""]",False,0,pending,automated_extraction_unreviewed,,,,,,unresolved_molecular_form_and_species,False,"[""research-article"", ""Journal Article""]","[""broad""]"
candidate:8540cf52845cf2991f89,PMID:42509761,42509761,"Integrin Signaling Imbalance in Periodontitis: A Stage-Dependent Link Between Inflammation, Bone Resorption and Regenerative Failure.","beta2 integrins and alpha4beta1 contribute to leukocyte recruitment and inflammatory amplification, whereas increased alpha9beta1-associated signaling and reduced alphavbeta6-mediated regulation of transforming growth factor beta (TGF-beta) may promote inflammatory persistence.",1,742,1020,"PubTator BioC passage[1], document characters [742,1020)",https://pubmed.ncbi.nlm.nih.gov/42509761/,70f9aa98c6008210a69fa09f9932f15b17227af94ba00b8c2d9f0e354cd2d1c5,data/raw/discovery_pilot/58dd0e1dea8df1a4f01dc61643f37fbe81bc0129e5c3437585f5fc2e87c34ad9.json,"[""19"", ""20"", ""21"", ""22""]","[""7040"", ""MESH:D007249""]",[],"[""promote"", ""regulation""]",False,0,pending,automated_extraction_unreviewed,,,,,,unresolved_molecular_form_and_species,False,"[""review-article"", ""Review"", ""Journal Article""]","[""broad""]"
candidate:398334ef80ff9e1e3cb0,PMID:42509761,42509761,"Integrin Signaling Imbalance in Periodontitis: A Stage-Dependent Link Between Inflammation, Bone Resorption and Regenerative Failure.",Impaired beta1 integrin-dependent signaling and potentially reduced alphavbeta5-associated efferocytosis may contribute to defective resolution and regeneration.,1,1320,1481,"PubTator BioC passage[1], document characters [1320,1481)",https://pubmed.ncbi.nlm.nih.gov/42509761/,70f9aa98c6008210a69fa09f9932f15b17227af94ba00b8c2d9f0e354cd2d1c5,data/raw/discovery_pilot/58dd0e1dea8df1a4f01dc61643f37fbe81bc0129e5c3437585f5fc2e87c34ad9.json,"[""25""]","[""3688""]",[],"[""impaired""]",False,0,pending,automated_extraction_unreviewed,,,,,,unresolved_molecular_form_and_species,False,"[""review-article"", ""Review"", ""Journal Article""]","[""broad""]"
candidate:80bc15f3150db02bfa24,PMID:42515798,42515798,Geranylgeraniol as a Modulator of Mevalonate Pathway Disruption: A Scoping Review of Cellular Mechanisms and Skeletal Outcomes in Osteoporosis Models.,"Background/Objectives: Geranylgeraniol (GGOH), an isoprenoid intermediate of the mevalonate pathway, regulates bone cell viability and function, particularly by mitigating cellular toxicity induced by nitrogen-containing bisphosphonates (N-BPs).",1,151,396,"PubTator BioC passage[1], document characters [151,396)",https://pubmed.ncbi.nlm.nih.gov/42515798/,70f9aa98c6008210a69fa09f9932f15b17227af94ba00b8c2d9f0e354cd2d1c5,data/raw/discovery_pilot/58dd0e1dea8df1a4f01dc61643f37fbe81bc0129e5c3437585f5fc2e87c34ad9.json,"[""45"", ""46"", ""47"", ""48"", ""49"", ""50"", ""51"", ""52""]","[""-"", ""MESH:C017338"", ""MESH:D004164"", ""MESH:D008798"", ""MESH:D009584"", ""MESH:D013729"", ""MESH:D064420""]",[],"[""regulates""]",False,0,pending,automated_extraction_unreviewed,,,,,,unresolved_molecular_form_and_species,False,"[""review-article"", ""Review"", ""Journal Article""]","[""broad""]"
candidate:78247272d65dd00cf0c0,PMID:42515798,42515798,Geranylgeraniol as a Modulator of Mevalonate Pathway Disruption: A Scoping Review of Cellular Mechanisms and Skeletal Outcomes in Osteoporosis Models.,"In osteoblasts and mesenchymal stem cells, GGOH improved viability, upregulated osteogenic markers including runt-related transcription factor 2, alkaline phosphatase, collagen type I, and bone morphogenetic proteins, and rescued mineralisation impaired by alendronate or zoledronate.",1,1242,1526,"PubTator BioC passage[1], document characters [1242,1526)",https://pubmed.ncbi.nlm.nih.gov/42515798/,70f9aa98c6008210a69fa09f9932f15b17227af94ba00b8c2d9f0e354cd2d1c5,data/raw/discovery_pilot/58dd0e1dea8df1a4f01dc61643f37fbe81bc0129e5c3437585f5fc2e87c34ad9.json,"[""67"", ""68"", ""69"", ""70""]","[""-"", ""12393"", ""MESH:D000077211"", ""MESH:D019386""]",[],"[""impaired"", ""rescued""]",False,0,pending,automated_extraction_unreviewed,,,,,,unresolved_molecular_form_and_species,False,"[""review-article"", ""Review"", ""Journal Article""]","[""broad""]"
candidate:64b7bfa857383d875b9f,PMID:42597306,42597306,Circadian regulation of osteoclast lysosomal-resorption machinery: implications for osteoporosis therapy.,"Furthermore, we highlight emerging therapeutic strategies targeting circadian regulation and lysosomal homeostasis restoration as potential approaches for osteoporosis intervention.",1,1139,1320,"PubTator BioC passage[1], document characters [1139,1320)",https://pubmed.ncbi.nlm.nih.gov/42597306/,c84b99ab3ae0446c40c38dccb8d29a844939c9c07d0da5b3ea09d72ea31bb2cb,data/raw/discovery_pilot/c9f79391b6d9f45d562bfab7fb5011d2038e0b47656c04e8504e4cba18321274.json,"[""17""]","[""MESH:D010024""]",[],"[""regulation""]",False,0,pending,automated_extraction_unreviewed,,,,,,unresolved_molecular_form_and_species,False,"[""review-article"", ""Review"", ""Journal Article""]","[""broad""]"
candidate:034b8eeb6f8cd232837b,PMID:42609618,42609618,TET2: a critical regulatory hub with broad therapeutic implications across human diseases.,"Notably, TET2 exhibits strong context dependency, functioning as a tumor suppressor in myeloid malignancies while exerting distinct immunomodulatory roles in certain solid tumors.",1,1014,1193,"PubTator BioC passage[1], document characters [1014,1193)",https://pubmed.ncbi.nlm.nih.gov/42609618/,c84b99ab3ae0446c40c38dccb8d29a844939c9c07d0da5b3ea09d72ea31bb2cb,data/raw/discovery_pilot/c9f79391b6d9f45d562bfab7fb5011d2038e0b47656c04e8504e4cba18321274.json,"[""33"", ""34"", ""35""]","[""MESH:D009369""]",[],"[""suppressor""]",False,0,pending,automated_extraction_unreviewed,,,,,,unresolved_molecular_form_and_species,False,"[""review-article"", ""Review"", ""Journal Article""]","[""mechanism_anchors""]"
candidate:405f7fc159e37c5025f3,PMID:42668073,42668073,Eriodictyol regulates LDHB to trigger mitophagy-mediated NLRP3 inflammasome inactivation as a therapeutic strategy for bone loss.,Eriodictyol (ERI) possesses a wide range of biological activities and can effectively inhibit excessive bone destruction.,1,346,467,"PubTator BioC passage[1], document characters [346,467)",https://pubmed.ncbi.nlm.nih.gov/42668073/,3a45de7af8b858690bd4afe055a244a80441c18e380efa9a6fddc7206083f6e2,data/raw/discovery_pilot/51e0cf1555b67a873f11ddeef370092171da9a96fac3114dffbf752e60ea5861.json,"[""52"", ""53"", ""54""]","[""MESH:C007619"", ""MESH:D001847""]",[],"[""inhibit""]",False,0,pending,automated_extraction_unreviewed,,,,,,unresolved_molecular_form_and_species,False,"[""Journal Article""]","[""broad"", ""metabolism""]"
candidate:222c59d9c08d56403d0d,PMID:42668073,42668073,Eriodictyol regulates LDHB to trigger mitophagy-mediated NLRP3 inflammasome inactivation as a therapeutic strategy for bone loss.,"In this study, we identified ERI as a natural inhibitor of lactate dehydrogenase B (LDHB) that protects against bone loss, and revealed the molecular mechanism whereby ERI inhibits NLRP3 inflammasome activation via enhancing mitophagy.",1,551,786,"PubTator BioC passage[1], document characters [551,786)",https://pubmed.ncbi.nlm.nih.gov/42668073/,3a45de7af8b858690bd4afe055a244a80441c18e380efa9a6fddc7206083f6e2,data/raw/discovery_pilot/51e0cf1555b67a873f11ddeef370092171da9a96fac3114dffbf752e60ea5861.json,"[""56"", ""57"", ""58"", ""59"", ""60"", ""61""]","[""16832"", ""216799"", ""MESH:C007619"", ""MESH:D001847""]",[],"[""activation"", ""inhibitor"", ""inhibits""]",False,0,pending,automated_extraction_unreviewed,,,,,,unresolved_molecular_form_and_species,False,"[""Journal Article""]","[""broad"", ""metabolism""]"
candidate:3d66b6eea5593a0a8904,PMID:42668073,42668073,Eriodictyol regulates LDHB to trigger mitophagy-mediated NLRP3 inflammasome inactivation as a therapeutic strategy for bone loss.,"CONCLUSIONS: Collectively, our findings confirm that ERI maintains bone homeostasis by regulating PINK1/Parkin-mediated mitophagy and suppressing NLRP3 inflammasome activation, which may provide a novel natural candidate for the treatment of bone loss-related diseases.",1,2283,2552,"PubTator BioC passage[1], document characters [2283,2552)",https://pubmed.ncbi.nlm.nih.gov/42668073/,3a45de7af8b858690bd4afe055a244a80441c18e380efa9a6fddc7206083f6e2,data/raw/discovery_pilot/51e0cf1555b67a873f11ddeef370092171da9a96fac3114dffbf752e60ea5861.json,"[""90"", ""91"", ""92"", ""93""]","[""216799"", ""68943"", ""MESH:C007619"", ""MESH:D001847""]",[],"[""activation"", ""regulating"", ""suppressing""]",False,0,pending,automated_extraction_unreviewed,,,,,,unresolved_molecular_form_and_species,False,"[""Journal Article""]","[""broad"", ""metabolism""]"
candidate:8592ad4b5134b9ead9e4,PMID:42710660,42710660,B1486 is a highly potent VprBP inhibitor capable of blocking osteoclast differentiation and bone resorption.,"In this study, we designed and characterized a series of small molecule compounds derived from B32B3 to identify a novel second-generation inhibitor of VprBP.",1,746,904,"PubTator BioC passage[1], document characters [746,904)",https://pubmed.ncbi.nlm.nih.gov/42710660/,3a45de7af8b858690bd4afe055a244a80441c18e380efa9a6fddc7206083f6e2,data/raw/discovery_pilot/51e0cf1555b67a873f11ddeef370092171da9a96fac3114dffbf752e60ea5861.json,"[""40"", ""41""]","[""-"", ""100333081""]",[],"[""inhibitor""]",False,0,pending,automated_extraction_unreviewed,,,,,,unresolved_molecular_form_and_species,False,"[""Journal Article""]","[""broad""]"
candidate:718330170b187128bdaa,PMID:42757825,42757825,Prmt6 Deficiency Drives Osteoblast Senescence Promoting Age-Related Osteoporosis via Epigenetic Remodelling of the H3R2me2a/Sting/Ifitm3 Pathway.,Functional experiments confirmed that inhibiting Sting or knocking down Ifitm3 effectively alleviated the senescent phenotype of osteoblasts.,1,1095,1236,"PubTator BioC passage[1], document characters [1095,1236)",https://pubmed.ncbi.nlm.nih.gov/42757825/,9d4dc6b57c16c2079ee9f4906da6686aea4192c8df9ee5805aa6cd98d008edc1,data/raw/discovery_pilot/21cb27e7f4a7b05f3320e5ffb015d150f972060ee765c5949eee573bc6a4d3db.json,"[""45"", ""46""]","[""66141"", ""72512""]",[],"[""inhibiting"", ""knocking""]",False,0,pending,automated_extraction_unreviewed,,,,,,unresolved_molecular_form_and_species,False,"[""research-article"", ""Journal Article""]","[""mechanism_anchors""]"
