pmid,annotation_id,text,type,identifier,normalized_name,locations,infons,offset,length,passage_index,passage_type,candidate_node_ids,mapping_status,raw_file,source_sha256
38200114,2,serine,Chemical,MESH:D012694,Serine,"[{""offset"": 4, ""length"": 6}]","{""identifier"": ""MESH:D012694"", ""type"": ""Chemical"", ""valid"": true, ""normalized"": [""D012694""], ""database"": ""ncbi_mesh"", ""normalized_id"": ""D012694"", ""biotype"": ""chemical"", ""name"": ""Serine"", ""accession"": ""@CHEMICAL_Serine""}",4,6,0,title,"[""CHEBI:17115""]",lexical_candidate_only,data/raw/discovery_pilot/4a74919c786c2d170d4443ae3396d1e857807d8ef61b9992bda6f5e8ef25fd67.json,f4cf64f0bc9f8026ba1acf488adfe9142b738630947efdf158e6cd5cab643506
38200114,3,NFATc1,Gene,18018,Nfatc1,"[{""offset"": 96, ""length"": 6}]","{""identifier"": ""18018"", ""type"": ""Gene"", ""ncbi_homologene"": ""32336"", ""valid"": true, ""normalized"": [18018], ""database"": ""ncbi_gene"", ""normalized_id"": 18018, ""biotype"": ""gene"", ""name"": ""Nfatc1"", ""accession"": ""@GENE_NFATC1""}",96,6,0,title,"[""LOCAL:protein:mouse:NFATC1""]",lexical_candidate_only,data/raw/discovery_pilot/4a74919c786c2d170d4443ae3396d1e857807d8ef61b9992bda6f5e8ef25fd67.json,f4cf64f0bc9f8026ba1acf488adfe9142b738630947efdf158e6cd5cab643506
38200114,15,osteoporosis,Disease,MESH:D010024,Osteoporosis,"[{""offset"": 260, ""length"": 12}]","{""identifier"": ""MESH:D010024"", ""type"": ""Disease"", ""valid"": true, ""normalized"": [""D010024""], ""database"": ""ncbi_mesh"", ""normalized_id"": ""D010024"", ""biotype"": ""disease"", ""name"": ""Osteoporosis"", ""accession"": ""@DISEASE_Osteoporosis""}",260,12,1,abstract,[],lexical_candidate_only,data/raw/discovery_pilot/4a74919c786c2d170d4443ae3396d1e857807d8ef61b9992bda6f5e8ef25fd67.json,f4cf64f0bc9f8026ba1acf488adfe9142b738630947efdf158e6cd5cab643506
38200114,16,serine,Chemical,MESH:D012694,Serine,"[{""offset"": 544, ""length"": 6}]","{""identifier"": ""MESH:D012694"", ""type"": ""Chemical"", ""valid"": true, ""normalized"": [""D012694""], ""database"": ""ncbi_mesh"", ""normalized_id"": ""D012694"", ""biotype"": ""chemical"", ""name"": ""Serine"", ""accession"": ""@CHEMICAL_Serine""}",544,6,1,abstract,"[""CHEBI:17115""]",lexical_candidate_only,data/raw/discovery_pilot/4a74919c786c2d170d4443ae3396d1e857807d8ef61b9992bda6f5e8ef25fd67.json,f4cf64f0bc9f8026ba1acf488adfe9142b738630947efdf158e6cd5cab643506
38200114,17,bone loss,Disease,MESH:D001847,Bone Diseases,"[{""offset"": 856, ""length"": 9}]","{""identifier"": ""MESH:D001847"", ""type"": ""Disease"", ""valid"": true, ""normalized"": [""D001847""], ""database"": ""ncbi_mesh"", ""normalized_id"": ""D001847"", ""biotype"": ""disease"", ""name"": ""Bone Diseases"", ""accession"": ""@DISEASE_Bone_Diseases""}",856,9,1,abstract,[],lexical_candidate_only,data/raw/discovery_pilot/4a74919c786c2d170d4443ae3396d1e857807d8ef61b9992bda6f5e8ef25fd67.json,f4cf64f0bc9f8026ba1acf488adfe9142b738630947efdf158e6cd5cab643506
38200114,18,mouse,Species,10090,10090,"[{""offset"": 871, ""length"": 5}]","{""identifier"": ""10090"", ""type"": ""Species"", ""valid"": true, ""normalized"": [10090], ""database"": ""ncbi_taxonomy"", ""normalized_id"": 10090, ""biotype"": ""species"", ""name"": ""10090"", ""accession"": null}",871,5,1,abstract,[],lexical_candidate_only,data/raw/discovery_pilot/4a74919c786c2d170d4443ae3396d1e857807d8ef61b9992bda6f5e8ef25fd67.json,f4cf64f0bc9f8026ba1acf488adfe9142b738630947efdf158e6cd5cab643506
38200114,19,postmenopausal osteoporosis,Disease,MESH:D010024,Osteoporosis,"[{""offset"": 886, ""length"": 27}]","{""identifier"": ""MESH:D010024"", ""type"": ""Disease"", ""valid"": true, ""normalized"": [""D010024""], ""database"": ""ncbi_mesh"", ""normalized_id"": ""D010024"", ""biotype"": ""disease"", ""name"": ""Osteoporosis"", ""accession"": ""@DISEASE_Osteoporosis""}",886,27,1,abstract,[],lexical_candidate_only,data/raw/discovery_pilot/4a74919c786c2d170d4443ae3396d1e857807d8ef61b9992bda6f5e8ef25fd67.json,f4cf64f0bc9f8026ba1acf488adfe9142b738630947efdf158e6cd5cab643506
38200114,20,bone resorption,Disease,MESH:D001862,Bone Resorption,"[{""offset"": 926, ""length"": 15}]","{""identifier"": ""MESH:D001862"", ""type"": ""Disease"", ""valid"": true, ""normalized"": [""D001862""], ""database"": ""ncbi_mesh"", ""normalized_id"": ""D001862"", ""biotype"": ""disease"", ""name"": ""Bone Resorption"", ""accession"": ""@DISEASE_Bone_Resorption""}",926,15,1,abstract,[],lexical_candidate_only,data/raw/discovery_pilot/4a74919c786c2d170d4443ae3396d1e857807d8ef61b9992bda6f5e8ef25fd67.json,f4cf64f0bc9f8026ba1acf488adfe9142b738630947efdf158e6cd5cab643506
38200114,21,alpha-ketoglutarate,Chemical,MESH:D007656,Ketoglutaric Acids,"[{""offset"": 972, ""length"": 19}]","{""identifier"": ""MESH:D007656"", ""type"": ""Chemical"", ""valid"": true, ""normalized"": [""D007656""], ""database"": ""ncbi_mesh"", ""normalized_id"": ""D007656"", ""biotype"": ""chemical"", ""name"": ""Ketoglutaric Acids"", ""accession"": ""@CHEMICAL_Ketoglutaric_Acids""}",972,19,1,abstract,[],lexical_candidate_only,data/raw/discovery_pilot/4a74919c786c2d170d4443ae3396d1e857807d8ef61b9992bda6f5e8ef25fd67.json,f4cf64f0bc9f8026ba1acf488adfe9142b738630947efdf158e6cd5cab643506
38200114,22,"nuclear factor of activated T cells, cytoplasmic 1",Gene,18018,Nfatc1,"[{""offset"": 1086, ""length"": 50}]","{""identifier"": ""18018"", ""type"": ""Gene"", ""ncbi_homologene"": ""32336"", ""valid"": true, ""normalized"": [18018], ""database"": ""ncbi_gene"", ""normalized_id"": 18018, ""biotype"": ""gene"", ""name"": ""Nfatc1"", ""accession"": ""@GENE_NFATC1""}",1086,50,1,abstract,"[""LOCAL:protein:mouse:NFATC1""]",lexical_candidate_only,data/raw/discovery_pilot/4a74919c786c2d170d4443ae3396d1e857807d8ef61b9992bda6f5e8ef25fd67.json,f4cf64f0bc9f8026ba1acf488adfe9142b738630947efdf158e6cd5cab643506
38200114,23,Nfatc1,Gene,18018,Nfatc1,"[{""offset"": 1138, ""length"": 6}]","{""identifier"": ""18018"", ""type"": ""Gene"", ""ncbi_homologene"": ""32336"", ""valid"": true, ""normalized"": [18018], ""database"": ""ncbi_gene"", ""normalized_id"": 18018, ""biotype"": ""gene"", ""name"": ""Nfatc1"", ""accession"": ""@GENE_NFATC1""}",1138,6,1,abstract,"[""LOCAL:protein:mouse:NFATC1""]",lexical_candidate_only,data/raw/discovery_pilot/4a74919c786c2d170d4443ae3396d1e857807d8ef61b9992bda6f5e8ef25fd67.json,f4cf64f0bc9f8026ba1acf488adfe9142b738630947efdf158e6cd5cab643506
38200114,24,NFATc1,Gene,18018,Nfatc1,"[{""offset"": 1175, ""length"": 6}]","{""identifier"": ""18018"", ""type"": ""Gene"", ""ncbi_homologene"": ""32336"", ""valid"": true, ""normalized"": [18018], ""database"": ""ncbi_gene"", ""normalized_id"": 18018, ""biotype"": ""gene"", ""name"": ""Nfatc1"", ""accession"": ""@GENE_NFATC1""}",1175,6,1,abstract,"[""LOCAL:protein:mouse:NFATC1""]",lexical_candidate_only,data/raw/discovery_pilot/4a74919c786c2d170d4443ae3396d1e857807d8ef61b9992bda6f5e8ef25fd67.json,f4cf64f0bc9f8026ba1acf488adfe9142b738630947efdf158e6cd5cab643506
38200114,25,osteoporotic bone loss,Disease,MESH:D058866,Osteoporotic Fractures,"[{""offset"": 1417, ""length"": 22}]","{""identifier"": ""MESH:D058866"", ""type"": ""Disease"", ""valid"": true, ""normalized"": [""D058866""], ""database"": ""ncbi_mesh"", ""normalized_id"": ""D058866"", ""biotype"": ""disease"", ""name"": ""Osteoporotic Fractures"", ""accession"": ""@DISEASE_Osteoporotic_Fractures""}",1417,22,1,abstract,[],lexical_candidate_only,data/raw/discovery_pilot/4a74919c786c2d170d4443ae3396d1e857807d8ef61b9992bda6f5e8ef25fd67.json,f4cf64f0bc9f8026ba1acf488adfe9142b738630947efdf158e6cd5cab643506
40500265,4,Inflammatory,Disease,MESH:D007249,Inflammation,"[{""offset"": 0, ""length"": 12}]","{""identifier"": ""MESH:D007249"", ""type"": ""Disease"", ""valid"": true, ""normalized"": [""D007249""], ""database"": ""ncbi_mesh"", ""normalized_id"": ""D007249"", ""biotype"": ""disease"", ""name"": ""Inflammation"", ""accession"": ""@DISEASE_Inflammation""}",0,12,0,title,[],lexical_candidate_only,data/raw/discovery_pilot/4a74919c786c2d170d4443ae3396d1e857807d8ef61b9992bda6f5e8ef25fd67.json,f4cf64f0bc9f8026ba1acf488adfe9142b738630947efdf158e6cd5cab643506
40500265,5,itaconate,Chemical,MESH:C005229,itaconic acid,"[{""offset"": 32, ""length"": 9}]","{""identifier"": ""MESH:C005229"", ""type"": ""Chemical"", ""valid"": true, ""normalized"": [""C005229""], ""database"": ""ncbi_mesh"", ""normalized_id"": ""C005229"", ""biotype"": ""chemical"", ""name"": ""itaconic acid"", ""accession"": ""@CHEMICAL_itaconic_acid""}",32,9,0,title,"[""CHEBI:30805""]",lexical_candidate_only,data/raw/discovery_pilot/4a74919c786c2d170d4443ae3396d1e857807d8ef61b9992bda6f5e8ef25fd67.json,f4cf64f0bc9f8026ba1acf488adfe9142b738630947efdf158e6cd5cab643506
40500265,6,TET2,Gene,54790,TET2,"[{""offset"": 67, ""length"": 4}]","{""identifier"": ""54790"", ""type"": ""Gene"", ""ncbi_homologene"": ""49498"", ""valid"": true, ""normalized"": [54790], ""database"": ""ncbi_gene"", ""normalized_id"": 54790, ""biotype"": ""gene"", ""name"": ""TET2"", ""accession"": ""@GENE_TET2""}",67,4,0,title,"[""LOCAL:protein:mouse:TET2""]",lexical_candidate_only,data/raw/discovery_pilot/4a74919c786c2d170d4443ae3396d1e857807d8ef61b9992bda6f5e8ef25fd67.json,f4cf64f0bc9f8026ba1acf488adfe9142b738630947efdf158e6cd5cab643506
40500265,7,rheumatoid arthritis,Disease,MESH:D001172,Arthritis Rheumatoid,"[{""offset"": 118, ""length"": 20}]","{""identifier"": ""MESH:D001172"", ""type"": ""Disease"", ""valid"": true, ""normalized"": [""D001172""], ""database"": ""ncbi_mesh"", ""normalized_id"": ""D001172"", ""biotype"": ""disease"", ""name"": ""Arthritis Rheumatoid"", ""accession"": ""@DISEASE_Arthritis_Rheumatoid""}",118,20,0,title,[],lexical_candidate_only,data/raw/discovery_pilot/4a74919c786c2d170d4443ae3396d1e857807d8ef61b9992bda6f5e8ef25fd67.json,f4cf64f0bc9f8026ba1acf488adfe9142b738630947efdf158e6cd5cab643506
40500265,34,Itaconate,Chemical,MESH:C005229,itaconic acid,"[{""offset"": 140, ""length"": 9}]","{""identifier"": ""MESH:C005229"", ""type"": ""Chemical"", ""valid"": true, ""normalized"": [""C005229""], ""database"": ""ncbi_mesh"", ""normalized_id"": ""C005229"", ""biotype"": ""chemical"", ""name"": ""itaconic acid"", ""accession"": ""@CHEMICAL_itaconic_acid""}",140,9,1,abstract,"[""CHEBI:30805""]",lexical_candidate_only,data/raw/discovery_pilot/4a74919c786c2d170d4443ae3396d1e857807d8ef61b9992bda6f5e8ef25fd67.json,f4cf64f0bc9f8026ba1acf488adfe9142b738630947efdf158e6cd5cab643506
40500265,35,inflammatory,Disease,MESH:D007249,Inflammation,"[{""offset"": 178, ""length"": 12}]","{""identifier"": ""MESH:D007249"", ""type"": ""Disease"", ""valid"": true, ""normalized"": [""D007249""], ""database"": ""ncbi_mesh"", ""normalized_id"": ""D007249"", ""biotype"": ""disease"", ""name"": ""Inflammation"", ""accession"": ""@DISEASE_Inflammation""}",178,12,1,abstract,[],lexical_candidate_only,data/raw/discovery_pilot/4a74919c786c2d170d4443ae3396d1e857807d8ef61b9992bda6f5e8ef25fd67.json,f4cf64f0bc9f8026ba1acf488adfe9142b738630947efdf158e6cd5cab643506
40500265,36,rheumatoid arthritis,Disease,MESH:D001172,Arthritis Rheumatoid,"[{""offset"": 251, ""length"": 20}]","{""identifier"": ""MESH:D001172"", ""type"": ""Disease"", ""valid"": true, ""normalized"": [""D001172""], ""database"": ""ncbi_mesh"", ""normalized_id"": ""D001172"", ""biotype"": ""disease"", ""name"": ""Arthritis Rheumatoid"", ""accession"": ""@DISEASE_Arthritis_Rheumatoid""}",251,20,1,abstract,[],lexical_candidate_only,data/raw/discovery_pilot/4a74919c786c2d170d4443ae3396d1e857807d8ef61b9992bda6f5e8ef25fd67.json,f4cf64f0bc9f8026ba1acf488adfe9142b738630947efdf158e6cd5cab643506
40500265,37,itaconate,Chemical,MESH:C005229,itaconic acid,"[{""offset"": 300, ""length"": 9}]","{""identifier"": ""MESH:C005229"", ""type"": ""Chemical"", ""valid"": true, ""normalized"": [""C005229""], ""database"": ""ncbi_mesh"", ""normalized_id"": ""C005229"", ""biotype"": ""chemical"", ""name"": ""itaconic acid"", ""accession"": ""@CHEMICAL_itaconic_acid""}",300,9,1,abstract,"[""CHEBI:30805""]",lexical_candidate_only,data/raw/discovery_pilot/4a74919c786c2d170d4443ae3396d1e857807d8ef61b9992bda6f5e8ef25fd67.json,f4cf64f0bc9f8026ba1acf488adfe9142b738630947efdf158e6cd5cab643506
40500265,38,TNF-a,Gene,7124,TNF,"[{""offset"": 315, ""length"": 5}]","{""identifier"": ""7124"", ""type"": ""Gene"", ""ncbi_homologene"": ""496"", ""valid"": true, ""normalized"": [7124], ""database"": ""ncbi_gene"", ""normalized_id"": 7124, ""biotype"": ""gene"", ""name"": ""TNF"", ""accession"": ""@GENE_TNF""}",315,5,1,abstract,"[""LOCAL:protein:mouse:TNF""]",lexical_candidate_only,data/raw/discovery_pilot/4a74919c786c2d170d4443ae3396d1e857807d8ef61b9992bda6f5e8ef25fd67.json,f4cf64f0bc9f8026ba1acf488adfe9142b738630947efdf158e6cd5cab643506
40500265,39,rheumatoid arthritis,Disease,MESH:D001172,Arthritis Rheumatoid,"[{""offset"": 401, ""length"": 20}]","{""identifier"": ""MESH:D001172"", ""type"": ""Disease"", ""valid"": true, ""normalized"": [""D001172""], ""database"": ""ncbi_mesh"", ""normalized_id"": ""D001172"", ""biotype"": ""disease"", ""name"": ""Arthritis Rheumatoid"", ""accession"": ""@DISEASE_Arthritis_Rheumatoid""}",401,20,1,abstract,[],lexical_candidate_only,data/raw/discovery_pilot/4a74919c786c2d170d4443ae3396d1e857807d8ef61b9992bda6f5e8ef25fd67.json,f4cf64f0bc9f8026ba1acf488adfe9142b738630947efdf158e6cd5cab643506
40500265,40,patients,Species,9606,9606,"[{""offset"": 422, ""length"": 8}]","{""identifier"": ""9606"", ""type"": ""Species"", ""valid"": true, ""normalized"": [9606], ""database"": ""ncbi_taxonomy"", ""normalized_id"": 9606, ""biotype"": ""species"", ""name"": ""9606"", ""accession"": null}",422,8,1,abstract,[],lexical_candidate_only,data/raw/discovery_pilot/4a74919c786c2d170d4443ae3396d1e857807d8ef61b9992bda6f5e8ef25fd67.json,f4cf64f0bc9f8026ba1acf488adfe9142b738630947efdf158e6cd5cab643506
40500265,41,itaconate,Chemical,MESH:C005229,itaconic acid,"[{""offset"": 456, ""length"": 9}]","{""identifier"": ""MESH:C005229"", ""type"": ""Chemical"", ""valid"": true, ""normalized"": [""C005229""], ""database"": ""ncbi_mesh"", ""normalized_id"": ""C005229"", ""biotype"": ""chemical"", ""name"": ""itaconic acid"", ""accession"": ""@CHEMICAL_itaconic_acid""}",456,9,1,abstract,"[""CHEBI:30805""]",lexical_candidate_only,data/raw/discovery_pilot/4a74919c786c2d170d4443ae3396d1e857807d8ef61b9992bda6f5e8ef25fd67.json,f4cf64f0bc9f8026ba1acf488adfe9142b738630947efdf158e6cd5cab643506
40500265,42,inflammatory,Disease,MESH:D007249,Inflammation,"[{""offset"": 491, ""length"": 12}]","{""identifier"": ""MESH:D007249"", ""type"": ""Disease"", ""valid"": true, ""normalized"": [""D007249""], ""database"": ""ncbi_mesh"", ""normalized_id"": ""D007249"", ""biotype"": ""disease"", ""name"": ""Inflammation"", ""accession"": ""@DISEASE_Inflammation""}",491,12,1,abstract,[],lexical_candidate_only,data/raw/discovery_pilot/4a74919c786c2d170d4443ae3396d1e857807d8ef61b9992bda6f5e8ef25fd67.json,f4cf64f0bc9f8026ba1acf488adfe9142b738630947efdf158e6cd5cab643506
40500265,43,TNF,Gene,7124,TNF,"[{""offset"": 559, ""length"": 3}]","{""identifier"": ""7124"", ""type"": ""Gene"", ""ncbi_homologene"": ""496"", ""valid"": true, ""normalized"": [7124], ""database"": ""ncbi_gene"", ""normalized_id"": 7124, ""biotype"": ""gene"", ""name"": ""TNF"", ""accession"": ""@GENE_TNF""}",559,3,1,abstract,"[""LOCAL:protein:mouse:TNF""]",lexical_candidate_only,data/raw/discovery_pilot/4a74919c786c2d170d4443ae3396d1e857807d8ef61b9992bda6f5e8ef25fd67.json,f4cf64f0bc9f8026ba1acf488adfe9142b738630947efdf158e6cd5cab643506
40500265,44,Irg1,Gene,730249,ACOD1,"[{""offset"": 578, ""length"": 4}]","{""identifier"": ""730249"", ""type"": ""Gene"", ""ncbi_homologene"": ""35405"", ""valid"": true, ""normalized"": [730249], ""database"": ""ncbi_gene"", ""normalized_id"": 730249, ""biotype"": ""gene"", ""name"": ""ACOD1"", ""accession"": ""@GENE_ACOD1""}",578,4,1,abstract,"[""LOCAL:protein:mouse:ACOD1""]",lexical_candidate_only,data/raw/discovery_pilot/4a74919c786c2d170d4443ae3396d1e857807d8ef61b9992bda6f5e8ef25fd67.json,f4cf64f0bc9f8026ba1acf488adfe9142b738630947efdf158e6cd5cab643506
40500265,45,mice,Species,10090,10090,"[{""offset"": 604, ""length"": 4}]","{""identifier"": ""10090"", ""type"": ""Species"", ""valid"": true, ""normalized"": [10090], ""database"": ""ncbi_taxonomy"", ""normalized_id"": 10090, ""biotype"": ""species"", ""name"": ""10090"", ""accession"": null}",604,4,1,abstract,[],lexical_candidate_only,data/raw/discovery_pilot/4a74919c786c2d170d4443ae3396d1e857807d8ef61b9992bda6f5e8ef25fd67.json,f4cf64f0bc9f8026ba1acf488adfe9142b738630947efdf158e6cd5cab643506
40500265,46,bone destruction,Disease,MESH:D001847,Bone Diseases,"[{""offset"": 624, ""length"": 16}]","{""identifier"": ""MESH:D001847"", ""type"": ""Disease"", ""valid"": true, ""normalized"": [""D001847""], ""database"": ""ncbi_mesh"", ""normalized_id"": ""D001847"", ""biotype"": ""disease"", ""name"": ""Bone Diseases"", ""accession"": ""@DISEASE_Bone_Diseases""}",624,16,1,abstract,[],lexical_candidate_only,data/raw/discovery_pilot/4a74919c786c2d170d4443ae3396d1e857807d8ef61b9992bda6f5e8ef25fd67.json,f4cf64f0bc9f8026ba1acf488adfe9142b738630947efdf158e6cd5cab643506
40500265,47,itaconate,Chemical,MESH:C005229,itaconic acid,"[{""offset"": 683, ""length"": 9}]","{""identifier"": ""MESH:C005229"", ""type"": ""Chemical"", ""valid"": true, ""normalized"": [""C005229""], ""database"": ""ncbi_mesh"", ""normalized_id"": ""C005229"", ""biotype"": ""chemical"", ""name"": ""itaconic acid"", ""accession"": ""@CHEMICAL_itaconic_acid""}",683,9,1,abstract,"[""CHEBI:30805""]",lexical_candidate_only,data/raw/discovery_pilot/4a74919c786c2d170d4443ae3396d1e857807d8ef61b9992bda6f5e8ef25fd67.json,f4cf64f0bc9f8026ba1acf488adfe9142b738630947efdf158e6cd5cab643506
40500265,48,Tet2,Gene,54790,TET2,"[{""offset"": 752, ""length"": 4}]","{""identifier"": ""54790"", ""type"": ""Gene"", ""ncbi_homologene"": ""49498"", ""valid"": true, ""normalized"": [54790], ""database"": ""ncbi_gene"", ""normalized_id"": 54790, ""biotype"": ""gene"", ""name"": ""TET2"", ""accession"": ""@GENE_TET2""}",752,4,1,abstract,"[""LOCAL:protein:mouse:TET2""]",lexical_candidate_only,data/raw/discovery_pilot/4a74919c786c2d170d4443ae3396d1e857807d8ef61b9992bda6f5e8ef25fd67.json,f4cf64f0bc9f8026ba1acf488adfe9142b738630947efdf158e6cd5cab643506
40500265,49,itaconate,Chemical,MESH:C005229,itaconic acid,"[{""offset"": 815, ""length"": 9}]","{""identifier"": ""MESH:C005229"", ""type"": ""Chemical"", ""valid"": true, ""normalized"": [""C005229""], ""database"": ""ncbi_mesh"", ""normalized_id"": ""C005229"", ""biotype"": ""chemical"", ""name"": ""itaconic acid"", ""accession"": ""@CHEMICAL_itaconic_acid""}",815,9,1,abstract,"[""CHEBI:30805""]",lexical_candidate_only,data/raw/discovery_pilot/4a74919c786c2d170d4443ae3396d1e857807d8ef61b9992bda6f5e8ef25fd67.json,f4cf64f0bc9f8026ba1acf488adfe9142b738630947efdf158e6cd5cab643506
40500265,50,4-octyl-itaconate,Chemical,MESH:C000708109,4-octyl itaconate,"[{""offset"": 844, ""length"": 17}]","{""identifier"": ""MESH:C000708109"", ""type"": ""Chemical"", ""valid"": true, ""normalized"": [""C000708109""], ""database"": ""ncbi_mesh"", ""normalized_id"": ""C000708109"", ""biotype"": ""chemical"", ""name"": ""4-octyl itaconate"", ""accession"": ""@CHEMICAL_4_octyl_itaconate""}",844,17,1,abstract,[],lexical_candidate_only,data/raw/discovery_pilot/4a74919c786c2d170d4443ae3396d1e857807d8ef61b9992bda6f5e8ef25fd67.json,f4cf64f0bc9f8026ba1acf488adfe9142b738630947efdf158e6cd5cab643506
40500265,51,arthritis,Disease,MESH:D001168,Arthritis,"[{""offset"": 872, ""length"": 9}]","{""identifier"": ""MESH:D001168"", ""type"": ""Disease"", ""valid"": true, ""normalized"": [""D001168""], ""database"": ""ncbi_mesh"", ""normalized_id"": ""D001168"", ""biotype"": ""disease"", ""name"": ""Arthritis"", ""accession"": ""@DISEASE_Arthritis""}",872,9,1,abstract,[],lexical_candidate_only,data/raw/discovery_pilot/4a74919c786c2d170d4443ae3396d1e857807d8ef61b9992bda6f5e8ef25fd67.json,f4cf64f0bc9f8026ba1acf488adfe9142b738630947efdf158e6cd5cab643506
40500265,52,bone destruction,Disease,MESH:D001847,Bone Diseases,"[{""offset"": 908, ""length"": 16}]","{""identifier"": ""MESH:D001847"", ""type"": ""Disease"", ""valid"": true, ""normalized"": [""D001847""], ""database"": ""ncbi_mesh"", ""normalized_id"": ""D001847"", ""biotype"": ""disease"", ""name"": ""Bone Diseases"", ""accession"": ""@DISEASE_Bone_Diseases""}",908,16,1,abstract,[],lexical_candidate_only,data/raw/discovery_pilot/4a74919c786c2d170d4443ae3396d1e857807d8ef61b9992bda6f5e8ef25fd67.json,f4cf64f0bc9f8026ba1acf488adfe9142b738630947efdf158e6cd5cab643506
40500265,53,rheumatoid arthritis,Disease,MESH:D001172,Arthritis Rheumatoid,"[{""offset"": 972, ""length"": 20}]","{""identifier"": ""MESH:D001172"", ""type"": ""Disease"", ""valid"": true, ""normalized"": [""D001172""], ""database"": ""ncbi_mesh"", ""normalized_id"": ""D001172"", ""biotype"": ""disease"", ""name"": ""Arthritis Rheumatoid"", ""accession"": ""@DISEASE_Arthritis_Rheumatoid""}",972,20,1,abstract,[],lexical_candidate_only,data/raw/discovery_pilot/4a74919c786c2d170d4443ae3396d1e857807d8ef61b9992bda6f5e8ef25fd67.json,f4cf64f0bc9f8026ba1acf488adfe9142b738630947efdf158e6cd5cab643506
40500265,54,TNF-a,Gene,7124,TNF,"[{""offset"": 1021, ""length"": 5}]","{""identifier"": ""7124"", ""type"": ""Gene"", ""ncbi_homologene"": ""496"", ""valid"": true, ""normalized"": [7124], ""database"": ""ncbi_gene"", ""normalized_id"": 7124, ""biotype"": ""gene"", ""name"": ""TNF"", ""accession"": ""@GENE_TNF""}",1021,5,1,abstract,"[""LOCAL:protein:mouse:TNF""]",lexical_candidate_only,data/raw/discovery_pilot/4a74919c786c2d170d4443ae3396d1e857807d8ef61b9992bda6f5e8ef25fd67.json,f4cf64f0bc9f8026ba1acf488adfe9142b738630947efdf158e6cd5cab643506
40500265,55,itaconate,Chemical,MESH:C005229,itaconic acid,"[{""offset"": 1053, ""length"": 9}]","{""identifier"": ""MESH:C005229"", ""type"": ""Chemical"", ""valid"": true, ""normalized"": [""C005229""], ""database"": ""ncbi_mesh"", ""normalized_id"": ""C005229"", ""biotype"": ""chemical"", ""name"": ""itaconic acid"", ""accession"": ""@CHEMICAL_itaconic_acid""}",1053,9,1,abstract,"[""CHEBI:30805""]",lexical_candidate_only,data/raw/discovery_pilot/4a74919c786c2d170d4443ae3396d1e857807d8ef61b9992bda6f5e8ef25fd67.json,f4cf64f0bc9f8026ba1acf488adfe9142b738630947efdf158e6cd5cab643506
40500265,56,Tet2,Gene,54790,TET2,"[{""offset"": 1136, ""length"": 4}]","{""identifier"": ""54790"", ""type"": ""Gene"", ""ncbi_homologene"": ""49498"", ""valid"": true, ""normalized"": [54790], ""database"": ""ncbi_gene"", ""normalized_id"": 54790, ""biotype"": ""gene"", ""name"": ""TET2"", ""accession"": ""@GENE_TET2""}",1136,4,1,abstract,"[""LOCAL:protein:mouse:TET2""]",lexical_candidate_only,data/raw/discovery_pilot/4a74919c786c2d170d4443ae3396d1e857807d8ef61b9992bda6f5e8ef25fd67.json,f4cf64f0bc9f8026ba1acf488adfe9142b738630947efdf158e6cd5cab643506
40500265,57,itaconate,Chemical,MESH:C005229,itaconic acid,"[{""offset"": 1166, ""length"": 9}]","{""identifier"": ""MESH:C005229"", ""type"": ""Chemical"", ""valid"": true, ""normalized"": [""C005229""], ""database"": ""ncbi_mesh"", ""normalized_id"": ""C005229"", ""biotype"": ""chemical"", ""name"": ""itaconic acid"", ""accession"": ""@CHEMICAL_itaconic_acid""}",1166,9,1,abstract,"[""CHEBI:30805""]",lexical_candidate_only,data/raw/discovery_pilot/4a74919c786c2d170d4443ae3396d1e857807d8ef61b9992bda6f5e8ef25fd67.json,f4cf64f0bc9f8026ba1acf488adfe9142b738630947efdf158e6cd5cab643506
40500265,58,rheumatoid arthritis,Disease,MESH:D001172,Arthritis Rheumatoid,"[{""offset"": 1234, ""length"": 20}]","{""identifier"": ""MESH:D001172"", ""type"": ""Disease"", ""valid"": true, ""normalized"": [""D001172""], ""database"": ""ncbi_mesh"", ""normalized_id"": ""D001172"", ""biotype"": ""disease"", ""name"": ""Arthritis Rheumatoid"", ""accession"": ""@DISEASE_Arthritis_Rheumatoid""}",1234,20,1,abstract,[],lexical_candidate_only,data/raw/discovery_pilot/4a74919c786c2d170d4443ae3396d1e857807d8ef61b9992bda6f5e8ef25fd67.json,f4cf64f0bc9f8026ba1acf488adfe9142b738630947efdf158e6cd5cab643506
40500265,59,bone destruction,Disease,MESH:D001847,Bone Diseases,"[{""offset"": 1267, ""length"": 16}]","{""identifier"": ""MESH:D001847"", ""type"": ""Disease"", ""valid"": true, ""normalized"": [""D001847""], ""database"": ""ncbi_mesh"", ""normalized_id"": ""D001847"", ""biotype"": ""disease"", ""name"": ""Bone Diseases"", ""accession"": ""@DISEASE_Bone_Diseases""}",1267,16,1,abstract,[],lexical_candidate_only,data/raw/discovery_pilot/4a74919c786c2d170d4443ae3396d1e857807d8ef61b9992bda6f5e8ef25fd67.json,f4cf64f0bc9f8026ba1acf488adfe9142b738630947efdf158e6cd5cab643506
41349947,3,methionine,Chemical,MESH:D008715,Methionine,"[{""offset"": 40, ""length"": 10}]","{""identifier"": ""MESH:D008715"", ""type"": ""Chemical"", ""valid"": true, ""normalized"": [""D008715""], ""database"": ""ncbi_mesh"", ""normalized_id"": ""D008715"", ""biotype"": ""chemical"", ""name"": ""Methionine"", ""accession"": ""@CHEMICAL_Methionine""}",40,10,0,title,[],lexical_candidate_only,data/raw/discovery_pilot/4a74919c786c2d170d4443ae3396d1e857807d8ef61b9992bda6f5e8ef25fd67.json,f4cf64f0bc9f8026ba1acf488adfe9142b738630947efdf158e6cd5cab643506
41349947,4,skeletal fluorosis,Disease,MESH:D009050,Fluorosis Dental,"[{""offset"": 73, ""length"": 18}]","{""identifier"": ""MESH:D009050"", ""type"": ""Disease"", ""valid"": true, ""normalized"": [""D009050""], ""database"": ""ncbi_mesh"", ""normalized_id"": ""D009050"", ""biotype"": ""disease"", ""name"": ""Fluorosis Dental"", ""accession"": ""@DISEASE_Fluorosis_Dental""}",73,18,0,title,[],lexical_candidate_only,data/raw/discovery_pilot/4a74919c786c2d170d4443ae3396d1e857807d8ef61b9992bda6f5e8ef25fd67.json,f4cf64f0bc9f8026ba1acf488adfe9142b738630947efdf158e6cd5cab643506
41349947,5,Siglec-15,Gene,498888,Siglec15,"[{""offset"": 101, ""length"": 9}]","{""identifier"": ""498888"", ""type"": ""Gene"", ""ncbi_homologene"": ""52643"", ""valid"": true, ""normalized"": [498888], ""database"": ""ncbi_gene"", ""normalized_id"": 498888, ""biotype"": ""gene"", ""name"": ""Siglec15"", ""accession"": ""@GENE_SIGLEC15""}",101,9,0,title,[],lexical_candidate_only,data/raw/discovery_pilot/4a74919c786c2d170d4443ae3396d1e857807d8ef61b9992bda6f5e8ef25fd67.json,f4cf64f0bc9f8026ba1acf488adfe9142b738630947efdf158e6cd5cab643506
41349947,46,Skeletal fluorosis,Disease,MESH:D009050,Fluorosis Dental,"[{""offset"": 124, ""length"": 18}]","{""identifier"": ""MESH:D009050"", ""type"": ""Disease"", ""valid"": true, ""normalized"": [""D009050""], ""database"": ""ncbi_mesh"", ""normalized_id"": ""D009050"", ""biotype"": ""disease"", ""name"": ""Fluorosis Dental"", ""accession"": ""@DISEASE_Fluorosis_Dental""}",124,18,1,abstract,[],lexical_candidate_only,data/raw/discovery_pilot/4a74919c786c2d170d4443ae3396d1e857807d8ef61b9992bda6f5e8ef25fd67.json,f4cf64f0bc9f8026ba1acf488adfe9142b738630947efdf158e6cd5cab643506
41349947,47,osteosclerosis,Disease,MESH:D010026,Osteosclerosis,"[{""offset"": 228, ""length"": 14}]","{""identifier"": ""MESH:D010026"", ""type"": ""Disease"", ""valid"": true, ""normalized"": [""D010026""], ""database"": ""ncbi_mesh"", ""normalized_id"": ""D010026"", ""biotype"": ""disease"", ""name"": ""Osteosclerosis"", ""accession"": ""@DISEASE_Osteosclerosis""}",228,14,1,abstract,[],lexical_candidate_only,data/raw/discovery_pilot/4a74919c786c2d170d4443ae3396d1e857807d8ef61b9992bda6f5e8ef25fd67.json,f4cf64f0bc9f8026ba1acf488adfe9142b738630947efdf158e6cd5cab643506
41349947,48,osteoporosis,Disease,MESH:D010024,Osteoporosis,"[{""offset"": 244, ""length"": 12}]","{""identifier"": ""MESH:D010024"", ""type"": ""Disease"", ""valid"": true, ""normalized"": [""D010024""], ""database"": ""ncbi_mesh"", ""normalized_id"": ""D010024"", ""biotype"": ""disease"", ""name"": ""Osteoporosis"", ""accession"": ""@DISEASE_Osteoporosis""}",244,12,1,abstract,[],lexical_candidate_only,data/raw/discovery_pilot/4a74919c786c2d170d4443ae3396d1e857807d8ef61b9992bda6f5e8ef25fd67.json,f4cf64f0bc9f8026ba1acf488adfe9142b738630947efdf158e6cd5cab643506
41349947,49,osteomalacia,Disease,MESH:D010018,Osteomalacia,"[{""offset"": 262, ""length"": 12}]","{""identifier"": ""MESH:D010018"", ""type"": ""Disease"", ""valid"": true, ""normalized"": [""D010018""], ""database"": ""ncbi_mesh"", ""normalized_id"": ""D010018"", ""biotype"": ""disease"", ""name"": ""Osteomalacia"", ""accession"": ""@DISEASE_Osteomalacia""}",262,12,1,abstract,[],lexical_candidate_only,data/raw/discovery_pilot/4a74919c786c2d170d4443ae3396d1e857807d8ef61b9992bda6f5e8ef25fd67.json,f4cf64f0bc9f8026ba1acf488adfe9142b738630947efdf158e6cd5cab643506
41349947,50,skeletal fluorosis,Disease,MESH:D009050,Fluorosis Dental,"[{""offset"": 331, ""length"": 18}]","{""identifier"": ""MESH:D009050"", ""type"": ""Disease"", ""valid"": true, ""normalized"": [""D009050""], ""database"": ""ncbi_mesh"", ""normalized_id"": ""D009050"", ""biotype"": ""disease"", ""name"": ""Fluorosis Dental"", ""accession"": ""@DISEASE_Fluorosis_Dental""}",331,18,1,abstract,[],lexical_candidate_only,data/raw/discovery_pilot/4a74919c786c2d170d4443ae3396d1e857807d8ef61b9992bda6f5e8ef25fd67.json,f4cf64f0bc9f8026ba1acf488adfe9142b738630947efdf158e6cd5cab643506
41349947,51,skeletal fluorosis,Disease,MESH:D009050,Fluorosis Dental,"[{""offset"": 415, ""length"": 18}]","{""identifier"": ""MESH:D009050"", ""type"": ""Disease"", ""valid"": true, ""normalized"": [""D009050""], ""database"": ""ncbi_mesh"", ""normalized_id"": ""D009050"", ""biotype"": ""disease"", ""name"": ""Fluorosis Dental"", ""accession"": ""@DISEASE_Fluorosis_Dental""}",415,18,1,abstract,[],lexical_candidate_only,data/raw/discovery_pilot/4a74919c786c2d170d4443ae3396d1e857807d8ef61b9992bda6f5e8ef25fd67.json,f4cf64f0bc9f8026ba1acf488adfe9142b738630947efdf158e6cd5cab643506
41349947,52,Methionine,Chemical,MESH:D008715,Methionine,"[{""offset"": 539, ""length"": 10}]","{""identifier"": ""MESH:D008715"", ""type"": ""Chemical"", ""valid"": true, ""normalized"": [""D008715""], ""database"": ""ncbi_mesh"", ""normalized_id"": ""D008715"", ""biotype"": ""chemical"", ""name"": ""Methionine"", ""accession"": ""@CHEMICAL_Methionine""}",539,10,1,abstract,[],lexical_candidate_only,data/raw/discovery_pilot/4a74919c786c2d170d4443ae3396d1e857807d8ef61b9992bda6f5e8ef25fd67.json,f4cf64f0bc9f8026ba1acf488adfe9142b738630947efdf158e6cd5cab643506
41349947,53,S-adenosylmethionine,Chemical,MESH:D012436,S-Adenosylmethionine,"[{""offset"": 625, ""length"": 20}]","{""identifier"": ""MESH:D012436"", ""type"": ""Chemical"", ""valid"": true, ""normalized"": [""D012436""], ""database"": ""ncbi_mesh"", ""normalized_id"": ""D012436"", ""biotype"": ""chemical"", ""name"": ""S-Adenosylmethionine"", ""accession"": ""@CHEMICAL_S_Adenosylmethionine""}",625,20,1,abstract,[],lexical_candidate_only,data/raw/discovery_pilot/4a74919c786c2d170d4443ae3396d1e857807d8ef61b9992bda6f5e8ef25fd67.json,f4cf64f0bc9f8026ba1acf488adfe9142b738630947efdf158e6cd5cab643506
41349947,54,methionine,Chemical,MESH:D008715,Methionine,"[{""offset"": 725, ""length"": 10}]","{""identifier"": ""MESH:D008715"", ""type"": ""Chemical"", ""valid"": true, ""normalized"": [""D008715""], ""database"": ""ncbi_mesh"", ""normalized_id"": ""D008715"", ""biotype"": ""chemical"", ""name"": ""Methionine"", ""accession"": ""@CHEMICAL_Methionine""}",725,10,1,abstract,[],lexical_candidate_only,data/raw/discovery_pilot/4a74919c786c2d170d4443ae3396d1e857807d8ef61b9992bda6f5e8ef25fd67.json,f4cf64f0bc9f8026ba1acf488adfe9142b738630947efdf158e6cd5cab643506
41349947,55,bone turnover abnormalities,Disease,MESH:D001847,Bone Diseases,"[{""offset"": 739, ""length"": 27}]","{""identifier"": ""MESH:D001847"", ""type"": ""Disease"", ""valid"": true, ""normalized"": [""D001847""], ""database"": ""ncbi_mesh"", ""normalized_id"": ""D001847"", ""biotype"": ""disease"", ""name"": ""Bone Diseases"", ""accession"": ""@DISEASE_Bone_Diseases""}",739,27,1,abstract,[],lexical_candidate_only,data/raw/discovery_pilot/4a74919c786c2d170d4443ae3396d1e857807d8ef61b9992bda6f5e8ef25fd67.json,f4cf64f0bc9f8026ba1acf488adfe9142b738630947efdf158e6cd5cab643506
41349947,56,rats,Species,10116,10116,"[{""offset"": 770, ""length"": 4}]","{""identifier"": ""10116"", ""type"": ""Species"", ""valid"": true, ""normalized"": [10116], ""database"": ""ncbi_taxonomy"", ""normalized_id"": 10116, ""biotype"": ""species"", ""name"": ""10116"", ""accession"": null}",770,4,1,abstract,[],lexical_candidate_only,data/raw/discovery_pilot/4a74919c786c2d170d4443ae3396d1e857807d8ef61b9992bda6f5e8ef25fd67.json,f4cf64f0bc9f8026ba1acf488adfe9142b738630947efdf158e6cd5cab643506
41349947,57,skeletal fluorosis,Disease,MESH:D009050,Fluorosis Dental,"[{""offset"": 799, ""length"": 18}]","{""identifier"": ""MESH:D009050"", ""type"": ""Disease"", ""valid"": true, ""normalized"": [""D009050""], ""database"": ""ncbi_mesh"", ""normalized_id"": ""D009050"", ""biotype"": ""disease"", ""name"": ""Fluorosis Dental"", ""accession"": ""@DISEASE_Fluorosis_Dental""}",799,18,1,abstract,[],lexical_candidate_only,data/raw/discovery_pilot/4a74919c786c2d170d4443ae3396d1e857807d8ef61b9992bda6f5e8ef25fd67.json,f4cf64f0bc9f8026ba1acf488adfe9142b738630947efdf158e6cd5cab643506
41349947,58,osteoporotic,Disease,MESH:D058866,Osteoporotic Fractures,"[{""offset"": 905, ""length"": 12}]","{""identifier"": ""MESH:D058866"", ""type"": ""Disease"", ""valid"": true, ""normalized"": [""D058866""], ""database"": ""ncbi_mesh"", ""normalized_id"": ""D058866"", ""biotype"": ""disease"", ""name"": ""Osteoporotic Fractures"", ""accession"": ""@DISEASE_Osteoporotic_Fractures""}",905,12,1,abstract,[],lexical_candidate_only,data/raw/discovery_pilot/4a74919c786c2d170d4443ae3396d1e857807d8ef61b9992bda6f5e8ef25fd67.json,f4cf64f0bc9f8026ba1acf488adfe9142b738630947efdf158e6cd5cab643506
41349947,59,osteomalacic skeletal fluorosis,Disease,MESH:D009050,Fluorosis Dental,"[{""offset"": 918, ""length"": 31}]","{""identifier"": ""MESH:D009050"", ""type"": ""Disease"", ""valid"": true, ""normalized"": [""D009050""], ""database"": ""ncbi_mesh"", ""normalized_id"": ""D009050"", ""biotype"": ""disease"", ""name"": ""Fluorosis Dental"", ""accession"": ""@DISEASE_Fluorosis_Dental""}",918,31,1,abstract,[],lexical_candidate_only,data/raw/discovery_pilot/4a74919c786c2d170d4443ae3396d1e857807d8ef61b9992bda6f5e8ef25fd67.json,f4cf64f0bc9f8026ba1acf488adfe9142b738630947efdf158e6cd5cab643506
41349947,60,methionine,Chemical,MESH:D008715,Methionine,"[{""offset"": 957, ""length"": 10}]","{""identifier"": ""MESH:D008715"", ""type"": ""Chemical"", ""valid"": true, ""normalized"": [""D008715""], ""database"": ""ncbi_mesh"", ""normalized_id"": ""D008715"", ""biotype"": ""chemical"", ""name"": ""Methionine"", ""accession"": ""@CHEMICAL_Methionine""}",957,10,1,abstract,[],lexical_candidate_only,data/raw/discovery_pilot/4a74919c786c2d170d4443ae3396d1e857807d8ef61b9992bda6f5e8ef25fd67.json,f4cf64f0bc9f8026ba1acf488adfe9142b738630947efdf158e6cd5cab643506
41349947,61,Siglec-15,Gene,498888,Siglec15,"[{""offset"": 1063, ""length"": 9}]","{""identifier"": ""498888"", ""type"": ""Gene"", ""ncbi_homologene"": ""52643"", ""valid"": true, ""normalized"": [498888], ""database"": ""ncbi_gene"", ""normalized_id"": 498888, ""biotype"": ""gene"", ""name"": ""Siglec15"", ""accession"": ""@GENE_SIGLEC15""}",1063,9,1,abstract,[],lexical_candidate_only,data/raw/discovery_pilot/4a74919c786c2d170d4443ae3396d1e857807d8ef61b9992bda6f5e8ef25fd67.json,f4cf64f0bc9f8026ba1acf488adfe9142b738630947efdf158e6cd5cab643506
41349947,62,fluoride,Chemical,MESH:D005459,Fluorides,"[{""offset"": 1076, ""length"": 8}]","{""identifier"": ""MESH:D005459"", ""type"": ""Chemical"", ""valid"": true, ""normalized"": [""D005459""], ""database"": ""ncbi_mesh"", ""normalized_id"": ""D005459"", ""biotype"": ""chemical"", ""name"": ""Fluorides"", ""accession"": ""@CHEMICAL_Fluorides""}",1076,8,1,abstract,[],lexical_candidate_only,data/raw/discovery_pilot/4a74919c786c2d170d4443ae3396d1e857807d8ef61b9992bda6f5e8ef25fd67.json,f4cf64f0bc9f8026ba1acf488adfe9142b738630947efdf158e6cd5cab643506
41349947,63,methionine,Chemical,MESH:D008715,Methionine,"[{""offset"": 1197, ""length"": 10}]","{""identifier"": ""MESH:D008715"", ""type"": ""Chemical"", ""valid"": true, ""normalized"": [""D008715""], ""database"": ""ncbi_mesh"", ""normalized_id"": ""D008715"", ""biotype"": ""chemical"", ""name"": ""Methionine"", ""accession"": ""@CHEMICAL_Methionine""}",1197,10,1,abstract,[],lexical_candidate_only,data/raw/discovery_pilot/4a74919c786c2d170d4443ae3396d1e857807d8ef61b9992bda6f5e8ef25fd67.json,f4cf64f0bc9f8026ba1acf488adfe9142b738630947efdf158e6cd5cab643506
41349947,64,Siglec-15,Gene,498888,Siglec15,"[{""offset"": 1211, ""length"": 9}]","{""identifier"": ""498888"", ""type"": ""Gene"", ""ncbi_homologene"": ""52643"", ""valid"": true, ""normalized"": [498888], ""database"": ""ncbi_gene"", ""normalized_id"": 498888, ""biotype"": ""gene"", ""name"": ""Siglec15"", ""accession"": ""@GENE_SIGLEC15""}",1211,9,1,abstract,[],lexical_candidate_only,data/raw/discovery_pilot/4a74919c786c2d170d4443ae3396d1e857807d8ef61b9992bda6f5e8ef25fd67.json,f4cf64f0bc9f8026ba1acf488adfe9142b738630947efdf158e6cd5cab643506
41349947,65,Siglec-15,Gene,498888,Siglec15,"[{""offset"": 1265, ""length"": 9}]","{""identifier"": ""498888"", ""type"": ""Gene"", ""ncbi_homologene"": ""52643"", ""valid"": true, ""normalized"": [498888], ""database"": ""ncbi_gene"", ""normalized_id"": 498888, ""biotype"": ""gene"", ""name"": ""Siglec15"", ""accession"": ""@GENE_SIGLEC15""}",1265,9,1,abstract,[],lexical_candidate_only,data/raw/discovery_pilot/4a74919c786c2d170d4443ae3396d1e857807d8ef61b9992bda6f5e8ef25fd67.json,f4cf64f0bc9f8026ba1acf488adfe9142b738630947efdf158e6cd5cab643506
41349947,66,fluoride,Chemical,MESH:D005459,Fluorides,"[{""offset"": 1321, ""length"": 8}]","{""identifier"": ""MESH:D005459"", ""type"": ""Chemical"", ""valid"": true, ""normalized"": [""D005459""], ""database"": ""ncbi_mesh"", ""normalized_id"": ""D005459"", ""biotype"": ""chemical"", ""name"": ""Fluorides"", ""accession"": ""@CHEMICAL_Fluorides""}",1321,8,1,abstract,[],lexical_candidate_only,data/raw/discovery_pilot/4a74919c786c2d170d4443ae3396d1e857807d8ef61b9992bda6f5e8ef25fd67.json,f4cf64f0bc9f8026ba1acf488adfe9142b738630947efdf158e6cd5cab643506
41349947,67,SIGLEC-15,Gene,498888,Siglec15,"[{""offset"": 1415, ""length"": 9}]","{""identifier"": ""498888"", ""type"": ""Gene"", ""ncbi_homologene"": ""52643"", ""valid"": true, ""normalized"": [498888], ""database"": ""ncbi_gene"", ""normalized_id"": 498888, ""biotype"": ""gene"", ""name"": ""Siglec15"", ""accession"": ""@GENE_SIGLEC15""}",1415,9,1,abstract,[],lexical_candidate_only,data/raw/discovery_pilot/4a74919c786c2d170d4443ae3396d1e857807d8ef61b9992bda6f5e8ef25fd67.json,f4cf64f0bc9f8026ba1acf488adfe9142b738630947efdf158e6cd5cab643506
41349947,68,fluoride,Chemical,MESH:D005459,Fluorides,"[{""offset"": 1461, ""length"": 8}]","{""identifier"": ""MESH:D005459"", ""type"": ""Chemical"", ""valid"": true, ""normalized"": [""D005459""], ""database"": ""ncbi_mesh"", ""normalized_id"": ""D005459"", ""biotype"": ""chemical"", ""name"": ""Fluorides"", ""accession"": ""@CHEMICAL_Fluorides""}",1461,8,1,abstract,[],lexical_candidate_only,data/raw/discovery_pilot/4a74919c786c2d170d4443ae3396d1e857807d8ef61b9992bda6f5e8ef25fd67.json,f4cf64f0bc9f8026ba1acf488adfe9142b738630947efdf158e6cd5cab643506
41349947,69,TYROBP,Gene,361537,Tyrobp,"[{""offset"": 1518, ""length"": 6}]","{""identifier"": ""361537"", ""type"": ""Gene"", ""ncbi_homologene"": ""7986"", ""valid"": true, ""normalized"": [361537], ""database"": ""ncbi_gene"", ""normalized_id"": 361537, ""biotype"": ""gene"", ""name"": ""Tyrobp"", ""accession"": ""@GENE_TYROBP""}",1518,6,1,abstract,"[""LOCAL:protein:mouse:TYROBP""]",lexical_candidate_only,data/raw/discovery_pilot/4a74919c786c2d170d4443ae3396d1e857807d8ef61b9992bda6f5e8ef25fd67.json,f4cf64f0bc9f8026ba1acf488adfe9142b738630947efdf158e6cd5cab643506
41349947,70,SYK,Gene,25155,Syk,"[{""offset"": 1525, ""length"": 3}]","{""identifier"": ""25155"", ""type"": ""Gene"", ""ncbi_homologene"": ""2390"", ""valid"": true, ""normalized"": [25155], ""database"": ""ncbi_gene"", ""normalized_id"": 25155, ""biotype"": ""gene"", ""name"": ""Syk"", ""accession"": ""@GENE_SYK""}",1525,3,1,abstract,"[""LOCAL:protein:mouse:SYK""]",lexical_candidate_only,data/raw/discovery_pilot/4a74919c786c2d170d4443ae3396d1e857807d8ef61b9992bda6f5e8ef25fd67.json,f4cf64f0bc9f8026ba1acf488adfe9142b738630947efdf158e6cd5cab643506
41349947,71,methionine,Chemical,MESH:D008715,Methionine,"[{""offset"": 1633, ""length"": 10}]","{""identifier"": ""MESH:D008715"", ""type"": ""Chemical"", ""valid"": true, ""normalized"": [""D008715""], ""database"": ""ncbi_mesh"", ""normalized_id"": ""D008715"", ""biotype"": ""chemical"", ""name"": ""Methionine"", ""accession"": ""@CHEMICAL_Methionine""}",1633,10,1,abstract,[],lexical_candidate_only,data/raw/discovery_pilot/4a74919c786c2d170d4443ae3396d1e857807d8ef61b9992bda6f5e8ef25fd67.json,f4cf64f0bc9f8026ba1acf488adfe9142b738630947efdf158e6cd5cab643506
41349947,72,fluoride,Chemical,MESH:D005459,Fluorides,"[{""offset"": 1670, ""length"": 8}]","{""identifier"": ""MESH:D005459"", ""type"": ""Chemical"", ""valid"": true, ""normalized"": [""D005459""], ""database"": ""ncbi_mesh"", ""normalized_id"": ""D005459"", ""biotype"": ""chemical"", ""name"": ""Fluorides"", ""accession"": ""@CHEMICAL_Fluorides""}",1670,8,1,abstract,[],lexical_candidate_only,data/raw/discovery_pilot/4a74919c786c2d170d4443ae3396d1e857807d8ef61b9992bda6f5e8ef25fd67.json,f4cf64f0bc9f8026ba1acf488adfe9142b738630947efdf158e6cd5cab643506
41349947,73,Siglec-15,Gene,498888,Siglec15,"[{""offset"": 1728, ""length"": 9}]","{""identifier"": ""498888"", ""type"": ""Gene"", ""ncbi_homologene"": ""52643"", ""valid"": true, ""normalized"": [498888], ""database"": ""ncbi_gene"", ""normalized_id"": 498888, ""biotype"": ""gene"", ""name"": ""Siglec15"", ""accession"": ""@GENE_SIGLEC15""}",1728,9,1,abstract,[],lexical_candidate_only,data/raw/discovery_pilot/4a74919c786c2d170d4443ae3396d1e857807d8ef61b9992bda6f5e8ef25fd67.json,f4cf64f0bc9f8026ba1acf488adfe9142b738630947efdf158e6cd5cab643506
41349947,74,methionine,Chemical,MESH:D008715,Methionine,"[{""offset"": 1821, ""length"": 10}]","{""identifier"": ""MESH:D008715"", ""type"": ""Chemical"", ""valid"": true, ""normalized"": [""D008715""], ""database"": ""ncbi_mesh"", ""normalized_id"": ""D008715"", ""biotype"": ""chemical"", ""name"": ""Methionine"", ""accession"": ""@CHEMICAL_Methionine""}",1821,10,1,abstract,[],lexical_candidate_only,data/raw/discovery_pilot/4a74919c786c2d170d4443ae3396d1e857807d8ef61b9992bda6f5e8ef25fd67.json,f4cf64f0bc9f8026ba1acf488adfe9142b738630947efdf158e6cd5cab643506
41349947,75,Siglec-15,Gene,498888,Siglec15,"[{""offset"": 1835, ""length"": 9}]","{""identifier"": ""498888"", ""type"": ""Gene"", ""ncbi_homologene"": ""52643"", ""valid"": true, ""normalized"": [498888], ""database"": ""ncbi_gene"", ""normalized_id"": 498888, ""biotype"": ""gene"", ""name"": ""Siglec15"", ""accession"": ""@GENE_SIGLEC15""}",1835,9,1,abstract,[],lexical_candidate_only,data/raw/discovery_pilot/4a74919c786c2d170d4443ae3396d1e857807d8ef61b9992bda6f5e8ef25fd67.json,f4cf64f0bc9f8026ba1acf488adfe9142b738630947efdf158e6cd5cab643506
41349947,76,TET2,Gene,310859,Tet2,"[{""offset"": 1898, ""length"": 4}]","{""identifier"": ""310859"", ""type"": ""Gene"", ""ncbi_homologene"": ""49498"", ""valid"": true, ""normalized"": [310859], ""database"": ""ncbi_gene"", ""normalized_id"": 310859, ""biotype"": ""gene"", ""name"": ""Tet2"", ""accession"": ""@GENE_TET2""}",1898,4,1,abstract,"[""LOCAL:protein:mouse:TET2""]",lexical_candidate_only,data/raw/discovery_pilot/4a74919c786c2d170d4443ae3396d1e857807d8ef61b9992bda6f5e8ef25fd67.json,f4cf64f0bc9f8026ba1acf488adfe9142b738630947efdf158e6cd5cab643506
41349947,77,Siglec-15,Gene,498888,Siglec15,"[{""offset"": 1912, ""length"": 9}]","{""identifier"": ""498888"", ""type"": ""Gene"", ""ncbi_homologene"": ""52643"", ""valid"": true, ""normalized"": [498888], ""database"": ""ncbi_gene"", ""normalized_id"": 498888, ""biotype"": ""gene"", ""name"": ""Siglec15"", ""accession"": ""@GENE_SIGLEC15""}",1912,9,1,abstract,[],lexical_candidate_only,data/raw/discovery_pilot/4a74919c786c2d170d4443ae3396d1e857807d8ef61b9992bda6f5e8ef25fd67.json,f4cf64f0bc9f8026ba1acf488adfe9142b738630947efdf158e6cd5cab643506
41349947,78,fluoride,Chemical,MESH:D005459,Fluorides,"[{""offset"": 1996, ""length"": 8}]","{""identifier"": ""MESH:D005459"", ""type"": ""Chemical"", ""valid"": true, ""normalized"": [""D005459""], ""database"": ""ncbi_mesh"", ""normalized_id"": ""D005459"", ""biotype"": ""chemical"", ""name"": ""Fluorides"", ""accession"": ""@CHEMICAL_Fluorides""}",1996,8,1,abstract,[],lexical_candidate_only,data/raw/discovery_pilot/4a74919c786c2d170d4443ae3396d1e857807d8ef61b9992bda6f5e8ef25fd67.json,f4cf64f0bc9f8026ba1acf488adfe9142b738630947efdf158e6cd5cab643506
41349947,79,methionine,Chemical,MESH:D008715,Methionine,"[{""offset"": 2114, ""length"": 10}]","{""identifier"": ""MESH:D008715"", ""type"": ""Chemical"", ""valid"": true, ""normalized"": [""D008715""], ""database"": ""ncbi_mesh"", ""normalized_id"": ""D008715"", ""biotype"": ""chemical"", ""name"": ""Methionine"", ""accession"": ""@CHEMICAL_Methionine""}",2114,10,1,abstract,[],lexical_candidate_only,data/raw/discovery_pilot/4a74919c786c2d170d4443ae3396d1e857807d8ef61b9992bda6f5e8ef25fd67.json,f4cf64f0bc9f8026ba1acf488adfe9142b738630947efdf158e6cd5cab643506
41349947,80,SAH,Chemical,MESH:D012435,S-Adenosylhomocysteine,"[{""offset"": 2152, ""length"": 3}]","{""identifier"": ""MESH:D012435"", ""type"": ""Chemical"", ""valid"": true, ""normalized"": [""D012435""], ""database"": ""ncbi_mesh"", ""normalized_id"": ""D012435"", ""biotype"": ""chemical"", ""name"": ""S-Adenosylhomocysteine"", ""accession"": ""@CHEMICAL_S_Adenosylhomocysteine""}",2152,3,1,abstract,[],lexical_candidate_only,data/raw/discovery_pilot/4a74919c786c2d170d4443ae3396d1e857807d8ef61b9992bda6f5e8ef25fd67.json,f4cf64f0bc9f8026ba1acf488adfe9142b738630947efdf158e6cd5cab643506
41349947,81,TET2,Gene,310859,Tet2,"[{""offset"": 2176, ""length"": 4}]","{""identifier"": ""310859"", ""type"": ""Gene"", ""ncbi_homologene"": ""49498"", ""valid"": true, ""normalized"": [310859], ""database"": ""ncbi_gene"", ""normalized_id"": 310859, ""biotype"": ""gene"", ""name"": ""Tet2"", ""accession"": ""@GENE_TET2""}",2176,4,1,abstract,"[""LOCAL:protein:mouse:TET2""]",lexical_candidate_only,data/raw/discovery_pilot/4a74919c786c2d170d4443ae3396d1e857807d8ef61b9992bda6f5e8ef25fd67.json,f4cf64f0bc9f8026ba1acf488adfe9142b738630947efdf158e6cd5cab643506
41349947,82,Siglec-15,Gene,498888,Siglec15,"[{""offset"": 2191, ""length"": 9}]","{""identifier"": ""498888"", ""type"": ""Gene"", ""ncbi_homologene"": ""52643"", ""valid"": true, ""normalized"": [498888], ""database"": ""ncbi_gene"", ""normalized_id"": 498888, ""biotype"": ""gene"", ""name"": ""Siglec15"", ""accession"": ""@GENE_SIGLEC15""}",2191,9,1,abstract,[],lexical_candidate_only,data/raw/discovery_pilot/4a74919c786c2d170d4443ae3396d1e857807d8ef61b9992bda6f5e8ef25fd67.json,f4cf64f0bc9f8026ba1acf488adfe9142b738630947efdf158e6cd5cab643506
41349947,83,fluoride,Chemical,MESH:D005459,Fluorides,"[{""offset"": 2220, ""length"": 8}]","{""identifier"": ""MESH:D005459"", ""type"": ""Chemical"", ""valid"": true, ""normalized"": [""D005459""], ""database"": ""ncbi_mesh"", ""normalized_id"": ""D005459"", ""biotype"": ""chemical"", ""name"": ""Fluorides"", ""accession"": ""@CHEMICAL_Fluorides""}",2220,8,1,abstract,[],lexical_candidate_only,data/raw/discovery_pilot/4a74919c786c2d170d4443ae3396d1e857807d8ef61b9992bda6f5e8ef25fd67.json,f4cf64f0bc9f8026ba1acf488adfe9142b738630947efdf158e6cd5cab643506
41349947,84,methionine,Chemical,MESH:D008715,Methionine,"[{""offset"": 2305, ""length"": 10}]","{""identifier"": ""MESH:D008715"", ""type"": ""Chemical"", ""valid"": true, ""normalized"": [""D008715""], ""database"": ""ncbi_mesh"", ""normalized_id"": ""D008715"", ""biotype"": ""chemical"", ""name"": ""Methionine"", ""accession"": ""@CHEMICAL_Methionine""}",2305,10,1,abstract,[],lexical_candidate_only,data/raw/discovery_pilot/4a74919c786c2d170d4443ae3396d1e857807d8ef61b9992bda6f5e8ef25fd67.json,f4cf64f0bc9f8026ba1acf488adfe9142b738630947efdf158e6cd5cab643506
41349947,85,skeletal fluorosis,Disease,MESH:D009050,Fluorosis Dental,"[{""offset"": 2375, ""length"": 18}]","{""identifier"": ""MESH:D009050"", ""type"": ""Disease"", ""valid"": true, ""normalized"": [""D009050""], ""database"": ""ncbi_mesh"", ""normalized_id"": ""D009050"", ""biotype"": ""disease"", ""name"": ""Fluorosis Dental"", ""accession"": ""@DISEASE_Fluorosis_Dental""}",2375,18,1,abstract,[],lexical_candidate_only,data/raw/discovery_pilot/4a74919c786c2d170d4443ae3396d1e857807d8ef61b9992bda6f5e8ef25fd67.json,f4cf64f0bc9f8026ba1acf488adfe9142b738630947efdf158e6cd5cab643506
42320631,3,Nrf2,Gene,18024,Nfe2l2,"[{""offset"": 0, ""length"": 4}]","{""identifier"": ""18024"", ""type"": ""Gene"", ""ncbi_homologene"": ""2412"", ""valid"": true, ""normalized"": [18024], ""database"": ""ncbi_gene"", ""normalized_id"": 18024, ""biotype"": ""gene"", ""name"": ""Nfe2l2"", ""accession"": ""@GENE_NFE2L2""}",0,4,0,title,[],lexical_candidate_only,data/raw/discovery_pilot/4a74919c786c2d170d4443ae3396d1e857807d8ef61b9992bda6f5e8ef25fd67.json,f4cf64f0bc9f8026ba1acf488adfe9142b738630947efdf158e6cd5cab643506
42320631,4,RANKL,Gene,21943,Tnfsf11,"[{""offset"": 27, ""length"": 5}]","{""identifier"": ""21943"", ""type"": ""Gene"", ""ncbi_homologene"": ""2744"", ""valid"": true, ""normalized"": [21943], ""database"": ""ncbi_gene"", ""normalized_id"": 21943, ""biotype"": ""gene"", ""name"": ""Tnfsf11"", ""accession"": ""@GENE_TNFSF11""}",27,5,0,title,"[""LOCAL:protein:mouse:TNFSF11""]",lexical_candidate_only,data/raw/discovery_pilot/4a74919c786c2d170d4443ae3396d1e857807d8ef61b9992bda6f5e8ef25fd67.json,f4cf64f0bc9f8026ba1acf488adfe9142b738630947efdf158e6cd5cab643506
42320631,5,cathepsin K,Gene,13038,Ctsk,"[{""offset"": 64, ""length"": 11}]","{""identifier"": ""13038"", ""type"": ""Gene"", ""ncbi_homologene"": ""68053"", ""valid"": true, ""normalized"": [13038], ""database"": ""ncbi_gene"", ""normalized_id"": 13038, ""biotype"": ""gene"", ""name"": ""Ctsk"", ""accession"": ""@GENE_CTSK""}",64,11,0,title,"[""LOCAL:protein:mouse:CTSK""]",lexical_candidate_only,data/raw/discovery_pilot/4a74919c786c2d170d4443ae3396d1e857807d8ef61b9992bda6f5e8ef25fd67.json,f4cf64f0bc9f8026ba1acf488adfe9142b738630947efdf158e6cd5cab643506
42320631,26,Cathepsin K.,Gene,13038,Ctsk,"[{""offset"": 153, ""length"": 12}]","{""identifier"": ""13038"", ""type"": ""Gene"", ""ncbi_homologene"": ""68053"", ""valid"": true, ""normalized"": [13038], ""database"": ""ncbi_gene"", ""normalized_id"": 13038, ""biotype"": ""gene"", ""name"": ""Ctsk"", ""accession"": ""@GENE_CTSK""}",153,12,1,abstract,"[""LOCAL:protein:mouse:CTSK""]",lexical_candidate_only,data/raw/discovery_pilot/4a74919c786c2d170d4443ae3396d1e857807d8ef61b9992bda6f5e8ef25fd67.json,f4cf64f0bc9f8026ba1acf488adfe9142b738630947efdf158e6cd5cab643506
42320631,27,RANKL,Gene,21943,Tnfsf11,"[{""offset"": 166, ""length"": 5}]","{""identifier"": ""21943"", ""type"": ""Gene"", ""ncbi_homologene"": ""2744"", ""valid"": true, ""normalized"": [21943], ""database"": ""ncbi_gene"", ""normalized_id"": 21943, ""biotype"": ""gene"", ""name"": ""Tnfsf11"", ""accession"": ""@GENE_TNFSF11""}",166,5,1,abstract,"[""LOCAL:protein:mouse:TNFSF11""]",lexical_candidate_only,data/raw/discovery_pilot/4a74919c786c2d170d4443ae3396d1e857807d8ef61b9992bda6f5e8ef25fd67.json,f4cf64f0bc9f8026ba1acf488adfe9142b738630947efdf158e6cd5cab643506
42320631,28,reactive oxygen species,Chemical,MESH:D017382,Reactive Oxygen Species,"[{""offset"": 230, ""length"": 23}]","{""identifier"": ""MESH:D017382"", ""type"": ""Chemical"", ""valid"": true, ""normalized"": [""D017382""], ""database"": ""ncbi_mesh"", ""normalized_id"": ""D017382"", ""biotype"": ""chemical"", ""name"": ""Reactive Oxygen Species"", ""accession"": ""@CHEMICAL_Reactive_Oxygen_Species""}",230,23,1,abstract,"[""CHEBI:26523""]",lexical_candidate_only,data/raw/discovery_pilot/4a74919c786c2d170d4443ae3396d1e857807d8ef61b9992bda6f5e8ef25fd67.json,f4cf64f0bc9f8026ba1acf488adfe9142b738630947efdf158e6cd5cab643506
42320631,29,ROS,Chemical,MESH:D017382,Reactive Oxygen Species,"[{""offset"": 255, ""length"": 3}]","{""identifier"": ""MESH:D017382"", ""type"": ""Chemical"", ""valid"": true, ""normalized"": [""D017382""], ""database"": ""ncbi_mesh"", ""normalized_id"": ""D017382"", ""biotype"": ""chemical"", ""name"": ""Reactive Oxygen Species"", ""accession"": ""@CHEMICAL_Reactive_Oxygen_Species""}",255,3,1,abstract,"[""CHEBI:26523""]",lexical_candidate_only,data/raw/discovery_pilot/4a74919c786c2d170d4443ae3396d1e857807d8ef61b9992bda6f5e8ef25fd67.json,f4cf64f0bc9f8026ba1acf488adfe9142b738630947efdf158e6cd5cab643506
42320631,30,ROS,Chemical,MESH:D017382,Reactive Oxygen Species,"[{""offset"": 327, ""length"": 3}]","{""identifier"": ""MESH:D017382"", ""type"": ""Chemical"", ""valid"": true, ""normalized"": [""D017382""], ""database"": ""ncbi_mesh"", ""normalized_id"": ""D017382"", ""biotype"": ""chemical"", ""name"": ""Reactive Oxygen Species"", ""accession"": ""@CHEMICAL_Reactive_Oxygen_Species""}",327,3,1,abstract,"[""CHEBI:26523""]",lexical_candidate_only,data/raw/discovery_pilot/4a74919c786c2d170d4443ae3396d1e857807d8ef61b9992bda6f5e8ef25fd67.json,f4cf64f0bc9f8026ba1acf488adfe9142b738630947efdf158e6cd5cab643506
42320631,31,ROS,Chemical,MESH:D017382,Reactive Oxygen Species,"[{""offset"": 422, ""length"": 3}]","{""identifier"": ""MESH:D017382"", ""type"": ""Chemical"", ""valid"": true, ""normalized"": [""D017382""], ""database"": ""ncbi_mesh"", ""normalized_id"": ""D017382"", ""biotype"": ""chemical"", ""name"": ""Reactive Oxygen Species"", ""accession"": ""@CHEMICAL_Reactive_Oxygen_Species""}",422,3,1,abstract,"[""CHEBI:26523""]",lexical_candidate_only,data/raw/discovery_pilot/4a74919c786c2d170d4443ae3396d1e857807d8ef61b9992bda6f5e8ef25fd67.json,f4cf64f0bc9f8026ba1acf488adfe9142b738630947efdf158e6cd5cab643506
42320631,32,Nrf2,Gene,18024,Nfe2l2,"[{""offset"": 494, ""length"": 4}]","{""identifier"": ""18024"", ""type"": ""Gene"", ""ncbi_homologene"": ""2412"", ""valid"": true, ""normalized"": [18024], ""database"": ""ncbi_gene"", ""normalized_id"": 18024, ""biotype"": ""gene"", ""name"": ""Nfe2l2"", ""accession"": ""@GENE_NFE2L2""}",494,4,1,abstract,[],lexical_candidate_only,data/raw/discovery_pilot/4a74919c786c2d170d4443ae3396d1e857807d8ef61b9992bda6f5e8ef25fd67.json,f4cf64f0bc9f8026ba1acf488adfe9142b738630947efdf158e6cd5cab643506
42320631,33,mouse,Species,10090,10090,"[{""offset"": 703, ""length"": 5}]","{""identifier"": ""10090"", ""type"": ""Species"", ""valid"": true, ""normalized"": [10090], ""database"": ""ncbi_taxonomy"", ""normalized_id"": 10090, ""biotype"": ""species"", ""name"": ""10090"", ""accession"": null}",703,5,1,abstract,[],lexical_candidate_only,data/raw/discovery_pilot/4a74919c786c2d170d4443ae3396d1e857807d8ef61b9992bda6f5e8ef25fd67.json,f4cf64f0bc9f8026ba1acf488adfe9142b738630947efdf158e6cd5cab643506
42320631,34,RANKL,Gene,21943,Tnfsf11,"[{""offset"": 747, ""length"": 5}]","{""identifier"": ""21943"", ""type"": ""Gene"", ""ncbi_homologene"": ""2744"", ""valid"": true, ""normalized"": [21943], ""database"": ""ncbi_gene"", ""normalized_id"": 21943, ""biotype"": ""gene"", ""name"": ""Tnfsf11"", ""accession"": ""@GENE_TNFSF11""}",747,5,1,abstract,"[""LOCAL:protein:mouse:TNFSF11""]",lexical_candidate_only,data/raw/discovery_pilot/4a74919c786c2d170d4443ae3396d1e857807d8ef61b9992bda6f5e8ef25fd67.json,f4cf64f0bc9f8026ba1acf488adfe9142b738630947efdf158e6cd5cab643506
42320631,35,glutathione,Chemical,MESH:D005978,Glutathione,"[{""offset"": 825, ""length"": 11}]","{""identifier"": ""MESH:D005978"", ""type"": ""Chemical"", ""valid"": true, ""normalized"": [""D005978""], ""database"": ""ncbi_mesh"", ""normalized_id"": ""D005978"", ""biotype"": ""chemical"", ""name"": ""Glutathione"", ""accession"": ""@CHEMICAL_Glutathione""}",825,11,1,abstract,[],lexical_candidate_only,data/raw/discovery_pilot/4a74919c786c2d170d4443ae3396d1e857807d8ef61b9992bda6f5e8ef25fd67.json,f4cf64f0bc9f8026ba1acf488adfe9142b738630947efdf158e6cd5cab643506
42320631,36,RANKL,Gene,21943,Tnfsf11,"[{""offset"": 868, ""length"": 5}]","{""identifier"": ""21943"", ""type"": ""Gene"", ""ncbi_homologene"": ""2744"", ""valid"": true, ""normalized"": [21943], ""database"": ""ncbi_gene"", ""normalized_id"": 21943, ""biotype"": ""gene"", ""name"": ""Tnfsf11"", ""accession"": ""@GENE_TNFSF11""}",868,5,1,abstract,"[""LOCAL:protein:mouse:TNFSF11""]",lexical_candidate_only,data/raw/discovery_pilot/4a74919c786c2d170d4443ae3396d1e857807d8ef61b9992bda6f5e8ef25fd67.json,f4cf64f0bc9f8026ba1acf488adfe9142b738630947efdf158e6cd5cab643506
42320631,37,Nrf2,Gene,18024,Nfe2l2,"[{""offset"": 884, ""length"": 4}]","{""identifier"": ""18024"", ""type"": ""Gene"", ""ncbi_homologene"": ""2412"", ""valid"": true, ""normalized"": [18024], ""database"": ""ncbi_gene"", ""normalized_id"": 18024, ""biotype"": ""gene"", ""name"": ""Nfe2l2"", ""accession"": ""@GENE_NFE2L2""}",884,4,1,abstract,[],lexical_candidate_only,data/raw/discovery_pilot/4a74919c786c2d170d4443ae3396d1e857807d8ef61b9992bda6f5e8ef25fd67.json,f4cf64f0bc9f8026ba1acf488adfe9142b738630947efdf158e6cd5cab643506
42320631,38,Nrf2,Gene,18024,Nfe2l2,"[{""offset"": 965, ""length"": 4}]","{""identifier"": ""18024"", ""type"": ""Gene"", ""ncbi_homologene"": ""2412"", ""valid"": true, ""normalized"": [18024], ""database"": ""ncbi_gene"", ""normalized_id"": 18024, ""biotype"": ""gene"", ""name"": ""Nfe2l2"", ""accession"": ""@GENE_NFE2L2""}",965,4,1,abstract,[],lexical_candidate_only,data/raw/discovery_pilot/4a74919c786c2d170d4443ae3396d1e857807d8ef61b9992bda6f5e8ef25fd67.json,f4cf64f0bc9f8026ba1acf488adfe9142b738630947efdf158e6cd5cab643506
42320631,39,cathepsin K,Gene,13038,Ctsk,"[{""offset"": 1067, ""length"": 11}]","{""identifier"": ""13038"", ""type"": ""Gene"", ""ncbi_homologene"": ""68053"", ""valid"": true, ""normalized"": [13038], ""database"": ""ncbi_gene"", ""normalized_id"": 13038, ""biotype"": ""gene"", ""name"": ""Ctsk"", ""accession"": ""@GENE_CTSK""}",1067,11,1,abstract,"[""LOCAL:protein:mouse:CTSK""]",lexical_candidate_only,data/raw/discovery_pilot/4a74919c786c2d170d4443ae3396d1e857807d8ef61b9992bda6f5e8ef25fd67.json,f4cf64f0bc9f8026ba1acf488adfe9142b738630947efdf158e6cd5cab643506
42320631,40,Nrf2,Gene,18024,Nfe2l2,"[{""offset"": 1089, ""length"": 4}]","{""identifier"": ""18024"", ""type"": ""Gene"", ""ncbi_homologene"": ""2412"", ""valid"": true, ""normalized"": [18024], ""database"": ""ncbi_gene"", ""normalized_id"": 18024, ""biotype"": ""gene"", ""name"": ""Nfe2l2"", ""accession"": ""@GENE_NFE2L2""}",1089,4,1,abstract,[],lexical_candidate_only,data/raw/discovery_pilot/4a74919c786c2d170d4443ae3396d1e857807d8ef61b9992bda6f5e8ef25fd67.json,f4cf64f0bc9f8026ba1acf488adfe9142b738630947efdf158e6cd5cab643506
42320631,41,lipid,Chemical,MESH:D008055,Lipids,"[{""offset"": 1134, ""length"": 5}]","{""identifier"": ""MESH:D008055"", ""type"": ""Chemical"", ""valid"": true, ""normalized"": [""D008055""], ""database"": ""ncbi_mesh"", ""normalized_id"": ""D008055"", ""biotype"": ""chemical"", ""name"": ""Lipids"", ""accession"": ""@CHEMICAL_Lipids""}",1134,5,1,abstract,[],lexical_candidate_only,data/raw/discovery_pilot/4a74919c786c2d170d4443ae3396d1e857807d8ef61b9992bda6f5e8ef25fd67.json,f4cf64f0bc9f8026ba1acf488adfe9142b738630947efdf158e6cd5cab643506
42320631,42,mitochondrial dysfunction,Disease,MESH:D028361,Mitochondrial Diseases,"[{""offset"": 1154, ""length"": 25}]","{""identifier"": ""MESH:D028361"", ""type"": ""Disease"", ""valid"": true, ""normalized"": [""D028361""], ""database"": ""ncbi_mesh"", ""normalized_id"": ""D028361"", ""biotype"": ""disease"", ""name"": ""Mitochondrial Diseases"", ""accession"": ""@DISEASE_Mitochondrial_Diseases""}",1154,25,1,abstract,[],lexical_candidate_only,data/raw/discovery_pilot/4a74919c786c2d170d4443ae3396d1e857807d8ef61b9992bda6f5e8ef25fd67.json,f4cf64f0bc9f8026ba1acf488adfe9142b738630947efdf158e6cd5cab643506
42320631,43,Nrf2,Gene,18024,Nfe2l2,"[{""offset"": 1280, ""length"": 4}]","{""identifier"": ""18024"", ""type"": ""Gene"", ""ncbi_homologene"": ""2412"", ""valid"": true, ""normalized"": [18024], ""database"": ""ncbi_gene"", ""normalized_id"": 18024, ""biotype"": ""gene"", ""name"": ""Nfe2l2"", ""accession"": ""@GENE_NFE2L2""}",1280,4,1,abstract,[],lexical_candidate_only,data/raw/discovery_pilot/4a74919c786c2d170d4443ae3396d1e857807d8ef61b9992bda6f5e8ef25fd67.json,f4cf64f0bc9f8026ba1acf488adfe9142b738630947efdf158e6cd5cab643506
42320631,44,RANKL,Gene,21943,Tnfsf11,"[{""offset"": 1471, ""length"": 5}]","{""identifier"": ""21943"", ""type"": ""Gene"", ""ncbi_homologene"": ""2744"", ""valid"": true, ""normalized"": [21943], ""database"": ""ncbi_gene"", ""normalized_id"": 21943, ""biotype"": ""gene"", ""name"": ""Tnfsf11"", ""accession"": ""@GENE_TNFSF11""}",1471,5,1,abstract,"[""LOCAL:protein:mouse:TNFSF11""]",lexical_candidate_only,data/raw/discovery_pilot/4a74919c786c2d170d4443ae3396d1e857807d8ef61b9992bda6f5e8ef25fd67.json,f4cf64f0bc9f8026ba1acf488adfe9142b738630947efdf158e6cd5cab643506
42320631,45,Nrf2,Gene,18024,Nfe2l2,"[{""offset"": 1546, ""length"": 4}]","{""identifier"": ""18024"", ""type"": ""Gene"", ""ncbi_homologene"": ""2412"", ""valid"": true, ""normalized"": [18024], ""database"": ""ncbi_gene"", ""normalized_id"": 18024, ""biotype"": ""gene"", ""name"": ""Nfe2l2"", ""accession"": ""@GENE_NFE2L2""}",1546,4,1,abstract,[],lexical_candidate_only,data/raw/discovery_pilot/4a74919c786c2d170d4443ae3396d1e857807d8ef61b9992bda6f5e8ef25fd67.json,f4cf64f0bc9f8026ba1acf488adfe9142b738630947efdf158e6cd5cab643506
42345820,6,OSTM1,Gene,14628,Ostm1,"[{""offset"": 29, ""length"": 5}]","{""identifier"": ""14628"", ""type"": ""Gene"", ""ncbi_homologene"": ""32203"", ""valid"": true, ""normalized"": [14628], ""database"": ""ncbi_gene"", ""normalized_id"": 14628, ""biotype"": ""gene"", ""name"": ""Ostm1"", ""accession"": ""@GENE_OSTM1""}",29,5,0,title,"[""LOCAL:protein:mouse:OSTM1""]",lexical_candidate_only,data/raw/discovery_pilot/4a74919c786c2d170d4443ae3396d1e857807d8ef61b9992bda6f5e8ef25fd67.json,f4cf64f0bc9f8026ba1acf488adfe9142b738630947efdf158e6cd5cab643506
42345820,7,T328E,Variant,tmVar:p|SUB|T|328|E;HGVS:p.T328E;VariantGroup:1;OriginalGene:14628;CorrespondingGene:28962;CorrespondingSpecies:10090,p.T328E,"[{""offset"": 35, ""length"": 5}]","{""identifier"": ""tmVar:p|SUB|T|328|E;HGVS:p.T328E;VariantGroup:1;OriginalGene:14628;CorrespondingGene:28962;CorrespondingSpecies:10090"", ""type"": ""Variant"", ""valid"": true, ""subtype"": ""ProteinMutation"", ""database"": ""litvar"", ""hgvs"": ""p.T328E"", ""original_genes_ids"": [14628], ""original_gene_id"": 14628, ""gene_ids"": [28962], ""gene_id"": 28962, ""species_ids"": [10090], ""species_id"": 10090, ""rsids"": [], ""normalized"": [""#28962#p.T328E"", ""#28962#""], ""normalized_id"": ""#28962#p.T328E"", ""biotype"": ""variant"", ""name"": ""p.T328E"", ""accession"": ""@VARIANT_p.T328E_OSTM1_human""}",35,5,0,title,[],lexical_candidate_only,data/raw/discovery_pilot/4a74919c786c2d170d4443ae3396d1e857807d8ef61b9992bda6f5e8ef25fd67.json,f4cf64f0bc9f8026ba1acf488adfe9142b738630947efdf158e6cd5cab643506
42345820,8,S329D,Variant,tmVar:p|SUB|S|329|D;HGVS:p.S329D;VariantGroup:0;OriginalGene:14628;CorrespondingGene:28962;CorrespondingSpecies:10090,p.S329D,"[{""offset"": 41, ""length"": 5}]","{""identifier"": ""tmVar:p|SUB|S|329|D;HGVS:p.S329D;VariantGroup:0;OriginalGene:14628;CorrespondingGene:28962;CorrespondingSpecies:10090"", ""type"": ""Variant"", ""valid"": true, ""subtype"": ""ProteinMutation"", ""database"": ""litvar"", ""hgvs"": ""p.S329D"", ""original_genes_ids"": [14628], ""original_gene_id"": 14628, ""gene_ids"": [28962], ""gene_id"": 28962, ""species_ids"": [10090], ""species_id"": 10090, ""rsids"": [], ""normalized"": [""#28962#p.S329D"", ""#28962#""], ""normalized_id"": ""#28962#p.S329D"", ""biotype"": ""variant"", ""name"": ""p.S329D"", ""accession"": ""@VARIANT_p.S329D_OSTM1_human""}",41,5,0,title,[],lexical_candidate_only,data/raw/discovery_pilot/4a74919c786c2d170d4443ae3396d1e857807d8ef61b9992bda6f5e8ef25fd67.json,f4cf64f0bc9f8026ba1acf488adfe9142b738630947efdf158e6cd5cab643506
42345820,9,Resorption,Disease,MESH:D014091,Tooth Resorption,"[{""offset"": 79, ""length"": 10}]","{""identifier"": ""MESH:D014091"", ""type"": ""Disease"", ""valid"": true, ""normalized"": [""D014091""], ""database"": ""ncbi_mesh"", ""normalized_id"": ""D014091"", ""biotype"": ""disease"", ""name"": ""Tooth Resorption"", ""accession"": ""@DISEASE_Tooth_Resorption""}",79,10,0,title,[],lexical_candidate_only,data/raw/discovery_pilot/4a74919c786c2d170d4443ae3396d1e857807d8ef61b9992bda6f5e8ef25fd67.json,f4cf64f0bc9f8026ba1acf488adfe9142b738630947efdf158e6cd5cab643506
42345820,10,LRRK1,Gene,233328,Lrrk1,"[{""offset"": 100, ""length"": 5}]","{""identifier"": ""233328"", ""type"": ""Gene"", ""ncbi_homologene"": ""23464"", ""valid"": true, ""normalized"": [233328], ""database"": ""ncbi_gene"", ""normalized_id"": 233328, ""biotype"": ""gene"", ""name"": ""Lrrk1"", ""accession"": ""@GENE_LRRK1""}",100,5,0,title,[],lexical_candidate_only,data/raw/discovery_pilot/4a74919c786c2d170d4443ae3396d1e857807d8ef61b9992bda6f5e8ef25fd67.json,f4cf64f0bc9f8026ba1acf488adfe9142b738630947efdf158e6cd5cab643506
42345820,11,Mice,Species,10090,10090,"[{""offset"": 116, ""length"": 4}]","{""identifier"": ""10090"", ""type"": ""Species"", ""valid"": true, ""normalized"": [10090], ""database"": ""ncbi_taxonomy"", ""normalized_id"": 10090, ""biotype"": ""species"", ""name"": ""10090"", ""accession"": null}",116,4,0,title,[],lexical_candidate_only,data/raw/discovery_pilot/4a74919c786c2d170d4443ae3396d1e857807d8ef61b9992bda6f5e8ef25fd67.json,f4cf64f0bc9f8026ba1acf488adfe9142b738630947efdf158e6cd5cab643506
42345820,53,LRRK1,Gene,233328,Lrrk1,"[{""offset"": 122, ""length"": 5}]","{""identifier"": ""233328"", ""type"": ""Gene"", ""ncbi_homologene"": ""23464"", ""valid"": true, ""normalized"": [233328], ""database"": ""ncbi_gene"", ""normalized_id"": 233328, ""biotype"": ""gene"", ""name"": ""Lrrk1"", ""accession"": ""@GENE_LRRK1""}",122,5,1,abstract,[],lexical_candidate_only,data/raw/discovery_pilot/4a74919c786c2d170d4443ae3396d1e857807d8ef61b9992bda6f5e8ef25fd67.json,f4cf64f0bc9f8026ba1acf488adfe9142b738630947efdf158e6cd5cab643506
42345820,54,resorption,Disease,MESH:D014091,Tooth Resorption,"[{""offset"": 170, ""length"": 10}]","{""identifier"": ""MESH:D014091"", ""type"": ""Disease"", ""valid"": true, ""normalized"": [""D014091""], ""database"": ""ncbi_mesh"", ""normalized_id"": ""D014091"", ""biotype"": ""disease"", ""name"": ""Tooth Resorption"", ""accession"": ""@DISEASE_Tooth_Resorption""}",170,10,1,abstract,[],lexical_candidate_only,data/raw/discovery_pilot/4a74919c786c2d170d4443ae3396d1e857807d8ef61b9992bda6f5e8ef25fd67.json,f4cf64f0bc9f8026ba1acf488adfe9142b738630947efdf158e6cd5cab643506
42345820,55,LRRK1,Gene,233328,Lrrk1,"[{""offset"": 194, ""length"": 5}]","{""identifier"": ""233328"", ""type"": ""Gene"", ""ncbi_homologene"": ""23464"", ""valid"": true, ""normalized"": [233328], ""database"": ""ncbi_gene"", ""normalized_id"": 233328, ""biotype"": ""gene"", ""name"": ""Lrrk1"", ""accession"": ""@GENE_LRRK1""}",194,5,1,abstract,[],lexical_candidate_only,data/raw/discovery_pilot/4a74919c786c2d170d4443ae3396d1e857807d8ef61b9992bda6f5e8ef25fd67.json,f4cf64f0bc9f8026ba1acf488adfe9142b738630947efdf158e6cd5cab643506
42345820,56,osteopetrosis,Disease,MESH:D010022,Osteopetrosis,"[{""offset"": 216, ""length"": 13}]","{""identifier"": ""MESH:D010022"", ""type"": ""Disease"", ""valid"": true, ""normalized"": [""D010022""], ""database"": ""ncbi_mesh"", ""normalized_id"": ""D010022"", ""biotype"": ""disease"", ""name"": ""Osteopetrosis"", ""accession"": ""@DISEASE_Osteopetrosis""}",216,13,1,abstract,[],lexical_candidate_only,data/raw/discovery_pilot/4a74919c786c2d170d4443ae3396d1e857807d8ef61b9992bda6f5e8ef25fd67.json,f4cf64f0bc9f8026ba1acf488adfe9142b738630947efdf158e6cd5cab643506
42345820,57,mice,Species,10090,10090,"[{""offset"": 233, ""length"": 4}]","{""identifier"": ""10090"", ""type"": ""Species"", ""valid"": true, ""normalized"": [10090], ""database"": ""ncbi_taxonomy"", ""normalized_id"": 10090, ""biotype"": ""species"", ""name"": ""10090"", ""accession"": null}",233,4,1,abstract,[],lexical_candidate_only,data/raw/discovery_pilot/4a74919c786c2d170d4443ae3396d1e857807d8ef61b9992bda6f5e8ef25fd67.json,f4cf64f0bc9f8026ba1acf488adfe9142b738630947efdf158e6cd5cab643506
42345820,58,humans,Species,9606,9606,"[{""offset"": 242, ""length"": 6}]","{""identifier"": ""9606"", ""type"": ""Species"", ""valid"": true, ""normalized"": [9606], ""database"": ""ncbi_taxonomy"", ""normalized_id"": 9606, ""biotype"": ""species"", ""name"": ""9606"", ""accession"": null}",242,6,1,abstract,[],lexical_candidate_only,data/raw/discovery_pilot/4a74919c786c2d170d4443ae3396d1e857807d8ef61b9992bda6f5e8ef25fd67.json,f4cf64f0bc9f8026ba1acf488adfe9142b738630947efdf158e6cd5cab643506
42345820,59,LRRK1,Gene,233328,Lrrk1,"[{""offset"": 283, ""length"": 5}]","{""identifier"": ""233328"", ""type"": ""Gene"", ""ncbi_homologene"": ""23464"", ""valid"": true, ""normalized"": [233328], ""database"": ""ncbi_gene"", ""normalized_id"": 233328, ""biotype"": ""gene"", ""name"": ""Lrrk1"", ""accession"": ""@GENE_LRRK1""}",283,5,1,abstract,[],lexical_candidate_only,data/raw/discovery_pilot/4a74919c786c2d170d4443ae3396d1e857807d8ef61b9992bda6f5e8ef25fd67.json,f4cf64f0bc9f8026ba1acf488adfe9142b738630947efdf158e6cd5cab643506
42345820,60,OSTM1,Gene,14628,Ostm1,"[{""offset"": 397, ""length"": 5}]","{""identifier"": ""14628"", ""type"": ""Gene"", ""ncbi_homologene"": ""32203"", ""valid"": true, ""normalized"": [14628], ""database"": ""ncbi_gene"", ""normalized_id"": 14628, ""biotype"": ""gene"", ""name"": ""Ostm1"", ""accession"": ""@GENE_OSTM1""}",397,5,1,abstract,"[""LOCAL:protein:mouse:OSTM1""]",lexical_candidate_only,data/raw/discovery_pilot/4a74919c786c2d170d4443ae3396d1e857807d8ef61b9992bda6f5e8ef25fd67.json,f4cf64f0bc9f8026ba1acf488adfe9142b738630947efdf158e6cd5cab643506
42345820,61,threonine 328,Variant,tmVar:p|Allele|T|328;VariantGroup:1;OriginalGene:14628;CorrespondingGene:28962;CorrespondingSpecies:10090,#28962#,"[{""offset"": 406, ""length"": 13}]","{""identifier"": ""tmVar:p|Allele|T|328;VariantGroup:1;OriginalGene:14628;CorrespondingGene:28962;CorrespondingSpecies:10090"", ""type"": ""Variant"", ""valid"": true, ""subtype"": ""ProteinMutation"", ""database"": ""litvar"", ""original_genes_ids"": [14628], ""original_gene_id"": 14628, ""gene_ids"": [28962], ""gene_id"": 28962, ""species_ids"": [10090], ""species_id"": 10090, ""rsids"": [], ""normalized"": [""#28962#"", ""#28962#""], ""normalized_id"": ""#28962#"", ""biotype"": ""variant"", ""name"": ""#28962#"", ""accession"": null}",406,13,1,abstract,[],lexical_candidate_only,data/raw/discovery_pilot/4a74919c786c2d170d4443ae3396d1e857807d8ef61b9992bda6f5e8ef25fd67.json,f4cf64f0bc9f8026ba1acf488adfe9142b738630947efdf158e6cd5cab643506
42345820,62,serine 329,Variant,tmVar:p|Allele|S|329;VariantGroup:0;OriginalGene:14628;CorrespondingGene:28962;CorrespondingSpecies:10090,#28962#,"[{""offset"": 424, ""length"": 10}]","{""identifier"": ""tmVar:p|Allele|S|329;VariantGroup:0;OriginalGene:14628;CorrespondingGene:28962;CorrespondingSpecies:10090"", ""type"": ""Variant"", ""valid"": true, ""subtype"": ""ProteinMutation"", ""database"": ""litvar"", ""original_genes_ids"": [14628], ""original_gene_id"": 14628, ""gene_ids"": [28962], ""gene_id"": 28962, ""species_ids"": [10090], ""species_id"": 10090, ""rsids"": [], ""normalized"": [""#28962#"", ""#28962#""], ""normalized_id"": ""#28962#"", ""biotype"": ""variant"", ""name"": ""#28962#"", ""accession"": null}",424,10,1,abstract,[],lexical_candidate_only,data/raw/discovery_pilot/4a74919c786c2d170d4443ae3396d1e857807d8ef61b9992bda6f5e8ef25fd67.json,f4cf64f0bc9f8026ba1acf488adfe9142b738630947efdf158e6cd5cab643506
42345820,63,LRRK1,Gene,233328,Lrrk1,"[{""offset"": 454, ""length"": 5}]","{""identifier"": ""233328"", ""type"": ""Gene"", ""ncbi_homologene"": ""23464"", ""valid"": true, ""normalized"": [233328], ""database"": ""ncbi_gene"", ""normalized_id"": 233328, ""biotype"": ""gene"", ""name"": ""Lrrk1"", ""accession"": ""@GENE_LRRK1""}",454,5,1,abstract,[],lexical_candidate_only,data/raw/discovery_pilot/4a74919c786c2d170d4443ae3396d1e857807d8ef61b9992bda6f5e8ef25fd67.json,f4cf64f0bc9f8026ba1acf488adfe9142b738630947efdf158e6cd5cab643506
42345820,64,OSTM1,Gene,14628,Ostm1,"[{""offset"": 504, ""length"": 5}]","{""identifier"": ""14628"", ""type"": ""Gene"", ""ncbi_homologene"": ""32203"", ""valid"": true, ""normalized"": [14628], ""database"": ""ncbi_gene"", ""normalized_id"": 14628, ""biotype"": ""gene"", ""name"": ""Ostm1"", ""accession"": ""@GENE_OSTM1""}",504,5,1,abstract,"[""LOCAL:protein:mouse:OSTM1""]",lexical_candidate_only,data/raw/discovery_pilot/4a74919c786c2d170d4443ae3396d1e857807d8ef61b9992bda6f5e8ef25fd67.json,f4cf64f0bc9f8026ba1acf488adfe9142b738630947efdf158e6cd5cab643506
42345820,65,LRRK1,Gene,233328,Lrrk1,"[{""offset"": 529, ""length"": 5}]","{""identifier"": ""233328"", ""type"": ""Gene"", ""ncbi_homologene"": ""23464"", ""valid"": true, ""normalized"": [233328], ""database"": ""ncbi_gene"", ""normalized_id"": 233328, ""biotype"": ""gene"", ""name"": ""Lrrk1"", ""accession"": ""@GENE_LRRK1""}",529,5,1,abstract,[],lexical_candidate_only,data/raw/discovery_pilot/4a74919c786c2d170d4443ae3396d1e857807d8ef61b9992bda6f5e8ef25fd67.json,f4cf64f0bc9f8026ba1acf488adfe9142b738630947efdf158e6cd5cab643506
42345820,66,OSTM1,Gene,14628,Ostm1,"[{""offset"": 601, ""length"": 5}]","{""identifier"": ""14628"", ""type"": ""Gene"", ""ncbi_homologene"": ""32203"", ""valid"": true, ""normalized"": [14628], ""database"": ""ncbi_gene"", ""normalized_id"": 14628, ""biotype"": ""gene"", ""name"": ""Ostm1"", ""accession"": ""@GENE_OSTM1""}",601,5,1,abstract,"[""LOCAL:protein:mouse:OSTM1""]",lexical_candidate_only,data/raw/discovery_pilot/4a74919c786c2d170d4443ae3396d1e857807d8ef61b9992bda6f5e8ef25fd67.json,f4cf64f0bc9f8026ba1acf488adfe9142b738630947efdf158e6cd5cab643506
42345820,67,LRRK1,Gene,233328,Lrrk1,"[{""offset"": 618, ""length"": 5}]","{""identifier"": ""233328"", ""type"": ""Gene"", ""ncbi_homologene"": ""23464"", ""valid"": true, ""normalized"": [233328], ""database"": ""ncbi_gene"", ""normalized_id"": 233328, ""biotype"": ""gene"", ""name"": ""Lrrk1"", ""accession"": ""@GENE_LRRK1""}",618,5,1,abstract,[],lexical_candidate_only,data/raw/discovery_pilot/4a74919c786c2d170d4443ae3396d1e857807d8ef61b9992bda6f5e8ef25fd67.json,f4cf64f0bc9f8026ba1acf488adfe9142b738630947efdf158e6cd5cab643506
42345820,68,LRRK1,Gene,233328,Lrrk1,"[{""offset"": 754, ""length"": 5}]","{""identifier"": ""233328"", ""type"": ""Gene"", ""ncbi_homologene"": ""23464"", ""valid"": true, ""normalized"": [233328], ""database"": ""ncbi_gene"", ""normalized_id"": 233328, ""biotype"": ""gene"", ""name"": ""Lrrk1"", ""accession"": ""@GENE_LRRK1""}",754,5,1,abstract,[],lexical_candidate_only,data/raw/discovery_pilot/4a74919c786c2d170d4443ae3396d1e857807d8ef61b9992bda6f5e8ef25fd67.json,f4cf64f0bc9f8026ba1acf488adfe9142b738630947efdf158e6cd5cab643506
42345820,69,OSTM1,Gene,14628,Ostm1,"[{""offset"": 800, ""length"": 5}]","{""identifier"": ""14628"", ""type"": ""Gene"", ""ncbi_homologene"": ""32203"", ""valid"": true, ""normalized"": [14628], ""database"": ""ncbi_gene"", ""normalized_id"": 14628, ""biotype"": ""gene"", ""name"": ""Ostm1"", ""accession"": ""@GENE_OSTM1""}",800,5,1,abstract,"[""LOCAL:protein:mouse:OSTM1""]",lexical_candidate_only,data/raw/discovery_pilot/4a74919c786c2d170d4443ae3396d1e857807d8ef61b9992bda6f5e8ef25fd67.json,f4cf64f0bc9f8026ba1acf488adfe9142b738630947efdf158e6cd5cab643506
42345820,70,resorption,Disease,MESH:D014091,Tooth Resorption,"[{""offset"": 840, ""length"": 10}]","{""identifier"": ""MESH:D014091"", ""type"": ""Disease"", ""valid"": true, ""normalized"": [""D014091""], ""database"": ""ncbi_mesh"", ""normalized_id"": ""D014091"", ""biotype"": ""disease"", ""name"": ""Tooth Resorption"", ""accession"": ""@DISEASE_Tooth_Resorption""}",840,10,1,abstract,[],lexical_candidate_only,data/raw/discovery_pilot/4a74919c786c2d170d4443ae3396d1e857807d8ef61b9992bda6f5e8ef25fd67.json,f4cf64f0bc9f8026ba1acf488adfe9142b738630947efdf158e6cd5cab643506
42345820,71,Lrrk1,Gene,233328,Lrrk1,"[{""offset"": 854, ""length"": 5}]","{""identifier"": ""233328"", ""type"": ""Gene"", ""ncbi_homologene"": ""23464"", ""valid"": true, ""normalized"": [233328], ""database"": ""ncbi_gene"", ""normalized_id"": 233328, ""biotype"": ""gene"", ""name"": ""Lrrk1"", ""accession"": ""@GENE_LRRK1""}",854,5,1,abstract,[],lexical_candidate_only,data/raw/discovery_pilot/4a74919c786c2d170d4443ae3396d1e857807d8ef61b9992bda6f5e8ef25fd67.json,f4cf64f0bc9f8026ba1acf488adfe9142b738630947efdf158e6cd5cab643506
42345820,72,mice,Species,10090,10090,"[{""offset"": 865, ""length"": 4}]","{""identifier"": ""10090"", ""type"": ""Species"", ""valid"": true, ""normalized"": [10090], ""database"": ""ncbi_taxonomy"", ""normalized_id"": 10090, ""biotype"": ""species"", ""name"": ""10090"", ""accession"": null}",865,4,1,abstract,[],lexical_candidate_only,data/raw/discovery_pilot/4a74919c786c2d170d4443ae3396d1e857807d8ef61b9992bda6f5e8ef25fd67.json,f4cf64f0bc9f8026ba1acf488adfe9142b738630947efdf158e6cd5cab643506
42345820,73,Ostm1,Gene,14628,Ostm1,"[{""offset"": 884, ""length"": 5}]","{""identifier"": ""14628"", ""type"": ""Gene"", ""ncbi_homologene"": ""32203"", ""valid"": true, ""normalized"": [14628], ""database"": ""ncbi_gene"", ""normalized_id"": 14628, ""biotype"": ""gene"", ""name"": ""Ostm1"", ""accession"": ""@GENE_OSTM1""}",884,5,1,abstract,"[""LOCAL:protein:mouse:OSTM1""]",lexical_candidate_only,data/raw/discovery_pilot/4a74919c786c2d170d4443ae3396d1e857807d8ef61b9992bda6f5e8ef25fd67.json,f4cf64f0bc9f8026ba1acf488adfe9142b738630947efdf158e6cd5cab643506
42345820,74,T328E,Variant,tmVar:p|SUB|T|328|E;HGVS:p.T328E;VariantGroup:1;OriginalGene:14628;CorrespondingGene:28962;CorrespondingSpecies:10090,p.T328E,"[{""offset"": 890, ""length"": 5}]","{""identifier"": ""tmVar:p|SUB|T|328|E;HGVS:p.T328E;VariantGroup:1;OriginalGene:14628;CorrespondingGene:28962;CorrespondingSpecies:10090"", ""type"": ""Variant"", ""valid"": true, ""subtype"": ""ProteinMutation"", ""database"": ""litvar"", ""hgvs"": ""p.T328E"", ""original_genes_ids"": [14628], ""original_gene_id"": 14628, ""gene_ids"": [28962], ""gene_id"": 28962, ""species_ids"": [10090], ""species_id"": 10090, ""rsids"": [], ""normalized"": [""#28962#p.T328E"", ""#28962#""], ""normalized_id"": ""#28962#p.T328E"", ""biotype"": ""variant"", ""name"": ""p.T328E"", ""accession"": ""@VARIANT_p.T328E_OSTM1_human""}",890,5,1,abstract,[],lexical_candidate_only,data/raw/discovery_pilot/4a74919c786c2d170d4443ae3396d1e857807d8ef61b9992bda6f5e8ef25fd67.json,f4cf64f0bc9f8026ba1acf488adfe9142b738630947efdf158e6cd5cab643506
42345820,75,S329D,Variant,tmVar:p|SUB|S|329|D;HGVS:p.S329D;VariantGroup:0;OriginalGene:14628;CorrespondingGene:28962;CorrespondingSpecies:10090,p.S329D,"[{""offset"": 896, ""length"": 5}]","{""identifier"": ""tmVar:p|SUB|S|329|D;HGVS:p.S329D;VariantGroup:0;OriginalGene:14628;CorrespondingGene:28962;CorrespondingSpecies:10090"", ""type"": ""Variant"", ""valid"": true, ""subtype"": ""ProteinMutation"", ""database"": ""litvar"", ""hgvs"": ""p.S329D"", ""original_genes_ids"": [14628], ""original_gene_id"": 14628, ""gene_ids"": [28962], ""gene_id"": 28962, ""species_ids"": [10090], ""species_id"": 10090, ""rsids"": [], ""normalized"": [""#28962#p.S329D"", ""#28962#""], ""normalized_id"": ""#28962#p.S329D"", ""biotype"": ""variant"", ""name"": ""p.S329D"", ""accession"": ""@VARIANT_p.S329D_OSTM1_human""}",896,5,1,abstract,[],lexical_candidate_only,data/raw/discovery_pilot/4a74919c786c2d170d4443ae3396d1e857807d8ef61b9992bda6f5e8ef25fd67.json,f4cf64f0bc9f8026ba1acf488adfe9142b738630947efdf158e6cd5cab643506
42345820,76,mice,Species,10090,10090,"[{""offset"": 916, ""length"": 4}]","{""identifier"": ""10090"", ""type"": ""Species"", ""valid"": true, ""normalized"": [10090], ""database"": ""ncbi_taxonomy"", ""normalized_id"": 10090, ""biotype"": ""species"", ""name"": ""10090"", ""accession"": null}",916,4,1,abstract,[],lexical_candidate_only,data/raw/discovery_pilot/4a74919c786c2d170d4443ae3396d1e857807d8ef61b9992bda6f5e8ef25fd67.json,f4cf64f0bc9f8026ba1acf488adfe9142b738630947efdf158e6cd5cab643506
42345820,77,Lrrk1,Gene,233328,Lrrk1,"[{""offset"": 947, ""length"": 5}]","{""identifier"": ""233328"", ""type"": ""Gene"", ""ncbi_homologene"": ""23464"", ""valid"": true, ""normalized"": [233328], ""database"": ""ncbi_gene"", ""normalized_id"": 233328, ""biotype"": ""gene"", ""name"": ""Lrrk1"", ""accession"": ""@GENE_LRRK1""}",947,5,1,abstract,[],lexical_candidate_only,data/raw/discovery_pilot/4a74919c786c2d170d4443ae3396d1e857807d8ef61b9992bda6f5e8ef25fd67.json,f4cf64f0bc9f8026ba1acf488adfe9142b738630947efdf158e6cd5cab643506
42345820,78,Ostm1,Gene,14628,Ostm1,"[{""offset"": 975, ""length"": 5}]","{""identifier"": ""14628"", ""type"": ""Gene"", ""ncbi_homologene"": ""32203"", ""valid"": true, ""normalized"": [14628], ""database"": ""ncbi_gene"", ""normalized_id"": 14628, ""biotype"": ""gene"", ""name"": ""Ostm1"", ""accession"": ""@GENE_OSTM1""}",975,5,1,abstract,"[""LOCAL:protein:mouse:OSTM1""]",lexical_candidate_only,data/raw/discovery_pilot/4a74919c786c2d170d4443ae3396d1e857807d8ef61b9992bda6f5e8ef25fd67.json,f4cf64f0bc9f8026ba1acf488adfe9142b738630947efdf158e6cd5cab643506
42345820,79,T328E,Variant,tmVar:p|SUB|T|328|E;HGVS:p.T328E;VariantGroup:1;OriginalGene:14628;CorrespondingGene:28962;CorrespondingSpecies:10090,p.T328E,"[{""offset"": 981, ""length"": 5}]","{""identifier"": ""tmVar:p|SUB|T|328|E;HGVS:p.T328E;VariantGroup:1;OriginalGene:14628;CorrespondingGene:28962;CorrespondingSpecies:10090"", ""type"": ""Variant"", ""valid"": true, ""subtype"": ""ProteinMutation"", ""database"": ""litvar"", ""hgvs"": ""p.T328E"", ""original_genes_ids"": [14628], ""original_gene_id"": 14628, ""gene_ids"": [28962], ""gene_id"": 28962, ""species_ids"": [10090], ""species_id"": 10090, ""rsids"": [], ""normalized"": [""#28962#p.T328E"", ""#28962#""], ""normalized_id"": ""#28962#p.T328E"", ""biotype"": ""variant"", ""name"": ""p.T328E"", ""accession"": ""@VARIANT_p.T328E_OSTM1_human""}",981,5,1,abstract,[],lexical_candidate_only,data/raw/discovery_pilot/4a74919c786c2d170d4443ae3396d1e857807d8ef61b9992bda6f5e8ef25fd67.json,f4cf64f0bc9f8026ba1acf488adfe9142b738630947efdf158e6cd5cab643506
42345820,80,S329D,Variant,tmVar:p|SUB|S|329|D;HGVS:p.S329D;VariantGroup:0;OriginalGene:14628;CorrespondingGene:28962;CorrespondingSpecies:10090,p.S329D,"[{""offset"": 987, ""length"": 5}]","{""identifier"": ""tmVar:p|SUB|S|329|D;HGVS:p.S329D;VariantGroup:0;OriginalGene:14628;CorrespondingGene:28962;CorrespondingSpecies:10090"", ""type"": ""Variant"", ""valid"": true, ""subtype"": ""ProteinMutation"", ""database"": ""litvar"", ""hgvs"": ""p.S329D"", ""original_genes_ids"": [14628], ""original_gene_id"": 14628, ""gene_ids"": [28962], ""gene_id"": 28962, ""species_ids"": [10090], ""species_id"": 10090, ""rsids"": [], ""normalized"": [""#28962#p.S329D"", ""#28962#""], ""normalized_id"": ""#28962#p.S329D"", ""biotype"": ""variant"", ""name"": ""p.S329D"", ""accession"": ""@VARIANT_p.S329D_OSTM1_human""}",987,5,1,abstract,[],lexical_candidate_only,data/raw/discovery_pilot/4a74919c786c2d170d4443ae3396d1e857807d8ef61b9992bda6f5e8ef25fd67.json,f4cf64f0bc9f8026ba1acf488adfe9142b738630947efdf158e6cd5cab643506
42345820,81,mice,Species,10090,10090,"[{""offset"": 996, ""length"": 4}]","{""identifier"": ""10090"", ""type"": ""Species"", ""valid"": true, ""normalized"": [10090], ""database"": ""ncbi_taxonomy"", ""normalized_id"": 10090, ""biotype"": ""species"", ""name"": ""10090"", ""accession"": null}",996,4,1,abstract,[],lexical_candidate_only,data/raw/discovery_pilot/4a74919c786c2d170d4443ae3396d1e857807d8ef61b9992bda6f5e8ef25fd67.json,f4cf64f0bc9f8026ba1acf488adfe9142b738630947efdf158e6cd5cab643506
42345820,82,Lrrk1,Gene,233328,Lrrk1,"[{""offset"": 1080, ""length"": 5}]","{""identifier"": ""233328"", ""type"": ""Gene"", ""ncbi_homologene"": ""23464"", ""valid"": true, ""normalized"": [233328], ""database"": ""ncbi_gene"", ""normalized_id"": 233328, ""biotype"": ""gene"", ""name"": ""Lrrk1"", ""accession"": ""@GENE_LRRK1""}",1080,5,1,abstract,[],lexical_candidate_only,data/raw/discovery_pilot/4a74919c786c2d170d4443ae3396d1e857807d8ef61b9992bda6f5e8ef25fd67.json,f4cf64f0bc9f8026ba1acf488adfe9142b738630947efdf158e6cd5cab643506
42345820,83,OSTM1,Gene,14628,Ostm1,"[{""offset"": 1108, ""length"": 5}]","{""identifier"": ""14628"", ""type"": ""Gene"", ""ncbi_homologene"": ""32203"", ""valid"": true, ""normalized"": [14628], ""database"": ""ncbi_gene"", ""normalized_id"": 14628, ""biotype"": ""gene"", ""name"": ""Ostm1"", ""accession"": ""@GENE_OSTM1""}",1108,5,1,abstract,"[""LOCAL:protein:mouse:OSTM1""]",lexical_candidate_only,data/raw/discovery_pilot/4a74919c786c2d170d4443ae3396d1e857807d8ef61b9992bda6f5e8ef25fd67.json,f4cf64f0bc9f8026ba1acf488adfe9142b738630947efdf158e6cd5cab643506
42345820,84,T328E,Variant,tmVar:p|SUB|T|328|E;HGVS:p.T328E;VariantGroup:1;OriginalGene:14628;CorrespondingGene:28962;CorrespondingSpecies:10090,p.T328E,"[{""offset"": 1114, ""length"": 5}]","{""identifier"": ""tmVar:p|SUB|T|328|E;HGVS:p.T328E;VariantGroup:1;OriginalGene:14628;CorrespondingGene:28962;CorrespondingSpecies:10090"", ""type"": ""Variant"", ""valid"": true, ""subtype"": ""ProteinMutation"", ""database"": ""litvar"", ""hgvs"": ""p.T328E"", ""original_genes_ids"": [14628], ""original_gene_id"": 14628, ""gene_ids"": [28962], ""gene_id"": 28962, ""species_ids"": [10090], ""species_id"": 10090, ""rsids"": [], ""normalized"": [""#28962#p.T328E"", ""#28962#""], ""normalized_id"": ""#28962#p.T328E"", ""biotype"": ""variant"", ""name"": ""p.T328E"", ""accession"": ""@VARIANT_p.T328E_OSTM1_human""}",1114,5,1,abstract,[],lexical_candidate_only,data/raw/discovery_pilot/4a74919c786c2d170d4443ae3396d1e857807d8ef61b9992bda6f5e8ef25fd67.json,f4cf64f0bc9f8026ba1acf488adfe9142b738630947efdf158e6cd5cab643506
42345820,85,S329D,Variant,tmVar:p|SUB|S|329|D;HGVS:p.S329D;VariantGroup:0;OriginalGene:14628;CorrespondingGene:28962;CorrespondingSpecies:10090,p.S329D,"[{""offset"": 1120, ""length"": 5}]","{""identifier"": ""tmVar:p|SUB|S|329|D;HGVS:p.S329D;VariantGroup:0;OriginalGene:14628;CorrespondingGene:28962;CorrespondingSpecies:10090"", ""type"": ""Variant"", ""valid"": true, ""subtype"": ""ProteinMutation"", ""database"": ""litvar"", ""hgvs"": ""p.S329D"", ""original_genes_ids"": [14628], ""original_gene_id"": 14628, ""gene_ids"": [28962], ""gene_id"": 28962, ""species_ids"": [10090], ""species_id"": 10090, ""rsids"": [], ""normalized"": [""#28962#p.S329D"", ""#28962#""], ""normalized_id"": ""#28962#p.S329D"", ""biotype"": ""variant"", ""name"": ""p.S329D"", ""accession"": ""@VARIANT_p.S329D_OSTM1_human""}",1120,5,1,abstract,[],lexical_candidate_only,data/raw/discovery_pilot/4a74919c786c2d170d4443ae3396d1e857807d8ef61b9992bda6f5e8ef25fd67.json,f4cf64f0bc9f8026ba1acf488adfe9142b738630947efdf158e6cd5cab643506
42345820,86,OSTM1,Gene,14628,Ostm1,"[{""offset"": 1318, ""length"": 5}]","{""identifier"": ""14628"", ""type"": ""Gene"", ""ncbi_homologene"": ""32203"", ""valid"": true, ""normalized"": [14628], ""database"": ""ncbi_gene"", ""normalized_id"": 14628, ""biotype"": ""gene"", ""name"": ""Ostm1"", ""accession"": ""@GENE_OSTM1""}",1318,5,1,abstract,"[""LOCAL:protein:mouse:OSTM1""]",lexical_candidate_only,data/raw/discovery_pilot/4a74919c786c2d170d4443ae3396d1e857807d8ef61b9992bda6f5e8ef25fd67.json,f4cf64f0bc9f8026ba1acf488adfe9142b738630947efdf158e6cd5cab643506
42345820,87,LRRK1,Gene,233328,Lrrk1,"[{""offset"": 1355, ""length"": 5}]","{""identifier"": ""233328"", ""type"": ""Gene"", ""ncbi_homologene"": ""23464"", ""valid"": true, ""normalized"": [233328], ""database"": ""ncbi_gene"", ""normalized_id"": 233328, ""biotype"": ""gene"", ""name"": ""Lrrk1"", ""accession"": ""@GENE_LRRK1""}",1355,5,1,abstract,[],lexical_candidate_only,data/raw/discovery_pilot/4a74919c786c2d170d4443ae3396d1e857807d8ef61b9992bda6f5e8ef25fd67.json,f4cf64f0bc9f8026ba1acf488adfe9142b738630947efdf158e6cd5cab643506
42345820,88,LRRK1,Gene,233328,Lrrk1,"[{""offset"": 1422, ""length"": 5}]","{""identifier"": ""233328"", ""type"": ""Gene"", ""ncbi_homologene"": ""23464"", ""valid"": true, ""normalized"": [233328], ""database"": ""ncbi_gene"", ""normalized_id"": 233328, ""biotype"": ""gene"", ""name"": ""Lrrk1"", ""accession"": ""@GENE_LRRK1""}",1422,5,1,abstract,[],lexical_candidate_only,data/raw/discovery_pilot/4a74919c786c2d170d4443ae3396d1e857807d8ef61b9992bda6f5e8ef25fd67.json,f4cf64f0bc9f8026ba1acf488adfe9142b738630947efdf158e6cd5cab643506
42345820,89,OSTM1,Gene,14628,Ostm1,"[{""offset"": 1428, ""length"": 5}]","{""identifier"": ""14628"", ""type"": ""Gene"", ""ncbi_homologene"": ""32203"", ""valid"": true, ""normalized"": [14628], ""database"": ""ncbi_gene"", ""normalized_id"": 14628, ""biotype"": ""gene"", ""name"": ""Ostm1"", ""accession"": ""@GENE_OSTM1""}",1428,5,1,abstract,"[""LOCAL:protein:mouse:OSTM1""]",lexical_candidate_only,data/raw/discovery_pilot/4a74919c786c2d170d4443ae3396d1e857807d8ef61b9992bda6f5e8ef25fd67.json,f4cf64f0bc9f8026ba1acf488adfe9142b738630947efdf158e6cd5cab643506
42345820,90,resorption,Disease,MESH:D014091,Tooth Resorption,"[{""offset"": 1481, ""length"": 10}]","{""identifier"": ""MESH:D014091"", ""type"": ""Disease"", ""valid"": true, ""normalized"": [""D014091""], ""database"": ""ncbi_mesh"", ""normalized_id"": ""D014091"", ""biotype"": ""disease"", ""name"": ""Tooth Resorption"", ""accession"": ""@DISEASE_Tooth_Resorption""}",1481,10,1,abstract,[],lexical_candidate_only,data/raw/discovery_pilot/4a74919c786c2d170d4443ae3396d1e857807d8ef61b9992bda6f5e8ef25fd67.json,f4cf64f0bc9f8026ba1acf488adfe9142b738630947efdf158e6cd5cab643506
42345820,91,LRRK1,Gene,233328,Lrrk1,"[{""offset"": 1551, ""length"": 5}]","{""identifier"": ""233328"", ""type"": ""Gene"", ""ncbi_homologene"": ""23464"", ""valid"": true, ""normalized"": [233328], ""database"": ""ncbi_gene"", ""normalized_id"": 233328, ""biotype"": ""gene"", ""name"": ""Lrrk1"", ""accession"": ""@GENE_LRRK1""}",1551,5,1,abstract,[],lexical_candidate_only,data/raw/discovery_pilot/4a74919c786c2d170d4443ae3396d1e857807d8ef61b9992bda6f5e8ef25fd67.json,f4cf64f0bc9f8026ba1acf488adfe9142b738630947efdf158e6cd5cab643506
42345820,92,OSTM1,Gene,14628,Ostm1,"[{""offset"": 1601, ""length"": 5}]","{""identifier"": ""14628"", ""type"": ""Gene"", ""ncbi_homologene"": ""32203"", ""valid"": true, ""normalized"": [14628], ""database"": ""ncbi_gene"", ""normalized_id"": 14628, ""biotype"": ""gene"", ""name"": ""Ostm1"", ""accession"": ""@GENE_OSTM1""}",1601,5,1,abstract,"[""LOCAL:protein:mouse:OSTM1""]",lexical_candidate_only,data/raw/discovery_pilot/4a74919c786c2d170d4443ae3396d1e857807d8ef61b9992bda6f5e8ef25fd67.json,f4cf64f0bc9f8026ba1acf488adfe9142b738630947efdf158e6cd5cab643506
42345820,93,metabolic bone diseases,Disease,MESH:D001851,Bone Diseases Metabolic,"[{""offset"": 1661, ""length"": 23}]","{""identifier"": ""MESH:D001851"", ""type"": ""Disease"", ""valid"": true, ""normalized"": [""D001851""], ""database"": ""ncbi_mesh"", ""normalized_id"": ""D001851"", ""biotype"": ""disease"", ""name"": ""Bone Diseases Metabolic"", ""accession"": ""@DISEASE_Bone_Diseases_Metabolic""}",1661,23,1,abstract,[],lexical_candidate_only,data/raw/discovery_pilot/4a74919c786c2d170d4443ae3396d1e857807d8ef61b9992bda6f5e8ef25fd67.json,f4cf64f0bc9f8026ba1acf488adfe9142b738630947efdf158e6cd5cab643506
42628588,6,Salidroside,Chemical,MESH:C009172,rhodioloside,"[{""offset"": 0, ""length"": 11}]","{""identifier"": ""MESH:C009172"", ""type"": ""Chemical"", ""valid"": true, ""normalized"": [""C009172""], ""database"": ""ncbi_mesh"", ""normalized_id"": ""C009172"", ""biotype"": ""chemical"", ""name"": ""rhodioloside"", ""accession"": ""@CHEMICAL_rhodioloside""}",0,11,0,title,[],lexical_candidate_only,data/raw/discovery_pilot/4a74919c786c2d170d4443ae3396d1e857807d8ef61b9992bda6f5e8ef25fd67.json,f4cf64f0bc9f8026ba1acf488adfe9142b738630947efdf158e6cd5cab643506
42628588,7,Apigenin,Chemical,MESH:D047310,Apigenin,"[{""offset"": 16, ""length"": 8}]","{""identifier"": ""MESH:D047310"", ""type"": ""Chemical"", ""valid"": true, ""normalized"": [""D047310""], ""database"": ""ncbi_mesh"", ""normalized_id"": ""D047310"", ""biotype"": ""chemical"", ""name"": ""Apigenin"", ""accession"": ""@CHEMICAL_Apigenin""}",16,8,0,title,[],lexical_candidate_only,data/raw/discovery_pilot/4a74919c786c2d170d4443ae3396d1e857807d8ef61b9992bda6f5e8ef25fd67.json,f4cf64f0bc9f8026ba1acf488adfe9142b738630947efdf158e6cd5cab643506
42628588,8,mice,Species,10090,10090,"[{""offset"": 69, ""length"": 4}]","{""identifier"": ""10090"", ""type"": ""Species"", ""valid"": true, ""normalized"": [10090], ""database"": ""ncbi_taxonomy"", ""normalized_id"": 10090, ""biotype"": ""species"", ""name"": ""10090"", ""accession"": null}",69,4,0,title,[],lexical_candidate_only,data/raw/discovery_pilot/4a74919c786c2d170d4443ae3396d1e857807d8ef61b9992bda6f5e8ef25fd67.json,f4cf64f0bc9f8026ba1acf488adfe9142b738630947efdf158e6cd5cab643506
42628588,9,Sema3A,Gene,20346,Sema3a,"[{""offset"": 94, ""length"": 6}]","{""identifier"": ""20346"", ""type"": ""Gene"", ""ncbi_homologene"": ""31358"", ""valid"": true, ""normalized"": [20346], ""database"": ""ncbi_gene"", ""normalized_id"": 20346, ""biotype"": ""gene"", ""name"": ""Sema3a"", ""accession"": ""@GENE_SEMA3A""}",94,6,0,title,[],lexical_candidate_only,data/raw/discovery_pilot/4a74919c786c2d170d4443ae3396d1e857807d8ef61b9992bda6f5e8ef25fd67.json,f4cf64f0bc9f8026ba1acf488adfe9142b738630947efdf158e6cd5cab643506
42628588,10,Nrp1,Gene,18186,Nrp1,"[{""offset"": 101, ""length"": 4}]","{""identifier"": ""18186"", ""type"": ""Gene"", ""ncbi_homologene"": ""2876"", ""valid"": true, ""normalized"": [18186], ""database"": ""ncbi_gene"", ""normalized_id"": 18186, ""biotype"": ""gene"", ""name"": ""Nrp1"", ""accession"": ""@GENE_NRP1""}",101,4,0,title,[],lexical_candidate_only,data/raw/discovery_pilot/4a74919c786c2d170d4443ae3396d1e857807d8ef61b9992bda6f5e8ef25fd67.json,f4cf64f0bc9f8026ba1acf488adfe9142b738630947efdf158e6cd5cab643506
42628588,11,PlexinA1,Gene,18844,Plxna1,"[{""offset"": 106, ""length"": 8}]","{""identifier"": ""18844"", ""type"": ""Gene"", ""ncbi_homologene"": ""56426"", ""valid"": true, ""normalized"": [18844], ""database"": ""ncbi_gene"", ""normalized_id"": 18844, ""biotype"": ""gene"", ""name"": ""Plxna1"", ""accession"": ""@GENE_PLXNA1""}",106,8,0,title,[],lexical_candidate_only,data/raw/discovery_pilot/4a74919c786c2d170d4443ae3396d1e857807d8ef61b9992bda6f5e8ef25fd67.json,f4cf64f0bc9f8026ba1acf488adfe9142b738630947efdf158e6cd5cab643506
42628588,43,Osteoporosis,Disease,MESH:D010024,Osteoporosis,"[{""offset"": 124, ""length"": 12}]","{""identifier"": ""MESH:D010024"", ""type"": ""Disease"", ""valid"": true, ""normalized"": [""D010024""], ""database"": ""ncbi_mesh"", ""normalized_id"": ""D010024"", ""biotype"": ""disease"", ""name"": ""Osteoporosis"", ""accession"": ""@DISEASE_Osteoporosis""}",124,12,1,abstract,[],lexical_candidate_only,data/raw/discovery_pilot/4a74919c786c2d170d4443ae3396d1e857807d8ef61b9992bda6f5e8ef25fd67.json,f4cf64f0bc9f8026ba1acf488adfe9142b738630947efdf158e6cd5cab643506
42628588,44,Salidroside,Chemical,MESH:C009172,rhodioloside,"[{""offset"": 286, ""length"": 11}]","{""identifier"": ""MESH:C009172"", ""type"": ""Chemical"", ""valid"": true, ""normalized"": [""C009172""], ""database"": ""ncbi_mesh"", ""normalized_id"": ""C009172"", ""biotype"": ""chemical"", ""name"": ""rhodioloside"", ""accession"": ""@CHEMICAL_rhodioloside""}",286,11,1,abstract,[],lexical_candidate_only,data/raw/discovery_pilot/4a74919c786c2d170d4443ae3396d1e857807d8ef61b9992bda6f5e8ef25fd67.json,f4cf64f0bc9f8026ba1acf488adfe9142b738630947efdf158e6cd5cab643506
42628588,45,SAL,Chemical,MESH:C009172,rhodioloside,"[{""offset"": 299, ""length"": 3}]","{""identifier"": ""MESH:C009172"", ""type"": ""Chemical"", ""valid"": true, ""normalized"": [""C009172""], ""database"": ""ncbi_mesh"", ""normalized_id"": ""C009172"", ""biotype"": ""chemical"", ""name"": ""rhodioloside"", ""accession"": ""@CHEMICAL_rhodioloside""}",299,3,1,abstract,[],lexical_candidate_only,data/raw/discovery_pilot/4a74919c786c2d170d4443ae3396d1e857807d8ef61b9992bda6f5e8ef25fd67.json,f4cf64f0bc9f8026ba1acf488adfe9142b738630947efdf158e6cd5cab643506
42628588,46,Apigenin,Chemical,MESH:D047310,Apigenin,"[{""offset"": 308, ""length"": 8}]","{""identifier"": ""MESH:D047310"", ""type"": ""Chemical"", ""valid"": true, ""normalized"": [""D047310""], ""database"": ""ncbi_mesh"", ""normalized_id"": ""D047310"", ""biotype"": ""chemical"", ""name"": ""Apigenin"", ""accession"": ""@CHEMICAL_Apigenin""}",308,8,1,abstract,[],lexical_candidate_only,data/raw/discovery_pilot/4a74919c786c2d170d4443ae3396d1e857807d8ef61b9992bda6f5e8ef25fd67.json,f4cf64f0bc9f8026ba1acf488adfe9142b738630947efdf158e6cd5cab643506
42628588,47,AP,Chemical,MESH:D047310,Apigenin,"[{""offset"": 318, ""length"": 2}]","{""identifier"": ""MESH:D047310"", ""type"": ""Chemical"", ""valid"": true, ""normalized"": [""D047310""], ""database"": ""ncbi_mesh"", ""normalized_id"": ""D047310"", ""biotype"": ""chemical"", ""name"": ""Apigenin"", ""accession"": ""@CHEMICAL_Apigenin""}",318,2,1,abstract,[],lexical_candidate_only,data/raw/discovery_pilot/4a74919c786c2d170d4443ae3396d1e857807d8ef61b9992bda6f5e8ef25fd67.json,f4cf64f0bc9f8026ba1acf488adfe9142b738630947efdf158e6cd5cab643506
42628588,48,osteoporosis,Disease,MESH:D010024,Osteoporosis,"[{""offset"": 453, ""length"": 12}]","{""identifier"": ""MESH:D010024"", ""type"": ""Disease"", ""valid"": true, ""normalized"": [""D010024""], ""database"": ""ncbi_mesh"", ""normalized_id"": ""D010024"", ""biotype"": ""disease"", ""name"": ""Osteoporosis"", ""accession"": ""@DISEASE_Osteoporosis""}",453,12,1,abstract,[],lexical_candidate_only,data/raw/discovery_pilot/4a74919c786c2d170d4443ae3396d1e857807d8ef61b9992bda6f5e8ef25fd67.json,f4cf64f0bc9f8026ba1acf488adfe9142b738630947efdf158e6cd5cab643506
42628588,49,bone loss,Disease,MESH:D001847,Bone Diseases,"[{""offset"": 504, ""length"": 9}]","{""identifier"": ""MESH:D001847"", ""type"": ""Disease"", ""valid"": true, ""normalized"": [""D001847""], ""database"": ""ncbi_mesh"", ""normalized_id"": ""D001847"", ""biotype"": ""disease"", ""name"": ""Bone Diseases"", ""accession"": ""@DISEASE_Bone_Diseases""}",504,9,1,abstract,[],lexical_candidate_only,data/raw/discovery_pilot/4a74919c786c2d170d4443ae3396d1e857807d8ef61b9992bda6f5e8ef25fd67.json,f4cf64f0bc9f8026ba1acf488adfe9142b738630947efdf158e6cd5cab643506
42628588,50,OVX,Disease,,,"[{""offset"": 570, ""length"": 3}]","{""type"": ""Disease"", ""valid"": false, ""normalized_id"": null, ""biotype"": ""disease""}",570,3,1,abstract,[],lexical_candidate_only,data/raw/discovery_pilot/4a74919c786c2d170d4443ae3396d1e857807d8ef61b9992bda6f5e8ef25fd67.json,f4cf64f0bc9f8026ba1acf488adfe9142b738630947efdf158e6cd5cab643506
42628588,51,mice,Species,10090,10090,"[{""offset"": 575, ""length"": 4}]","{""identifier"": ""10090"", ""type"": ""Species"", ""valid"": true, ""normalized"": [10090], ""database"": ""ncbi_taxonomy"", ""normalized_id"": 10090, ""biotype"": ""species"", ""name"": ""10090"", ""accession"": null}",575,4,1,abstract,[],lexical_candidate_only,data/raw/discovery_pilot/4a74919c786c2d170d4443ae3396d1e857807d8ef61b9992bda6f5e8ef25fd67.json,f4cf64f0bc9f8026ba1acf488adfe9142b738630947efdf158e6cd5cab643506
42628588,52,osteoporotic,Disease,MESH:D058866,Osteoporotic Fractures,"[{""offset"": 653, ""length"": 12}]","{""identifier"": ""MESH:D058866"", ""type"": ""Disease"", ""valid"": true, ""normalized"": [""D058866""], ""database"": ""ncbi_mesh"", ""normalized_id"": ""D058866"", ""biotype"": ""disease"", ""name"": ""Osteoporotic Fractures"", ""accession"": ""@DISEASE_Osteoporotic_Fractures""}",653,12,1,abstract,[],lexical_candidate_only,data/raw/discovery_pilot/4a74919c786c2d170d4443ae3396d1e857807d8ef61b9992bda6f5e8ef25fd67.json,f4cf64f0bc9f8026ba1acf488adfe9142b738630947efdf158e6cd5cab643506
42628588,53,SAL,Chemical,MESH:C009172,rhodioloside,"[{""offset"": 708, ""length"": 3}]","{""identifier"": ""MESH:C009172"", ""type"": ""Chemical"", ""valid"": true, ""normalized"": [""C009172""], ""database"": ""ncbi_mesh"", ""normalized_id"": ""C009172"", ""biotype"": ""chemical"", ""name"": ""rhodioloside"", ""accession"": ""@CHEMICAL_rhodioloside""}",708,3,1,abstract,[],lexical_candidate_only,data/raw/discovery_pilot/4a74919c786c2d170d4443ae3396d1e857807d8ef61b9992bda6f5e8ef25fd67.json,f4cf64f0bc9f8026ba1acf488adfe9142b738630947efdf158e6cd5cab643506
42628588,54,AP,Chemical,MESH:D047310,Apigenin,"[{""offset"": 716, ""length"": 2}]","{""identifier"": ""MESH:D047310"", ""type"": ""Chemical"", ""valid"": true, ""normalized"": [""D047310""], ""database"": ""ncbi_mesh"", ""normalized_id"": ""D047310"", ""biotype"": ""chemical"", ""name"": ""Apigenin"", ""accession"": ""@CHEMICAL_Apigenin""}",716,2,1,abstract,[],lexical_candidate_only,data/raw/discovery_pilot/4a74919c786c2d170d4443ae3396d1e857807d8ef61b9992bda6f5e8ef25fd67.json,f4cf64f0bc9f8026ba1acf488adfe9142b738630947efdf158e6cd5cab643506
42628588,55,TRAP,Gene,11433,Acp5,"[{""offset"": 752, ""length"": 4}]","{""identifier"": ""11433"", ""type"": ""Gene"", ""ncbi_homologene"": ""137203"", ""valid"": true, ""normalized"": [11433], ""database"": ""ncbi_gene"", ""normalized_id"": 11433, ""biotype"": ""gene"", ""name"": ""Acp5"", ""accession"": ""@GENE_ACP5""}",752,4,1,abstract,"[""LOCAL:protein:mouse:ACP5""]",lexical_candidate_only,data/raw/discovery_pilot/4a74919c786c2d170d4443ae3396d1e857807d8ef61b9992bda6f5e8ef25fd67.json,f4cf64f0bc9f8026ba1acf488adfe9142b738630947efdf158e6cd5cab643506
42628588,56,c-Fos,Gene,14281,Fos,"[{""offset"": 851, ""length"": 5}]","{""identifier"": ""14281"", ""type"": ""Gene"", ""ncbi_homologene"": ""3844"", ""valid"": true, ""normalized"": [14281], ""database"": ""ncbi_gene"", ""normalized_id"": 14281, ""biotype"": ""gene"", ""name"": ""Fos"", ""accession"": ""@GENE_FOS""}",851,5,1,abstract,"[""LOCAL:protein:mouse:FOS""]",lexical_candidate_only,data/raw/discovery_pilot/4a74919c786c2d170d4443ae3396d1e857807d8ef61b9992bda6f5e8ef25fd67.json,f4cf64f0bc9f8026ba1acf488adfe9142b738630947efdf158e6cd5cab643506
42628588,57,Nfatc1,Gene,18018,Nfatc1,"[{""offset"": 858, ""length"": 6}]","{""identifier"": ""18018"", ""type"": ""Gene"", ""ncbi_homologene"": ""32336"", ""valid"": true, ""normalized"": [18018], ""database"": ""ncbi_gene"", ""normalized_id"": 18018, ""biotype"": ""gene"", ""name"": ""Nfatc1"", ""accession"": ""@GENE_NFATC1""}",858,6,1,abstract,"[""LOCAL:protein:mouse:NFATC1""]",lexical_candidate_only,data/raw/discovery_pilot/4a74919c786c2d170d4443ae3396d1e857807d8ef61b9992bda6f5e8ef25fd67.json,f4cf64f0bc9f8026ba1acf488adfe9142b738630947efdf158e6cd5cab643506
42628588,58,Ctsk,Gene,13038,Ctsk,"[{""offset"": 869, ""length"": 4}]","{""identifier"": ""13038"", ""type"": ""Gene"", ""ncbi_homologene"": ""68053"", ""valid"": true, ""normalized"": [13038], ""database"": ""ncbi_gene"", ""normalized_id"": 13038, ""biotype"": ""gene"", ""name"": ""Ctsk"", ""accession"": ""@GENE_CTSK""}",869,4,1,abstract,"[""LOCAL:protein:mouse:CTSK""]",lexical_candidate_only,data/raw/discovery_pilot/4a74919c786c2d170d4443ae3396d1e857807d8ef61b9992bda6f5e8ef25fd67.json,f4cf64f0bc9f8026ba1acf488adfe9142b738630947efdf158e6cd5cab643506
42628588,59,SAL,Chemical,MESH:C009172,rhodioloside,"[{""offset"": 903, ""length"": 3}]","{""identifier"": ""MESH:C009172"", ""type"": ""Chemical"", ""valid"": true, ""normalized"": [""C009172""], ""database"": ""ncbi_mesh"", ""normalized_id"": ""C009172"", ""biotype"": ""chemical"", ""name"": ""rhodioloside"", ""accession"": ""@CHEMICAL_rhodioloside""}",903,3,1,abstract,[],lexical_candidate_only,data/raw/discovery_pilot/4a74919c786c2d170d4443ae3396d1e857807d8ef61b9992bda6f5e8ef25fd67.json,f4cf64f0bc9f8026ba1acf488adfe9142b738630947efdf158e6cd5cab643506
42628588,60,AP,Chemical,MESH:D047310,Apigenin,"[{""offset"": 911, ""length"": 2}]","{""identifier"": ""MESH:D047310"", ""type"": ""Chemical"", ""valid"": true, ""normalized"": [""D047310""], ""database"": ""ncbi_mesh"", ""normalized_id"": ""D047310"", ""biotype"": ""chemical"", ""name"": ""Apigenin"", ""accession"": ""@CHEMICAL_Apigenin""}",911,2,1,abstract,[],lexical_candidate_only,data/raw/discovery_pilot/4a74919c786c2d170d4443ae3396d1e857807d8ef61b9992bda6f5e8ef25fd67.json,f4cf64f0bc9f8026ba1acf488adfe9142b738630947efdf158e6cd5cab643506
42628588,61,CTX-1,Chemical,-,,"[{""offset"": 968, ""length"": 5}]","{""identifier"": ""-"", ""type"": ""Chemical"", ""valid"": false, ""normalized_id"": null, ""biotype"": ""chemical""}",968,5,1,abstract,[],lexical_candidate_only,data/raw/discovery_pilot/4a74919c786c2d170d4443ae3396d1e857807d8ef61b9992bda6f5e8ef25fd67.json,f4cf64f0bc9f8026ba1acf488adfe9142b738630947efdf158e6cd5cab643506
42628588,62,OVX,Disease,,,"[{""offset"": 989, ""length"": 3}]","{""type"": ""Disease"", ""valid"": false, ""normalized_id"": null, ""biotype"": ""disease""}",989,3,1,abstract,[],lexical_candidate_only,data/raw/discovery_pilot/4a74919c786c2d170d4443ae3396d1e857807d8ef61b9992bda6f5e8ef25fd67.json,f4cf64f0bc9f8026ba1acf488adfe9142b738630947efdf158e6cd5cab643506
42628588,63,mice,Species,10090,10090,"[{""offset"": 993, ""length"": 4}]","{""identifier"": ""10090"", ""type"": ""Species"", ""valid"": true, ""normalized"": [10090], ""database"": ""ncbi_taxonomy"", ""normalized_id"": 10090, ""biotype"": ""species"", ""name"": ""10090"", ""accession"": null}",993,4,1,abstract,[],lexical_candidate_only,data/raw/discovery_pilot/4a74919c786c2d170d4443ae3396d1e857807d8ef61b9992bda6f5e8ef25fd67.json,f4cf64f0bc9f8026ba1acf488adfe9142b738630947efdf158e6cd5cab643506
42628588,64,Sema3A,Gene,20346,Sema3a,"[{""offset"": 1057, ""length"": 6}]","{""identifier"": ""20346"", ""type"": ""Gene"", ""ncbi_homologene"": ""31358"", ""valid"": true, ""normalized"": [20346], ""database"": ""ncbi_gene"", ""normalized_id"": 20346, ""biotype"": ""gene"", ""name"": ""Sema3a"", ""accession"": ""@GENE_SEMA3A""}",1057,6,1,abstract,[],lexical_candidate_only,data/raw/discovery_pilot/4a74919c786c2d170d4443ae3396d1e857807d8ef61b9992bda6f5e8ef25fd67.json,f4cf64f0bc9f8026ba1acf488adfe9142b738630947efdf158e6cd5cab643506
42628588,65,Nrp1,Gene,18186,Nrp1,"[{""offset"": 1065, ""length"": 4}]","{""identifier"": ""18186"", ""type"": ""Gene"", ""ncbi_homologene"": ""2876"", ""valid"": true, ""normalized"": [18186], ""database"": ""ncbi_gene"", ""normalized_id"": 18186, ""biotype"": ""gene"", ""name"": ""Nrp1"", ""accession"": ""@GENE_NRP1""}",1065,4,1,abstract,[],lexical_candidate_only,data/raw/discovery_pilot/4a74919c786c2d170d4443ae3396d1e857807d8ef61b9992bda6f5e8ef25fd67.json,f4cf64f0bc9f8026ba1acf488adfe9142b738630947efdf158e6cd5cab643506
42628588,66,PlexinA1,Gene,18844,Plxna1,"[{""offset"": 1074, ""length"": 8}]","{""identifier"": ""18844"", ""type"": ""Gene"", ""ncbi_homologene"": ""56426"", ""valid"": true, ""normalized"": [18844], ""database"": ""ncbi_gene"", ""normalized_id"": 18844, ""biotype"": ""gene"", ""name"": ""Plxna1"", ""accession"": ""@GENE_PLXNA1""}",1074,8,1,abstract,[],lexical_candidate_only,data/raw/discovery_pilot/4a74919c786c2d170d4443ae3396d1e857807d8ef61b9992bda6f5e8ef25fd67.json,f4cf64f0bc9f8026ba1acf488adfe9142b738630947efdf158e6cd5cab643506
42628588,67,osteoporotic,Disease,MESH:D058866,Osteoporotic Fractures,"[{""offset"": 1102, ""length"": 12}]","{""identifier"": ""MESH:D058866"", ""type"": ""Disease"", ""valid"": true, ""normalized"": [""D058866""], ""database"": ""ncbi_mesh"", ""normalized_id"": ""D058866"", ""biotype"": ""disease"", ""name"": ""Osteoporotic Fractures"", ""accession"": ""@DISEASE_Osteoporotic_Fractures""}",1102,12,1,abstract,[],lexical_candidate_only,data/raw/discovery_pilot/4a74919c786c2d170d4443ae3396d1e857807d8ef61b9992bda6f5e8ef25fd67.json,f4cf64f0bc9f8026ba1acf488adfe9142b738630947efdf158e6cd5cab643506
42628588,68,SAL,Chemical,MESH:C009172,rhodioloside,"[{""offset"": 1139, ""length"": 3}]","{""identifier"": ""MESH:C009172"", ""type"": ""Chemical"", ""valid"": true, ""normalized"": [""C009172""], ""database"": ""ncbi_mesh"", ""normalized_id"": ""C009172"", ""biotype"": ""chemical"", ""name"": ""rhodioloside"", ""accession"": ""@CHEMICAL_rhodioloside""}",1139,3,1,abstract,[],lexical_candidate_only,data/raw/discovery_pilot/4a74919c786c2d170d4443ae3396d1e857807d8ef61b9992bda6f5e8ef25fd67.json,f4cf64f0bc9f8026ba1acf488adfe9142b738630947efdf158e6cd5cab643506
42628588,69,AP,Chemical,MESH:D047310,Apigenin,"[{""offset"": 1147, ""length"": 2}]","{""identifier"": ""MESH:D047310"", ""type"": ""Chemical"", ""valid"": true, ""normalized"": [""D047310""], ""database"": ""ncbi_mesh"", ""normalized_id"": ""D047310"", ""biotype"": ""chemical"", ""name"": ""Apigenin"", ""accession"": ""@CHEMICAL_Apigenin""}",1147,2,1,abstract,[],lexical_candidate_only,data/raw/discovery_pilot/4a74919c786c2d170d4443ae3396d1e857807d8ef61b9992bda6f5e8ef25fd67.json,f4cf64f0bc9f8026ba1acf488adfe9142b738630947efdf158e6cd5cab643506
42628588,70,Sema3A,Gene,20346,Sema3a,"[{""offset"": 1236, ""length"": 6}]","{""identifier"": ""20346"", ""type"": ""Gene"", ""ncbi_homologene"": ""31358"", ""valid"": true, ""normalized"": [20346], ""database"": ""ncbi_gene"", ""normalized_id"": 20346, ""biotype"": ""gene"", ""name"": ""Sema3a"", ""accession"": ""@GENE_SEMA3A""}",1236,6,1,abstract,[],lexical_candidate_only,data/raw/discovery_pilot/4a74919c786c2d170d4443ae3396d1e857807d8ef61b9992bda6f5e8ef25fd67.json,f4cf64f0bc9f8026ba1acf488adfe9142b738630947efdf158e6cd5cab643506
42628588,71,Nrp1,Gene,18186,Nrp1,"[{""offset"": 1243, ""length"": 4}]","{""identifier"": ""18186"", ""type"": ""Gene"", ""ncbi_homologene"": ""2876"", ""valid"": true, ""normalized"": [18186], ""database"": ""ncbi_gene"", ""normalized_id"": 18186, ""biotype"": ""gene"", ""name"": ""Nrp1"", ""accession"": ""@GENE_NRP1""}",1243,4,1,abstract,[],lexical_candidate_only,data/raw/discovery_pilot/4a74919c786c2d170d4443ae3396d1e857807d8ef61b9992bda6f5e8ef25fd67.json,f4cf64f0bc9f8026ba1acf488adfe9142b738630947efdf158e6cd5cab643506
42628588,72,PlexinA1,Gene,18844,Plxna1,"[{""offset"": 1248, ""length"": 8}]","{""identifier"": ""18844"", ""type"": ""Gene"", ""ncbi_homologene"": ""56426"", ""valid"": true, ""normalized"": [18844], ""database"": ""ncbi_gene"", ""normalized_id"": 18844, ""biotype"": ""gene"", ""name"": ""Plxna1"", ""accession"": ""@GENE_PLXNA1""}",1248,8,1,abstract,[],lexical_candidate_only,data/raw/discovery_pilot/4a74919c786c2d170d4443ae3396d1e857807d8ef61b9992bda6f5e8ef25fd67.json,f4cf64f0bc9f8026ba1acf488adfe9142b738630947efdf158e6cd5cab643506
42628588,73,osteoporosis,Disease,MESH:D010024,Osteoporosis,"[{""offset"": 1307, ""length"": 12}]","{""identifier"": ""MESH:D010024"", ""type"": ""Disease"", ""valid"": true, ""normalized"": [""D010024""], ""database"": ""ncbi_mesh"", ""normalized_id"": ""D010024"", ""biotype"": ""disease"", ""name"": ""Osteoporosis"", ""accession"": ""@DISEASE_Osteoporosis""}",1307,12,1,abstract,[],lexical_candidate_only,data/raw/discovery_pilot/4a74919c786c2d170d4443ae3396d1e857807d8ef61b9992bda6f5e8ef25fd67.json,f4cf64f0bc9f8026ba1acf488adfe9142b738630947efdf158e6cd5cab643506
42663873,4,Liensinine,Chemical,MESH:C080095,liensinine,"[{""offset"": 0, ""length"": 10}]","{""identifier"": ""MESH:C080095"", ""type"": ""Chemical"", ""valid"": true, ""normalized"": [""C080095""], ""database"": ""ncbi_mesh"", ""normalized_id"": ""C080095"", ""biotype"": ""chemical"", ""name"": ""liensinine"", ""accession"": ""@CHEMICAL_liensinine""}",0,10,0,title,[],lexical_candidate_only,data/raw/discovery_pilot/4a74919c786c2d170d4443ae3396d1e857807d8ef61b9992bda6f5e8ef25fd67.json,f4cf64f0bc9f8026ba1acf488adfe9142b738630947efdf158e6cd5cab643506
42663873,5,osteoporosis,Disease,MESH:D010024,Osteoporosis,"[{""offset"": 50, ""length"": 12}]","{""identifier"": ""MESH:D010024"", ""type"": ""Disease"", ""valid"": true, ""normalized"": [""D010024""], ""database"": ""ncbi_mesh"", ""normalized_id"": ""D010024"", ""biotype"": ""disease"", ""name"": ""Osteoporosis"", ""accession"": ""@DISEASE_Osteoporosis""}",50,12,0,title,[],lexical_candidate_only,data/raw/discovery_pilot/4a74919c786c2d170d4443ae3396d1e857807d8ef61b9992bda6f5e8ef25fd67.json,f4cf64f0bc9f8026ba1acf488adfe9142b738630947efdf158e6cd5cab643506
42663873,6,NF-kappaB,Gene,4790,NFKB1,"[{""offset"": 85, ""length"": 9}]","{""identifier"": ""4790"", ""type"": ""Gene"", ""ncbi_homologene"": ""2971"", ""valid"": true, ""normalized"": [4790], ""database"": ""ncbi_gene"", ""normalized_id"": 4790, ""biotype"": ""gene"", ""name"": ""NFKB1"", ""accession"": ""@GENE_NFKB1""}",85,9,0,title,"[""LOCAL:protein:mouse:NFKB1""]",lexical_candidate_only,data/raw/discovery_pilot/4a74919c786c2d170d4443ae3396d1e857807d8ef61b9992bda6f5e8ef25fd67.json,f4cf64f0bc9f8026ba1acf488adfe9142b738630947efdf158e6cd5cab643506
42663873,7,calcium,Chemical,MESH:D002118,Calcium,"[{""offset"": 109, ""length"": 7}]","{""identifier"": ""MESH:D002118"", ""type"": ""Chemical"", ""valid"": true, ""normalized"": [""D002118""], ""database"": ""ncbi_mesh"", ""normalized_id"": ""D002118"", ""biotype"": ""chemical"", ""name"": ""Calcium"", ""accession"": ""@CHEMICAL_Calcium""}",109,7,0,title,"[""CHEBI:29108""]",lexical_candidate_only,data/raw/discovery_pilot/4a74919c786c2d170d4443ae3396d1e857807d8ef61b9992bda6f5e8ef25fd67.json,f4cf64f0bc9f8026ba1acf488adfe9142b738630947efdf158e6cd5cab643506
42663873,34,Osteoporosis,Disease,MESH:D010024,Osteoporosis,"[{""offset"": 146, ""length"": 12}]","{""identifier"": ""MESH:D010024"", ""type"": ""Disease"", ""valid"": true, ""normalized"": [""D010024""], ""database"": ""ncbi_mesh"", ""normalized_id"": ""D010024"", ""biotype"": ""disease"", ""name"": ""Osteoporosis"", ""accession"": ""@DISEASE_Osteoporosis""}",146,12,1,abstract,[],lexical_candidate_only,data/raw/discovery_pilot/4a74919c786c2d170d4443ae3396d1e857807d8ef61b9992bda6f5e8ef25fd67.json,f4cf64f0bc9f8026ba1acf488adfe9142b738630947efdf158e6cd5cab643506
42663873,35,bone disease,Disease,MESH:D001847,Bone Diseases,"[{""offset"": 182, ""length"": 12}]","{""identifier"": ""MESH:D001847"", ""type"": ""Disease"", ""valid"": true, ""normalized"": [""D001847""], ""database"": ""ncbi_mesh"", ""normalized_id"": ""D001847"", ""biotype"": ""disease"", ""name"": ""Bone Diseases"", ""accession"": ""@DISEASE_Bone_Diseases""}",182,12,1,abstract,[],lexical_candidate_only,data/raw/discovery_pilot/4a74919c786c2d170d4443ae3396d1e857807d8ef61b9992bda6f5e8ef25fd67.json,f4cf64f0bc9f8026ba1acf488adfe9142b738630947efdf158e6cd5cab643506
42663873,36,Liensinine,Chemical,MESH:C080095,liensinine,"[{""offset"": 259, ""length"": 10}]","{""identifier"": ""MESH:C080095"", ""type"": ""Chemical"", ""valid"": true, ""normalized"": [""C080095""], ""database"": ""ncbi_mesh"", ""normalized_id"": ""C080095"", ""biotype"": ""chemical"", ""name"": ""liensinine"", ""accession"": ""@CHEMICAL_liensinine""}",259,10,1,abstract,[],lexical_candidate_only,data/raw/discovery_pilot/4a74919c786c2d170d4443ae3396d1e857807d8ef61b9992bda6f5e8ef25fd67.json,f4cf64f0bc9f8026ba1acf488adfe9142b738630947efdf158e6cd5cab643506
42663873,37,LIE,Chemical,MESH:C080095,liensinine,"[{""offset"": 271, ""length"": 3}]","{""identifier"": ""MESH:C080095"", ""type"": ""Chemical"", ""valid"": true, ""normalized"": [""C080095""], ""database"": ""ncbi_mesh"", ""normalized_id"": ""C080095"", ""biotype"": ""chemical"", ""name"": ""liensinine"", ""accession"": ""@CHEMICAL_liensinine""}",271,3,1,abstract,[],lexical_candidate_only,data/raw/discovery_pilot/4a74919c786c2d170d4443ae3396d1e857807d8ef61b9992bda6f5e8ef25fd67.json,f4cf64f0bc9f8026ba1acf488adfe9142b738630947efdf158e6cd5cab643506
42663873,38,alkaloid,Chemical,MESH:D000470,Alkaloids,"[{""offset"": 293, ""length"": 8}]","{""identifier"": ""MESH:D000470"", ""type"": ""Chemical"", ""valid"": true, ""normalized"": [""D000470""], ""database"": ""ncbi_mesh"", ""normalized_id"": ""D000470"", ""biotype"": ""chemical"", ""name"": ""Alkaloids"", ""accession"": ""@CHEMICAL_Alkaloids""}",293,8,1,abstract,[],lexical_candidate_only,data/raw/discovery_pilot/4a74919c786c2d170d4443ae3396d1e857807d8ef61b9992bda6f5e8ef25fd67.json,f4cf64f0bc9f8026ba1acf488adfe9142b738630947efdf158e6cd5cab643506
42663873,39,inflammatory,Disease,MESH:D007249,Inflammation,"[{""offset"": 318, ""length"": 12}]","{""identifier"": ""MESH:D007249"", ""type"": ""Disease"", ""valid"": true, ""normalized"": [""D007249""], ""database"": ""ncbi_mesh"", ""normalized_id"": ""D007249"", ""biotype"": ""disease"", ""name"": ""Inflammation"", ""accession"": ""@DISEASE_Inflammation""}",318,12,1,abstract,[],lexical_candidate_only,data/raw/discovery_pilot/4a74919c786c2d170d4443ae3396d1e857807d8ef61b9992bda6f5e8ef25fd67.json,f4cf64f0bc9f8026ba1acf488adfe9142b738630947efdf158e6cd5cab643506
42663873,40,LIE,Chemical,MESH:C080095,liensinine,"[{""offset"": 469, ""length"": 3}]","{""identifier"": ""MESH:C080095"", ""type"": ""Chemical"", ""valid"": true, ""normalized"": [""C080095""], ""database"": ""ncbi_mesh"", ""normalized_id"": ""C080095"", ""biotype"": ""chemical"", ""name"": ""liensinine"", ""accession"": ""@CHEMICAL_liensinine""}",469,3,1,abstract,[],lexical_candidate_only,data/raw/discovery_pilot/4a74919c786c2d170d4443ae3396d1e857807d8ef61b9992bda6f5e8ef25fd67.json,f4cf64f0bc9f8026ba1acf488adfe9142b738630947efdf158e6cd5cab643506
42663873,41,LIE,Chemical,MESH:C080095,liensinine,"[{""offset"": 600, ""length"": 3}]","{""identifier"": ""MESH:C080095"", ""type"": ""Chemical"", ""valid"": true, ""normalized"": [""C080095""], ""database"": ""ncbi_mesh"", ""normalized_id"": ""C080095"", ""biotype"": ""chemical"", ""name"": ""liensinine"", ""accession"": ""@CHEMICAL_liensinine""}",600,3,1,abstract,[],lexical_candidate_only,data/raw/discovery_pilot/4a74919c786c2d170d4443ae3396d1e857807d8ef61b9992bda6f5e8ef25fd67.json,f4cf64f0bc9f8026ba1acf488adfe9142b738630947efdf158e6cd5cab643506
42663873,42,LIE@EVs,Chemical,-,,"[{""offset"": 605, ""length"": 7}]","{""identifier"": ""-"", ""type"": ""Chemical"", ""valid"": false, ""normalized_id"": null, ""biotype"": ""chemical""}",605,7,1,abstract,[],lexical_candidate_only,data/raw/discovery_pilot/4a74919c786c2d170d4443ae3396d1e857807d8ef61b9992bda6f5e8ef25fd67.json,f4cf64f0bc9f8026ba1acf488adfe9142b738630947efdf158e6cd5cab643506
42663873,43,LIE,Chemical,MESH:C080095,liensinine,"[{""offset"": 739, ""length"": 3}]","{""identifier"": ""MESH:C080095"", ""type"": ""Chemical"", ""valid"": true, ""normalized"": [""C080095""], ""database"": ""ncbi_mesh"", ""normalized_id"": ""C080095"", ""biotype"": ""chemical"", ""name"": ""liensinine"", ""accession"": ""@CHEMICAL_liensinine""}",739,3,1,abstract,[],lexical_candidate_only,data/raw/discovery_pilot/4a74919c786c2d170d4443ae3396d1e857807d8ef61b9992bda6f5e8ef25fd67.json,f4cf64f0bc9f8026ba1acf488adfe9142b738630947efdf158e6cd5cab643506
42663873,44,LIE@EVs,Chemical,-,,"[{""offset"": 798, ""length"": 7}]","{""identifier"": ""-"", ""type"": ""Chemical"", ""valid"": false, ""normalized_id"": null, ""biotype"": ""chemical""}",798,7,1,abstract,[],lexical_candidate_only,data/raw/discovery_pilot/4a74919c786c2d170d4443ae3396d1e857807d8ef61b9992bda6f5e8ef25fd67.json,f4cf64f0bc9f8026ba1acf488adfe9142b738630947efdf158e6cd5cab643506
42663873,45,LIE,Chemical,MESH:C080095,liensinine,"[{""offset"": 838, ""length"": 3}]","{""identifier"": ""MESH:C080095"", ""type"": ""Chemical"", ""valid"": true, ""normalized"": [""C080095""], ""database"": ""ncbi_mesh"", ""normalized_id"": ""C080095"", ""biotype"": ""chemical"", ""name"": ""liensinine"", ""accession"": ""@CHEMICAL_liensinine""}",838,3,1,abstract,[],lexical_candidate_only,data/raw/discovery_pilot/4a74919c786c2d170d4443ae3396d1e857807d8ef61b9992bda6f5e8ef25fd67.json,f4cf64f0bc9f8026ba1acf488adfe9142b738630947efdf158e6cd5cab643506
42663873,46,RANKL,Gene,8600,TNFSF11,"[{""offset"": 1011, ""length"": 5}]","{""identifier"": ""8600"", ""type"": ""Gene"", ""ncbi_homologene"": ""2744"", ""valid"": true, ""normalized"": [8600], ""database"": ""ncbi_gene"", ""normalized_id"": 8600, ""biotype"": ""gene"", ""name"": ""TNFSF11"", ""accession"": ""@GENE_TNFSF11""}",1011,5,1,abstract,"[""LOCAL:protein:mouse:TNFSF11""]",lexical_candidate_only,data/raw/discovery_pilot/4a74919c786c2d170d4443ae3396d1e857807d8ef61b9992bda6f5e8ef25fd67.json,f4cf64f0bc9f8026ba1acf488adfe9142b738630947efdf158e6cd5cab643506
42663873,47,LIE@EVs,Chemical,-,,"[{""offset"": 1065, ""length"": 7}]","{""identifier"": ""-"", ""type"": ""Chemical"", ""valid"": false, ""normalized_id"": null, ""biotype"": ""chemical""}",1065,7,1,abstract,[],lexical_candidate_only,data/raw/discovery_pilot/4a74919c786c2d170d4443ae3396d1e857807d8ef61b9992bda6f5e8ef25fd67.json,f4cf64f0bc9f8026ba1acf488adfe9142b738630947efdf158e6cd5cab643506
42663873,48,LIE,Chemical,MESH:C080095,liensinine,"[{""offset"": 1150, ""length"": 3}]","{""identifier"": ""MESH:C080095"", ""type"": ""Chemical"", ""valid"": true, ""normalized"": [""C080095""], ""database"": ""ncbi_mesh"", ""normalized_id"": ""C080095"", ""biotype"": ""chemical"", ""name"": ""liensinine"", ""accession"": ""@CHEMICAL_liensinine""}",1150,3,1,abstract,[],lexical_candidate_only,data/raw/discovery_pilot/4a74919c786c2d170d4443ae3396d1e857807d8ef61b9992bda6f5e8ef25fd67.json,f4cf64f0bc9f8026ba1acf488adfe9142b738630947efdf158e6cd5cab643506
42663873,49,LIE@EVs,Chemical,-,,"[{""offset"": 1206, ""length"": 7}]","{""identifier"": ""-"", ""type"": ""Chemical"", ""valid"": false, ""normalized_id"": null, ""biotype"": ""chemical""}",1206,7,1,abstract,[],lexical_candidate_only,data/raw/discovery_pilot/4a74919c786c2d170d4443ae3396d1e857807d8ef61b9992bda6f5e8ef25fd67.json,f4cf64f0bc9f8026ba1acf488adfe9142b738630947efdf158e6cd5cab643506
42663873,50,LIE,Chemical,MESH:C080095,liensinine,"[{""offset"": 1302, ""length"": 3}]","{""identifier"": ""MESH:C080095"", ""type"": ""Chemical"", ""valid"": true, ""normalized"": [""C080095""], ""database"": ""ncbi_mesh"", ""normalized_id"": ""C080095"", ""biotype"": ""chemical"", ""name"": ""liensinine"", ""accession"": ""@CHEMICAL_liensinine""}",1302,3,1,abstract,[],lexical_candidate_only,data/raw/discovery_pilot/4a74919c786c2d170d4443ae3396d1e857807d8ef61b9992bda6f5e8ef25fd67.json,f4cf64f0bc9f8026ba1acf488adfe9142b738630947efdf158e6cd5cab643506
42663873,51,NF-kappaB,Gene,4790,NFKB1,"[{""offset"": 1343, ""length"": 9}]","{""identifier"": ""4790"", ""type"": ""Gene"", ""ncbi_homologene"": ""2971"", ""valid"": true, ""normalized"": [4790], ""database"": ""ncbi_gene"", ""normalized_id"": 4790, ""biotype"": ""gene"", ""name"": ""NFKB1"", ""accession"": ""@GENE_NFKB1""}",1343,9,1,abstract,"[""LOCAL:protein:mouse:NFKB1""]",lexical_candidate_only,data/raw/discovery_pilot/4a74919c786c2d170d4443ae3396d1e857807d8ef61b9992bda6f5e8ef25fd67.json,f4cf64f0bc9f8026ba1acf488adfe9142b738630947efdf158e6cd5cab643506
42663873,52,calcium,Chemical,MESH:D002118,Calcium,"[{""offset"": 1357, ""length"": 7}]","{""identifier"": ""MESH:D002118"", ""type"": ""Chemical"", ""valid"": true, ""normalized"": [""D002118""], ""database"": ""ncbi_mesh"", ""normalized_id"": ""D002118"", ""biotype"": ""chemical"", ""name"": ""Calcium"", ""accession"": ""@CHEMICAL_Calcium""}",1357,7,1,abstract,"[""CHEBI:29108""]",lexical_candidate_only,data/raw/discovery_pilot/4a74919c786c2d170d4443ae3396d1e857807d8ef61b9992bda6f5e8ef25fd67.json,f4cf64f0bc9f8026ba1acf488adfe9142b738630947efdf158e6cd5cab643506
42663873,53,LIE,Chemical,MESH:C080095,liensinine,"[{""offset"": 1412, ""length"": 3}]","{""identifier"": ""MESH:C080095"", ""type"": ""Chemical"", ""valid"": true, ""normalized"": [""C080095""], ""database"": ""ncbi_mesh"", ""normalized_id"": ""C080095"", ""biotype"": ""chemical"", ""name"": ""liensinine"", ""accession"": ""@CHEMICAL_liensinine""}",1412,3,1,abstract,[],lexical_candidate_only,data/raw/discovery_pilot/4a74919c786c2d170d4443ae3396d1e857807d8ef61b9992bda6f5e8ef25fd67.json,f4cf64f0bc9f8026ba1acf488adfe9142b738630947efdf158e6cd5cab643506
42663873,54,LIE@EVs,Chemical,-,,"[{""offset"": 1434, ""length"": 7}]","{""identifier"": ""-"", ""type"": ""Chemical"", ""valid"": false, ""normalized_id"": null, ""biotype"": ""chemical""}",1434,7,1,abstract,[],lexical_candidate_only,data/raw/discovery_pilot/4a74919c786c2d170d4443ae3396d1e857807d8ef61b9992bda6f5e8ef25fd67.json,f4cf64f0bc9f8026ba1acf488adfe9142b738630947efdf158e6cd5cab643506
42663873,55,NF-kappaB,Gene,4790,NFKB1,"[{""offset"": 1487, ""length"": 9}]","{""identifier"": ""4790"", ""type"": ""Gene"", ""ncbi_homologene"": ""2971"", ""valid"": true, ""normalized"": [4790], ""database"": ""ncbi_gene"", ""normalized_id"": 4790, ""biotype"": ""gene"", ""name"": ""NFKB1"", ""accession"": ""@GENE_NFKB1""}",1487,9,1,abstract,"[""LOCAL:protein:mouse:NFKB1""]",lexical_candidate_only,data/raw/discovery_pilot/4a74919c786c2d170d4443ae3396d1e857807d8ef61b9992bda6f5e8ef25fd67.json,f4cf64f0bc9f8026ba1acf488adfe9142b738630947efdf158e6cd5cab643506
42663873,56,calcium,Chemical,MESH:D002118,Calcium,"[{""offset"": 1519, ""length"": 7}]","{""identifier"": ""MESH:D002118"", ""type"": ""Chemical"", ""valid"": true, ""normalized"": [""D002118""], ""database"": ""ncbi_mesh"", ""normalized_id"": ""D002118"", ""biotype"": ""chemical"", ""name"": ""Calcium"", ""accession"": ""@CHEMICAL_Calcium""}",1519,7,1,abstract,"[""CHEBI:29108""]",lexical_candidate_only,data/raw/discovery_pilot/4a74919c786c2d170d4443ae3396d1e857807d8ef61b9992bda6f5e8ef25fd67.json,f4cf64f0bc9f8026ba1acf488adfe9142b738630947efdf158e6cd5cab643506
42663873,57,LIE@EVs,Chemical,-,,"[{""offset"": 1669, ""length"": 7}]","{""identifier"": ""-"", ""type"": ""Chemical"", ""valid"": false, ""normalized_id"": null, ""biotype"": ""chemical""}",1669,7,1,abstract,[],lexical_candidate_only,data/raw/discovery_pilot/4a74919c786c2d170d4443ae3396d1e857807d8ef61b9992bda6f5e8ef25fd67.json,f4cf64f0bc9f8026ba1acf488adfe9142b738630947efdf158e6cd5cab643506
42663873,58,bone loss diseases,Disease,MESH:D001847,Bone Diseases,"[{""offset"": 1680, ""length"": 18}]","{""identifier"": ""MESH:D001847"", ""type"": ""Disease"", ""valid"": true, ""normalized"": [""D001847""], ""database"": ""ncbi_mesh"", ""normalized_id"": ""D001847"", ""biotype"": ""disease"", ""name"": ""Bone Diseases"", ""accession"": ""@DISEASE_Bone_Diseases""}",1680,18,1,abstract,[],lexical_candidate_only,data/raw/discovery_pilot/4a74919c786c2d170d4443ae3396d1e857807d8ef61b9992bda6f5e8ef25fd67.json,f4cf64f0bc9f8026ba1acf488adfe9142b738630947efdf158e6cd5cab643506
42663873,59,osteoporosis,Disease,MESH:D010024,Osteoporosis,"[{""offset"": 1760, ""length"": 12}]","{""identifier"": ""MESH:D010024"", ""type"": ""Disease"", ""valid"": true, ""normalized"": [""D010024""], ""database"": ""ncbi_mesh"", ""normalized_id"": ""D010024"", ""biotype"": ""disease"", ""name"": ""Osteoporosis"", ""accession"": ""@DISEASE_Osteoporosis""}",1760,12,1,abstract,[],lexical_candidate_only,data/raw/discovery_pilot/4a74919c786c2d170d4443ae3396d1e857807d8ef61b9992bda6f5e8ef25fd67.json,f4cf64f0bc9f8026ba1acf488adfe9142b738630947efdf158e6cd5cab643506
42753712,3,inflammatory,Disease,MESH:D007249,Inflammation,"[{""offset"": 16, ""length"": 12}]","{""identifier"": ""MESH:D007249"", ""type"": ""Disease"", ""valid"": true, ""normalized"": [""D007249""], ""database"": ""ncbi_mesh"", ""normalized_id"": ""D007249"", ""biotype"": ""disease"", ""name"": ""Inflammation"", ""accession"": ""@DISEASE_Inflammation""}",16,12,0,title,[],lexical_candidate_only,data/raw/discovery_pilot/4a74919c786c2d170d4443ae3396d1e857807d8ef61b9992bda6f5e8ef25fd67.json,f4cf64f0bc9f8026ba1acf488adfe9142b738630947efdf158e6cd5cab643506
42753712,4,bone loss,Disease,MESH:D001847,Bone Diseases,"[{""offset"": 29, ""length"": 9}]","{""identifier"": ""MESH:D001847"", ""type"": ""Disease"", ""valid"": true, ""normalized"": [""D001847""], ""database"": ""ncbi_mesh"", ""normalized_id"": ""D001847"", ""biotype"": ""disease"", ""name"": ""Bone Diseases"", ""accession"": ""@DISEASE_Bone_Diseases""}",29,9,0,title,[],lexical_candidate_only,data/raw/discovery_pilot/4a74919c786c2d170d4443ae3396d1e857807d8ef61b9992bda6f5e8ef25fd67.json,f4cf64f0bc9f8026ba1acf488adfe9142b738630947efdf158e6cd5cab643506
42753712,5,TET2,Gene,214133,Tet2,"[{""offset"": 42, ""length"": 4}]","{""identifier"": ""214133"", ""type"": ""Gene"", ""ncbi_homologene"": ""49498"", ""valid"": true, ""normalized"": [214133], ""database"": ""ncbi_gene"", ""normalized_id"": 214133, ""biotype"": ""gene"", ""name"": ""Tet2"", ""accession"": ""@GENE_TET2""}",42,4,0,title,"[""LOCAL:protein:mouse:TET2""]",lexical_candidate_only,data/raw/discovery_pilot/4a74919c786c2d170d4443ae3396d1e857807d8ef61b9992bda6f5e8ef25fd67.json,f4cf64f0bc9f8026ba1acf488adfe9142b738630947efdf158e6cd5cab643506
42753712,35,Clonal hematopoiesis of,Disease,MESH:C536227,Cyclic neutropenia,"[{""offset"": 76, ""length"": 23}]","{""identifier"": ""MESH:C536227"", ""type"": ""Disease"", ""valid"": true, ""normalized"": [""C536227""], ""database"": ""ncbi_mesh"", ""normalized_id"": ""C536227"", ""biotype"": ""disease"", ""name"": ""Cyclic neutropenia"", ""accession"": ""@DISEASE_Cyclic_neutropenia""}",76,23,1,abstract,[],lexical_candidate_only,data/raw/discovery_pilot/4a74919c786c2d170d4443ae3396d1e857807d8ef61b9992bda6f5e8ef25fd67.json,f4cf64f0bc9f8026ba1acf488adfe9142b738630947efdf158e6cd5cab643506
42753712,36,TET2,Gene,214133,Tet2,"[{""offset"": 330, ""length"": 4}]","{""identifier"": ""214133"", ""type"": ""Gene"", ""ncbi_homologene"": ""49498"", ""valid"": true, ""normalized"": [214133], ""database"": ""ncbi_gene"", ""normalized_id"": 214133, ""biotype"": ""gene"", ""name"": ""Tet2"", ""accession"": ""@GENE_TET2""}",330,4,1,abstract,"[""LOCAL:protein:mouse:TET2""]",lexical_candidate_only,data/raw/discovery_pilot/4a74919c786c2d170d4443ae3396d1e857807d8ef61b9992bda6f5e8ef25fd67.json,f4cf64f0bc9f8026ba1acf488adfe9142b738630947efdf158e6cd5cab643506
42753712,37,hematologic malignancies,Disease,MESH:D019337,Hematologic Neoplasms,"[{""offset"": 396, ""length"": 24}]","{""identifier"": ""MESH:D019337"", ""type"": ""Disease"", ""valid"": true, ""normalized"": [""D019337""], ""database"": ""ncbi_mesh"", ""normalized_id"": ""D019337"", ""biotype"": ""disease"", ""name"": ""Hematologic Neoplasms"", ""accession"": ""@DISEASE_Hematologic_Neoplasms""}",396,24,1,abstract,[],lexical_candidate_only,data/raw/discovery_pilot/4a74919c786c2d170d4443ae3396d1e857807d8ef61b9992bda6f5e8ef25fd67.json,f4cf64f0bc9f8026ba1acf488adfe9142b738630947efdf158e6cd5cab643506
42753712,38,chronic,Disease,MESH:D002908,Chronic Disease,"[{""offset"": 425, ""length"": 7}]","{""identifier"": ""MESH:D002908"", ""type"": ""Disease"", ""valid"": true, ""normalized"": [""D002908""], ""database"": ""ncbi_mesh"", ""normalized_id"": ""D002908"", ""biotype"": ""disease"", ""name"": ""Chronic Disease"", ""accession"": ""@DISEASE_Chronic_Disease""}",425,7,1,abstract,[],lexical_candidate_only,data/raw/discovery_pilot/4a74919c786c2d170d4443ae3396d1e857807d8ef61b9992bda6f5e8ef25fd67.json,f4cf64f0bc9f8026ba1acf488adfe9142b738630947efdf158e6cd5cab643506
42753712,39,inflammatory disorders,Disease,MESH:D007249,Inflammation,"[{""offset"": 433, ""length"": 22}]","{""identifier"": ""MESH:D007249"", ""type"": ""Disease"", ""valid"": true, ""normalized"": [""D007249""], ""database"": ""ncbi_mesh"", ""normalized_id"": ""D007249"", ""biotype"": ""disease"", ""name"": ""Inflammation"", ""accession"": ""@DISEASE_Inflammation""}",433,22,1,abstract,[],lexical_candidate_only,data/raw/discovery_pilot/4a74919c786c2d170d4443ae3396d1e857807d8ef61b9992bda6f5e8ef25fd67.json,f4cf64f0bc9f8026ba1acf488adfe9142b738630947efdf158e6cd5cab643506
42753712,40,TET2,Gene,214133,Tet2,"[{""offset"": 493, ""length"": 4}]","{""identifier"": ""214133"", ""type"": ""Gene"", ""ncbi_homologene"": ""49498"", ""valid"": true, ""normalized"": [214133], ""database"": ""ncbi_gene"", ""normalized_id"": 214133, ""biotype"": ""gene"", ""name"": ""Tet2"", ""accession"": ""@GENE_TET2""}",493,4,1,abstract,"[""LOCAL:protein:mouse:TET2""]",lexical_candidate_only,data/raw/discovery_pilot/4a74919c786c2d170d4443ae3396d1e857807d8ef61b9992bda6f5e8ef25fd67.json,f4cf64f0bc9f8026ba1acf488adfe9142b738630947efdf158e6cd5cab643506
42753712,41,inflammatory,Disease,MESH:D007249,Inflammation,"[{""offset"": 513, ""length"": 12}]","{""identifier"": ""MESH:D007249"", ""type"": ""Disease"", ""valid"": true, ""normalized"": [""D007249""], ""database"": ""ncbi_mesh"", ""normalized_id"": ""D007249"", ""biotype"": ""disease"", ""name"": ""Inflammation"", ""accession"": ""@DISEASE_Inflammation""}",513,12,1,abstract,[],lexical_candidate_only,data/raw/discovery_pilot/4a74919c786c2d170d4443ae3396d1e857807d8ef61b9992bda6f5e8ef25fd67.json,f4cf64f0bc9f8026ba1acf488adfe9142b738630947efdf158e6cd5cab643506
42753712,42,bone loss,Disease,MESH:D001847,Bone Diseases,"[{""offset"": 526, ""length"": 9}]","{""identifier"": ""MESH:D001847"", ""type"": ""Disease"", ""valid"": true, ""normalized"": [""D001847""], ""database"": ""ncbi_mesh"", ""normalized_id"": ""D001847"", ""biotype"": ""disease"", ""name"": ""Bone Diseases"", ""accession"": ""@DISEASE_Bone_Diseases""}",526,9,1,abstract,[],lexical_candidate_only,data/raw/discovery_pilot/4a74919c786c2d170d4443ae3396d1e857807d8ef61b9992bda6f5e8ef25fd67.json,f4cf64f0bc9f8026ba1acf488adfe9142b738630947efdf158e6cd5cab643506
42753712,43,TET2,Gene,214133,Tet2,"[{""offset"": 568, ""length"": 4}]","{""identifier"": ""214133"", ""type"": ""Gene"", ""ncbi_homologene"": ""49498"", ""valid"": true, ""normalized"": [214133], ""database"": ""ncbi_gene"", ""normalized_id"": 214133, ""biotype"": ""gene"", ""name"": ""Tet2"", ""accession"": ""@GENE_TET2""}",568,4,1,abstract,"[""LOCAL:protein:mouse:TET2""]",lexical_candidate_only,data/raw/discovery_pilot/4a74919c786c2d170d4443ae3396d1e857807d8ef61b9992bda6f5e8ef25fd67.json,f4cf64f0bc9f8026ba1acf488adfe9142b738630947efdf158e6cd5cab643506
42753712,44,Tet2,Gene,214133,Tet2,"[{""offset"": 584, ""length"": 4}]","{""identifier"": ""214133"", ""type"": ""Gene"", ""ncbi_homologene"": ""49498"", ""valid"": true, ""normalized"": [214133], ""database"": ""ncbi_gene"", ""normalized_id"": 214133, ""biotype"": ""gene"", ""name"": ""Tet2"", ""accession"": ""@GENE_TET2""}",584,4,1,abstract,"[""LOCAL:protein:mouse:TET2""]",lexical_candidate_only,data/raw/discovery_pilot/4a74919c786c2d170d4443ae3396d1e857807d8ef61b9992bda6f5e8ef25fd67.json,f4cf64f0bc9f8026ba1acf488adfe9142b738630947efdf158e6cd5cab643506
42753712,45,periodontitis,Disease,MESH:D010518,Periodontitis,"[{""offset"": 641, ""length"": 13}]","{""identifier"": ""MESH:D010518"", ""type"": ""Disease"", ""valid"": true, ""normalized"": [""D010518""], ""database"": ""ncbi_mesh"", ""normalized_id"": ""D010518"", ""biotype"": ""disease"", ""name"": ""Periodontitis"", ""accession"": ""@DISEASE_Periodontitis""}",641,13,1,abstract,[],lexical_candidate_only,data/raw/discovery_pilot/4a74919c786c2d170d4443ae3396d1e857807d8ef61b9992bda6f5e8ef25fd67.json,f4cf64f0bc9f8026ba1acf488adfe9142b738630947efdf158e6cd5cab643506
42753712,46,gingival inflammation,Disease,MESH:D007249,Inflammation,"[{""offset"": 673, ""length"": 21}]","{""identifier"": ""MESH:D007249"", ""type"": ""Disease"", ""valid"": true, ""normalized"": [""D007249""], ""database"": ""ncbi_mesh"", ""normalized_id"": ""D007249"", ""biotype"": ""disease"", ""name"": ""Inflammation"", ""accession"": ""@DISEASE_Inflammation""}",673,21,1,abstract,[],lexical_candidate_only,data/raw/discovery_pilot/4a74919c786c2d170d4443ae3396d1e857807d8ef61b9992bda6f5e8ef25fd67.json,f4cf64f0bc9f8026ba1acf488adfe9142b738630947efdf158e6cd5cab643506
42753712,47,alveolar bone loss,Disease,MESH:D016301,Alveolar Bone Loss,"[{""offset"": 699, ""length"": 18}]","{""identifier"": ""MESH:D016301"", ""type"": ""Disease"", ""valid"": true, ""normalized"": [""D016301""], ""database"": ""ncbi_mesh"", ""normalized_id"": ""D016301"", ""biotype"": ""disease"", ""name"": ""Alveolar Bone Loss"", ""accession"": ""@DISEASE_Alveolar_Bone_Loss""}",699,18,1,abstract,[],lexical_candidate_only,data/raw/discovery_pilot/4a74919c786c2d170d4443ae3396d1e857807d8ef61b9992bda6f5e8ef25fd67.json,f4cf64f0bc9f8026ba1acf488adfe9142b738630947efdf158e6cd5cab643506
42753712,48,mice,Species,10090,10090,"[{""offset"": 732, ""length"": 4}]","{""identifier"": ""10090"", ""type"": ""Species"", ""valid"": true, ""normalized"": [10090], ""database"": ""ncbi_taxonomy"", ""normalized_id"": 10090, ""biotype"": ""species"", ""name"": ""10090"", ""accession"": null}",732,4,1,abstract,[],lexical_candidate_only,data/raw/discovery_pilot/4a74919c786c2d170d4443ae3396d1e857807d8ef61b9992bda6f5e8ef25fd67.json,f4cf64f0bc9f8026ba1acf488adfe9142b738630947efdf158e6cd5cab643506
42753712,49,TET2,Gene,214133,Tet2,"[{""offset"": 742, ""length"": 4}]","{""identifier"": ""214133"", ""type"": ""Gene"", ""ncbi_homologene"": ""49498"", ""valid"": true, ""normalized"": [214133], ""database"": ""ncbi_gene"", ""normalized_id"": 214133, ""biotype"": ""gene"", ""name"": ""Tet2"", ""accession"": ""@GENE_TET2""}",742,4,1,abstract,"[""LOCAL:protein:mouse:TET2""]",lexical_candidate_only,data/raw/discovery_pilot/4a74919c786c2d170d4443ae3396d1e857807d8ef61b9992bda6f5e8ef25fd67.json,f4cf64f0bc9f8026ba1acf488adfe9142b738630947efdf158e6cd5cab643506
42753712,50,bone loss,Disease,MESH:D001847,Bone Diseases,"[{""offset"": 821, ""length"": 9}]","{""identifier"": ""MESH:D001847"", ""type"": ""Disease"", ""valid"": true, ""normalized"": [""D001847""], ""database"": ""ncbi_mesh"", ""normalized_id"": ""D001847"", ""biotype"": ""disease"", ""name"": ""Bone Diseases"", ""accession"": ""@DISEASE_Bone_Diseases""}",821,9,1,abstract,[],lexical_candidate_only,data/raw/discovery_pilot/4a74919c786c2d170d4443ae3396d1e857807d8ef61b9992bda6f5e8ef25fd67.json,f4cf64f0bc9f8026ba1acf488adfe9142b738630947efdf158e6cd5cab643506
42753712,51,periodontitis,Disease,MESH:D010518,Periodontitis,"[{""offset"": 859, ""length"": 13}]","{""identifier"": ""MESH:D010518"", ""type"": ""Disease"", ""valid"": true, ""normalized"": [""D010518""], ""database"": ""ncbi_mesh"", ""normalized_id"": ""D010518"", ""biotype"": ""disease"", ""name"": ""Periodontitis"", ""accession"": ""@DISEASE_Periodontitis""}",859,13,1,abstract,[],lexical_candidate_only,data/raw/discovery_pilot/4a74919c786c2d170d4443ae3396d1e857807d8ef61b9992bda6f5e8ef25fd67.json,f4cf64f0bc9f8026ba1acf488adfe9142b738630947efdf158e6cd5cab643506
42753712,52,arthritis,Disease,MESH:D001168,Arthritis,"[{""offset"": 903, ""length"": 9}]","{""identifier"": ""MESH:D001168"", ""type"": ""Disease"", ""valid"": true, ""normalized"": [""D001168""], ""database"": ""ncbi_mesh"", ""normalized_id"": ""D001168"", ""biotype"": ""disease"", ""name"": ""Arthritis"", ""accession"": ""@DISEASE_Arthritis""}",903,9,1,abstract,[],lexical_candidate_only,data/raw/discovery_pilot/4a74919c786c2d170d4443ae3396d1e857807d8ef61b9992bda6f5e8ef25fd67.json,f4cf64f0bc9f8026ba1acf488adfe9142b738630947efdf158e6cd5cab643506
42753712,53,inflammatory,Disease,MESH:D007249,Inflammation,"[{""offset"": 919, ""length"": 12}]","{""identifier"": ""MESH:D007249"", ""type"": ""Disease"", ""valid"": true, ""normalized"": [""D007249""], ""database"": ""ncbi_mesh"", ""normalized_id"": ""D007249"", ""biotype"": ""disease"", ""name"": ""Inflammation"", ""accession"": ""@DISEASE_Inflammation""}",919,12,1,abstract,[],lexical_candidate_only,data/raw/discovery_pilot/4a74919c786c2d170d4443ae3396d1e857807d8ef61b9992bda6f5e8ef25fd67.json,f4cf64f0bc9f8026ba1acf488adfe9142b738630947efdf158e6cd5cab643506
42753712,54,bone loss,Disease,MESH:D001847,Bone Diseases,"[{""offset"": 932, ""length"": 9}]","{""identifier"": ""MESH:D001847"", ""type"": ""Disease"", ""valid"": true, ""normalized"": [""D001847""], ""database"": ""ncbi_mesh"", ""normalized_id"": ""D001847"", ""biotype"": ""disease"", ""name"": ""Bone Diseases"", ""accession"": ""@DISEASE_Bone_Diseases""}",932,9,1,abstract,[],lexical_candidate_only,data/raw/discovery_pilot/4a74919c786c2d170d4443ae3396d1e857807d8ef61b9992bda6f5e8ef25fd67.json,f4cf64f0bc9f8026ba1acf488adfe9142b738630947efdf158e6cd5cab643506
42753712,55,Tet2,Gene,214133,Tet2,"[{""offset"": 1023, ""length"": 4}]","{""identifier"": ""214133"", ""type"": ""Gene"", ""ncbi_homologene"": ""49498"", ""valid"": true, ""normalized"": [214133], ""database"": ""ncbi_gene"", ""normalized_id"": 214133, ""biotype"": ""gene"", ""name"": ""Tet2"", ""accession"": ""@GENE_TET2""}",1023,4,1,abstract,"[""LOCAL:protein:mouse:TET2""]",lexical_candidate_only,data/raw/discovery_pilot/4a74919c786c2d170d4443ae3396d1e857807d8ef61b9992bda6f5e8ef25fd67.json,f4cf64f0bc9f8026ba1acf488adfe9142b738630947efdf158e6cd5cab643506
42753712,56,IL-17,Gene,16171,Il17a,"[{""offset"": 1067, ""length"": 5}]","{""identifier"": ""16171"", ""type"": ""Gene"", ""ncbi_homologene"": ""1651"", ""valid"": true, ""normalized"": [16171], ""database"": ""ncbi_gene"", ""normalized_id"": 16171, ""biotype"": ""gene"", ""name"": ""Il17a"", ""accession"": ""@GENE_IL17A""}",1067,5,1,abstract,"[""LOCAL:protein:mouse:IL17A""]",lexical_candidate_only,data/raw/discovery_pilot/4a74919c786c2d170d4443ae3396d1e857807d8ef61b9992bda6f5e8ef25fd67.json,f4cf64f0bc9f8026ba1acf488adfe9142b738630947efdf158e6cd5cab643506
42753712,57,CD4,Gene,12504,Cd4,"[{""offset"": 1083, ""length"": 3}]","{""identifier"": ""12504"", ""type"": ""Gene"", ""ncbi_homologene"": ""513"", ""valid"": true, ""normalized"": [12504], ""database"": ""ncbi_gene"", ""normalized_id"": 12504, ""biotype"": ""gene"", ""name"": ""Cd4"", ""accession"": ""@GENE_CD4""}",1083,3,1,abstract,[],lexical_candidate_only,data/raw/discovery_pilot/4a74919c786c2d170d4443ae3396d1e857807d8ef61b9992bda6f5e8ef25fd67.json,f4cf64f0bc9f8026ba1acf488adfe9142b738630947efdf158e6cd5cab643506
42753712,58,Tet2,Gene,214133,Tet2,"[{""offset"": 1169, ""length"": 4}]","{""identifier"": ""214133"", ""type"": ""Gene"", ""ncbi_homologene"": ""49498"", ""valid"": true, ""normalized"": [214133], ""database"": ""ncbi_gene"", ""normalized_id"": 214133, ""biotype"": ""gene"", ""name"": ""Tet2"", ""accession"": ""@GENE_TET2""}",1169,4,1,abstract,"[""LOCAL:protein:mouse:TET2""]",lexical_candidate_only,data/raw/discovery_pilot/4a74919c786c2d170d4443ae3396d1e857807d8ef61b9992bda6f5e8ef25fd67.json,f4cf64f0bc9f8026ba1acf488adfe9142b738630947efdf158e6cd5cab643506
42753712,59,TET2,Gene,214133,Tet2,"[{""offset"": 1260, ""length"": 4}]","{""identifier"": ""214133"", ""type"": ""Gene"", ""ncbi_homologene"": ""49498"", ""valid"": true, ""normalized"": [214133], ""database"": ""ncbi_gene"", ""normalized_id"": 214133, ""biotype"": ""gene"", ""name"": ""Tet2"", ""accession"": ""@GENE_TET2""}",1260,4,1,abstract,"[""LOCAL:protein:mouse:TET2""]",lexical_candidate_only,data/raw/discovery_pilot/4a74919c786c2d170d4443ae3396d1e857807d8ef61b9992bda6f5e8ef25fd67.json,f4cf64f0bc9f8026ba1acf488adfe9142b738630947efdf158e6cd5cab643506
42753712,60,Tet2,Gene,214133,Tet2,"[{""offset"": 1326, ""length"": 4}]","{""identifier"": ""214133"", ""type"": ""Gene"", ""ncbi_homologene"": ""49498"", ""valid"": true, ""normalized"": [214133], ""database"": ""ncbi_gene"", ""normalized_id"": 214133, ""biotype"": ""gene"", ""name"": ""Tet2"", ""accession"": ""@GENE_TET2""}",1326,4,1,abstract,"[""LOCAL:protein:mouse:TET2""]",lexical_candidate_only,data/raw/discovery_pilot/4a74919c786c2d170d4443ae3396d1e857807d8ef61b9992bda6f5e8ef25fd67.json,f4cf64f0bc9f8026ba1acf488adfe9142b738630947efdf158e6cd5cab643506
42753712,61,CD4,Gene,12504,Cd4,"[{""offset"": 1423, ""length"": 3}]","{""identifier"": ""12504"", ""type"": ""Gene"", ""ncbi_homologene"": ""513"", ""valid"": true, ""normalized"": [12504], ""database"": ""ncbi_gene"", ""normalized_id"": 12504, ""biotype"": ""gene"", ""name"": ""Cd4"", ""accession"": ""@GENE_CD4""}",1423,3,1,abstract,[],lexical_candidate_only,data/raw/discovery_pilot/4a74919c786c2d170d4443ae3396d1e857807d8ef61b9992bda6f5e8ef25fd67.json,f4cf64f0bc9f8026ba1acf488adfe9142b738630947efdf158e6cd5cab643506
42753712,62,TET2,Gene,214133,Tet2,"[{""offset"": 1485, ""length"": 4}]","{""identifier"": ""214133"", ""type"": ""Gene"", ""ncbi_homologene"": ""49498"", ""valid"": true, ""normalized"": [214133], ""database"": ""ncbi_gene"", ""normalized_id"": 214133, ""biotype"": ""gene"", ""name"": ""Tet2"", ""accession"": ""@GENE_TET2""}",1485,4,1,abstract,"[""LOCAL:protein:mouse:TET2""]",lexical_candidate_only,data/raw/discovery_pilot/4a74919c786c2d170d4443ae3396d1e857807d8ef61b9992bda6f5e8ef25fd67.json,f4cf64f0bc9f8026ba1acf488adfe9142b738630947efdf158e6cd5cab643506
42753712,63,inflammatory bone loss disorders,Disease,MESH:D001847,Bone Diseases,"[{""offset"": 1526, ""length"": 32}]","{""identifier"": ""MESH:D001847"", ""type"": ""Disease"", ""valid"": true, ""normalized"": [""D001847""], ""database"": ""ncbi_mesh"", ""normalized_id"": ""D001847"", ""biotype"": ""disease"", ""name"": ""Bone Diseases"", ""accession"": ""@DISEASE_Bone_Diseases""}",1526,32,1,abstract,[],lexical_candidate_only,data/raw/discovery_pilot/4a74919c786c2d170d4443ae3396d1e857807d8ef61b9992bda6f5e8ef25fd67.json,f4cf64f0bc9f8026ba1acf488adfe9142b738630947efdf158e6cd5cab643506
41050704,3,PRMT6,Gene,55170,PRMT6,"[{""offset"": 0, ""length"": 5}]","{""identifier"": ""55170"", ""type"": ""Gene"", ""ncbi_homologene"": ""10024"", ""valid"": true, ""normalized"": [55170], ""database"": ""ncbi_gene"", ""normalized_id"": 55170, ""biotype"": ""gene"", ""name"": ""PRMT6"", ""accession"": ""@GENE_PRMT6""}",0,5,0,title,"[""LOCAL:protein:mouse:PRMT6""]",lexical_candidate_only,data/raw/discovery_pilot/21cb27e7f4a7b05f3320e5ffb015d150f972060ee765c5949eee573bc6a4d3db.json,9d4dc6b57c16c2079ee9f4906da6686aea4192c8df9ee5805aa6cd98d008edc1
41050704,4,fracture,Disease,MESH:D050723,Fractures Bone,"[{""offset"": 25, ""length"": 8}]","{""identifier"": ""MESH:D050723"", ""type"": ""Disease"", ""valid"": true, ""normalized"": [""D050723""], ""database"": ""ncbi_mesh"", ""normalized_id"": ""D050723"", ""biotype"": ""disease"", ""name"": ""Fractures Bone"", ""accession"": ""@DISEASE_Fractures_Bone""}",25,8,0,title,[],lexical_candidate_only,data/raw/discovery_pilot/21cb27e7f4a7b05f3320e5ffb015d150f972060ee765c5949eee573bc6a4d3db.json,9d4dc6b57c16c2079ee9f4906da6686aea4192c8df9ee5805aa6cd98d008edc1
41050704,5,glucose,Chemical,MESH:D005947,Glucose,"[{""offset"": 67, ""length"": 7}]","{""identifier"": ""MESH:D005947"", ""type"": ""Chemical"", ""valid"": true, ""normalized"": [""D005947""], ""database"": ""ncbi_mesh"", ""normalized_id"": ""D005947"", ""biotype"": ""chemical"", ""name"": ""Glucose"", ""accession"": ""@CHEMICAL_Glucose""}",67,7,0,title,"[""CHEBI:17234""]",lexical_candidate_only,data/raw/discovery_pilot/21cb27e7f4a7b05f3320e5ffb015d150f972060ee765c5949eee573bc6a4d3db.json,9d4dc6b57c16c2079ee9f4906da6686aea4192c8df9ee5805aa6cd98d008edc1
41050704,21,fracture,Disease,MESH:D050723,Fractures Bone,"[{""offset"": 110, ""length"": 8}]","{""identifier"": ""MESH:D050723"", ""type"": ""Disease"", ""valid"": true, ""normalized"": [""D050723""], ""database"": ""ncbi_mesh"", ""normalized_id"": ""D050723"", ""biotype"": ""disease"", ""name"": ""Fractures Bone"", ""accession"": ""@DISEASE_Fractures_Bone""}",110,8,1,abstract,[],lexical_candidate_only,data/raw/discovery_pilot/21cb27e7f4a7b05f3320e5ffb015d150f972060ee765c5949eee573bc6a4d3db.json,9d4dc6b57c16c2079ee9f4906da6686aea4192c8df9ee5805aa6cd98d008edc1
41050704,22,fracture,Disease,MESH:D050723,Fractures Bone,"[{""offset"": 343, ""length"": 8}]","{""identifier"": ""MESH:D050723"", ""type"": ""Disease"", ""valid"": true, ""normalized"": [""D050723""], ""database"": ""ncbi_mesh"", ""normalized_id"": ""D050723"", ""biotype"": ""disease"", ""name"": ""Fractures Bone"", ""accession"": ""@DISEASE_Fractures_Bone""}",343,8,1,abstract,[],lexical_candidate_only,data/raw/discovery_pilot/21cb27e7f4a7b05f3320e5ffb015d150f972060ee765c5949eee573bc6a4d3db.json,9d4dc6b57c16c2079ee9f4906da6686aea4192c8df9ee5805aa6cd98d008edc1
41050704,23,Protein Arginine Methyltransferase 6,Gene,55170,PRMT6,"[{""offset"": 432, ""length"": 36}]","{""identifier"": ""55170"", ""type"": ""Gene"", ""ncbi_homologene"": ""10024"", ""valid"": true, ""normalized"": [55170], ""database"": ""ncbi_gene"", ""normalized_id"": 55170, ""biotype"": ""gene"", ""name"": ""PRMT6"", ""accession"": ""@GENE_PRMT6""}",432,36,1,abstract,"[""LOCAL:protein:mouse:PRMT6""]",lexical_candidate_only,data/raw/discovery_pilot/21cb27e7f4a7b05f3320e5ffb015d150f972060ee765c5949eee573bc6a4d3db.json,9d4dc6b57c16c2079ee9f4906da6686aea4192c8df9ee5805aa6cd98d008edc1
41050704,24,PRMT6,Gene,55170,PRMT6,"[{""offset"": 470, ""length"": 5}]","{""identifier"": ""55170"", ""type"": ""Gene"", ""ncbi_homologene"": ""10024"", ""valid"": true, ""normalized"": [55170], ""database"": ""ncbi_gene"", ""normalized_id"": 55170, ""biotype"": ""gene"", ""name"": ""PRMT6"", ""accession"": ""@GENE_PRMT6""}",470,5,1,abstract,"[""LOCAL:protein:mouse:PRMT6""]",lexical_candidate_only,data/raw/discovery_pilot/21cb27e7f4a7b05f3320e5ffb015d150f972060ee765c5949eee573bc6a4d3db.json,9d4dc6b57c16c2079ee9f4906da6686aea4192c8df9ee5805aa6cd98d008edc1
41050704,25,fracture,Disease,MESH:D050723,Fractures Bone,"[{""offset"": 480, ""length"": 8}]","{""identifier"": ""MESH:D050723"", ""type"": ""Disease"", ""valid"": true, ""normalized"": [""D050723""], ""database"": ""ncbi_mesh"", ""normalized_id"": ""D050723"", ""biotype"": ""disease"", ""name"": ""Fractures Bone"", ""accession"": ""@DISEASE_Fractures_Bone""}",480,8,1,abstract,[],lexical_candidate_only,data/raw/discovery_pilot/21cb27e7f4a7b05f3320e5ffb015d150f972060ee765c5949eee573bc6a4d3db.json,9d4dc6b57c16c2079ee9f4906da6686aea4192c8df9ee5805aa6cd98d008edc1
41050704,26,glucose,Chemical,MESH:D005947,Glucose,"[{""offset"": 539, ""length"": 7}]","{""identifier"": ""MESH:D005947"", ""type"": ""Chemical"", ""valid"": true, ""normalized"": [""D005947""], ""database"": ""ncbi_mesh"", ""normalized_id"": ""D005947"", ""biotype"": ""chemical"", ""name"": ""Glucose"", ""accession"": ""@CHEMICAL_Glucose""}",539,7,1,abstract,"[""CHEBI:17234""]",lexical_candidate_only,data/raw/discovery_pilot/21cb27e7f4a7b05f3320e5ffb015d150f972060ee765c5949eee573bc6a4d3db.json,9d4dc6b57c16c2079ee9f4906da6686aea4192c8df9ee5805aa6cd98d008edc1
41050704,27,PRMT6,Gene,55170,PRMT6,"[{""offset"": 559, ""length"": 5}]","{""identifier"": ""55170"", ""type"": ""Gene"", ""ncbi_homologene"": ""10024"", ""valid"": true, ""normalized"": [55170], ""database"": ""ncbi_gene"", ""normalized_id"": 55170, ""biotype"": ""gene"", ""name"": ""PRMT6"", ""accession"": ""@GENE_PRMT6""}",559,5,1,abstract,"[""LOCAL:protein:mouse:PRMT6""]",lexical_candidate_only,data/raw/discovery_pilot/21cb27e7f4a7b05f3320e5ffb015d150f972060ee765c5949eee573bc6a4d3db.json,9d4dc6b57c16c2079ee9f4906da6686aea4192c8df9ee5805aa6cd98d008edc1
41050704,28,PRMT6,Gene,55170,PRMT6,"[{""offset"": 663, ""length"": 5}]","{""identifier"": ""55170"", ""type"": ""Gene"", ""ncbi_homologene"": ""10024"", ""valid"": true, ""normalized"": [55170], ""database"": ""ncbi_gene"", ""normalized_id"": 55170, ""biotype"": ""gene"", ""name"": ""PRMT6"", ""accession"": ""@GENE_PRMT6""}",663,5,1,abstract,"[""LOCAL:protein:mouse:PRMT6""]",lexical_candidate_only,data/raw/discovery_pilot/21cb27e7f4a7b05f3320e5ffb015d150f972060ee765c5949eee573bc6a4d3db.json,9d4dc6b57c16c2079ee9f4906da6686aea4192c8df9ee5805aa6cd98d008edc1
41050704,29,PRMT6,Gene,55170,PRMT6,"[{""offset"": 792, ""length"": 5}]","{""identifier"": ""55170"", ""type"": ""Gene"", ""ncbi_homologene"": ""10024"", ""valid"": true, ""normalized"": [55170], ""database"": ""ncbi_gene"", ""normalized_id"": 55170, ""biotype"": ""gene"", ""name"": ""PRMT6"", ""accession"": ""@GENE_PRMT6""}",792,5,1,abstract,"[""LOCAL:protein:mouse:PRMT6""]",lexical_candidate_only,data/raw/discovery_pilot/21cb27e7f4a7b05f3320e5ffb015d150f972060ee765c5949eee573bc6a4d3db.json,9d4dc6b57c16c2079ee9f4906da6686aea4192c8df9ee5805aa6cd98d008edc1
41050704,30,PRMT6,Gene,55170,PRMT6,"[{""offset"": 864, ""length"": 5}]","{""identifier"": ""55170"", ""type"": ""Gene"", ""ncbi_homologene"": ""10024"", ""valid"": true, ""normalized"": [55170], ""database"": ""ncbi_gene"", ""normalized_id"": 55170, ""biotype"": ""gene"", ""name"": ""PRMT6"", ""accession"": ""@GENE_PRMT6""}",864,5,1,abstract,"[""LOCAL:protein:mouse:PRMT6""]",lexical_candidate_only,data/raw/discovery_pilot/21cb27e7f4a7b05f3320e5ffb015d150f972060ee765c5949eee573bc6a4d3db.json,9d4dc6b57c16c2079ee9f4906da6686aea4192c8df9ee5805aa6cd98d008edc1
41050704,31,fracture,Disease,MESH:D050723,Fractures Bone,"[{""offset"": 904, ""length"": 8}]","{""identifier"": ""MESH:D050723"", ""type"": ""Disease"", ""valid"": true, ""normalized"": [""D050723""], ""database"": ""ncbi_mesh"", ""normalized_id"": ""D050723"", ""biotype"": ""disease"", ""name"": ""Fractures Bone"", ""accession"": ""@DISEASE_Fractures_Bone""}",904,8,1,abstract,[],lexical_candidate_only,data/raw/discovery_pilot/21cb27e7f4a7b05f3320e5ffb015d150f972060ee765c5949eee573bc6a4d3db.json,9d4dc6b57c16c2079ee9f4906da6686aea4192c8df9ee5805aa6cd98d008edc1
41050704,32,PRMT6,Gene,55170,PRMT6,"[{""offset"": 996, ""length"": 5}]","{""identifier"": ""55170"", ""type"": ""Gene"", ""ncbi_homologene"": ""10024"", ""valid"": true, ""normalized"": [55170], ""database"": ""ncbi_gene"", ""normalized_id"": 55170, ""biotype"": ""gene"", ""name"": ""PRMT6"", ""accession"": ""@GENE_PRMT6""}",996,5,1,abstract,"[""LOCAL:protein:mouse:PRMT6""]",lexical_candidate_only,data/raw/discovery_pilot/21cb27e7f4a7b05f3320e5ffb015d150f972060ee765c5949eee573bc6a4d3db.json,9d4dc6b57c16c2079ee9f4906da6686aea4192c8df9ee5805aa6cd98d008edc1
41050704,33,fracture,Disease,MESH:D050723,Fractures Bone,"[{""offset"": 1050, ""length"": 8}]","{""identifier"": ""MESH:D050723"", ""type"": ""Disease"", ""valid"": true, ""normalized"": [""D050723""], ""database"": ""ncbi_mesh"", ""normalized_id"": ""D050723"", ""biotype"": ""disease"", ""name"": ""Fractures Bone"", ""accession"": ""@DISEASE_Fractures_Bone""}",1050,8,1,abstract,[],lexical_candidate_only,data/raw/discovery_pilot/21cb27e7f4a7b05f3320e5ffb015d150f972060ee765c5949eee573bc6a4d3db.json,9d4dc6b57c16c2079ee9f4906da6686aea4192c8df9ee5805aa6cd98d008edc1
41050704,34,PRMT6,Gene,55170,PRMT6,"[{""offset"": 1077, ""length"": 5}]","{""identifier"": ""55170"", ""type"": ""Gene"", ""ncbi_homologene"": ""10024"", ""valid"": true, ""normalized"": [55170], ""database"": ""ncbi_gene"", ""normalized_id"": 55170, ""biotype"": ""gene"", ""name"": ""PRMT6"", ""accession"": ""@GENE_PRMT6""}",1077,5,1,abstract,"[""LOCAL:protein:mouse:PRMT6""]",lexical_candidate_only,data/raw/discovery_pilot/21cb27e7f4a7b05f3320e5ffb015d150f972060ee765c5949eee573bc6a4d3db.json,9d4dc6b57c16c2079ee9f4906da6686aea4192c8df9ee5805aa6cd98d008edc1
41050704,35,fracture,Disease,MESH:D050723,Fractures Bone,"[{""offset"": 1132, ""length"": 8}]","{""identifier"": ""MESH:D050723"", ""type"": ""Disease"", ""valid"": true, ""normalized"": [""D050723""], ""database"": ""ncbi_mesh"", ""normalized_id"": ""D050723"", ""biotype"": ""disease"", ""name"": ""Fractures Bone"", ""accession"": ""@DISEASE_Fractures_Bone""}",1132,8,1,abstract,[],lexical_candidate_only,data/raw/discovery_pilot/21cb27e7f4a7b05f3320e5ffb015d150f972060ee765c5949eee573bc6a4d3db.json,9d4dc6b57c16c2079ee9f4906da6686aea4192c8df9ee5805aa6cd98d008edc1
41927522,3,LincRNA-EPS,Gene,102635290,Ttc39aos1,"[{""offset"": 0, ""length"": 11}]","{""identifier"": ""102635290"", ""type"": ""Gene"", ""valid"": true, ""normalized"": [102635290], ""database"": ""ncbi_gene"", ""normalized_id"": 102635290, ""biotype"": ""gene"", ""name"": ""Ttc39aos1"", ""accession"": ""@GENE_TTC39AOS1""}",0,11,0,title,[],lexical_candidate_only,data/raw/discovery_pilot/21cb27e7f4a7b05f3320e5ffb015d150f972060ee765c5949eee573bc6a4d3db.json,9d4dc6b57c16c2079ee9f4906da6686aea4192c8df9ee5805aa6cd98d008edc1
41927522,4,inflammatory,Disease,MESH:D007249,Inflammation,"[{""offset"": 48, ""length"": 12}]","{""identifier"": ""MESH:D007249"", ""type"": ""Disease"", ""valid"": true, ""normalized"": [""D007249""], ""database"": ""ncbi_mesh"", ""normalized_id"": ""D007249"", ""biotype"": ""disease"", ""name"": ""Inflammation"", ""accession"": ""@DISEASE_Inflammation""}",48,12,0,title,[],lexical_candidate_only,data/raw/discovery_pilot/21cb27e7f4a7b05f3320e5ffb015d150f972060ee765c5949eee573bc6a4d3db.json,9d4dc6b57c16c2079ee9f4906da6686aea4192c8df9ee5805aa6cd98d008edc1
41927522,5,iron,Chemical,MESH:D007501,Iron,"[{""offset"": 107, ""length"": 4}]","{""identifier"": ""MESH:D007501"", ""type"": ""Chemical"", ""valid"": true, ""normalized"": [""D007501""], ""database"": ""ncbi_mesh"", ""normalized_id"": ""D007501"", ""biotype"": ""chemical"", ""name"": ""Iron"", ""accession"": ""@CHEMICAL_Iron""}",107,4,0,title,[],lexical_candidate_only,data/raw/discovery_pilot/21cb27e7f4a7b05f3320e5ffb015d150f972060ee765c5949eee573bc6a4d3db.json,9d4dc6b57c16c2079ee9f4906da6686aea4192c8df9ee5805aa6cd98d008edc1
41927522,27,periodontitis,Disease,MESH:D010518,Periodontitis,"[{""offset"": 224, ""length"": 13}]","{""identifier"": ""MESH:D010518"", ""type"": ""Disease"", ""valid"": true, ""normalized"": [""D010518""], ""database"": ""ncbi_mesh"", ""normalized_id"": ""D010518"", ""biotype"": ""disease"", ""name"": ""Periodontitis"", ""accession"": ""@DISEASE_Periodontitis""}",224,13,1,abstract,[],lexical_candidate_only,data/raw/discovery_pilot/21cb27e7f4a7b05f3320e5ffb015d150f972060ee765c5949eee573bc6a4d3db.json,9d4dc6b57c16c2079ee9f4906da6686aea4192c8df9ee5805aa6cd98d008edc1
41927522,28,lincRNA-EPS,Gene,102635290,Ttc39aos1,"[{""offset"": 339, ""length"": 11}]","{""identifier"": ""102635290"", ""type"": ""Gene"", ""valid"": true, ""normalized"": [102635290], ""database"": ""ncbi_gene"", ""normalized_id"": 102635290, ""biotype"": ""gene"", ""name"": ""Ttc39aos1"", ""accession"": ""@GENE_TTC39AOS1""}",339,11,1,abstract,[],lexical_candidate_only,data/raw/discovery_pilot/21cb27e7f4a7b05f3320e5ffb015d150f972060ee765c5949eee573bc6a4d3db.json,9d4dc6b57c16c2079ee9f4906da6686aea4192c8df9ee5805aa6cd98d008edc1
41927522,29,inflammatory,Disease,MESH:D007249,Inflammation,"[{""offset"": 355, ""length"": 12}]","{""identifier"": ""MESH:D007249"", ""type"": ""Disease"", ""valid"": true, ""normalized"": [""D007249""], ""database"": ""ncbi_mesh"", ""normalized_id"": ""D007249"", ""biotype"": ""disease"", ""name"": ""Inflammation"", ""accession"": ""@DISEASE_Inflammation""}",355,12,1,abstract,[],lexical_candidate_only,data/raw/discovery_pilot/21cb27e7f4a7b05f3320e5ffb015d150f972060ee765c5949eee573bc6a4d3db.json,9d4dc6b57c16c2079ee9f4906da6686aea4192c8df9ee5805aa6cd98d008edc1
41927522,30,LincRNA-EPS,Gene,102635290,Ttc39aos1,"[{""offset"": 408, ""length"": 11}]","{""identifier"": ""102635290"", ""type"": ""Gene"", ""valid"": true, ""normalized"": [102635290], ""database"": ""ncbi_gene"", ""normalized_id"": 102635290, ""biotype"": ""gene"", ""name"": ""Ttc39aos1"", ""accession"": ""@GENE_TTC39AOS1""}",408,11,1,abstract,[],lexical_candidate_only,data/raw/discovery_pilot/21cb27e7f4a7b05f3320e5ffb015d150f972060ee765c5949eee573bc6a4d3db.json,9d4dc6b57c16c2079ee9f4906da6686aea4192c8df9ee5805aa6cd98d008edc1
41927522,31,LPS,Chemical,MESH:D008070,Lipopolysaccharides,"[{""offset"": 443, ""length"": 3}]","{""identifier"": ""MESH:D008070"", ""type"": ""Chemical"", ""valid"": true, ""normalized"": [""D008070""], ""database"": ""ncbi_mesh"", ""normalized_id"": ""D008070"", ""biotype"": ""chemical"", ""name"": ""Lipopolysaccharides"", ""accession"": ""@CHEMICAL_Lipopolysaccharides""}",443,3,1,abstract,[],lexical_candidate_only,data/raw/discovery_pilot/21cb27e7f4a7b05f3320e5ffb015d150f972060ee765c5949eee573bc6a4d3db.json,9d4dc6b57c16c2079ee9f4906da6686aea4192c8df9ee5805aa6cd98d008edc1
41927522,32,iron,Chemical,MESH:D007501,Iron,"[{""offset"": 611, ""length"": 4}]","{""identifier"": ""MESH:D007501"", ""type"": ""Chemical"", ""valid"": true, ""normalized"": [""D007501""], ""database"": ""ncbi_mesh"", ""normalized_id"": ""D007501"", ""biotype"": ""chemical"", ""name"": ""Iron"", ""accession"": ""@CHEMICAL_Iron""}",611,4,1,abstract,[],lexical_candidate_only,data/raw/discovery_pilot/21cb27e7f4a7b05f3320e5ffb015d150f972060ee765c5949eee573bc6a4d3db.json,9d4dc6b57c16c2079ee9f4906da6686aea4192c8df9ee5805aa6cd98d008edc1
41927522,33,lincRNA-EPS,Gene,102635290,Ttc39aos1,"[{""offset"": 636, ""length"": 11}]","{""identifier"": ""102635290"", ""type"": ""Gene"", ""valid"": true, ""normalized"": [102635290], ""database"": ""ncbi_gene"", ""normalized_id"": 102635290, ""biotype"": ""gene"", ""name"": ""Ttc39aos1"", ""accession"": ""@GENE_TTC39AOS1""}",636,11,1,abstract,[],lexical_candidate_only,data/raw/discovery_pilot/21cb27e7f4a7b05f3320e5ffb015d150f972060ee765c5949eee573bc6a4d3db.json,9d4dc6b57c16c2079ee9f4906da6686aea4192c8df9ee5805aa6cd98d008edc1
41927522,34,Lcn2,Gene,16819,Lcn2,"[{""offset"": 683, ""length"": 4}]","{""identifier"": ""16819"", ""type"": ""Gene"", ""ncbi_homologene"": ""4064"", ""valid"": true, ""normalized"": [16819], ""database"": ""ncbi_gene"", ""normalized_id"": 16819, ""biotype"": ""gene"", ""name"": ""Lcn2"", ""accession"": ""@GENE_LCN2""}",683,4,1,abstract,[],lexical_candidate_only,data/raw/discovery_pilot/21cb27e7f4a7b05f3320e5ffb015d150f972060ee765c5949eee573bc6a4d3db.json,9d4dc6b57c16c2079ee9f4906da6686aea4192c8df9ee5805aa6cd98d008edc1
41927522,35,Lcn2,Gene,16819,Lcn2,"[{""offset"": 702, ""length"": 4}]","{""identifier"": ""16819"", ""type"": ""Gene"", ""ncbi_homologene"": ""4064"", ""valid"": true, ""normalized"": [16819], ""database"": ""ncbi_gene"", ""normalized_id"": 16819, ""biotype"": ""gene"", ""name"": ""Lcn2"", ""accession"": ""@GENE_LCN2""}",702,4,1,abstract,[],lexical_candidate_only,data/raw/discovery_pilot/21cb27e7f4a7b05f3320e5ffb015d150f972060ee765c5949eee573bc6a4d3db.json,9d4dc6b57c16c2079ee9f4906da6686aea4192c8df9ee5805aa6cd98d008edc1
41927522,36,iron,Chemical,MESH:D007501,Iron,"[{""offset"": 779, ""length"": 4}]","{""identifier"": ""MESH:D007501"", ""type"": ""Chemical"", ""valid"": true, ""normalized"": [""D007501""], ""database"": ""ncbi_mesh"", ""normalized_id"": ""D007501"", ""biotype"": ""chemical"", ""name"": ""Iron"", ""accession"": ""@CHEMICAL_Iron""}",779,4,1,abstract,[],lexical_candidate_only,data/raw/discovery_pilot/21cb27e7f4a7b05f3320e5ffb015d150f972060ee765c5949eee573bc6a4d3db.json,9d4dc6b57c16c2079ee9f4906da6686aea4192c8df9ee5805aa6cd98d008edc1
41927522,37,lincRNA-EPS,Gene,102635290,Ttc39aos1,"[{""offset"": 912, ""length"": 11}]","{""identifier"": ""102635290"", ""type"": ""Gene"", ""valid"": true, ""normalized"": [102635290], ""database"": ""ncbi_gene"", ""normalized_id"": 102635290, ""biotype"": ""gene"", ""name"": ""Ttc39aos1"", ""accession"": ""@GENE_TTC39AOS1""}",912,11,1,abstract,[],lexical_candidate_only,data/raw/discovery_pilot/21cb27e7f4a7b05f3320e5ffb015d150f972060ee765c5949eee573bc6a4d3db.json,9d4dc6b57c16c2079ee9f4906da6686aea4192c8df9ee5805aa6cd98d008edc1
41927522,38,iron,Chemical,MESH:D007501,Iron,"[{""offset"": 954, ""length"": 4}]","{""identifier"": ""MESH:D007501"", ""type"": ""Chemical"", ""valid"": true, ""normalized"": [""D007501""], ""database"": ""ncbi_mesh"", ""normalized_id"": ""D007501"", ""biotype"": ""chemical"", ""name"": ""Iron"", ""accession"": ""@CHEMICAL_Iron""}",954,4,1,abstract,[],lexical_candidate_only,data/raw/discovery_pilot/21cb27e7f4a7b05f3320e5ffb015d150f972060ee765c5949eee573bc6a4d3db.json,9d4dc6b57c16c2079ee9f4906da6686aea4192c8df9ee5805aa6cd98d008edc1
41927522,39,Lcn2,Gene,16819,Lcn2,"[{""offset"": 989, ""length"": 4}]","{""identifier"": ""16819"", ""type"": ""Gene"", ""ncbi_homologene"": ""4064"", ""valid"": true, ""normalized"": [16819], ""database"": ""ncbi_gene"", ""normalized_id"": 16819, ""biotype"": ""gene"", ""name"": ""Lcn2"", ""accession"": ""@GENE_LCN2""}",989,4,1,abstract,[],lexical_candidate_only,data/raw/discovery_pilot/21cb27e7f4a7b05f3320e5ffb015d150f972060ee765c5949eee573bc6a4d3db.json,9d4dc6b57c16c2079ee9f4906da6686aea4192c8df9ee5805aa6cd98d008edc1
41927522,40,mice,Species,10090,10090,"[{""offset"": 1013, ""length"": 4}]","{""identifier"": ""10090"", ""type"": ""Species"", ""valid"": true, ""normalized"": [10090], ""database"": ""ncbi_taxonomy"", ""normalized_id"": 10090, ""biotype"": ""species"", ""name"": ""10090"", ""accession"": null}",1013,4,1,abstract,[],lexical_candidate_only,data/raw/discovery_pilot/21cb27e7f4a7b05f3320e5ffb015d150f972060ee765c5949eee573bc6a4d3db.json,9d4dc6b57c16c2079ee9f4906da6686aea4192c8df9ee5805aa6cd98d008edc1
41927522,41,periodontitis,Disease,MESH:D010518,Periodontitis,"[{""offset"": 1029, ""length"": 13}]","{""identifier"": ""MESH:D010518"", ""type"": ""Disease"", ""valid"": true, ""normalized"": [""D010518""], ""database"": ""ncbi_mesh"", ""normalized_id"": ""D010518"", ""biotype"": ""disease"", ""name"": ""Periodontitis"", ""accession"": ""@DISEASE_Periodontitis""}",1029,13,1,abstract,[],lexical_candidate_only,data/raw/discovery_pilot/21cb27e7f4a7b05f3320e5ffb015d150f972060ee765c5949eee573bc6a4d3db.json,9d4dc6b57c16c2079ee9f4906da6686aea4192c8df9ee5805aa6cd98d008edc1
41927522,42,bone loss,Disease,MESH:D001847,Bone Diseases,"[{""offset"": 1051, ""length"": 9}]","{""identifier"": ""MESH:D001847"", ""type"": ""Disease"", ""valid"": true, ""normalized"": [""D001847""], ""database"": ""ncbi_mesh"", ""normalized_id"": ""D001847"", ""biotype"": ""disease"", ""name"": ""Bone Diseases"", ""accession"": ""@DISEASE_Bone_Diseases""}",1051,9,1,abstract,[],lexical_candidate_only,data/raw/discovery_pilot/21cb27e7f4a7b05f3320e5ffb015d150f972060ee765c5949eee573bc6a4d3db.json,9d4dc6b57c16c2079ee9f4906da6686aea4192c8df9ee5805aa6cd98d008edc1
41927522,43,mice,Species,10090,10090,"[{""offset"": 1076, ""length"": 4}]","{""identifier"": ""10090"", ""type"": ""Species"", ""valid"": true, ""normalized"": [10090], ""database"": ""ncbi_taxonomy"", ""normalized_id"": 10090, ""biotype"": ""species"", ""name"": ""10090"", ""accession"": null}",1076,4,1,abstract,[],lexical_candidate_only,data/raw/discovery_pilot/21cb27e7f4a7b05f3320e5ffb015d150f972060ee765c5949eee573bc6a4d3db.json,9d4dc6b57c16c2079ee9f4906da6686aea4192c8df9ee5805aa6cd98d008edc1
41927522,44,lincRNA-EPS,Gene,102635290,Ttc39aos1,"[{""offset"": 1133, ""length"": 11}]","{""identifier"": ""102635290"", ""type"": ""Gene"", ""valid"": true, ""normalized"": [102635290], ""database"": ""ncbi_gene"", ""normalized_id"": 102635290, ""biotype"": ""gene"", ""name"": ""Ttc39aos1"", ""accession"": ""@GENE_TTC39AOS1""}",1133,11,1,abstract,[],lexical_candidate_only,data/raw/discovery_pilot/21cb27e7f4a7b05f3320e5ffb015d150f972060ee765c5949eee573bc6a4d3db.json,9d4dc6b57c16c2079ee9f4906da6686aea4192c8df9ee5805aa6cd98d008edc1
41927522,45,inflammatory,Disease,MESH:D007249,Inflammation,"[{""offset"": 1184, ""length"": 12}]","{""identifier"": ""MESH:D007249"", ""type"": ""Disease"", ""valid"": true, ""normalized"": [""D007249""], ""database"": ""ncbi_mesh"", ""normalized_id"": ""D007249"", ""biotype"": ""disease"", ""name"": ""Inflammation"", ""accession"": ""@DISEASE_Inflammation""}",1184,12,1,abstract,[],lexical_candidate_only,data/raw/discovery_pilot/21cb27e7f4a7b05f3320e5ffb015d150f972060ee765c5949eee573bc6a4d3db.json,9d4dc6b57c16c2079ee9f4906da6686aea4192c8df9ee5805aa6cd98d008edc1
41927522,46,iron,Chemical,MESH:D007501,Iron,"[{""offset"": 1234, ""length"": 4}]","{""identifier"": ""MESH:D007501"", ""type"": ""Chemical"", ""valid"": true, ""normalized"": [""D007501""], ""database"": ""ncbi_mesh"", ""normalized_id"": ""D007501"", ""biotype"": ""chemical"", ""name"": ""Iron"", ""accession"": ""@CHEMICAL_Iron""}",1234,4,1,abstract,[],lexical_candidate_only,data/raw/discovery_pilot/21cb27e7f4a7b05f3320e5ffb015d150f972060ee765c5949eee573bc6a4d3db.json,9d4dc6b57c16c2079ee9f4906da6686aea4192c8df9ee5805aa6cd98d008edc1
41927522,47,Lcn2,Gene,16819,Lcn2,"[{""offset"": 1260, ""length"": 4}]","{""identifier"": ""16819"", ""type"": ""Gene"", ""ncbi_homologene"": ""4064"", ""valid"": true, ""normalized"": [16819], ""database"": ""ncbi_gene"", ""normalized_id"": 16819, ""biotype"": ""gene"", ""name"": ""Lcn2"", ""accession"": ""@GENE_LCN2""}",1260,4,1,abstract,[],lexical_candidate_only,data/raw/discovery_pilot/21cb27e7f4a7b05f3320e5ffb015d150f972060ee765c5949eee573bc6a4d3db.json,9d4dc6b57c16c2079ee9f4906da6686aea4192c8df9ee5805aa6cd98d008edc1
42322165,3,Solasodine,Chemical,MESH:C012037,solasodine,"[{""offset"": 0, ""length"": 10}]","{""identifier"": ""MESH:C012037"", ""type"": ""Chemical"", ""valid"": true, ""normalized"": [""C012037""], ""database"": ""ncbi_mesh"", ""normalized_id"": ""C012037"", ""biotype"": ""chemical"", ""name"": ""solasodine"", ""accession"": ""@CHEMICAL_solasodine""}",0,10,0,title,[],lexical_candidate_only,data/raw/discovery_pilot/21cb27e7f4a7b05f3320e5ffb015d150f972060ee765c5949eee573bc6a4d3db.json,9d4dc6b57c16c2079ee9f4906da6686aea4192c8df9ee5805aa6cd98d008edc1
42322165,4,Alkaloid,Chemical,MESH:D000470,Alkaloids,"[{""offset"": 32, ""length"": 8}]","{""identifier"": ""MESH:D000470"", ""type"": ""Chemical"", ""valid"": true, ""normalized"": [""D000470""], ""database"": ""ncbi_mesh"", ""normalized_id"": ""D000470"", ""biotype"": ""chemical"", ""name"": ""Alkaloids"", ""accession"": ""@CHEMICAL_Alkaloids""}",32,8,0,title,[],lexical_candidate_only,data/raw/discovery_pilot/21cb27e7f4a7b05f3320e5ffb015d150f972060ee765c5949eee573bc6a4d3db.json,9d4dc6b57c16c2079ee9f4906da6686aea4192c8df9ee5805aa6cd98d008edc1
42322165,5,RANKL,Gene,8600,TNFSF11,"[{""offset"": 53, ""length"": 5}]","{""identifier"": ""8600"", ""type"": ""Gene"", ""ncbi_homologene"": ""2744"", ""valid"": true, ""normalized"": [8600], ""database"": ""ncbi_gene"", ""normalized_id"": 8600, ""biotype"": ""gene"", ""name"": ""TNFSF11"", ""accession"": ""@GENE_TNFSF11""}",53,5,0,title,"[""LOCAL:protein:mouse:TNFSF11""]",lexical_candidate_only,data/raw/discovery_pilot/21cb27e7f4a7b05f3320e5ffb015d150f972060ee765c5949eee573bc6a4d3db.json,9d4dc6b57c16c2079ee9f4906da6686aea4192c8df9ee5805aa6cd98d008edc1
42322165,49,Osteoporosis,Disease,MESH:D010024,Osteoporosis,"[{""offset"": 174, ""length"": 12}]","{""identifier"": ""MESH:D010024"", ""type"": ""Disease"", ""valid"": true, ""normalized"": [""D010024""], ""database"": ""ncbi_mesh"", ""normalized_id"": ""D010024"", ""biotype"": ""disease"", ""name"": ""Osteoporosis"", ""accession"": ""@DISEASE_Osteoporosis""}",174,12,1,abstract,[],lexical_candidate_only,data/raw/discovery_pilot/21cb27e7f4a7b05f3320e5ffb015d150f972060ee765c5949eee573bc6a4d3db.json,9d4dc6b57c16c2079ee9f4906da6686aea4192c8df9ee5805aa6cd98d008edc1
42322165,50,Solasodine,Chemical,MESH:C012037,solasodine,"[{""offset"": 275, ""length"": 10}]","{""identifier"": ""MESH:C012037"", ""type"": ""Chemical"", ""valid"": true, ""normalized"": [""C012037""], ""database"": ""ncbi_mesh"", ""normalized_id"": ""C012037"", ""biotype"": ""chemical"", ""name"": ""solasodine"", ""accession"": ""@CHEMICAL_solasodine""}",275,10,1,abstract,[],lexical_candidate_only,data/raw/discovery_pilot/21cb27e7f4a7b05f3320e5ffb015d150f972060ee765c5949eee573bc6a4d3db.json,9d4dc6b57c16c2079ee9f4906da6686aea4192c8df9ee5805aa6cd98d008edc1
42322165,51,SOL,Chemical,MESH:C012037,solasodine,"[{""offset"": 287, ""length"": 3}]","{""identifier"": ""MESH:C012037"", ""type"": ""Chemical"", ""valid"": true, ""normalized"": [""C012037""], ""database"": ""ncbi_mesh"", ""normalized_id"": ""C012037"", ""biotype"": ""chemical"", ""name"": ""solasodine"", ""accession"": ""@CHEMICAL_solasodine""}",287,3,1,abstract,[],lexical_candidate_only,data/raw/discovery_pilot/21cb27e7f4a7b05f3320e5ffb015d150f972060ee765c5949eee573bc6a4d3db.json,9d4dc6b57c16c2079ee9f4906da6686aea4192c8df9ee5805aa6cd98d008edc1
42322165,52,alkaloid,Chemical,MESH:D000470,Alkaloids,"[{""offset"": 313, ""length"": 8}]","{""identifier"": ""MESH:D000470"", ""type"": ""Chemical"", ""valid"": true, ""normalized"": [""D000470""], ""database"": ""ncbi_mesh"", ""normalized_id"": ""D000470"", ""biotype"": ""chemical"", ""name"": ""Alkaloids"", ""accession"": ""@CHEMICAL_Alkaloids""}",313,8,1,abstract,[],lexical_candidate_only,data/raw/discovery_pilot/21cb27e7f4a7b05f3320e5ffb015d150f972060ee765c5949eee573bc6a4d3db.json,9d4dc6b57c16c2079ee9f4906da6686aea4192c8df9ee5805aa6cd98d008edc1
42322165,53,SOL,Chemical,MESH:C012037,solasodine,"[{""offset"": 387, ""length"": 3}]","{""identifier"": ""MESH:C012037"", ""type"": ""Chemical"", ""valid"": true, ""normalized"": [""C012037""], ""database"": ""ncbi_mesh"", ""normalized_id"": ""C012037"", ""biotype"": ""chemical"", ""name"": ""solasodine"", ""accession"": ""@CHEMICAL_solasodine""}",387,3,1,abstract,[],lexical_candidate_only,data/raw/discovery_pilot/21cb27e7f4a7b05f3320e5ffb015d150f972060ee765c5949eee573bc6a4d3db.json,9d4dc6b57c16c2079ee9f4906da6686aea4192c8df9ee5805aa6cd98d008edc1
42322165,54,RANKL,Gene,8600,TNFSF11,"[{""offset"": 404, ""length"": 5}]","{""identifier"": ""8600"", ""type"": ""Gene"", ""ncbi_homologene"": ""2744"", ""valid"": true, ""normalized"": [8600], ""database"": ""ncbi_gene"", ""normalized_id"": 8600, ""biotype"": ""gene"", ""name"": ""TNFSF11"", ""accession"": ""@GENE_TNFSF11""}",404,5,1,abstract,"[""LOCAL:protein:mouse:TNFSF11""]",lexical_candidate_only,data/raw/discovery_pilot/21cb27e7f4a7b05f3320e5ffb015d150f972060ee765c5949eee573bc6a4d3db.json,9d4dc6b57c16c2079ee9f4906da6686aea4192c8df9ee5805aa6cd98d008edc1
42322165,55,NF-kappaB,Gene,4790,NFKB1,"[{""offset"": 636, ""length"": 9}]","{""identifier"": ""4790"", ""type"": ""Gene"", ""ncbi_homologene"": ""2971"", ""valid"": true, ""normalized"": [4790], ""database"": ""ncbi_gene"", ""normalized_id"": 4790, ""biotype"": ""gene"", ""name"": ""NFKB1"", ""accession"": ""@GENE_NFKB1""}",636,9,1,abstract,"[""LOCAL:protein:mouse:NFKB1""]",lexical_candidate_only,data/raw/discovery_pilot/21cb27e7f4a7b05f3320e5ffb015d150f972060ee765c5949eee573bc6a4d3db.json,9d4dc6b57c16c2079ee9f4906da6686aea4192c8df9ee5805aa6cd98d008edc1
42322165,56,SOL,Chemical,MESH:C012037,solasodine,"[{""offset"": 705, ""length"": 3}]","{""identifier"": ""MESH:C012037"", ""type"": ""Chemical"", ""valid"": true, ""normalized"": [""C012037""], ""database"": ""ncbi_mesh"", ""normalized_id"": ""C012037"", ""biotype"": ""chemical"", ""name"": ""solasodine"", ""accession"": ""@CHEMICAL_solasodine""}",705,3,1,abstract,[],lexical_candidate_only,data/raw/discovery_pilot/21cb27e7f4a7b05f3320e5ffb015d150f972060ee765c5949eee573bc6a4d3db.json,9d4dc6b57c16c2079ee9f4906da6686aea4192c8df9ee5805aa6cd98d008edc1
42322165,57,STAT3,Gene,6774,STAT3,"[{""offset"": 759, ""length"": 5}]","{""identifier"": ""6774"", ""type"": ""Gene"", ""ncbi_homologene"": ""7960"", ""valid"": true, ""normalized"": [6774], ""database"": ""ncbi_gene"", ""normalized_id"": 6774, ""biotype"": ""gene"", ""name"": ""STAT3"", ""accession"": ""@GENE_STAT3""}",759,5,1,abstract,[],lexical_candidate_only,data/raw/discovery_pilot/21cb27e7f4a7b05f3320e5ffb015d150f972060ee765c5949eee573bc6a4d3db.json,9d4dc6b57c16c2079ee9f4906da6686aea4192c8df9ee5805aa6cd98d008edc1
42322165,58,M-CSF,Gene,1435,CSF1,"[{""offset"": 836, ""length"": 5}]","{""identifier"": ""1435"", ""type"": ""Gene"", ""ncbi_homologene"": ""7282"", ""valid"": true, ""normalized"": [1435], ""database"": ""ncbi_gene"", ""normalized_id"": 1435, ""biotype"": ""gene"", ""name"": ""CSF1"", ""accession"": ""@GENE_CSF1""}",836,5,1,abstract,"[""LOCAL:protein:mouse:CSF1""]",lexical_candidate_only,data/raw/discovery_pilot/21cb27e7f4a7b05f3320e5ffb015d150f972060ee765c5949eee573bc6a4d3db.json,9d4dc6b57c16c2079ee9f4906da6686aea4192c8df9ee5805aa6cd98d008edc1
42322165,59,RANKL,Gene,8600,TNFSF11,"[{""offset"": 846, ""length"": 5}]","{""identifier"": ""8600"", ""type"": ""Gene"", ""ncbi_homologene"": ""2744"", ""valid"": true, ""normalized"": [8600], ""database"": ""ncbi_gene"", ""normalized_id"": 8600, ""biotype"": ""gene"", ""name"": ""TNFSF11"", ""accession"": ""@GENE_TNFSF11""}",846,5,1,abstract,"[""LOCAL:protein:mouse:TNFSF11""]",lexical_candidate_only,data/raw/discovery_pilot/21cb27e7f4a7b05f3320e5ffb015d150f972060ee765c5949eee573bc6a4d3db.json,9d4dc6b57c16c2079ee9f4906da6686aea4192c8df9ee5805aa6cd98d008edc1
42322165,60,hydroxyapatite,Chemical,MESH:D017886,Durapatite,"[{""offset"": 916, ""length"": 14}]","{""identifier"": ""MESH:D017886"", ""type"": ""Chemical"", ""valid"": true, ""normalized"": [""D017886""], ""database"": ""ncbi_mesh"", ""normalized_id"": ""D017886"", ""biotype"": ""chemical"", ""name"": ""Durapatite"", ""accession"": ""@CHEMICAL_Durapatite""}",916,14,1,abstract,[],lexical_candidate_only,data/raw/discovery_pilot/21cb27e7f4a7b05f3320e5ffb015d150f972060ee765c5949eee573bc6a4d3db.json,9d4dc6b57c16c2079ee9f4906da6686aea4192c8df9ee5805aa6cd98d008edc1
42322165,61,SOL,Chemical,MESH:C012037,solasodine,"[{""offset"": 950, ""length"": 3}]","{""identifier"": ""MESH:C012037"", ""type"": ""Chemical"", ""valid"": true, ""normalized"": [""C012037""], ""database"": ""ncbi_mesh"", ""normalized_id"": ""C012037"", ""biotype"": ""chemical"", ""name"": ""solasodine"", ""accession"": ""@CHEMICAL_solasodine""}",950,3,1,abstract,[],lexical_candidate_only,data/raw/discovery_pilot/21cb27e7f4a7b05f3320e5ffb015d150f972060ee765c5949eee573bc6a4d3db.json,9d4dc6b57c16c2079ee9f4906da6686aea4192c8df9ee5805aa6cd98d008edc1
42322165,62,RANKL,Gene,8600,TNFSF11,"[{""offset"": 981, ""length"": 5}]","{""identifier"": ""8600"", ""type"": ""Gene"", ""ncbi_homologene"": ""2744"", ""valid"": true, ""normalized"": [8600], ""database"": ""ncbi_gene"", ""normalized_id"": 8600, ""biotype"": ""gene"", ""name"": ""TNFSF11"", ""accession"": ""@GENE_TNFSF11""}",981,5,1,abstract,"[""LOCAL:protein:mouse:TNFSF11""]",lexical_candidate_only,data/raw/discovery_pilot/21cb27e7f4a7b05f3320e5ffb015d150f972060ee765c5949eee573bc6a4d3db.json,9d4dc6b57c16c2079ee9f4906da6686aea4192c8df9ee5805aa6cd98d008edc1
42322165,63,cytotoxicity,Disease,MESH:D064420,Drug-Related Side Effects and Adverse Reactions,"[{""offset"": 1057, ""length"": 12}]","{""identifier"": ""MESH:D064420"", ""type"": ""Disease"", ""valid"": true, ""normalized"": [""D064420""], ""database"": ""ncbi_mesh"", ""normalized_id"": ""D064420"", ""biotype"": ""disease"", ""name"": ""Drug-Related Side Effects and Adverse Reactions"", ""accession"": ""@DISEASE_Drug_Related_Side_Effects_and_Adverse_Reactions""}",1057,12,1,abstract,[],lexical_candidate_only,data/raw/discovery_pilot/21cb27e7f4a7b05f3320e5ffb015d150f972060ee765c5949eee573bc6a4d3db.json,9d4dc6b57c16c2079ee9f4906da6686aea4192c8df9ee5805aa6cd98d008edc1
42322165,64,ROS,Chemical,-,,"[{""offset"": 1152, ""length"": 3}]","{""identifier"": ""-"", ""type"": ""Chemical"", ""valid"": false, ""normalized_id"": null, ""biotype"": ""chemical""}",1152,3,1,abstract,"[""CHEBI:26523""]",lexical_candidate_only,data/raw/discovery_pilot/21cb27e7f4a7b05f3320e5ffb015d150f972060ee765c5949eee573bc6a4d3db.json,9d4dc6b57c16c2079ee9f4906da6686aea4192c8df9ee5805aa6cd98d008edc1
42322165,65,calcium,Chemical,MESH:D002118,Calcium,"[{""offset"": 1181, ""length"": 7}]","{""identifier"": ""MESH:D002118"", ""type"": ""Chemical"", ""valid"": true, ""normalized"": [""D002118""], ""database"": ""ncbi_mesh"", ""normalized_id"": ""D002118"", ""biotype"": ""chemical"", ""name"": ""Calcium"", ""accession"": ""@CHEMICAL_Calcium""}",1181,7,1,abstract,"[""CHEBI:29108""]",lexical_candidate_only,data/raw/discovery_pilot/21cb27e7f4a7b05f3320e5ffb015d150f972060ee765c5949eee573bc6a4d3db.json,9d4dc6b57c16c2079ee9f4906da6686aea4192c8df9ee5805aa6cd98d008edc1
42322165,66,SOL,Chemical,MESH:C012037,solasodine,"[{""offset"": 1214, ""length"": 3}]","{""identifier"": ""MESH:C012037"", ""type"": ""Chemical"", ""valid"": true, ""normalized"": [""C012037""], ""database"": ""ncbi_mesh"", ""normalized_id"": ""C012037"", ""biotype"": ""chemical"", ""name"": ""solasodine"", ""accession"": ""@CHEMICAL_solasodine""}",1214,3,1,abstract,[],lexical_candidate_only,data/raw/discovery_pilot/21cb27e7f4a7b05f3320e5ffb015d150f972060ee765c5949eee573bc6a4d3db.json,9d4dc6b57c16c2079ee9f4906da6686aea4192c8df9ee5805aa6cd98d008edc1
42322165,67,NFATc1,Gene,4772,NFATC1,"[{""offset"": 1252, ""length"": 6}]","{""identifier"": ""4772"", ""type"": ""Gene"", ""ncbi_homologene"": ""32336"", ""valid"": true, ""normalized"": [4772], ""database"": ""ncbi_gene"", ""normalized_id"": 4772, ""biotype"": ""gene"", ""name"": ""NFATC1"", ""accession"": ""@GENE_NFATC1""}",1252,6,1,abstract,"[""LOCAL:protein:mouse:NFATC1""]",lexical_candidate_only,data/raw/discovery_pilot/21cb27e7f4a7b05f3320e5ffb015d150f972060ee765c5949eee573bc6a4d3db.json,9d4dc6b57c16c2079ee9f4906da6686aea4192c8df9ee5805aa6cd98d008edc1
42322165,68,c-Fos,Gene,2353,FOS,"[{""offset"": 1260, ""length"": 5}]","{""identifier"": ""2353"", ""type"": ""Gene"", ""ncbi_homologene"": ""3844"", ""valid"": true, ""normalized"": [2353], ""database"": ""ncbi_gene"", ""normalized_id"": 2353, ""biotype"": ""gene"", ""name"": ""FOS"", ""accession"": ""@GENE_FOS""}",1260,5,1,abstract,"[""LOCAL:protein:mouse:FOS""]",lexical_candidate_only,data/raw/discovery_pilot/21cb27e7f4a7b05f3320e5ffb015d150f972060ee765c5949eee573bc6a4d3db.json,9d4dc6b57c16c2079ee9f4906da6686aea4192c8df9ee5805aa6cd98d008edc1
42322165,69,CTSK,Gene,1513,CTSK,"[{""offset"": 1267, ""length"": 4}]","{""identifier"": ""1513"", ""type"": ""Gene"", ""ncbi_homologene"": ""68053"", ""valid"": true, ""normalized"": [1513], ""database"": ""ncbi_gene"", ""normalized_id"": 1513, ""biotype"": ""gene"", ""name"": ""CTSK"", ""accession"": ""@GENE_CTSK""}",1267,4,1,abstract,"[""LOCAL:protein:mouse:CTSK""]",lexical_candidate_only,data/raw/discovery_pilot/21cb27e7f4a7b05f3320e5ffb015d150f972060ee765c5949eee573bc6a4d3db.json,9d4dc6b57c16c2079ee9f4906da6686aea4192c8df9ee5805aa6cd98d008edc1
42322165,70,Atp6v0d2,Gene,245972,ATP6V0D2,"[{""offset"": 1273, ""length"": 8}]","{""identifier"": ""245972"", ""type"": ""Gene"", ""ncbi_homologene"": ""72090"", ""valid"": true, ""normalized"": [245972], ""database"": ""ncbi_gene"", ""normalized_id"": 245972, ""biotype"": ""gene"", ""name"": ""ATP6V0D2"", ""accession"": ""@GENE_ATP6V0D2""}",1273,8,1,abstract,"[""LOCAL:protein:mouse:ATP6V0D2""]",lexical_candidate_only,data/raw/discovery_pilot/21cb27e7f4a7b05f3320e5ffb015d150f972060ee765c5949eee573bc6a4d3db.json,9d4dc6b57c16c2079ee9f4906da6686aea4192c8df9ee5805aa6cd98d008edc1
42322165,71,Integrin beta3,Gene,3690,ITGB3,"[{""offset"": 1287, ""length"": 14}]","{""identifier"": ""3690"", ""type"": ""Gene"", ""ncbi_homologene"": ""55444"", ""valid"": true, ""normalized"": [3690], ""database"": ""ncbi_gene"", ""normalized_id"": 3690, ""biotype"": ""gene"", ""name"": ""ITGB3"", ""accession"": ""@GENE_ITGB3""}",1287,14,1,abstract,"[""LOCAL:protein:mouse:ITGB3""]",lexical_candidate_only,data/raw/discovery_pilot/21cb27e7f4a7b05f3320e5ffb015d150f972060ee765c5949eee573bc6a4d3db.json,9d4dc6b57c16c2079ee9f4906da6686aea4192c8df9ee5805aa6cd98d008edc1
42322165,72,SOL,Chemical,MESH:C012037,solasodine,"[{""offset"": 1317, ""length"": 3}]","{""identifier"": ""MESH:C012037"", ""type"": ""Chemical"", ""valid"": true, ""normalized"": [""C012037""], ""database"": ""ncbi_mesh"", ""normalized_id"": ""C012037"", ""biotype"": ""chemical"", ""name"": ""solasodine"", ""accession"": ""@CHEMICAL_solasodine""}",1317,3,1,abstract,[],lexical_candidate_only,data/raw/discovery_pilot/21cb27e7f4a7b05f3320e5ffb015d150f972060ee765c5949eee573bc6a4d3db.json,9d4dc6b57c16c2079ee9f4906da6686aea4192c8df9ee5805aa6cd98d008edc1
42322165,73,p38,Gene,1432,MAPK14,"[{""offset"": 1338, ""length"": 3}]","{""identifier"": ""1432"", ""type"": ""Gene"", ""ncbi_homologene"": ""31777"", ""valid"": true, ""normalized"": [1432], ""database"": ""ncbi_gene"", ""normalized_id"": 1432, ""biotype"": ""gene"", ""name"": ""MAPK14"", ""accession"": ""@GENE_MAPK14""}",1338,3,1,abstract,"[""LOCAL:protein:mouse:MAPK14""]",lexical_candidate_only,data/raw/discovery_pilot/21cb27e7f4a7b05f3320e5ffb015d150f972060ee765c5949eee573bc6a4d3db.json,9d4dc6b57c16c2079ee9f4906da6686aea4192c8df9ee5805aa6cd98d008edc1
42322165,74,JNK,Gene,5599,MAPK8,"[{""offset"": 1343, ""length"": 3}]","{""identifier"": ""5599"", ""type"": ""Gene"", ""ncbi_homologene"": ""56760"", ""valid"": true, ""normalized"": [5599], ""database"": ""ncbi_gene"", ""normalized_id"": 5599, ""biotype"": ""gene"", ""name"": ""MAPK8"", ""accession"": ""@GENE_MAPK8""}",1343,3,1,abstract,"[""LOCAL:protein:mouse:MAPK8""]",lexical_candidate_only,data/raw/discovery_pilot/21cb27e7f4a7b05f3320e5ffb015d150f972060ee765c5949eee573bc6a4d3db.json,9d4dc6b57c16c2079ee9f4906da6686aea4192c8df9ee5805aa6cd98d008edc1
42322165,75,ERK,Gene,5594,MAPK1,"[{""offset"": 1348, ""length"": 3}]","{""identifier"": ""5594"", ""type"": ""Gene"", ""ncbi_homologene"": ""37670"", ""valid"": true, ""normalized"": [5594], ""database"": ""ncbi_gene"", ""normalized_id"": 5594, ""biotype"": ""gene"", ""name"": ""MAPK1"", ""accession"": ""@GENE_MAPK1""}",1348,3,1,abstract,"[""LOCAL:protein:mouse:MAPK1""]",lexical_candidate_only,data/raw/discovery_pilot/21cb27e7f4a7b05f3320e5ffb015d150f972060ee765c5949eee573bc6a4d3db.json,9d4dc6b57c16c2079ee9f4906da6686aea4192c8df9ee5805aa6cd98d008edc1
42322165,76,STAT3,Gene,6774,STAT3,"[{""offset"": 1357, ""length"": 5}]","{""identifier"": ""6774"", ""type"": ""Gene"", ""ncbi_homologene"": ""7960"", ""valid"": true, ""normalized"": [6774], ""database"": ""ncbi_gene"", ""normalized_id"": 6774, ""biotype"": ""gene"", ""name"": ""STAT3"", ""accession"": ""@GENE_STAT3""}",1357,5,1,abstract,[],lexical_candidate_only,data/raw/discovery_pilot/21cb27e7f4a7b05f3320e5ffb015d150f972060ee765c5949eee573bc6a4d3db.json,9d4dc6b57c16c2079ee9f4906da6686aea4192c8df9ee5805aa6cd98d008edc1
42322165,77,NF-kappaB,Gene,4790,NFKB1,"[{""offset"": 1390, ""length"": 9}]","{""identifier"": ""4790"", ""type"": ""Gene"", ""ncbi_homologene"": ""2971"", ""valid"": true, ""normalized"": [4790], ""database"": ""ncbi_gene"", ""normalized_id"": 4790, ""biotype"": ""gene"", ""name"": ""NFKB1"", ""accession"": ""@GENE_NFKB1""}",1390,9,1,abstract,"[""LOCAL:protein:mouse:NFKB1""]",lexical_candidate_only,data/raw/discovery_pilot/21cb27e7f4a7b05f3320e5ffb015d150f972060ee765c5949eee573bc6a4d3db.json,9d4dc6b57c16c2079ee9f4906da6686aea4192c8df9ee5805aa6cd98d008edc1
42322165,78,IkappaB-alpha,Gene,4792,NFKBIA,"[{""offset"": 1424, ""length"": 13}]","{""identifier"": ""4792"", ""type"": ""Gene"", ""ncbi_homologene"": ""7863"", ""valid"": true, ""normalized"": [4792], ""database"": ""ncbi_gene"", ""normalized_id"": 4792, ""biotype"": ""gene"", ""name"": ""NFKBIA"", ""accession"": ""@GENE_NFKBIA""}",1424,13,1,abstract,"[""LOCAL:protein:mouse:NFKBIA""]",lexical_candidate_only,data/raw/discovery_pilot/21cb27e7f4a7b05f3320e5ffb015d150f972060ee765c5949eee573bc6a4d3db.json,9d4dc6b57c16c2079ee9f4906da6686aea4192c8df9ee5805aa6cd98d008edc1
42322165,79,SOL,Chemical,MESH:C012037,solasodine,"[{""offset"": 1464, ""length"": 3}]","{""identifier"": ""MESH:C012037"", ""type"": ""Chemical"", ""valid"": true, ""normalized"": [""C012037""], ""database"": ""ncbi_mesh"", ""normalized_id"": ""C012037"", ""biotype"": ""chemical"", ""name"": ""solasodine"", ""accession"": ""@CHEMICAL_solasodine""}",1464,3,1,abstract,[],lexical_candidate_only,data/raw/discovery_pilot/21cb27e7f4a7b05f3320e5ffb015d150f972060ee765c5949eee573bc6a4d3db.json,9d4dc6b57c16c2079ee9f4906da6686aea4192c8df9ee5805aa6cd98d008edc1
42322165,80,RANKL,Gene,8600,TNFSF11,"[{""offset"": 1478, ""length"": 5}]","{""identifier"": ""8600"", ""type"": ""Gene"", ""ncbi_homologene"": ""2744"", ""valid"": true, ""normalized"": [8600], ""database"": ""ncbi_gene"", ""normalized_id"": 8600, ""biotype"": ""gene"", ""name"": ""TNFSF11"", ""accession"": ""@GENE_TNFSF11""}",1478,5,1,abstract,"[""LOCAL:protein:mouse:TNFSF11""]",lexical_candidate_only,data/raw/discovery_pilot/21cb27e7f4a7b05f3320e5ffb015d150f972060ee765c5949eee573bc6a4d3db.json,9d4dc6b57c16c2079ee9f4906da6686aea4192c8df9ee5805aa6cd98d008edc1
42322165,81,ROS,Chemical,-,,"[{""offset"": 1492, ""length"": 3}]","{""identifier"": ""-"", ""type"": ""Chemical"", ""valid"": false, ""normalized_id"": null, ""biotype"": ""chemical""}",1492,3,1,abstract,"[""CHEBI:26523""]",lexical_candidate_only,data/raw/discovery_pilot/21cb27e7f4a7b05f3320e5ffb015d150f972060ee765c5949eee573bc6a4d3db.json,9d4dc6b57c16c2079ee9f4906da6686aea4192c8df9ee5805aa6cd98d008edc1
42322165,82,calcium,Chemical,MESH:D002118,Calcium,"[{""offset"": 1522, ""length"": 7}]","{""identifier"": ""MESH:D002118"", ""type"": ""Chemical"", ""valid"": true, ""normalized"": [""D002118""], ""database"": ""ncbi_mesh"", ""normalized_id"": ""D002118"", ""biotype"": ""chemical"", ""name"": ""Calcium"", ""accession"": ""@CHEMICAL_Calcium""}",1522,7,1,abstract,"[""CHEBI:29108""]",lexical_candidate_only,data/raw/discovery_pilot/21cb27e7f4a7b05f3320e5ffb015d150f972060ee765c5949eee573bc6a4d3db.json,9d4dc6b57c16c2079ee9f4906da6686aea4192c8df9ee5805aa6cd98d008edc1
42322165,83,CaMKIV,Gene,814,CAMK4,"[{""offset"": 1559, ""length"": 6}]","{""identifier"": ""814"", ""type"": ""Gene"", ""ncbi_homologene"": ""100780"", ""valid"": true, ""normalized"": [814], ""database"": ""ncbi_gene"", ""normalized_id"": 814, ""biotype"": ""gene"", ""name"": ""CAMK4"", ""accession"": ""@GENE_CAMK4""}",1559,6,1,abstract,"[""LOCAL:protein:mouse:CAMK4""]",lexical_candidate_only,data/raw/discovery_pilot/21cb27e7f4a7b05f3320e5ffb015d150f972060ee765c5949eee573bc6a4d3db.json,9d4dc6b57c16c2079ee9f4906da6686aea4192c8df9ee5805aa6cd98d008edc1
42322165,84,SOL,Chemical,MESH:C012037,solasodine,"[{""offset"": 1590, ""length"": 3}]","{""identifier"": ""MESH:C012037"", ""type"": ""Chemical"", ""valid"": true, ""normalized"": [""C012037""], ""database"": ""ncbi_mesh"", ""normalized_id"": ""C012037"", ""biotype"": ""chemical"", ""name"": ""solasodine"", ""accession"": ""@CHEMICAL_solasodine""}",1590,3,1,abstract,[],lexical_candidate_only,data/raw/discovery_pilot/21cb27e7f4a7b05f3320e5ffb015d150f972060ee765c5949eee573bc6a4d3db.json,9d4dc6b57c16c2079ee9f4906da6686aea4192c8df9ee5805aa6cd98d008edc1
42322165,85,RANKL,Gene,8600,TNFSF11,"[{""offset"": 1603, ""length"": 5}]","{""identifier"": ""8600"", ""type"": ""Gene"", ""ncbi_homologene"": ""2744"", ""valid"": true, ""normalized"": [8600], ""database"": ""ncbi_gene"", ""normalized_id"": 8600, ""biotype"": ""gene"", ""name"": ""TNFSF11"", ""accession"": ""@GENE_TNFSF11""}",1603,5,1,abstract,"[""LOCAL:protein:mouse:TNFSF11""]",lexical_candidate_only,data/raw/discovery_pilot/21cb27e7f4a7b05f3320e5ffb015d150f972060ee765c5949eee573bc6a4d3db.json,9d4dc6b57c16c2079ee9f4906da6686aea4192c8df9ee5805aa6cd98d008edc1
42322165,86,NFATc1,Gene,4772,NFATC1,"[{""offset"": 1675, ""length"": 6}]","{""identifier"": ""4772"", ""type"": ""Gene"", ""ncbi_homologene"": ""32336"", ""valid"": true, ""normalized"": [4772], ""database"": ""ncbi_gene"", ""normalized_id"": 4772, ""biotype"": ""gene"", ""name"": ""NFATC1"", ""accession"": ""@GENE_NFATC1""}",1675,6,1,abstract,"[""LOCAL:protein:mouse:NFATC1""]",lexical_candidate_only,data/raw/discovery_pilot/21cb27e7f4a7b05f3320e5ffb015d150f972060ee765c5949eee573bc6a4d3db.json,9d4dc6b57c16c2079ee9f4906da6686aea4192c8df9ee5805aa6cd98d008edc1
42322165,87,c-Fos,Gene,2353,FOS,"[{""offset"": 1682, ""length"": 5}]","{""identifier"": ""2353"", ""type"": ""Gene"", ""ncbi_homologene"": ""3844"", ""valid"": true, ""normalized"": [2353], ""database"": ""ncbi_gene"", ""normalized_id"": 2353, ""biotype"": ""gene"", ""name"": ""FOS"", ""accession"": ""@GENE_FOS""}",1682,5,1,abstract,"[""LOCAL:protein:mouse:FOS""]",lexical_candidate_only,data/raw/discovery_pilot/21cb27e7f4a7b05f3320e5ffb015d150f972060ee765c5949eee573bc6a4d3db.json,9d4dc6b57c16c2079ee9f4906da6686aea4192c8df9ee5805aa6cd98d008edc1
42322165,88,NF-kappaB,Gene,4790,NFKB1,"[{""offset"": 1737, ""length"": 9}]","{""identifier"": ""4790"", ""type"": ""Gene"", ""ncbi_homologene"": ""2971"", ""valid"": true, ""normalized"": [4790], ""database"": ""ncbi_gene"", ""normalized_id"": 4790, ""biotype"": ""gene"", ""name"": ""NFKB1"", ""accession"": ""@GENE_NFKB1""}",1737,9,1,abstract,"[""LOCAL:protein:mouse:NFKB1""]",lexical_candidate_only,data/raw/discovery_pilot/21cb27e7f4a7b05f3320e5ffb015d150f972060ee765c5949eee573bc6a4d3db.json,9d4dc6b57c16c2079ee9f4906da6686aea4192c8df9ee5805aa6cd98d008edc1
42322165,89,ROS,Chemical,-,,"[{""offset"": 1795, ""length"": 3}]","{""identifier"": ""-"", ""type"": ""Chemical"", ""valid"": false, ""normalized_id"": null, ""biotype"": ""chemical""}",1795,3,1,abstract,"[""CHEBI:26523""]",lexical_candidate_only,data/raw/discovery_pilot/21cb27e7f4a7b05f3320e5ffb015d150f972060ee765c5949eee573bc6a4d3db.json,9d4dc6b57c16c2079ee9f4906da6686aea4192c8df9ee5805aa6cd98d008edc1
42322165,90,calcium,Chemical,MESH:D002118,Calcium,"[{""offset"": 1814, ""length"": 7}]","{""identifier"": ""MESH:D002118"", ""type"": ""Chemical"", ""valid"": true, ""normalized"": [""D002118""], ""database"": ""ncbi_mesh"", ""normalized_id"": ""D002118"", ""biotype"": ""chemical"", ""name"": ""Calcium"", ""accession"": ""@CHEMICAL_Calcium""}",1814,7,1,abstract,"[""CHEBI:29108""]",lexical_candidate_only,data/raw/discovery_pilot/21cb27e7f4a7b05f3320e5ffb015d150f972060ee765c5949eee573bc6a4d3db.json,9d4dc6b57c16c2079ee9f4906da6686aea4192c8df9ee5805aa6cd98d008edc1
42322165,91,osteolytic bone diseases,Disease,MESH:D001847,Bone Diseases,"[{""offset"": 1890, ""length"": 24}]","{""identifier"": ""MESH:D001847"", ""type"": ""Disease"", ""valid"": true, ""normalized"": [""D001847""], ""database"": ""ncbi_mesh"", ""normalized_id"": ""D001847"", ""biotype"": ""disease"", ""name"": ""Bone Diseases"", ""accession"": ""@DISEASE_Bone_Diseases""}",1890,24,1,abstract,[],lexical_candidate_only,data/raw/discovery_pilot/21cb27e7f4a7b05f3320e5ffb015d150f972060ee765c5949eee573bc6a4d3db.json,9d4dc6b57c16c2079ee9f4906da6686aea4192c8df9ee5805aa6cd98d008edc1
42331345,4,dimethyl itaconate,Chemical,MESH:C518953,dimethyl itaconate,"[{""offset"": 40, ""length"": 18}]","{""identifier"": ""MESH:C518953"", ""type"": ""Chemical"", ""valid"": true, ""normalized"": [""C518953""], ""database"": ""ncbi_mesh"", ""normalized_id"": ""C518953"", ""biotype"": ""chemical"", ""name"": ""dimethyl itaconate"", ""accession"": ""@CHEMICAL_dimethyl_itaconate""}",40,18,0,title,[],lexical_candidate_only,data/raw/discovery_pilot/21cb27e7f4a7b05f3320e5ffb015d150f972060ee765c5949eee573bc6a4d3db.json,9d4dc6b57c16c2079ee9f4906da6686aea4192c8df9ee5805aa6cd98d008edc1
42331345,5,vancomycin,Chemical,MESH:D014640,Vancomycin,"[{""offset"": 82, ""length"": 10}]","{""identifier"": ""MESH:D014640"", ""type"": ""Chemical"", ""valid"": true, ""normalized"": [""D014640""], ""database"": ""ncbi_mesh"", ""normalized_id"": ""D014640"", ""biotype"": ""chemical"", ""name"": ""Vancomycin"", ""accession"": ""@CHEMICAL_Vancomycin""}",82,10,0,title,[],lexical_candidate_only,data/raw/discovery_pilot/21cb27e7f4a7b05f3320e5ffb015d150f972060ee765c5949eee573bc6a4d3db.json,9d4dc6b57c16c2079ee9f4906da6686aea4192c8df9ee5805aa6cd98d008edc1
42331345,6,periprosthetic joint infection,Disease,MESH:D057068,Periprosthetic Fractures,"[{""offset"": 96, ""length"": 30}]","{""identifier"": ""MESH:D057068"", ""type"": ""Disease"", ""valid"": true, ""normalized"": [""D057068""], ""database"": ""ncbi_mesh"", ""normalized_id"": ""D057068"", ""biotype"": ""disease"", ""name"": ""Periprosthetic Fractures"", ""accession"": ""@DISEASE_Periprosthetic_Fractures""}",96,30,0,title,[],lexical_candidate_only,data/raw/discovery_pilot/21cb27e7f4a7b05f3320e5ffb015d150f972060ee765c5949eee573bc6a4d3db.json,9d4dc6b57c16c2079ee9f4906da6686aea4192c8df9ee5805aa6cd98d008edc1
42331345,7,rats,Species,10116,10116,"[{""offset"": 130, ""length"": 4}]","{""identifier"": ""10116"", ""type"": ""Species"", ""valid"": true, ""normalized"": [10116], ""database"": ""ncbi_taxonomy"", ""normalized_id"": 10116, ""biotype"": ""species"", ""name"": ""10116"", ""accession"": null}",130,4,0,title,[],lexical_candidate_only,data/raw/discovery_pilot/21cb27e7f4a7b05f3320e5ffb015d150f972060ee765c5949eee573bc6a4d3db.json,9d4dc6b57c16c2079ee9f4906da6686aea4192c8df9ee5805aa6cd98d008edc1
42331345,54,dimethyl itaconate,Chemical,MESH:C518953,dimethyl itaconate,"[{""offset"": 222, ""length"": 18}]","{""identifier"": ""MESH:C518953"", ""type"": ""Chemical"", ""valid"": true, ""normalized"": [""C518953""], ""database"": ""ncbi_mesh"", ""normalized_id"": ""C518953"", ""biotype"": ""chemical"", ""name"": ""dimethyl itaconate"", ""accession"": ""@CHEMICAL_dimethyl_itaconate""}",222,18,1,abstract,[],lexical_candidate_only,data/raw/discovery_pilot/21cb27e7f4a7b05f3320e5ffb015d150f972060ee765c5949eee573bc6a4d3db.json,9d4dc6b57c16c2079ee9f4906da6686aea4192c8df9ee5805aa6cd98d008edc1
42331345,55,DI,Chemical,MESH:C518953,dimethyl itaconate,"[{""offset"": 242, ""length"": 2}]","{""identifier"": ""MESH:C518953"", ""type"": ""Chemical"", ""valid"": true, ""normalized"": [""C518953""], ""database"": ""ncbi_mesh"", ""normalized_id"": ""C518953"", ""biotype"": ""chemical"", ""name"": ""dimethyl itaconate"", ""accession"": ""@CHEMICAL_dimethyl_itaconate""}",242,2,1,abstract,[],lexical_candidate_only,data/raw/discovery_pilot/21cb27e7f4a7b05f3320e5ffb015d150f972060ee765c5949eee573bc6a4d3db.json,9d4dc6b57c16c2079ee9f4906da6686aea4192c8df9ee5805aa6cd98d008edc1
42331345,56,vancomycin,Chemical,MESH:D014640,Vancomycin,"[{""offset"": 269, ""length"": 10}]","{""identifier"": ""MESH:D014640"", ""type"": ""Chemical"", ""valid"": true, ""normalized"": [""D014640""], ""database"": ""ncbi_mesh"", ""normalized_id"": ""D014640"", ""biotype"": ""chemical"", ""name"": ""Vancomycin"", ""accession"": ""@CHEMICAL_Vancomycin""}",269,10,1,abstract,[],lexical_candidate_only,data/raw/discovery_pilot/21cb27e7f4a7b05f3320e5ffb015d150f972060ee765c5949eee573bc6a4d3db.json,9d4dc6b57c16c2079ee9f4906da6686aea4192c8df9ee5805aa6cd98d008edc1
42331345,57,Van,Chemical,MESH:D014640,Vancomycin,"[{""offset"": 281, ""length"": 3}]","{""identifier"": ""MESH:D014640"", ""type"": ""Chemical"", ""valid"": true, ""normalized"": [""D014640""], ""database"": ""ncbi_mesh"", ""normalized_id"": ""D014640"", ""biotype"": ""chemical"", ""name"": ""Vancomycin"", ""accession"": ""@CHEMICAL_Vancomycin""}",281,3,1,abstract,[],lexical_candidate_only,data/raw/discovery_pilot/21cb27e7f4a7b05f3320e5ffb015d150f972060ee765c5949eee573bc6a4d3db.json,9d4dc6b57c16c2079ee9f4906da6686aea4192c8df9ee5805aa6cd98d008edc1
42331345,58,periprosthetic joint infections,Disease,MESH:D057068,Periprosthetic Fractures,"[{""offset"": 307, ""length"": 31}]","{""identifier"": ""MESH:D057068"", ""type"": ""Disease"", ""valid"": true, ""normalized"": [""D057068""], ""database"": ""ncbi_mesh"", ""normalized_id"": ""D057068"", ""biotype"": ""disease"", ""name"": ""Periprosthetic Fractures"", ""accession"": ""@DISEASE_Periprosthetic_Fractures""}",307,31,1,abstract,[],lexical_candidate_only,data/raw/discovery_pilot/21cb27e7f4a7b05f3320e5ffb015d150f972060ee765c5949eee573bc6a4d3db.json,9d4dc6b57c16c2079ee9f4906da6686aea4192c8df9ee5805aa6cd98d008edc1
42331345,59,PJI,Disease,MESH:D057068,Periprosthetic Fractures,"[{""offset"": 340, ""length"": 3}]","{""identifier"": ""MESH:D057068"", ""type"": ""Disease"", ""valid"": true, ""normalized"": [""D057068""], ""database"": ""ncbi_mesh"", ""normalized_id"": ""D057068"", ""biotype"": ""disease"", ""name"": ""Periprosthetic Fractures"", ""accession"": ""@DISEASE_Periprosthetic_Fractures""}",340,3,1,abstract,[],lexical_candidate_only,data/raw/discovery_pilot/21cb27e7f4a7b05f3320e5ffb015d150f972060ee765c5949eee573bc6a4d3db.json,9d4dc6b57c16c2079ee9f4906da6686aea4192c8df9ee5805aa6cd98d008edc1
42331345,60,Staphylococcus aureus,Species,1280,1280,"[{""offset"": 356, ""length"": 21}]","{""identifier"": ""1280"", ""type"": ""Species"", ""valid"": true, ""normalized"": [1280], ""database"": ""ncbi_taxonomy"", ""normalized_id"": 1280, ""biotype"": ""species"", ""name"": ""1280"", ""accession"": null}",356,21,1,abstract,[],lexical_candidate_only,data/raw/discovery_pilot/21cb27e7f4a7b05f3320e5ffb015d150f972060ee765c5949eee573bc6a4d3db.json,9d4dc6b57c16c2079ee9f4906da6686aea4192c8df9ee5805aa6cd98d008edc1
42331345,61,rats,Species,10116,10116,"[{""offset"": 398, ""length"": 4}]","{""identifier"": ""10116"", ""type"": ""Species"", ""valid"": true, ""normalized"": [10116], ""database"": ""ncbi_taxonomy"", ""normalized_id"": 10116, ""biotype"": ""species"", ""name"": ""10116"", ""accession"": null}",398,4,1,abstract,[],lexical_candidate_only,data/raw/discovery_pilot/21cb27e7f4a7b05f3320e5ffb015d150f972060ee765c5949eee573bc6a4d3db.json,9d4dc6b57c16c2079ee9f4906da6686aea4192c8df9ee5805aa6cd98d008edc1
42331345,62,PJI,Disease,MESH:D057068,Periprosthetic Fractures,"[{""offset"": 449, ""length"": 3}]","{""identifier"": ""MESH:D057068"", ""type"": ""Disease"", ""valid"": true, ""normalized"": [""D057068""], ""database"": ""ncbi_mesh"", ""normalized_id"": ""D057068"", ""biotype"": ""disease"", ""name"": ""Periprosthetic Fractures"", ""accession"": ""@DISEASE_Periprosthetic_Fractures""}",449,3,1,abstract,[],lexical_candidate_only,data/raw/discovery_pilot/21cb27e7f4a7b05f3320e5ffb015d150f972060ee765c5949eee573bc6a4d3db.json,9d4dc6b57c16c2079ee9f4906da6686aea4192c8df9ee5805aa6cd98d008edc1
42331345,63,PJI,Disease,MESH:D057068,Periprosthetic Fractures,"[{""offset"": 454, ""length"": 3}]","{""identifier"": ""MESH:D057068"", ""type"": ""Disease"", ""valid"": true, ""normalized"": [""D057068""], ""database"": ""ncbi_mesh"", ""normalized_id"": ""D057068"", ""biotype"": ""disease"", ""name"": ""Periprosthetic Fractures"", ""accession"": ""@DISEASE_Periprosthetic_Fractures""}",454,3,1,abstract,[],lexical_candidate_only,data/raw/discovery_pilot/21cb27e7f4a7b05f3320e5ffb015d150f972060ee765c5949eee573bc6a4d3db.json,9d4dc6b57c16c2079ee9f4906da6686aea4192c8df9ee5805aa6cd98d008edc1
42331345,64,DI,Chemical,MESH:C518953,dimethyl itaconate,"[{""offset"": 460, ""length"": 2}]","{""identifier"": ""MESH:C518953"", ""type"": ""Chemical"", ""valid"": true, ""normalized"": [""C518953""], ""database"": ""ncbi_mesh"", ""normalized_id"": ""C518953"", ""biotype"": ""chemical"", ""name"": ""dimethyl itaconate"", ""accession"": ""@CHEMICAL_dimethyl_itaconate""}",460,2,1,abstract,[],lexical_candidate_only,data/raw/discovery_pilot/21cb27e7f4a7b05f3320e5ffb015d150f972060ee765c5949eee573bc6a4d3db.json,9d4dc6b57c16c2079ee9f4906da6686aea4192c8df9ee5805aa6cd98d008edc1
42331345,65,PJI,Disease,MESH:D057068,Periprosthetic Fractures,"[{""offset"": 464, ""length"": 3}]","{""identifier"": ""MESH:D057068"", ""type"": ""Disease"", ""valid"": true, ""normalized"": [""D057068""], ""database"": ""ncbi_mesh"", ""normalized_id"": ""D057068"", ""biotype"": ""disease"", ""name"": ""Periprosthetic Fractures"", ""accession"": ""@DISEASE_Periprosthetic_Fractures""}",464,3,1,abstract,[],lexical_candidate_only,data/raw/discovery_pilot/21cb27e7f4a7b05f3320e5ffb015d150f972060ee765c5949eee573bc6a4d3db.json,9d4dc6b57c16c2079ee9f4906da6686aea4192c8df9ee5805aa6cd98d008edc1
42331345,66,Van,Chemical,MESH:D014640,Vancomycin,"[{""offset"": 470, ""length"": 3}]","{""identifier"": ""MESH:D014640"", ""type"": ""Chemical"", ""valid"": true, ""normalized"": [""D014640""], ""database"": ""ncbi_mesh"", ""normalized_id"": ""D014640"", ""biotype"": ""chemical"", ""name"": ""Vancomycin"", ""accession"": ""@CHEMICAL_Vancomycin""}",470,3,1,abstract,[],lexical_candidate_only,data/raw/discovery_pilot/21cb27e7f4a7b05f3320e5ffb015d150f972060ee765c5949eee573bc6a4d3db.json,9d4dc6b57c16c2079ee9f4906da6686aea4192c8df9ee5805aa6cd98d008edc1
42331345,67,PJI,Disease,MESH:D057068,Periprosthetic Fractures,"[{""offset"": 479, ""length"": 3}]","{""identifier"": ""MESH:D057068"", ""type"": ""Disease"", ""valid"": true, ""normalized"": [""D057068""], ""database"": ""ncbi_mesh"", ""normalized_id"": ""D057068"", ""biotype"": ""disease"", ""name"": ""Periprosthetic Fractures"", ""accession"": ""@DISEASE_Periprosthetic_Fractures""}",479,3,1,abstract,[],lexical_candidate_only,data/raw/discovery_pilot/21cb27e7f4a7b05f3320e5ffb015d150f972060ee765c5949eee573bc6a4d3db.json,9d4dc6b57c16c2079ee9f4906da6686aea4192c8df9ee5805aa6cd98d008edc1
42331345,68,Van,Chemical,MESH:D014640,Vancomycin,"[{""offset"": 485, ""length"": 3}]","{""identifier"": ""MESH:D014640"", ""type"": ""Chemical"", ""valid"": true, ""normalized"": [""D014640""], ""database"": ""ncbi_mesh"", ""normalized_id"": ""D014640"", ""biotype"": ""chemical"", ""name"": ""Vancomycin"", ""accession"": ""@CHEMICAL_Vancomycin""}",485,3,1,abstract,[],lexical_candidate_only,data/raw/discovery_pilot/21cb27e7f4a7b05f3320e5ffb015d150f972060ee765c5949eee573bc6a4d3db.json,9d4dc6b57c16c2079ee9f4906da6686aea4192c8df9ee5805aa6cd98d008edc1
42331345,69,DI,Chemical,MESH:C518953,dimethyl itaconate,"[{""offset"": 491, ""length"": 2}]","{""identifier"": ""MESH:C518953"", ""type"": ""Chemical"", ""valid"": true, ""normalized"": [""C518953""], ""database"": ""ncbi_mesh"", ""normalized_id"": ""C518953"", ""biotype"": ""chemical"", ""name"": ""dimethyl itaconate"", ""accession"": ""@CHEMICAL_dimethyl_itaconate""}",491,2,1,abstract,[],lexical_candidate_only,data/raw/discovery_pilot/21cb27e7f4a7b05f3320e5ffb015d150f972060ee765c5949eee573bc6a4d3db.json,9d4dc6b57c16c2079ee9f4906da6686aea4192c8df9ee5805aa6cd98d008edc1
42331345,70,inflammation,Disease,MESH:D007249,Inflammation,"[{""offset"": 533, ""length"": 12}]","{""identifier"": ""MESH:D007249"", ""type"": ""Disease"", ""valid"": true, ""normalized"": [""D007249""], ""database"": ""ncbi_mesh"", ""normalized_id"": ""D007249"", ""biotype"": ""disease"", ""name"": ""Inflammation"", ""accession"": ""@DISEASE_Inflammation""}",533,12,1,abstract,[],lexical_candidate_only,data/raw/discovery_pilot/21cb27e7f4a7b05f3320e5ffb015d150f972060ee765c5949eee573bc6a4d3db.json,9d4dc6b57c16c2079ee9f4906da6686aea4192c8df9ee5805aa6cd98d008edc1
42331345,71,osteolysis,Disease,MESH:D010014,Osteolysis,"[{""offset"": 547, ""length"": 10}]","{""identifier"": ""MESH:D010014"", ""type"": ""Disease"", ""valid"": true, ""normalized"": [""D010014""], ""database"": ""ncbi_mesh"", ""normalized_id"": ""D010014"", ""biotype"": ""disease"", ""name"": ""Osteolysis"", ""accession"": ""@DISEASE_Osteolysis""}",547,10,1,abstract,[],lexical_candidate_only,data/raw/discovery_pilot/21cb27e7f4a7b05f3320e5ffb015d150f972060ee765c5949eee573bc6a4d3db.json,9d4dc6b57c16c2079ee9f4906da6686aea4192c8df9ee5805aa6cd98d008edc1
42331345,72,biofilm,Disease,,,"[{""offset"": 602, ""length"": 7}]","{""type"": ""Disease"", ""valid"": false, ""normalized_id"": null, ""biotype"": ""disease""}",602,7,1,abstract,[],lexical_candidate_only,data/raw/discovery_pilot/21cb27e7f4a7b05f3320e5ffb015d150f972060ee765c5949eee573bc6a4d3db.json,9d4dc6b57c16c2079ee9f4906da6686aea4192c8df9ee5805aa6cd98d008edc1
42331345,73,Tartrate-resistant acid phosphatase,Gene,25732,Acp5,"[{""offset"": 635, ""length"": 35}]","{""identifier"": ""25732"", ""type"": ""Gene"", ""ncbi_homologene"": ""115578"", ""valid"": true, ""normalized"": [25732], ""database"": ""ncbi_gene"", ""normalized_id"": 25732, ""biotype"": ""gene"", ""name"": ""Acp5"", ""accession"": ""@GENE_ACP5""}",635,35,1,abstract,"[""LOCAL:protein:mouse:ACP5""]",lexical_candidate_only,data/raw/discovery_pilot/21cb27e7f4a7b05f3320e5ffb015d150f972060ee765c5949eee573bc6a4d3db.json,9d4dc6b57c16c2079ee9f4906da6686aea4192c8df9ee5805aa6cd98d008edc1
42331345,74,TRAP,Gene,25732,Acp5,"[{""offset"": 672, ""length"": 4}]","{""identifier"": ""25732"", ""type"": ""Gene"", ""ncbi_homologene"": ""115578"", ""valid"": true, ""normalized"": [25732], ""database"": ""ncbi_gene"", ""normalized_id"": 25732, ""biotype"": ""gene"", ""name"": ""Acp5"", ""accession"": ""@GENE_ACP5""}",672,4,1,abstract,"[""LOCAL:protein:mouse:ACP5""]",lexical_candidate_only,data/raw/discovery_pilot/21cb27e7f4a7b05f3320e5ffb015d150f972060ee765c5949eee573bc6a4d3db.json,9d4dc6b57c16c2079ee9f4906da6686aea4192c8df9ee5805aa6cd98d008edc1
42331345,75,DI,Chemical,MESH:C518953,dimethyl itaconate,"[{""offset"": 733, ""length"": 2}]","{""identifier"": ""MESH:C518953"", ""type"": ""Chemical"", ""valid"": true, ""normalized"": [""C518953""], ""database"": ""ncbi_mesh"", ""normalized_id"": ""C518953"", ""biotype"": ""chemical"", ""name"": ""dimethyl itaconate"", ""accession"": ""@CHEMICAL_dimethyl_itaconate""}",733,2,1,abstract,[],lexical_candidate_only,data/raw/discovery_pilot/21cb27e7f4a7b05f3320e5ffb015d150f972060ee765c5949eee573bc6a4d3db.json,9d4dc6b57c16c2079ee9f4906da6686aea4192c8df9ee5805aa6cd98d008edc1
42331345,76,vancomycin,Chemical,MESH:D014640,Vancomycin,"[{""offset"": 740, ""length"": 10}]","{""identifier"": ""MESH:D014640"", ""type"": ""Chemical"", ""valid"": true, ""normalized"": [""D014640""], ""database"": ""ncbi_mesh"", ""normalized_id"": ""D014640"", ""biotype"": ""chemical"", ""name"": ""Vancomycin"", ""accession"": ""@CHEMICAL_Vancomycin""}",740,10,1,abstract,[],lexical_candidate_only,data/raw/discovery_pilot/21cb27e7f4a7b05f3320e5ffb015d150f972060ee765c5949eee573bc6a4d3db.json,9d4dc6b57c16c2079ee9f4906da6686aea4192c8df9ee5805aa6cd98d008edc1
42331345,77,Alizarin Red,Chemical,MESH:C010078,alizarin,"[{""offset"": 756, ""length"": 12}]","{""identifier"": ""MESH:C010078"", ""type"": ""Chemical"", ""valid"": true, ""normalized"": [""C010078""], ""database"": ""ncbi_mesh"", ""normalized_id"": ""C010078"", ""biotype"": ""chemical"", ""name"": ""alizarin"", ""accession"": ""@CHEMICAL_alizarin""}",756,12,1,abstract,[],lexical_candidate_only,data/raw/discovery_pilot/21cb27e7f4a7b05f3320e5ffb015d150f972060ee765c5949eee573bc6a4d3db.json,9d4dc6b57c16c2079ee9f4906da6686aea4192c8df9ee5805aa6cd98d008edc1
42331345,78,bone loss,Disease,MESH:D001847,Bone Diseases,"[{""offset"": 917, ""length"": 9}]","{""identifier"": ""MESH:D001847"", ""type"": ""Disease"", ""valid"": true, ""normalized"": [""D001847""], ""database"": ""ncbi_mesh"", ""normalized_id"": ""D001847"", ""biotype"": ""disease"", ""name"": ""Bone Diseases"", ""accession"": ""@DISEASE_Bone_Diseases""}",917,9,1,abstract,[],lexical_candidate_only,data/raw/discovery_pilot/21cb27e7f4a7b05f3320e5ffb015d150f972060ee765c5949eee573bc6a4d3db.json,9d4dc6b57c16c2079ee9f4906da6686aea4192c8df9ee5805aa6cd98d008edc1
42331345,79,intra-articular synovial inflammation,Disease,MESH:D057072,Intra-Articular Fractures,"[{""offset"": 931, ""length"": 37}]","{""identifier"": ""MESH:D057072"", ""type"": ""Disease"", ""valid"": true, ""normalized"": [""D057072""], ""database"": ""ncbi_mesh"", ""normalized_id"": ""D057072"", ""biotype"": ""disease"", ""name"": ""Intra-Articular Fractures"", ""accession"": ""@DISEASE_Intra_Articular_Fractures""}",931,37,1,abstract,[],lexical_candidate_only,data/raw/discovery_pilot/21cb27e7f4a7b05f3320e5ffb015d150f972060ee765c5949eee573bc6a4d3db.json,9d4dc6b57c16c2079ee9f4906da6686aea4192c8df9ee5805aa6cd98d008edc1
42331345,80,Van,Chemical,MESH:D014640,Vancomycin,"[{""offset"": 981, ""length"": 3}]","{""identifier"": ""MESH:D014640"", ""type"": ""Chemical"", ""valid"": true, ""normalized"": [""D014640""], ""database"": ""ncbi_mesh"", ""normalized_id"": ""D014640"", ""biotype"": ""chemical"", ""name"": ""Vancomycin"", ""accession"": ""@CHEMICAL_Vancomycin""}",981,3,1,abstract,[],lexical_candidate_only,data/raw/discovery_pilot/21cb27e7f4a7b05f3320e5ffb015d150f972060ee765c5949eee573bc6a4d3db.json,9d4dc6b57c16c2079ee9f4906da6686aea4192c8df9ee5805aa6cd98d008edc1
42331345,81,DI,Chemical,MESH:C518953,dimethyl itaconate,"[{""offset"": 1036, ""length"": 2}]","{""identifier"": ""MESH:C518953"", ""type"": ""Chemical"", ""valid"": true, ""normalized"": [""C518953""], ""database"": ""ncbi_mesh"", ""normalized_id"": ""C518953"", ""biotype"": ""chemical"", ""name"": ""dimethyl itaconate"", ""accession"": ""@CHEMICAL_dimethyl_itaconate""}",1036,2,1,abstract,[],lexical_candidate_only,data/raw/discovery_pilot/21cb27e7f4a7b05f3320e5ffb015d150f972060ee765c5949eee573bc6a4d3db.json,9d4dc6b57c16c2079ee9f4906da6686aea4192c8df9ee5805aa6cd98d008edc1
42331345,82,vancomycin,Chemical,MESH:D014640,Vancomycin,"[{""offset"": 1043, ""length"": 10}]","{""identifier"": ""MESH:D014640"", ""type"": ""Chemical"", ""valid"": true, ""normalized"": [""D014640""], ""database"": ""ncbi_mesh"", ""normalized_id"": ""D014640"", ""biotype"": ""chemical"", ""name"": ""Vancomycin"", ""accession"": ""@CHEMICAL_Vancomycin""}",1043,10,1,abstract,[],lexical_candidate_only,data/raw/discovery_pilot/21cb27e7f4a7b05f3320e5ffb015d150f972060ee765c5949eee573bc6a4d3db.json,9d4dc6b57c16c2079ee9f4906da6686aea4192c8df9ee5805aa6cd98d008edc1
42331345,83,biofilm,Disease,,,"[{""offset"": 1092, ""length"": 7}]","{""type"": ""Disease"", ""valid"": false, ""normalized_id"": null, ""biotype"": ""disease""}",1092,7,1,abstract,[],lexical_candidate_only,data/raw/discovery_pilot/21cb27e7f4a7b05f3320e5ffb015d150f972060ee765c5949eee573bc6a4d3db.json,9d4dc6b57c16c2079ee9f4906da6686aea4192c8df9ee5805aa6cd98d008edc1
42331345,84,bone resorption,Disease,MESH:D001862,Bone Resorption,"[{""offset"": 1174, ""length"": 15}]","{""identifier"": ""MESH:D001862"", ""type"": ""Disease"", ""valid"": true, ""normalized"": [""D001862""], ""database"": ""ncbi_mesh"", ""normalized_id"": ""D001862"", ""biotype"": ""disease"", ""name"": ""Bone Resorption"", ""accession"": ""@DISEASE_Bone_Resorption""}",1174,15,1,abstract,[],lexical_candidate_only,data/raw/discovery_pilot/21cb27e7f4a7b05f3320e5ffb015d150f972060ee765c5949eee573bc6a4d3db.json,9d4dc6b57c16c2079ee9f4906da6686aea4192c8df9ee5805aa6cd98d008edc1
42331345,85,DI,Chemical,MESH:C518953,dimethyl itaconate,"[{""offset"": 1223, ""length"": 2}]","{""identifier"": ""MESH:C518953"", ""type"": ""Chemical"", ""valid"": true, ""normalized"": [""C518953""], ""database"": ""ncbi_mesh"", ""normalized_id"": ""C518953"", ""biotype"": ""chemical"", ""name"": ""dimethyl itaconate"", ""accession"": ""@CHEMICAL_dimethyl_itaconate""}",1223,2,1,abstract,[],lexical_candidate_only,data/raw/discovery_pilot/21cb27e7f4a7b05f3320e5ffb015d150f972060ee765c5949eee573bc6a4d3db.json,9d4dc6b57c16c2079ee9f4906da6686aea4192c8df9ee5805aa6cd98d008edc1
42331345,86,vancomycin,Chemical,MESH:D014640,Vancomycin,"[{""offset"": 1230, ""length"": 10}]","{""identifier"": ""MESH:D014640"", ""type"": ""Chemical"", ""valid"": true, ""normalized"": [""D014640""], ""database"": ""ncbi_mesh"", ""normalized_id"": ""D014640"", ""biotype"": ""chemical"", ""name"": ""Vancomycin"", ""accession"": ""@CHEMICAL_Vancomycin""}",1230,10,1,abstract,[],lexical_candidate_only,data/raw/discovery_pilot/21cb27e7f4a7b05f3320e5ffb015d150f972060ee765c5949eee573bc6a4d3db.json,9d4dc6b57c16c2079ee9f4906da6686aea4192c8df9ee5805aa6cd98d008edc1
42331345,87,Van,Chemical,MESH:D014640,Vancomycin,"[{""offset"": 1264, ""length"": 3}]","{""identifier"": ""MESH:D014640"", ""type"": ""Chemical"", ""valid"": true, ""normalized"": [""D014640""], ""database"": ""ncbi_mesh"", ""normalized_id"": ""D014640"", ""biotype"": ""chemical"", ""name"": ""Vancomycin"", ""accession"": ""@CHEMICAL_Vancomycin""}",1264,3,1,abstract,[],lexical_candidate_only,data/raw/discovery_pilot/21cb27e7f4a7b05f3320e5ffb015d150f972060ee765c5949eee573bc6a4d3db.json,9d4dc6b57c16c2079ee9f4906da6686aea4192c8df9ee5805aa6cd98d008edc1
42331345,88,DI,Chemical,MESH:C518953,dimethyl itaconate,"[{""offset"": 1270, ""length"": 2}]","{""identifier"": ""MESH:C518953"", ""type"": ""Chemical"", ""valid"": true, ""normalized"": [""C518953""], ""database"": ""ncbi_mesh"", ""normalized_id"": ""C518953"", ""biotype"": ""chemical"", ""name"": ""dimethyl itaconate"", ""accession"": ""@CHEMICAL_dimethyl_itaconate""}",1270,2,1,abstract,[],lexical_candidate_only,data/raw/discovery_pilot/21cb27e7f4a7b05f3320e5ffb015d150f972060ee765c5949eee573bc6a4d3db.json,9d4dc6b57c16c2079ee9f4906da6686aea4192c8df9ee5805aa6cd98d008edc1
42331345,89,DI,Chemical,MESH:C518953,dimethyl itaconate,"[{""offset"": 1379, ""length"": 2}]","{""identifier"": ""MESH:C518953"", ""type"": ""Chemical"", ""valid"": true, ""normalized"": [""C518953""], ""database"": ""ncbi_mesh"", ""normalized_id"": ""C518953"", ""biotype"": ""chemical"", ""name"": ""dimethyl itaconate"", ""accession"": ""@CHEMICAL_dimethyl_itaconate""}",1379,2,1,abstract,[],lexical_candidate_only,data/raw/discovery_pilot/21cb27e7f4a7b05f3320e5ffb015d150f972060ee765c5949eee573bc6a4d3db.json,9d4dc6b57c16c2079ee9f4906da6686aea4192c8df9ee5805aa6cd98d008edc1
42331345,90,PJI,Disease,MESH:D057068,Periprosthetic Fractures,"[{""offset"": 1451, ""length"": 3}]","{""identifier"": ""MESH:D057068"", ""type"": ""Disease"", ""valid"": true, ""normalized"": [""D057068""], ""database"": ""ncbi_mesh"", ""normalized_id"": ""D057068"", ""biotype"": ""disease"", ""name"": ""Periprosthetic Fractures"", ""accession"": ""@DISEASE_Periprosthetic_Fractures""}",1451,3,1,abstract,[],lexical_candidate_only,data/raw/discovery_pilot/21cb27e7f4a7b05f3320e5ffb015d150f972060ee765c5949eee573bc6a4d3db.json,9d4dc6b57c16c2079ee9f4906da6686aea4192c8df9ee5805aa6cd98d008edc1
42331345,91,DI,Chemical,MESH:C518953,dimethyl itaconate,"[{""offset"": 1498, ""length"": 2}]","{""identifier"": ""MESH:C518953"", ""type"": ""Chemical"", ""valid"": true, ""normalized"": [""C518953""], ""database"": ""ncbi_mesh"", ""normalized_id"": ""C518953"", ""biotype"": ""chemical"", ""name"": ""dimethyl itaconate"", ""accession"": ""@CHEMICAL_dimethyl_itaconate""}",1498,2,1,abstract,[],lexical_candidate_only,data/raw/discovery_pilot/21cb27e7f4a7b05f3320e5ffb015d150f972060ee765c5949eee573bc6a4d3db.json,9d4dc6b57c16c2079ee9f4906da6686aea4192c8df9ee5805aa6cd98d008edc1
42331345,92,vancomycin,Chemical,MESH:D014640,Vancomycin,"[{""offset"": 1538, ""length"": 10}]","{""identifier"": ""MESH:D014640"", ""type"": ""Chemical"", ""valid"": true, ""normalized"": [""D014640""], ""database"": ""ncbi_mesh"", ""normalized_id"": ""D014640"", ""biotype"": ""chemical"", ""name"": ""Vancomycin"", ""accession"": ""@CHEMICAL_Vancomycin""}",1538,10,1,abstract,[],lexical_candidate_only,data/raw/discovery_pilot/21cb27e7f4a7b05f3320e5ffb015d150f972060ee765c5949eee573bc6a4d3db.json,9d4dc6b57c16c2079ee9f4906da6686aea4192c8df9ee5805aa6cd98d008edc1
42331345,93,hepatic or renal toxicity,Disease,MESH:D056486,Chemical and Drug Induced Liver Injury,"[{""offset"": 1558, ""length"": 25}]","{""identifier"": ""MESH:D056486"", ""type"": ""Disease"", ""valid"": true, ""normalized"": [""D056486""], ""database"": ""ncbi_mesh"", ""normalized_id"": ""D056486"", ""biotype"": ""disease"", ""name"": ""Chemical and Drug Induced Liver Injury"", ""accession"": ""@DISEASE_Chemical_and_Drug_Induced_Liver_Injury""}",1558,25,1,abstract,[],lexical_candidate_only,data/raw/discovery_pilot/21cb27e7f4a7b05f3320e5ffb015d150f972060ee765c5949eee573bc6a4d3db.json,9d4dc6b57c16c2079ee9f4906da6686aea4192c8df9ee5805aa6cd98d008edc1
42331345,94,rats,Species,10116,10116,"[{""offset"": 1587, ""length"": 4}]","{""identifier"": ""10116"", ""type"": ""Species"", ""valid"": true, ""normalized"": [10116], ""database"": ""ncbi_taxonomy"", ""normalized_id"": 10116, ""biotype"": ""species"", ""name"": ""10116"", ""accession"": null}",1587,4,1,abstract,[],lexical_candidate_only,data/raw/discovery_pilot/21cb27e7f4a7b05f3320e5ffb015d150f972060ee765c5949eee573bc6a4d3db.json,9d4dc6b57c16c2079ee9f4906da6686aea4192c8df9ee5805aa6cd98d008edc1
42331345,95,DI,Chemical,MESH:C518953,dimethyl itaconate,"[{""offset"": 1625, ""length"": 2}]","{""identifier"": ""MESH:C518953"", ""type"": ""Chemical"", ""valid"": true, ""normalized"": [""C518953""], ""database"": ""ncbi_mesh"", ""normalized_id"": ""C518953"", ""biotype"": ""chemical"", ""name"": ""dimethyl itaconate"", ""accession"": ""@CHEMICAL_dimethyl_itaconate""}",1625,2,1,abstract,[],lexical_candidate_only,data/raw/discovery_pilot/21cb27e7f4a7b05f3320e5ffb015d150f972060ee765c5949eee573bc6a4d3db.json,9d4dc6b57c16c2079ee9f4906da6686aea4192c8df9ee5805aa6cd98d008edc1
42331345,96,DI,Chemical,MESH:C518953,dimethyl itaconate,"[{""offset"": 1770, ""length"": 2}]","{""identifier"": ""MESH:C518953"", ""type"": ""Chemical"", ""valid"": true, ""normalized"": [""C518953""], ""database"": ""ncbi_mesh"", ""normalized_id"": ""C518953"", ""biotype"": ""chemical"", ""name"": ""dimethyl itaconate"", ""accession"": ""@CHEMICAL_dimethyl_itaconate""}",1770,2,1,abstract,[],lexical_candidate_only,data/raw/discovery_pilot/21cb27e7f4a7b05f3320e5ffb015d150f972060ee765c5949eee573bc6a4d3db.json,9d4dc6b57c16c2079ee9f4906da6686aea4192c8df9ee5805aa6cd98d008edc1
42331345,97,vancomycin,Chemical,MESH:D014640,Vancomycin,"[{""offset"": 1796, ""length"": 10}]","{""identifier"": ""MESH:D014640"", ""type"": ""Chemical"", ""valid"": true, ""normalized"": [""D014640""], ""database"": ""ncbi_mesh"", ""normalized_id"": ""D014640"", ""biotype"": ""chemical"", ""name"": ""Vancomycin"", ""accession"": ""@CHEMICAL_Vancomycin""}",1796,10,1,abstract,[],lexical_candidate_only,data/raw/discovery_pilot/21cb27e7f4a7b05f3320e5ffb015d150f972060ee765c5949eee573bc6a4d3db.json,9d4dc6b57c16c2079ee9f4906da6686aea4192c8df9ee5805aa6cd98d008edc1
42331345,98,PJI,Disease,MESH:D057068,Periprosthetic Fractures,"[{""offset"": 1867, ""length"": 3}]","{""identifier"": ""MESH:D057068"", ""type"": ""Disease"", ""valid"": true, ""normalized"": [""D057068""], ""database"": ""ncbi_mesh"", ""normalized_id"": ""D057068"", ""biotype"": ""disease"", ""name"": ""Periprosthetic Fractures"", ""accession"": ""@DISEASE_Periprosthetic_Fractures""}",1867,3,1,abstract,[],lexical_candidate_only,data/raw/discovery_pilot/21cb27e7f4a7b05f3320e5ffb015d150f972060ee765c5949eee573bc6a4d3db.json,9d4dc6b57c16c2079ee9f4906da6686aea4192c8df9ee5805aa6cd98d008edc1
42331345,99,rat,Species,10116,10116,"[{""offset"": 1886, ""length"": 3}]","{""identifier"": ""10116"", ""type"": ""Species"", ""valid"": true, ""normalized"": [10116], ""database"": ""ncbi_taxonomy"", ""normalized_id"": 10116, ""biotype"": ""species"", ""name"": ""10116"", ""accession"": null}",1886,3,1,abstract,[],lexical_candidate_only,data/raw/discovery_pilot/21cb27e7f4a7b05f3320e5ffb015d150f972060ee765c5949eee573bc6a4d3db.json,9d4dc6b57c16c2079ee9f4906da6686aea4192c8df9ee5805aa6cd98d008edc1
42338756,1,osteoporosis,Disease,MESH:D010024,Osteoporosis,"[{""offset"": 83, ""length"": 12}]","{""identifier"": ""MESH:D010024"", ""type"": ""Disease"", ""valid"": true, ""normalized"": [""D010024""], ""database"": ""ncbi_mesh"", ""normalized_id"": ""D010024"", ""biotype"": ""disease"", ""name"": ""Osteoporosis"", ""accession"": ""@DISEASE_Osteoporosis""}",83,12,0,title,[],lexical_candidate_only,data/raw/discovery_pilot/21cb27e7f4a7b05f3320e5ffb015d150f972060ee765c5949eee573bc6a4d3db.json,9d4dc6b57c16c2079ee9f4906da6686aea4192c8df9ee5805aa6cd98d008edc1
42338756,13,Osteoporosis,Disease,MESH:D010024,Osteoporosis,"[{""offset"": 105, ""length"": 12}]","{""identifier"": ""MESH:D010024"", ""type"": ""Disease"", ""valid"": true, ""normalized"": [""D010024""], ""database"": ""ncbi_mesh"", ""normalized_id"": ""D010024"", ""biotype"": ""disease"", ""name"": ""Osteoporosis"", ""accession"": ""@DISEASE_Osteoporosis""}",105,12,1,abstract,[],lexical_candidate_only,data/raw/discovery_pilot/21cb27e7f4a7b05f3320e5ffb015d150f972060ee765c5949eee573bc6a4d3db.json,9d4dc6b57c16c2079ee9f4906da6686aea4192c8df9ee5805aa6cd98d008edc1
42338756,14,skeletal disorder,Disease,MESH:C564967,Myotonia with Skeletal Abnormalities and Mental Retardation,"[{""offset"": 123, ""length"": 17}]","{""identifier"": ""MESH:C564967"", ""type"": ""Disease"", ""valid"": true, ""normalized"": [""C564967""], ""database"": ""ncbi_mesh"", ""normalized_id"": ""C564967"", ""biotype"": ""disease"", ""name"": ""Myotonia with Skeletal Abnormalities and Mental Retardation"", ""accession"": ""@DISEASE_Myotonia_with_Skeletal_Abnormalities_and_Mental_Retardation""}",123,17,1,abstract,[],lexical_candidate_only,data/raw/discovery_pilot/21cb27e7f4a7b05f3320e5ffb015d150f972060ee765c5949eee573bc6a4d3db.json,9d4dc6b57c16c2079ee9f4906da6686aea4192c8df9ee5805aa6cd98d008edc1
42338756,15,bone loss,Disease,MESH:D001847,Bone Diseases,"[{""offset"": 237, ""length"": 9}]","{""identifier"": ""MESH:D001847"", ""type"": ""Disease"", ""valid"": true, ""normalized"": [""D001847""], ""database"": ""ncbi_mesh"", ""normalized_id"": ""D001847"", ""biotype"": ""disease"", ""name"": ""Bone Diseases"", ""accession"": ""@DISEASE_Bone_Diseases""}",237,9,1,abstract,[],lexical_candidate_only,data/raw/discovery_pilot/21cb27e7f4a7b05f3320e5ffb015d150f972060ee765c5949eee573bc6a4d3db.json,9d4dc6b57c16c2079ee9f4906da6686aea4192c8df9ee5805aa6cd98d008edc1
42338756,16,fracture,Disease,MESH:D050723,Fractures Bone,"[{""offset"": 261, ""length"": 8}]","{""identifier"": ""MESH:D050723"", ""type"": ""Disease"", ""valid"": true, ""normalized"": [""D050723""], ""database"": ""ncbi_mesh"", ""normalized_id"": ""D050723"", ""biotype"": ""disease"", ""name"": ""Fractures Bone"", ""accession"": ""@DISEASE_Fractures_Bone""}",261,8,1,abstract,[],lexical_candidate_only,data/raw/discovery_pilot/21cb27e7f4a7b05f3320e5ffb015d150f972060ee765c5949eee573bc6a4d3db.json,9d4dc6b57c16c2079ee9f4906da6686aea4192c8df9ee5805aa6cd98d008edc1
42338756,17,osteoporosis,Disease,MESH:D010024,Osteoporosis,"[{""offset"": 602, ""length"": 12}]","{""identifier"": ""MESH:D010024"", ""type"": ""Disease"", ""valid"": true, ""normalized"": [""D010024""], ""database"": ""ncbi_mesh"", ""normalized_id"": ""D010024"", ""biotype"": ""disease"", ""name"": ""Osteoporosis"", ""accession"": ""@DISEASE_Osteoporosis""}",602,12,1,abstract,[],lexical_candidate_only,data/raw/discovery_pilot/21cb27e7f4a7b05f3320e5ffb015d150f972060ee765c5949eee573bc6a4d3db.json,9d4dc6b57c16c2079ee9f4906da6686aea4192c8df9ee5805aa6cd98d008edc1
42338756,18,lipid,Chemical,MESH:D008055,Lipids,"[{""offset"": 684, ""length"": 5}]","{""identifier"": ""MESH:D008055"", ""type"": ""Chemical"", ""valid"": true, ""normalized"": [""D008055""], ""database"": ""ncbi_mesh"", ""normalized_id"": ""D008055"", ""biotype"": ""chemical"", ""name"": ""Lipids"", ""accession"": ""@CHEMICAL_Lipids""}",684,5,1,abstract,[],lexical_candidate_only,data/raw/discovery_pilot/21cb27e7f4a7b05f3320e5ffb015d150f972060ee765c5949eee573bc6a4d3db.json,9d4dc6b57c16c2079ee9f4906da6686aea4192c8df9ee5805aa6cd98d008edc1
42338756,19,ginsenosides,Chemical,MESH:D036145,Ginsenosides,"[{""offset"": 730, ""length"": 12}]","{""identifier"": ""MESH:D036145"", ""type"": ""Chemical"", ""valid"": true, ""normalized"": [""D036145""], ""database"": ""ncbi_mesh"", ""normalized_id"": ""D036145"", ""biotype"": ""chemical"", ""name"": ""Ginsenosides"", ""accession"": ""@CHEMICAL_Ginsenosides""}",730,12,1,abstract,[],lexical_candidate_only,data/raw/discovery_pilot/21cb27e7f4a7b05f3320e5ffb015d150f972060ee765c5949eee573bc6a4d3db.json,9d4dc6b57c16c2079ee9f4906da6686aea4192c8df9ee5805aa6cd98d008edc1
42338756,20,osteoporosis,Disease,MESH:D010024,Osteoporosis,"[{""offset"": 1004, ""length"": 12}]","{""identifier"": ""MESH:D010024"", ""type"": ""Disease"", ""valid"": true, ""normalized"": [""D010024""], ""database"": ""ncbi_mesh"", ""normalized_id"": ""D010024"", ""biotype"": ""disease"", ""name"": ""Osteoporosis"", ""accession"": ""@DISEASE_Osteoporosis""}",1004,12,1,abstract,[],lexical_candidate_only,data/raw/discovery_pilot/21cb27e7f4a7b05f3320e5ffb015d150f972060ee765c5949eee573bc6a4d3db.json,9d4dc6b57c16c2079ee9f4906da6686aea4192c8df9ee5805aa6cd98d008edc1
42338756,21,mouse,Species,10090,10090,"[{""offset"": 1017, ""length"": 5}]","{""identifier"": ""10090"", ""type"": ""Species"", ""valid"": true, ""normalized"": [10090], ""database"": ""ncbi_taxonomy"", ""normalized_id"": 10090, ""biotype"": ""species"", ""name"": ""10090"", ""accession"": null}",1017,5,1,abstract,[],lexical_candidate_only,data/raw/discovery_pilot/21cb27e7f4a7b05f3320e5ffb015d150f972060ee765c5949eee573bc6a4d3db.json,9d4dc6b57c16c2079ee9f4906da6686aea4192c8df9ee5805aa6cd98d008edc1
42338756,22,toxicity,Disease,MESH:D064420,Drug-Related Side Effects and Adverse Reactions,"[{""offset"": 1214, ""length"": 8}]","{""identifier"": ""MESH:D064420"", ""type"": ""Disease"", ""valid"": true, ""normalized"": [""D064420""], ""database"": ""ncbi_mesh"", ""normalized_id"": ""D064420"", ""biotype"": ""disease"", ""name"": ""Drug-Related Side Effects and Adverse Reactions"", ""accession"": ""@DISEASE_Drug_Related_Side_Effects_and_Adverse_Reactions""}",1214,8,1,abstract,[],lexical_candidate_only,data/raw/discovery_pilot/21cb27e7f4a7b05f3320e5ffb015d150f972060ee765c5949eee573bc6a4d3db.json,9d4dc6b57c16c2079ee9f4906da6686aea4192c8df9ee5805aa6cd98d008edc1
42338756,23,osteoporosis,Disease,MESH:D010024,Osteoporosis,"[{""offset"": 1519, ""length"": 12}]","{""identifier"": ""MESH:D010024"", ""type"": ""Disease"", ""valid"": true, ""normalized"": [""D010024""], ""database"": ""ncbi_mesh"", ""normalized_id"": ""D010024"", ""biotype"": ""disease"", ""name"": ""Osteoporosis"", ""accession"": ""@DISEASE_Osteoporosis""}",1519,12,1,abstract,[],lexical_candidate_only,data/raw/discovery_pilot/21cb27e7f4a7b05f3320e5ffb015d150f972060ee765c5949eee573bc6a4d3db.json,9d4dc6b57c16c2079ee9f4906da6686aea4192c8df9ee5805aa6cd98d008edc1
42505728,3,Estradiol,Chemical,MESH:D004958,Estradiol,"[{""offset"": 0, ""length"": 9}]","{""identifier"": ""MESH:D004958"", ""type"": ""Chemical"", ""valid"": true, ""normalized"": [""D004958""], ""database"": ""ncbi_mesh"", ""normalized_id"": ""D004958"", ""biotype"": ""chemical"", ""name"": ""Estradiol"", ""accession"": ""@CHEMICAL_Estradiol""}",0,9,0,title,[],lexical_candidate_only,data/raw/discovery_pilot/21cb27e7f4a7b05f3320e5ffb015d150f972060ee765c5949eee573bc6a4d3db.json,9d4dc6b57c16c2079ee9f4906da6686aea4192c8df9ee5805aa6cd98d008edc1
42505728,4,Resorption,Disease,MESH:D014091,Tooth Resorption,"[{""offset"": 33, ""length"": 10}]","{""identifier"": ""MESH:D014091"", ""type"": ""Disease"", ""valid"": true, ""normalized"": [""D014091""], ""database"": ""ncbi_mesh"", ""normalized_id"": ""D014091"", ""biotype"": ""disease"", ""name"": ""Tooth Resorption"", ""accession"": ""@DISEASE_Tooth_Resorption""}",33,10,0,title,[],lexical_candidate_only,data/raw/discovery_pilot/21cb27e7f4a7b05f3320e5ffb015d150f972060ee765c5949eee573bc6a4d3db.json,9d4dc6b57c16c2079ee9f4906da6686aea4192c8df9ee5805aa6cd98d008edc1
42505728,5,Periodontitis,Disease,MESH:D010518,Periodontitis,"[{""offset"": 100, ""length"": 13}]","{""identifier"": ""MESH:D010518"", ""type"": ""Disease"", ""valid"": true, ""normalized"": [""D010518""], ""database"": ""ncbi_mesh"", ""normalized_id"": ""D010518"", ""biotype"": ""disease"", ""name"": ""Periodontitis"", ""accession"": ""@DISEASE_Periodontitis""}",100,13,0,title,[],lexical_candidate_only,data/raw/discovery_pilot/21cb27e7f4a7b05f3320e5ffb015d150f972060ee765c5949eee573bc6a4d3db.json,9d4dc6b57c16c2079ee9f4906da6686aea4192c8df9ee5805aa6cd98d008edc1
42505728,45,periodontitis,Disease,MESH:D010518,Periodontitis,"[{""offset"": 193, ""length"": 13}]","{""identifier"": ""MESH:D010518"", ""type"": ""Disease"", ""valid"": true, ""normalized"": [""D010518""], ""database"": ""ncbi_mesh"", ""normalized_id"": ""D010518"", ""biotype"": ""disease"", ""name"": ""Periodontitis"", ""accession"": ""@DISEASE_Periodontitis""}",193,13,1,abstract,[],lexical_candidate_only,data/raw/discovery_pilot/21cb27e7f4a7b05f3320e5ffb015d150f972060ee765c5949eee573bc6a4d3db.json,9d4dc6b57c16c2079ee9f4906da6686aea4192c8df9ee5805aa6cd98d008edc1
42505728,46,17beta-estradiol,Chemical,MESH:D004958,Estradiol,"[{""offset"": 273, ""length"": 16}]","{""identifier"": ""MESH:D004958"", ""type"": ""Chemical"", ""valid"": true, ""normalized"": [""D004958""], ""database"": ""ncbi_mesh"", ""normalized_id"": ""D004958"", ""biotype"": ""chemical"", ""name"": ""Estradiol"", ""accession"": ""@CHEMICAL_Estradiol""}",273,16,1,abstract,[],lexical_candidate_only,data/raw/discovery_pilot/21cb27e7f4a7b05f3320e5ffb015d150f972060ee765c5949eee573bc6a4d3db.json,9d4dc6b57c16c2079ee9f4906da6686aea4192c8df9ee5805aa6cd98d008edc1
42505728,47,E2,Chemical,MESH:D004958,Estradiol,"[{""offset"": 291, ""length"": 2}]","{""identifier"": ""MESH:D004958"", ""type"": ""Chemical"", ""valid"": true, ""normalized"": [""D004958""], ""database"": ""ncbi_mesh"", ""normalized_id"": ""D004958"", ""biotype"": ""chemical"", ""name"": ""Estradiol"", ""accession"": ""@CHEMICAL_Estradiol""}",291,2,1,abstract,[],lexical_candidate_only,data/raw/discovery_pilot/21cb27e7f4a7b05f3320e5ffb015d150f972060ee765c5949eee573bc6a4d3db.json,9d4dc6b57c16c2079ee9f4906da6686aea4192c8df9ee5805aa6cd98d008edc1
42505728,48,periodontitis,Disease,MESH:D010518,Periodontitis,"[{""offset"": 311, ""length"": 13}]","{""identifier"": ""MESH:D010518"", ""type"": ""Disease"", ""valid"": true, ""normalized"": [""D010518""], ""database"": ""ncbi_mesh"", ""normalized_id"": ""D010518"", ""biotype"": ""disease"", ""name"": ""Periodontitis"", ""accession"": ""@DISEASE_Periodontitis""}",311,13,1,abstract,[],lexical_candidate_only,data/raw/discovery_pilot/21cb27e7f4a7b05f3320e5ffb015d150f972060ee765c5949eee573bc6a4d3db.json,9d4dc6b57c16c2079ee9f4906da6686aea4192c8df9ee5805aa6cd98d008edc1
42505728,49,OVX,Disease,,,"[{""offset"": 347, ""length"": 3}]","{""type"": ""Disease"", ""valid"": false, ""normalized_id"": null, ""biotype"": ""disease""}",347,3,1,abstract,[],lexical_candidate_only,data/raw/discovery_pilot/21cb27e7f4a7b05f3320e5ffb015d150f972060ee765c5949eee573bc6a4d3db.json,9d4dc6b57c16c2079ee9f4906da6686aea4192c8df9ee5805aa6cd98d008edc1
42505728,50,E2,Chemical,MESH:D004958,Estradiol,"[{""offset"": 363, ""length"": 2}]","{""identifier"": ""MESH:D004958"", ""type"": ""Chemical"", ""valid"": true, ""normalized"": [""D004958""], ""database"": ""ncbi_mesh"", ""normalized_id"": ""D004958"", ""biotype"": ""chemical"", ""name"": ""Estradiol"", ""accession"": ""@CHEMICAL_Estradiol""}",363,2,1,abstract,[],lexical_candidate_only,data/raw/discovery_pilot/21cb27e7f4a7b05f3320e5ffb015d150f972060ee765c5949eee573bc6a4d3db.json,9d4dc6b57c16c2079ee9f4906da6686aea4192c8df9ee5805aa6cd98d008edc1
42505728,51,mice,Species,10090,10090,"[{""offset"": 398, ""length"": 4}]","{""identifier"": ""10090"", ""type"": ""Species"", ""valid"": true, ""normalized"": [10090], ""database"": ""ncbi_taxonomy"", ""normalized_id"": 10090, ""biotype"": ""species"", ""name"": ""10090"", ""accession"": null}",398,4,1,abstract,[],lexical_candidate_only,data/raw/discovery_pilot/21cb27e7f4a7b05f3320e5ffb015d150f972060ee765c5949eee573bc6a4d3db.json,9d4dc6b57c16c2079ee9f4906da6686aea4192c8df9ee5805aa6cd98d008edc1
42505728,52,OVX,Disease,,,"[{""offset"": 429, ""length"": 3}]","{""type"": ""Disease"", ""valid"": false, ""normalized_id"": null, ""biotype"": ""disease""}",429,3,1,abstract,[],lexical_candidate_only,data/raw/discovery_pilot/21cb27e7f4a7b05f3320e5ffb015d150f972060ee765c5949eee573bc6a4d3db.json,9d4dc6b57c16c2079ee9f4906da6686aea4192c8df9ee5805aa6cd98d008edc1
42505728,53,periodontitis,Disease,MESH:D010518,Periodontitis,"[{""offset"": 476, ""length"": 13}]","{""identifier"": ""MESH:D010518"", ""type"": ""Disease"", ""valid"": true, ""normalized"": [""D010518""], ""database"": ""ncbi_mesh"", ""normalized_id"": ""D010518"", ""biotype"": ""disease"", ""name"": ""Periodontitis"", ""accession"": ""@DISEASE_Periodontitis""}",476,13,1,abstract,[],lexical_candidate_only,data/raw/discovery_pilot/21cb27e7f4a7b05f3320e5ffb015d150f972060ee765c5949eee573bc6a4d3db.json,9d4dc6b57c16c2079ee9f4906da6686aea4192c8df9ee5805aa6cd98d008edc1
42505728,54,resorption,Disease,MESH:D014091,Tooth Resorption,"[{""offset"": 538, ""length"": 10}]","{""identifier"": ""MESH:D014091"", ""type"": ""Disease"", ""valid"": true, ""normalized"": [""D014091""], ""database"": ""ncbi_mesh"", ""normalized_id"": ""D014091"", ""biotype"": ""disease"", ""name"": ""Tooth Resorption"", ""accession"": ""@DISEASE_Tooth_Resorption""}",538,10,1,abstract,[],lexical_candidate_only,data/raw/discovery_pilot/21cb27e7f4a7b05f3320e5ffb015d150f972060ee765c5949eee573bc6a4d3db.json,9d4dc6b57c16c2079ee9f4906da6686aea4192c8df9ee5805aa6cd98d008edc1
42505728,55,aromatase,Gene,13075,Cyp19a1,"[{""offset"": 580, ""length"": 9}]","{""identifier"": ""13075"", ""type"": ""Gene"", ""ncbi_homologene"": ""30955"", ""valid"": true, ""normalized"": [13075], ""database"": ""ncbi_gene"", ""normalized_id"": 13075, ""biotype"": ""gene"", ""name"": ""Cyp19a1"", ""accession"": ""@GENE_CYP19A1""}",580,9,1,abstract,[],lexical_candidate_only,data/raw/discovery_pilot/21cb27e7f4a7b05f3320e5ffb015d150f972060ee765c5949eee573bc6a4d3db.json,9d4dc6b57c16c2079ee9f4906da6686aea4192c8df9ee5805aa6cd98d008edc1
42505728,56,E2,Chemical,MESH:D004958,Estradiol,"[{""offset"": 603, ""length"": 2}]","{""identifier"": ""MESH:D004958"", ""type"": ""Chemical"", ""valid"": true, ""normalized"": [""D004958""], ""database"": ""ncbi_mesh"", ""normalized_id"": ""D004958"", ""biotype"": ""chemical"", ""name"": ""Estradiol"", ""accession"": ""@CHEMICAL_Estradiol""}",603,2,1,abstract,[],lexical_candidate_only,data/raw/discovery_pilot/21cb27e7f4a7b05f3320e5ffb015d150f972060ee765c5949eee573bc6a4d3db.json,9d4dc6b57c16c2079ee9f4906da6686aea4192c8df9ee5805aa6cd98d008edc1
42505728,57,OVX,Disease,,,"[{""offset"": 628, ""length"": 3}]","{""type"": ""Disease"", ""valid"": false, ""normalized_id"": null, ""biotype"": ""disease""}",628,3,1,abstract,[],lexical_candidate_only,data/raw/discovery_pilot/21cb27e7f4a7b05f3320e5ffb015d150f972060ee765c5949eee573bc6a4d3db.json,9d4dc6b57c16c2079ee9f4906da6686aea4192c8df9ee5805aa6cd98d008edc1
42505728,58,periodontitis,Disease,MESH:D010518,Periodontitis,"[{""offset"": 662, ""length"": 13}]","{""identifier"": ""MESH:D010518"", ""type"": ""Disease"", ""valid"": true, ""normalized"": [""D010518""], ""database"": ""ncbi_mesh"", ""normalized_id"": ""D010518"", ""biotype"": ""disease"", ""name"": ""Periodontitis"", ""accession"": ""@DISEASE_Periodontitis""}",662,13,1,abstract,[],lexical_candidate_only,data/raw/discovery_pilot/21cb27e7f4a7b05f3320e5ffb015d150f972060ee765c5949eee573bc6a4d3db.json,9d4dc6b57c16c2079ee9f4906da6686aea4192c8df9ee5805aa6cd98d008edc1
42505728,59,resorption,Disease,MESH:D014091,Tooth Resorption,"[{""offset"": 699, ""length"": 10}]","{""identifier"": ""MESH:D014091"", ""type"": ""Disease"", ""valid"": true, ""normalized"": [""D014091""], ""database"": ""ncbi_mesh"", ""normalized_id"": ""D014091"", ""biotype"": ""disease"", ""name"": ""Tooth Resorption"", ""accession"": ""@DISEASE_Tooth_Resorption""}",699,10,1,abstract,[],lexical_candidate_only,data/raw/discovery_pilot/21cb27e7f4a7b05f3320e5ffb015d150f972060ee765c5949eee573bc6a4d3db.json,9d4dc6b57c16c2079ee9f4906da6686aea4192c8df9ee5805aa6cd98d008edc1
42505728,60,E2,Chemical,MESH:D004958,Estradiol,"[{""offset"": 945, ""length"": 2}]","{""identifier"": ""MESH:D004958"", ""type"": ""Chemical"", ""valid"": true, ""normalized"": [""D004958""], ""database"": ""ncbi_mesh"", ""normalized_id"": ""D004958"", ""biotype"": ""chemical"", ""name"": ""Estradiol"", ""accession"": ""@CHEMICAL_Estradiol""}",945,2,1,abstract,[],lexical_candidate_only,data/raw/discovery_pilot/21cb27e7f4a7b05f3320e5ffb015d150f972060ee765c5949eee573bc6a4d3db.json,9d4dc6b57c16c2079ee9f4906da6686aea4192c8df9ee5805aa6cd98d008edc1
42505728,61,OVX,Disease,,,"[{""offset"": 1029, ""length"": 3}]","{""type"": ""Disease"", ""valid"": false, ""normalized_id"": null, ""biotype"": ""disease""}",1029,3,1,abstract,[],lexical_candidate_only,data/raw/discovery_pilot/21cb27e7f4a7b05f3320e5ffb015d150f972060ee765c5949eee573bc6a4d3db.json,9d4dc6b57c16c2079ee9f4906da6686aea4192c8df9ee5805aa6cd98d008edc1
42505728,62,E2,Chemical,MESH:D004958,Estradiol,"[{""offset"": 1061, ""length"": 2}]","{""identifier"": ""MESH:D004958"", ""type"": ""Chemical"", ""valid"": true, ""normalized"": [""D004958""], ""database"": ""ncbi_mesh"", ""normalized_id"": ""D004958"", ""biotype"": ""chemical"", ""name"": ""Estradiol"", ""accession"": ""@CHEMICAL_Estradiol""}",1061,2,1,abstract,[],lexical_candidate_only,data/raw/discovery_pilot/21cb27e7f4a7b05f3320e5ffb015d150f972060ee765c5949eee573bc6a4d3db.json,9d4dc6b57c16c2079ee9f4906da6686aea4192c8df9ee5805aa6cd98d008edc1
42505728,63,resorption,Disease,MESH:D014091,Tooth Resorption,"[{""offset"": 1099, ""length"": 10}]","{""identifier"": ""MESH:D014091"", ""type"": ""Disease"", ""valid"": true, ""normalized"": [""D014091""], ""database"": ""ncbi_mesh"", ""normalized_id"": ""D014091"", ""biotype"": ""disease"", ""name"": ""Tooth Resorption"", ""accession"": ""@DISEASE_Tooth_Resorption""}",1099,10,1,abstract,[],lexical_candidate_only,data/raw/discovery_pilot/21cb27e7f4a7b05f3320e5ffb015d150f972060ee765c5949eee573bc6a4d3db.json,9d4dc6b57c16c2079ee9f4906da6686aea4192c8df9ee5805aa6cd98d008edc1
42505728,64,Aromatase,Gene,13075,Cyp19a1,"[{""offset"": 1111, ""length"": 9}]","{""identifier"": ""13075"", ""type"": ""Gene"", ""ncbi_homologene"": ""30955"", ""valid"": true, ""normalized"": [13075], ""database"": ""ncbi_gene"", ""normalized_id"": 13075, ""biotype"": ""gene"", ""name"": ""Cyp19a1"", ""accession"": ""@GENE_CYP19A1""}",1111,9,1,abstract,[],lexical_candidate_only,data/raw/discovery_pilot/21cb27e7f4a7b05f3320e5ffb015d150f972060ee765c5949eee573bc6a4d3db.json,9d4dc6b57c16c2079ee9f4906da6686aea4192c8df9ee5805aa6cd98d008edc1
42505728,65,bone loss,Disease,MESH:D001847,Bone Diseases,"[{""offset"": 1164, ""length"": 9}]","{""identifier"": ""MESH:D001847"", ""type"": ""Disease"", ""valid"": true, ""normalized"": [""D001847""], ""database"": ""ncbi_mesh"", ""normalized_id"": ""D001847"", ""biotype"": ""disease"", ""name"": ""Bone Diseases"", ""accession"": ""@DISEASE_Bone_Diseases""}",1164,9,1,abstract,[],lexical_candidate_only,data/raw/discovery_pilot/21cb27e7f4a7b05f3320e5ffb015d150f972060ee765c5949eee573bc6a4d3db.json,9d4dc6b57c16c2079ee9f4906da6686aea4192c8df9ee5805aa6cd98d008edc1
42505728,66,OVX,Disease,,,"[{""offset"": 1253, ""length"": 3}]","{""type"": ""Disease"", ""valid"": false, ""normalized_id"": null, ""biotype"": ""disease""}",1253,3,1,abstract,[],lexical_candidate_only,data/raw/discovery_pilot/21cb27e7f4a7b05f3320e5ffb015d150f972060ee765c5949eee573bc6a4d3db.json,9d4dc6b57c16c2079ee9f4906da6686aea4192c8df9ee5805aa6cd98d008edc1
42505728,67,mice,Species,10090,10090,"[{""offset"": 1257, ""length"": 4}]","{""identifier"": ""10090"", ""type"": ""Species"", ""valid"": true, ""normalized"": [10090], ""database"": ""ncbi_taxonomy"", ""normalized_id"": 10090, ""biotype"": ""species"", ""name"": ""10090"", ""accession"": null}",1257,4,1,abstract,[],lexical_candidate_only,data/raw/discovery_pilot/21cb27e7f4a7b05f3320e5ffb015d150f972060ee765c5949eee573bc6a4d3db.json,9d4dc6b57c16c2079ee9f4906da6686aea4192c8df9ee5805aa6cd98d008edc1
42505728,68,E2,Chemical,MESH:D004958,Estradiol,"[{""offset"": 1271, ""length"": 2}]","{""identifier"": ""MESH:D004958"", ""type"": ""Chemical"", ""valid"": true, ""normalized"": [""D004958""], ""database"": ""ncbi_mesh"", ""normalized_id"": ""D004958"", ""biotype"": ""chemical"", ""name"": ""Estradiol"", ""accession"": ""@CHEMICAL_Estradiol""}",1271,2,1,abstract,[],lexical_candidate_only,data/raw/discovery_pilot/21cb27e7f4a7b05f3320e5ffb015d150f972060ee765c5949eee573bc6a4d3db.json,9d4dc6b57c16c2079ee9f4906da6686aea4192c8df9ee5805aa6cd98d008edc1
42505728,69,inflammatory,Disease,MESH:D007249,Inflammation,"[{""offset"": 1346, ""length"": 12}]","{""identifier"": ""MESH:D007249"", ""type"": ""Disease"", ""valid"": true, ""normalized"": [""D007249""], ""database"": ""ncbi_mesh"", ""normalized_id"": ""D007249"", ""biotype"": ""disease"", ""name"": ""Inflammation"", ""accession"": ""@DISEASE_Inflammation""}",1346,12,1,abstract,[],lexical_candidate_only,data/raw/discovery_pilot/21cb27e7f4a7b05f3320e5ffb015d150f972060ee765c5949eee573bc6a4d3db.json,9d4dc6b57c16c2079ee9f4906da6686aea4192c8df9ee5805aa6cd98d008edc1
42505728,70,receptor activator of nuclear factor-kappa B ligand,Gene,21943,Tnfsf11,"[{""offset"": 1371, ""length"": 51}]","{""identifier"": ""21943"", ""type"": ""Gene"", ""ncbi_homologene"": ""2744"", ""valid"": true, ""normalized"": [21943], ""database"": ""ncbi_gene"", ""normalized_id"": 21943, ""biotype"": ""gene"", ""name"": ""Tnfsf11"", ""accession"": ""@GENE_TNFSF11""}",1371,51,1,abstract,"[""LOCAL:protein:mouse:TNFSF11""]",lexical_candidate_only,data/raw/discovery_pilot/21cb27e7f4a7b05f3320e5ffb015d150f972060ee765c5949eee573bc6a4d3db.json,9d4dc6b57c16c2079ee9f4906da6686aea4192c8df9ee5805aa6cd98d008edc1
42505728,71,RANKL,Gene,21943,Tnfsf11,"[{""offset"": 1424, ""length"": 5}]","{""identifier"": ""21943"", ""type"": ""Gene"", ""ncbi_homologene"": ""2744"", ""valid"": true, ""normalized"": [21943], ""database"": ""ncbi_gene"", ""normalized_id"": 21943, ""biotype"": ""gene"", ""name"": ""Tnfsf11"", ""accession"": ""@GENE_TNFSF11""}",1424,5,1,abstract,"[""LOCAL:protein:mouse:TNFSF11""]",lexical_candidate_only,data/raw/discovery_pilot/21cb27e7f4a7b05f3320e5ffb015d150f972060ee765c5949eee573bc6a4d3db.json,9d4dc6b57c16c2079ee9f4906da6686aea4192c8df9ee5805aa6cd98d008edc1
42505728,72,E2,Chemical,MESH:D004958,Estradiol,"[{""offset"": 1457, ""length"": 2}]","{""identifier"": ""MESH:D004958"", ""type"": ""Chemical"", ""valid"": true, ""normalized"": [""D004958""], ""database"": ""ncbi_mesh"", ""normalized_id"": ""D004958"", ""biotype"": ""chemical"", ""name"": ""Estradiol"", ""accession"": ""@CHEMICAL_Estradiol""}",1457,2,1,abstract,[],lexical_candidate_only,data/raw/discovery_pilot/21cb27e7f4a7b05f3320e5ffb015d150f972060ee765c5949eee573bc6a4d3db.json,9d4dc6b57c16c2079ee9f4906da6686aea4192c8df9ee5805aa6cd98d008edc1
42505728,73,E2,Chemical,MESH:D004958,Estradiol,"[{""offset"": 1525, ""length"": 2}]","{""identifier"": ""MESH:D004958"", ""type"": ""Chemical"", ""valid"": true, ""normalized"": [""D004958""], ""database"": ""ncbi_mesh"", ""normalized_id"": ""D004958"", ""biotype"": ""chemical"", ""name"": ""Estradiol"", ""accession"": ""@CHEMICAL_Estradiol""}",1525,2,1,abstract,[],lexical_candidate_only,data/raw/discovery_pilot/21cb27e7f4a7b05f3320e5ffb015d150f972060ee765c5949eee573bc6a4d3db.json,9d4dc6b57c16c2079ee9f4906da6686aea4192c8df9ee5805aa6cd98d008edc1
42505728,74,RANKL,Gene,21943,Tnfsf11,"[{""offset"": 1537, ""length"": 5}]","{""identifier"": ""21943"", ""type"": ""Gene"", ""ncbi_homologene"": ""2744"", ""valid"": true, ""normalized"": [21943], ""database"": ""ncbi_gene"", ""normalized_id"": 21943, ""biotype"": ""gene"", ""name"": ""Tnfsf11"", ""accession"": ""@GENE_TNFSF11""}",1537,5,1,abstract,"[""LOCAL:protein:mouse:TNFSF11""]",lexical_candidate_only,data/raw/discovery_pilot/21cb27e7f4a7b05f3320e5ffb015d150f972060ee765c5949eee573bc6a4d3db.json,9d4dc6b57c16c2079ee9f4906da6686aea4192c8df9ee5805aa6cd98d008edc1
42505728,75,estrogen receptor,Gene,13982,Esr1,"[{""offset"": 1633, ""length"": 17}]","{""identifier"": ""13982"", ""type"": ""Gene"", ""ncbi_homologene"": ""47906"", ""valid"": true, ""normalized"": [13982], ""database"": ""ncbi_gene"", ""normalized_id"": 13982, ""biotype"": ""gene"", ""name"": ""Esr1"", ""accession"": ""@GENE_ESR1""}",1633,17,1,abstract,[],lexical_candidate_only,data/raw/discovery_pilot/21cb27e7f4a7b05f3320e5ffb015d150f972060ee765c5949eee573bc6a4d3db.json,9d4dc6b57c16c2079ee9f4906da6686aea4192c8df9ee5805aa6cd98d008edc1
42505728,76,E2,Chemical,MESH:D004958,Estradiol,"[{""offset"": 1673, ""length"": 2}]","{""identifier"": ""MESH:D004958"", ""type"": ""Chemical"", ""valid"": true, ""normalized"": [""D004958""], ""database"": ""ncbi_mesh"", ""normalized_id"": ""D004958"", ""biotype"": ""chemical"", ""name"": ""Estradiol"", ""accession"": ""@CHEMICAL_Estradiol""}",1673,2,1,abstract,[],lexical_candidate_only,data/raw/discovery_pilot/21cb27e7f4a7b05f3320e5ffb015d150f972060ee765c5949eee573bc6a4d3db.json,9d4dc6b57c16c2079ee9f4906da6686aea4192c8df9ee5805aa6cd98d008edc1
42505728,77,RANKL,Gene,21943,Tnfsf11,"[{""offset"": 1766, ""length"": 5}]","{""identifier"": ""21943"", ""type"": ""Gene"", ""ncbi_homologene"": ""2744"", ""valid"": true, ""normalized"": [21943], ""database"": ""ncbi_gene"", ""normalized_id"": 21943, ""biotype"": ""gene"", ""name"": ""Tnfsf11"", ""accession"": ""@GENE_TNFSF11""}",1766,5,1,abstract,"[""LOCAL:protein:mouse:TNFSF11""]",lexical_candidate_only,data/raw/discovery_pilot/21cb27e7f4a7b05f3320e5ffb015d150f972060ee765c5949eee573bc6a4d3db.json,9d4dc6b57c16c2079ee9f4906da6686aea4192c8df9ee5805aa6cd98d008edc1
42505728,78,tamoxifen,Chemical,MESH:D013629,Tamoxifen,"[{""offset"": 1796, ""length"": 9}]","{""identifier"": ""MESH:D013629"", ""type"": ""Chemical"", ""valid"": true, ""normalized"": [""D013629""], ""database"": ""ncbi_mesh"", ""normalized_id"": ""D013629"", ""biotype"": ""chemical"", ""name"": ""Tamoxifen"", ""accession"": ""@CHEMICAL_Tamoxifen""}",1796,9,1,abstract,[],lexical_candidate_only,data/raw/discovery_pilot/21cb27e7f4a7b05f3320e5ffb015d150f972060ee765c5949eee573bc6a4d3db.json,9d4dc6b57c16c2079ee9f4906da6686aea4192c8df9ee5805aa6cd98d008edc1
42505728,79,E2,Chemical,MESH:D004958,Estradiol,"[{""offset"": 1820, ""length"": 2}]","{""identifier"": ""MESH:D004958"", ""type"": ""Chemical"", ""valid"": true, ""normalized"": [""D004958""], ""database"": ""ncbi_mesh"", ""normalized_id"": ""D004958"", ""biotype"": ""chemical"", ""name"": ""Estradiol"", ""accession"": ""@CHEMICAL_Estradiol""}",1820,2,1,abstract,[],lexical_candidate_only,data/raw/discovery_pilot/21cb27e7f4a7b05f3320e5ffb015d150f972060ee765c5949eee573bc6a4d3db.json,9d4dc6b57c16c2079ee9f4906da6686aea4192c8df9ee5805aa6cd98d008edc1
42505728,80,resorption,Disease,MESH:D014091,Tooth Resorption,"[{""offset"": 1847, ""length"": 10}]","{""identifier"": ""MESH:D014091"", ""type"": ""Disease"", ""valid"": true, ""normalized"": [""D014091""], ""database"": ""ncbi_mesh"", ""normalized_id"": ""D014091"", ""biotype"": ""disease"", ""name"": ""Tooth Resorption"", ""accession"": ""@DISEASE_Tooth_Resorption""}",1847,10,1,abstract,[],lexical_candidate_only,data/raw/discovery_pilot/21cb27e7f4a7b05f3320e5ffb015d150f972060ee765c5949eee573bc6a4d3db.json,9d4dc6b57c16c2079ee9f4906da6686aea4192c8df9ee5805aa6cd98d008edc1
42505728,81,periodontitis,Disease,MESH:D010518,Periodontitis,"[{""offset"": 1874, ""length"": 13}]","{""identifier"": ""MESH:D010518"", ""type"": ""Disease"", ""valid"": true, ""normalized"": [""D010518""], ""database"": ""ncbi_mesh"", ""normalized_id"": ""D010518"", ""biotype"": ""disease"", ""name"": ""Periodontitis"", ""accession"": ""@DISEASE_Periodontitis""}",1874,13,1,abstract,[],lexical_candidate_only,data/raw/discovery_pilot/21cb27e7f4a7b05f3320e5ffb015d150f972060ee765c5949eee573bc6a4d3db.json,9d4dc6b57c16c2079ee9f4906da6686aea4192c8df9ee5805aa6cd98d008edc1
42505728,82,inflammatory,Disease,MESH:D007249,Inflammation,"[{""offset"": 1952, ""length"": 12}]","{""identifier"": ""MESH:D007249"", ""type"": ""Disease"", ""valid"": true, ""normalized"": [""D007249""], ""database"": ""ncbi_mesh"", ""normalized_id"": ""D007249"", ""biotype"": ""disease"", ""name"": ""Inflammation"", ""accession"": ""@DISEASE_Inflammation""}",1952,12,1,abstract,[],lexical_candidate_only,data/raw/discovery_pilot/21cb27e7f4a7b05f3320e5ffb015d150f972060ee765c5949eee573bc6a4d3db.json,9d4dc6b57c16c2079ee9f4906da6686aea4192c8df9ee5805aa6cd98d008edc1
42505728,83,RANKL,Gene,21943,Tnfsf11,"[{""offset"": 1977, ""length"": 5}]","{""identifier"": ""21943"", ""type"": ""Gene"", ""ncbi_homologene"": ""2744"", ""valid"": true, ""normalized"": [21943], ""database"": ""ncbi_gene"", ""normalized_id"": 21943, ""biotype"": ""gene"", ""name"": ""Tnfsf11"", ""accession"": ""@GENE_TNFSF11""}",1977,5,1,abstract,"[""LOCAL:protein:mouse:TNFSF11""]",lexical_candidate_only,data/raw/discovery_pilot/21cb27e7f4a7b05f3320e5ffb015d150f972060ee765c5949eee573bc6a4d3db.json,9d4dc6b57c16c2079ee9f4906da6686aea4192c8df9ee5805aa6cd98d008edc1
42602299,3,Lycopene,Chemical,MESH:D000077276,Lycopene,"[{""offset"": 24, ""length"": 8}]","{""identifier"": ""MESH:D000077276"", ""type"": ""Chemical"", ""valid"": true, ""normalized"": [""D000077276""], ""database"": ""ncbi_mesh"", ""normalized_id"": ""D000077276"", ""biotype"": ""chemical"", ""name"": ""Lycopene"", ""accession"": ""@CHEMICAL_Lycopene""}",24,8,0,title,[],lexical_candidate_only,data/raw/discovery_pilot/21cb27e7f4a7b05f3320e5ffb015d150f972060ee765c5949eee573bc6a4d3db.json,9d4dc6b57c16c2079ee9f4906da6686aea4192c8df9ee5805aa6cd98d008edc1
42602299,4,RANKL,Gene,8600,TNFSF11,"[{""offset"": 65, ""length"": 5}]","{""identifier"": ""8600"", ""type"": ""Gene"", ""ncbi_homologene"": ""2744"", ""valid"": true, ""normalized"": [8600], ""database"": ""ncbi_gene"", ""normalized_id"": 8600, ""biotype"": ""gene"", ""name"": ""TNFSF11"", ""accession"": ""@GENE_TNFSF11""}",65,5,0,title,"[""LOCAL:protein:mouse:TNFSF11""]",lexical_candidate_only,data/raw/discovery_pilot/21cb27e7f4a7b05f3320e5ffb015d150f972060ee765c5949eee573bc6a4d3db.json,9d4dc6b57c16c2079ee9f4906da6686aea4192c8df9ee5805aa6cd98d008edc1
42602299,5,OPG,Gene,4982,TNFRSF11B,"[{""offset"": 76, ""length"": 3}]","{""identifier"": ""4982"", ""type"": ""Gene"", ""ncbi_homologene"": ""1912"", ""valid"": true, ""normalized"": [4982], ""database"": ""ncbi_gene"", ""normalized_id"": 4982, ""biotype"": ""gene"", ""name"": ""TNFRSF11B"", ""accession"": ""@GENE_TNFRSF11B""}",76,3,0,title,"[""LOCAL:protein:mouse:TNFRSF11B""]",lexical_candidate_only,data/raw/discovery_pilot/21cb27e7f4a7b05f3320e5ffb015d150f972060ee765c5949eee573bc6a4d3db.json,9d4dc6b57c16c2079ee9f4906da6686aea4192c8df9ee5805aa6cd98d008edc1
42602299,20,Lycopene,Chemical,MESH:D000077276,Lycopene,"[{""offset"": 182, ""length"": 8}]","{""identifier"": ""MESH:D000077276"", ""type"": ""Chemical"", ""valid"": true, ""normalized"": [""D000077276""], ""database"": ""ncbi_mesh"", ""normalized_id"": ""D000077276"", ""biotype"": ""chemical"", ""name"": ""Lycopene"", ""accession"": ""@CHEMICAL_Lycopene""}",182,8,1,abstract,[],lexical_candidate_only,data/raw/discovery_pilot/21cb27e7f4a7b05f3320e5ffb015d150f972060ee765c5949eee573bc6a4d3db.json,9d4dc6b57c16c2079ee9f4906da6686aea4192c8df9ee5805aa6cd98d008edc1
42602299,21,carotenoid,Chemical,MESH:D002338,Carotenoids,"[{""offset"": 205, ""length"": 10}]","{""identifier"": ""MESH:D002338"", ""type"": ""Chemical"", ""valid"": true, ""normalized"": [""D002338""], ""database"": ""ncbi_mesh"", ""normalized_id"": ""D002338"", ""biotype"": ""chemical"", ""name"": ""Carotenoids"", ""accession"": ""@CHEMICAL_Carotenoids""}",205,10,1,abstract,[],lexical_candidate_only,data/raw/discovery_pilot/21cb27e7f4a7b05f3320e5ffb015d150f972060ee765c5949eee573bc6a4d3db.json,9d4dc6b57c16c2079ee9f4906da6686aea4192c8df9ee5805aa6cd98d008edc1
42602299,22,beta-carotene,Chemical,MESH:D019207,beta Carotene,"[{""offset"": 241, ""length"": 13}]","{""identifier"": ""MESH:D019207"", ""type"": ""Chemical"", ""valid"": true, ""normalized"": [""D019207""], ""database"": ""ncbi_mesh"", ""normalized_id"": ""D019207"", ""biotype"": ""chemical"", ""name"": ""beta Carotene"", ""accession"": ""@CHEMICAL_beta_Carotene""}",241,13,1,abstract,[],lexical_candidate_only,data/raw/discovery_pilot/21cb27e7f4a7b05f3320e5ffb015d150f972060ee765c5949eee573bc6a4d3db.json,9d4dc6b57c16c2079ee9f4906da6686aea4192c8df9ee5805aa6cd98d008edc1
42602299,23,inflammatory,Disease,MESH:D007249,Inflammation,"[{""offset"": 364, ""length"": 12}]","{""identifier"": ""MESH:D007249"", ""type"": ""Disease"", ""valid"": true, ""normalized"": [""D007249""], ""database"": ""ncbi_mesh"", ""normalized_id"": ""D007249"", ""biotype"": ""disease"", ""name"": ""Inflammation"", ""accession"": ""@DISEASE_Inflammation""}",364,12,1,abstract,[],lexical_candidate_only,data/raw/discovery_pilot/21cb27e7f4a7b05f3320e5ffb015d150f972060ee765c5949eee573bc6a4d3db.json,9d4dc6b57c16c2079ee9f4906da6686aea4192c8df9ee5805aa6cd98d008edc1
42602299,24,beta-catenin,Gene,1499,CTNNB1,"[{""offset"": 482, ""length"": 12}]","{""identifier"": ""1499"", ""type"": ""Gene"", ""ncbi_homologene"": ""1434"", ""valid"": true, ""normalized"": [1499], ""database"": ""ncbi_gene"", ""normalized_id"": 1499, ""biotype"": ""gene"", ""name"": ""CTNNB1"", ""accession"": ""@GENE_CTNNB1""}",482,12,1,abstract,[],lexical_candidate_only,data/raw/discovery_pilot/21cb27e7f4a7b05f3320e5ffb015d150f972060ee765c5949eee573bc6a4d3db.json,9d4dc6b57c16c2079ee9f4906da6686aea4192c8df9ee5805aa6cd98d008edc1
42602299,25,RANKL,Gene,8600,TNFSF11,"[{""offset"": 586, ""length"": 5}]","{""identifier"": ""8600"", ""type"": ""Gene"", ""ncbi_homologene"": ""2744"", ""valid"": true, ""normalized"": [8600], ""database"": ""ncbi_gene"", ""normalized_id"": 8600, ""biotype"": ""gene"", ""name"": ""TNFSF11"", ""accession"": ""@GENE_TNFSF11""}",586,5,1,abstract,"[""LOCAL:protein:mouse:TNFSF11""]",lexical_candidate_only,data/raw/discovery_pilot/21cb27e7f4a7b05f3320e5ffb015d150f972060ee765c5949eee573bc6a4d3db.json,9d4dc6b57c16c2079ee9f4906da6686aea4192c8df9ee5805aa6cd98d008edc1
42602299,26,osteoprotegerin,Gene,4982,TNFRSF11B,"[{""offset"": 593, ""length"": 15}]","{""identifier"": ""4982"", ""type"": ""Gene"", ""ncbi_homologene"": ""1912"", ""valid"": true, ""normalized"": [4982], ""database"": ""ncbi_gene"", ""normalized_id"": 4982, ""biotype"": ""gene"", ""name"": ""TNFRSF11B"", ""accession"": ""@GENE_TNFRSF11B""}",593,15,1,abstract,"[""LOCAL:protein:mouse:TNFRSF11B""]",lexical_candidate_only,data/raw/discovery_pilot/21cb27e7f4a7b05f3320e5ffb015d150f972060ee765c5949eee573bc6a4d3db.json,9d4dc6b57c16c2079ee9f4906da6686aea4192c8df9ee5805aa6cd98d008edc1
42602299,27,OPG,Gene,4982,TNFRSF11B,"[{""offset"": 610, ""length"": 3}]","{""identifier"": ""4982"", ""type"": ""Gene"", ""ncbi_homologene"": ""1912"", ""valid"": true, ""normalized"": [4982], ""database"": ""ncbi_gene"", ""normalized_id"": 4982, ""biotype"": ""gene"", ""name"": ""TNFRSF11B"", ""accession"": ""@GENE_TNFRSF11B""}",610,3,1,abstract,"[""LOCAL:protein:mouse:TNFRSF11B""]",lexical_candidate_only,data/raw/discovery_pilot/21cb27e7f4a7b05f3320e5ffb015d150f972060ee765c5949eee573bc6a4d3db.json,9d4dc6b57c16c2079ee9f4906da6686aea4192c8df9ee5805aa6cd98d008edc1
42602299,28,RANKL,Gene,8600,TNFSF11,"[{""offset"": 732, ""length"": 5}]","{""identifier"": ""8600"", ""type"": ""Gene"", ""ncbi_homologene"": ""2744"", ""valid"": true, ""normalized"": [8600], ""database"": ""ncbi_gene"", ""normalized_id"": 8600, ""biotype"": ""gene"", ""name"": ""TNFSF11"", ""accession"": ""@GENE_TNFSF11""}",732,5,1,abstract,"[""LOCAL:protein:mouse:TNFSF11""]",lexical_candidate_only,data/raw/discovery_pilot/21cb27e7f4a7b05f3320e5ffb015d150f972060ee765c5949eee573bc6a4d3db.json,9d4dc6b57c16c2079ee9f4906da6686aea4192c8df9ee5805aa6cd98d008edc1
42602299,29,OPG,Gene,4982,TNFRSF11B,"[{""offset"": 738, ""length"": 3}]","{""identifier"": ""4982"", ""type"": ""Gene"", ""ncbi_homologene"": ""1912"", ""valid"": true, ""normalized"": [4982], ""database"": ""ncbi_gene"", ""normalized_id"": 4982, ""biotype"": ""gene"", ""name"": ""TNFRSF11B"", ""accession"": ""@GENE_TNFRSF11B""}",738,3,1,abstract,"[""LOCAL:protein:mouse:TNFRSF11B""]",lexical_candidate_only,data/raw/discovery_pilot/21cb27e7f4a7b05f3320e5ffb015d150f972060ee765c5949eee573bc6a4d3db.json,9d4dc6b57c16c2079ee9f4906da6686aea4192c8df9ee5805aa6cd98d008edc1
42602299,30,RANKL,Gene,8600,TNFSF11,"[{""offset"": 760, ""length"": 5}]","{""identifier"": ""8600"", ""type"": ""Gene"", ""ncbi_homologene"": ""2744"", ""valid"": true, ""normalized"": [8600], ""database"": ""ncbi_gene"", ""normalized_id"": 8600, ""biotype"": ""gene"", ""name"": ""TNFSF11"", ""accession"": ""@GENE_TNFSF11""}",760,5,1,abstract,"[""LOCAL:protein:mouse:TNFSF11""]",lexical_candidate_only,data/raw/discovery_pilot/21cb27e7f4a7b05f3320e5ffb015d150f972060ee765c5949eee573bc6a4d3db.json,9d4dc6b57c16c2079ee9f4906da6686aea4192c8df9ee5805aa6cd98d008edc1
42602299,31,lycopene,Chemical,MESH:D000077276,Lycopene,"[{""offset"": 962, ""length"": 8}]","{""identifier"": ""MESH:D000077276"", ""type"": ""Chemical"", ""valid"": true, ""normalized"": [""D000077276""], ""database"": ""ncbi_mesh"", ""normalized_id"": ""D000077276"", ""biotype"": ""chemical"", ""name"": ""Lycopene"", ""accession"": ""@CHEMICAL_Lycopene""}",962,8,1,abstract,[],lexical_candidate_only,data/raw/discovery_pilot/21cb27e7f4a7b05f3320e5ffb015d150f972060ee765c5949eee573bc6a4d3db.json,9d4dc6b57c16c2079ee9f4906da6686aea4192c8df9ee5805aa6cd98d008edc1
42602299,32,RANKL,Gene,8600,TNFSF11,"[{""offset"": 999, ""length"": 5}]","{""identifier"": ""8600"", ""type"": ""Gene"", ""ncbi_homologene"": ""2744"", ""valid"": true, ""normalized"": [8600], ""database"": ""ncbi_gene"", ""normalized_id"": 8600, ""biotype"": ""gene"", ""name"": ""TNFSF11"", ""accession"": ""@GENE_TNFSF11""}",999,5,1,abstract,"[""LOCAL:protein:mouse:TNFSF11""]",lexical_candidate_only,data/raw/discovery_pilot/21cb27e7f4a7b05f3320e5ffb015d150f972060ee765c5949eee573bc6a4d3db.json,9d4dc6b57c16c2079ee9f4906da6686aea4192c8df9ee5805aa6cd98d008edc1
42602299,33,OPG,Gene,4982,TNFRSF11B,"[{""offset"": 1005, ""length"": 3}]","{""identifier"": ""4982"", ""type"": ""Gene"", ""ncbi_homologene"": ""1912"", ""valid"": true, ""normalized"": [4982], ""database"": ""ncbi_gene"", ""normalized_id"": 4982, ""biotype"": ""gene"", ""name"": ""TNFRSF11B"", ""accession"": ""@GENE_TNFRSF11B""}",1005,3,1,abstract,"[""LOCAL:protein:mouse:TNFRSF11B""]",lexical_candidate_only,data/raw/discovery_pilot/21cb27e7f4a7b05f3320e5ffb015d150f972060ee765c5949eee573bc6a4d3db.json,9d4dc6b57c16c2079ee9f4906da6686aea4192c8df9ee5805aa6cd98d008edc1
42684554,5,Bruceine D,Chemical,MESH:C030412,bruceine D,"[{""offset"": 0, ""length"": 10}]","{""identifier"": ""MESH:C030412"", ""type"": ""Chemical"", ""valid"": true, ""normalized"": [""C030412""], ""database"": ""ncbi_mesh"", ""normalized_id"": ""C030412"", ""biotype"": ""chemical"", ""name"": ""bruceine D"", ""accession"": ""@CHEMICAL_bruceine_D""}",0,10,0,title,[],lexical_candidate_only,data/raw/discovery_pilot/21cb27e7f4a7b05f3320e5ffb015d150f972060ee765c5949eee573bc6a4d3db.json,9d4dc6b57c16c2079ee9f4906da6686aea4192c8df9ee5805aa6cd98d008edc1
42684554,6,STAT3,Gene,20848,Stat3,"[{""offset"": 47, ""length"": 5}]","{""identifier"": ""20848"", ""type"": ""Gene"", ""ncbi_homologene"": ""7960"", ""valid"": true, ""normalized"": [20848], ""database"": ""ncbi_gene"", ""normalized_id"": 20848, ""biotype"": ""gene"", ""name"": ""Stat3"", ""accession"": ""@GENE_STAT3""}",47,5,0,title,[],lexical_candidate_only,data/raw/discovery_pilot/21cb27e7f4a7b05f3320e5ffb015d150f972060ee765c5949eee573bc6a4d3db.json,9d4dc6b57c16c2079ee9f4906da6686aea4192c8df9ee5805aa6cd98d008edc1
42684554,7,NF-kappaB,Gene,18033,Nfkb1,"[{""offset"": 53, ""length"": 9}]","{""identifier"": ""18033"", ""type"": ""Gene"", ""ncbi_homologene"": ""2971"", ""valid"": true, ""normalized"": [18033], ""database"": ""ncbi_gene"", ""normalized_id"": 18033, ""biotype"": ""gene"", ""name"": ""Nfkb1"", ""accession"": ""@GENE_NFKB1""}",53,9,0,title,"[""LOCAL:protein:mouse:NFKB1""]",lexical_candidate_only,data/raw/discovery_pilot/21cb27e7f4a7b05f3320e5ffb015d150f972060ee765c5949eee573bc6a4d3db.json,9d4dc6b57c16c2079ee9f4906da6686aea4192c8df9ee5805aa6cd98d008edc1
42684554,8,NFATc1,Gene,18018,Nfatc1,"[{""offset"": 63, ""length"": 6}]","{""identifier"": ""18018"", ""type"": ""Gene"", ""ncbi_homologene"": ""32336"", ""valid"": true, ""normalized"": [18018], ""database"": ""ncbi_gene"", ""normalized_id"": 18018, ""biotype"": ""gene"", ""name"": ""Nfatc1"", ""accession"": ""@GENE_NFATC1""}",63,6,0,title,"[""LOCAL:protein:mouse:NFATC1""]",lexical_candidate_only,data/raw/discovery_pilot/21cb27e7f4a7b05f3320e5ffb015d150f972060ee765c5949eee573bc6a4d3db.json,9d4dc6b57c16c2079ee9f4906da6686aea4192c8df9ee5805aa6cd98d008edc1
42684554,9,osteoporosis,Disease,MESH:D010024,Osteoporosis,"[{""offset"": 109, ""length"": 12}]","{""identifier"": ""MESH:D010024"", ""type"": ""Disease"", ""valid"": true, ""normalized"": [""D010024""], ""database"": ""ncbi_mesh"", ""normalized_id"": ""D010024"", ""biotype"": ""disease"", ""name"": ""Osteoporosis"", ""accession"": ""@DISEASE_Osteoporosis""}",109,12,0,title,[],lexical_candidate_only,data/raw/discovery_pilot/21cb27e7f4a7b05f3320e5ffb015d150f972060ee765c5949eee573bc6a4d3db.json,9d4dc6b57c16c2079ee9f4906da6686aea4192c8df9ee5805aa6cd98d008edc1
42684554,45,osteoporosis,Disease,MESH:D010024,Osteoporosis,"[{""offset"": 138, ""length"": 12}]","{""identifier"": ""MESH:D010024"", ""type"": ""Disease"", ""valid"": true, ""normalized"": [""D010024""], ""database"": ""ncbi_mesh"", ""normalized_id"": ""D010024"", ""biotype"": ""disease"", ""name"": ""Osteoporosis"", ""accession"": ""@DISEASE_Osteoporosis""}",138,12,1,abstract,[],lexical_candidate_only,data/raw/discovery_pilot/21cb27e7f4a7b05f3320e5ffb015d150f972060ee765c5949eee573bc6a4d3db.json,9d4dc6b57c16c2079ee9f4906da6686aea4192c8df9ee5805aa6cd98d008edc1
42684554,46,estrogen,Disease,MESH:D056828,Hereditary Angioedema Type III,"[{""offset"": 227, ""length"": 8}]","{""identifier"": ""MESH:D056828"", ""type"": ""Disease"", ""valid"": true, ""normalized"": [""D056828""], ""database"": ""ncbi_mesh"", ""normalized_id"": ""D056828"", ""biotype"": ""disease"", ""name"": ""Hereditary Angioedema Type III"", ""accession"": ""@DISEASE_Hereditary_Angioedema_Type_III""}",227,8,1,abstract,[],lexical_candidate_only,data/raw/discovery_pilot/21cb27e7f4a7b05f3320e5ffb015d150f972060ee765c5949eee573bc6a4d3db.json,9d4dc6b57c16c2079ee9f4906da6686aea4192c8df9ee5805aa6cd98d008edc1
42684554,47,Bruceine D,Chemical,MESH:C030412,bruceine D,"[{""offset"": 248, ""length"": 10}]","{""identifier"": ""MESH:C030412"", ""type"": ""Chemical"", ""valid"": true, ""normalized"": [""C030412""], ""database"": ""ncbi_mesh"", ""normalized_id"": ""C030412"", ""biotype"": ""chemical"", ""name"": ""bruceine D"", ""accession"": ""@CHEMICAL_bruceine_D""}",248,10,1,abstract,[],lexical_candidate_only,data/raw/discovery_pilot/21cb27e7f4a7b05f3320e5ffb015d150f972060ee765c5949eee573bc6a4d3db.json,9d4dc6b57c16c2079ee9f4906da6686aea4192c8df9ee5805aa6cd98d008edc1
42684554,48,BD,Chemical,MESH:C030412,bruceine D,"[{""offset"": 260, ""length"": 2}]","{""identifier"": ""MESH:C030412"", ""type"": ""Chemical"", ""valid"": true, ""normalized"": [""C030412""], ""database"": ""ncbi_mesh"", ""normalized_id"": ""C030412"", ""biotype"": ""chemical"", ""name"": ""bruceine D"", ""accession"": ""@CHEMICAL_bruceine_D""}",260,2,1,abstract,[],lexical_candidate_only,data/raw/discovery_pilot/21cb27e7f4a7b05f3320e5ffb015d150f972060ee765c5949eee573bc6a4d3db.json,9d4dc6b57c16c2079ee9f4906da6686aea4192c8df9ee5805aa6cd98d008edc1
42684554,49,inflammatory,Disease,MESH:D007249,Inflammation,"[{""offset"": 291, ""length"": 12}]","{""identifier"": ""MESH:D007249"", ""type"": ""Disease"", ""valid"": true, ""normalized"": [""D007249""], ""database"": ""ncbi_mesh"", ""normalized_id"": ""D007249"", ""biotype"": ""disease"", ""name"": ""Inflammation"", ""accession"": ""@DISEASE_Inflammation""}",291,12,1,abstract,[],lexical_candidate_only,data/raw/discovery_pilot/21cb27e7f4a7b05f3320e5ffb015d150f972060ee765c5949eee573bc6a4d3db.json,9d4dc6b57c16c2079ee9f4906da6686aea4192c8df9ee5805aa6cd98d008edc1
42684554,50,STAT3,Gene,20848,Stat3,"[{""offset"": 335, ""length"": 5}]","{""identifier"": ""20848"", ""type"": ""Gene"", ""ncbi_homologene"": ""7960"", ""valid"": true, ""normalized"": [20848], ""database"": ""ncbi_gene"", ""normalized_id"": 20848, ""biotype"": ""gene"", ""name"": ""Stat3"", ""accession"": ""@GENE_STAT3""}",335,5,1,abstract,[],lexical_candidate_only,data/raw/discovery_pilot/21cb27e7f4a7b05f3320e5ffb015d150f972060ee765c5949eee573bc6a4d3db.json,9d4dc6b57c16c2079ee9f4906da6686aea4192c8df9ee5805aa6cd98d008edc1
42684554,51,NF-kappaB,Gene,18033,Nfkb1,"[{""offset"": 345, ""length"": 9}]","{""identifier"": ""18033"", ""type"": ""Gene"", ""ncbi_homologene"": ""2971"", ""valid"": true, ""normalized"": [18033], ""database"": ""ncbi_gene"", ""normalized_id"": 18033, ""biotype"": ""gene"", ""name"": ""Nfkb1"", ""accession"": ""@GENE_NFKB1""}",345,9,1,abstract,"[""LOCAL:protein:mouse:NFKB1""]",lexical_candidate_only,data/raw/discovery_pilot/21cb27e7f4a7b05f3320e5ffb015d150f972060ee765c5949eee573bc6a4d3db.json,9d4dc6b57c16c2079ee9f4906da6686aea4192c8df9ee5805aa6cd98d008edc1
42684554,52,BD,Chemical,MESH:C030412,bruceine D,"[{""offset"": 413, ""length"": 2}]","{""identifier"": ""MESH:C030412"", ""type"": ""Chemical"", ""valid"": true, ""normalized"": [""C030412""], ""database"": ""ncbi_mesh"", ""normalized_id"": ""C030412"", ""biotype"": ""chemical"", ""name"": ""bruceine D"", ""accession"": ""@CHEMICAL_bruceine_D""}",413,2,1,abstract,[],lexical_candidate_only,data/raw/discovery_pilot/21cb27e7f4a7b05f3320e5ffb015d150f972060ee765c5949eee573bc6a4d3db.json,9d4dc6b57c16c2079ee9f4906da6686aea4192c8df9ee5805aa6cd98d008edc1
42684554,53,osteoporosis,Disease,MESH:D010024,Osteoporosis,"[{""offset"": 471, ""length"": 12}]","{""identifier"": ""MESH:D010024"", ""type"": ""Disease"", ""valid"": true, ""normalized"": [""D010024""], ""database"": ""ncbi_mesh"", ""normalized_id"": ""D010024"", ""biotype"": ""disease"", ""name"": ""Osteoporosis"", ""accession"": ""@DISEASE_Osteoporosis""}",471,12,1,abstract,[],lexical_candidate_only,data/raw/discovery_pilot/21cb27e7f4a7b05f3320e5ffb015d150f972060ee765c5949eee573bc6a4d3db.json,9d4dc6b57c16c2079ee9f4906da6686aea4192c8df9ee5805aa6cd98d008edc1
42684554,54,RANKL,Gene,21943,Tnfsf11,"[{""offset"": 521, ""length"": 5}]","{""identifier"": ""21943"", ""type"": ""Gene"", ""ncbi_homologene"": ""2744"", ""valid"": true, ""normalized"": [21943], ""database"": ""ncbi_gene"", ""normalized_id"": 21943, ""biotype"": ""gene"", ""name"": ""Tnfsf11"", ""accession"": ""@GENE_TNFSF11""}",521,5,1,abstract,"[""LOCAL:protein:mouse:TNFSF11""]",lexical_candidate_only,data/raw/discovery_pilot/21cb27e7f4a7b05f3320e5ffb015d150f972060ee765c5949eee573bc6a4d3db.json,9d4dc6b57c16c2079ee9f4906da6686aea4192c8df9ee5805aa6cd98d008edc1
42684554,55,BD,Chemical,MESH:C030412,bruceine D,"[{""offset"": 557, ""length"": 2}]","{""identifier"": ""MESH:C030412"", ""type"": ""Chemical"", ""valid"": true, ""normalized"": [""C030412""], ""database"": ""ncbi_mesh"", ""normalized_id"": ""C030412"", ""biotype"": ""chemical"", ""name"": ""bruceine D"", ""accession"": ""@CHEMICAL_bruceine_D""}",557,2,1,abstract,[],lexical_candidate_only,data/raw/discovery_pilot/21cb27e7f4a7b05f3320e5ffb015d150f972060ee765c5949eee573bc6a4d3db.json,9d4dc6b57c16c2079ee9f4906da6686aea4192c8df9ee5805aa6cd98d008edc1
42684554,56,TRAP,Gene,20832,Ssr4,"[{""offset"": 598, ""length"": 4}]","{""identifier"": ""20832"", ""type"": ""Gene"", ""ncbi_homologene"": ""4573"", ""valid"": true, ""normalized"": [20832], ""database"": ""ncbi_gene"", ""normalized_id"": 20832, ""biotype"": ""gene"", ""name"": ""Ssr4"", ""accession"": ""@GENE_SSR4""}",598,4,1,abstract,"[""LOCAL:protein:mouse:ACP5""]",lexical_candidate_only,data/raw/discovery_pilot/21cb27e7f4a7b05f3320e5ffb015d150f972060ee765c5949eee573bc6a4d3db.json,9d4dc6b57c16c2079ee9f4906da6686aea4192c8df9ee5805aa6cd98d008edc1
42684554,57,ovariectomy,Disease,,,"[{""offset"": 780, ""length"": 11}]","{""type"": ""Disease"", ""valid"": false, ""normalized_id"": null, ""biotype"": ""disease""}",780,11,1,abstract,[],lexical_candidate_only,data/raw/discovery_pilot/21cb27e7f4a7b05f3320e5ffb015d150f972060ee765c5949eee573bc6a4d3db.json,9d4dc6b57c16c2079ee9f4906da6686aea4192c8df9ee5805aa6cd98d008edc1
42684554,58,OVX,Disease,,,"[{""offset"": 793, ""length"": 3}]","{""type"": ""Disease"", ""valid"": false, ""normalized_id"": null, ""biotype"": ""disease""}",793,3,1,abstract,[],lexical_candidate_only,data/raw/discovery_pilot/21cb27e7f4a7b05f3320e5ffb015d150f972060ee765c5949eee573bc6a4d3db.json,9d4dc6b57c16c2079ee9f4906da6686aea4192c8df9ee5805aa6cd98d008edc1
42684554,59,osteoporosis,Disease,MESH:D010024,Osteoporosis,"[{""offset"": 806, ""length"": 12}]","{""identifier"": ""MESH:D010024"", ""type"": ""Disease"", ""valid"": true, ""normalized"": [""D010024""], ""database"": ""ncbi_mesh"", ""normalized_id"": ""D010024"", ""biotype"": ""disease"", ""name"": ""Osteoporosis"", ""accession"": ""@DISEASE_Osteoporosis""}",806,12,1,abstract,[],lexical_candidate_only,data/raw/discovery_pilot/21cb27e7f4a7b05f3320e5ffb015d150f972060ee765c5949eee573bc6a4d3db.json,9d4dc6b57c16c2079ee9f4906da6686aea4192c8df9ee5805aa6cd98d008edc1
42684554,60,BD,Chemical,MESH:C030412,bruceine D,"[{""offset"": 877, ""length"": 2}]","{""identifier"": ""MESH:C030412"", ""type"": ""Chemical"", ""valid"": true, ""normalized"": [""C030412""], ""database"": ""ncbi_mesh"", ""normalized_id"": ""C030412"", ""biotype"": ""chemical"", ""name"": ""bruceine D"", ""accession"": ""@CHEMICAL_bruceine_D""}",877,2,1,abstract,[],lexical_candidate_only,data/raw/discovery_pilot/21cb27e7f4a7b05f3320e5ffb015d150f972060ee765c5949eee573bc6a4d3db.json,9d4dc6b57c16c2079ee9f4906da6686aea4192c8df9ee5805aa6cd98d008edc1
42684554,61,BD,Chemical,MESH:C030412,bruceine D,"[{""offset"": 911, ""length"": 2}]","{""identifier"": ""MESH:C030412"", ""type"": ""Chemical"", ""valid"": true, ""normalized"": [""C030412""], ""database"": ""ncbi_mesh"", ""normalized_id"": ""C030412"", ""biotype"": ""chemical"", ""name"": ""bruceine D"", ""accession"": ""@CHEMICAL_bruceine_D""}",911,2,1,abstract,[],lexical_candidate_only,data/raw/discovery_pilot/21cb27e7f4a7b05f3320e5ffb015d150f972060ee765c5949eee573bc6a4d3db.json,9d4dc6b57c16c2079ee9f4906da6686aea4192c8df9ee5805aa6cd98d008edc1
42684554,62,RANKL,Gene,21943,Tnfsf11,"[{""offset"": 938, ""length"": 5}]","{""identifier"": ""21943"", ""type"": ""Gene"", ""ncbi_homologene"": ""2744"", ""valid"": true, ""normalized"": [21943], ""database"": ""ncbi_gene"", ""normalized_id"": 21943, ""biotype"": ""gene"", ""name"": ""Tnfsf11"", ""accession"": ""@GENE_TNFSF11""}",938,5,1,abstract,"[""LOCAL:protein:mouse:TNFSF11""]",lexical_candidate_only,data/raw/discovery_pilot/21cb27e7f4a7b05f3320e5ffb015d150f972060ee765c5949eee573bc6a4d3db.json,9d4dc6b57c16c2079ee9f4906da6686aea4192c8df9ee5805aa6cd98d008edc1
42684554,63,cytotoxic,Disease,MESH:D064420,Drug-Related Side Effects and Adverse Reactions,"[{""offset"": 1014, ""length"": 9}]","{""identifier"": ""MESH:D064420"", ""type"": ""Disease"", ""valid"": true, ""normalized"": [""D064420""], ""database"": ""ncbi_mesh"", ""normalized_id"": ""D064420"", ""biotype"": ""disease"", ""name"": ""Drug-Related Side Effects and Adverse Reactions"", ""accession"": ""@DISEASE_Drug_Related_Side_Effects_and_Adverse_Reactions""}",1014,9,1,abstract,[],lexical_candidate_only,data/raw/discovery_pilot/21cb27e7f4a7b05f3320e5ffb015d150f972060ee765c5949eee573bc6a4d3db.json,9d4dc6b57c16c2079ee9f4906da6686aea4192c8df9ee5805aa6cd98d008edc1
42684554,64,BD,Chemical,MESH:C030412,bruceine D,"[{""offset"": 1061, ""length"": 2}]","{""identifier"": ""MESH:C030412"", ""type"": ""Chemical"", ""valid"": true, ""normalized"": [""C030412""], ""database"": ""ncbi_mesh"", ""normalized_id"": ""C030412"", ""biotype"": ""chemical"", ""name"": ""bruceine D"", ""accession"": ""@CHEMICAL_bruceine_D""}",1061,2,1,abstract,[],lexical_candidate_only,data/raw/discovery_pilot/21cb27e7f4a7b05f3320e5ffb015d150f972060ee765c5949eee573bc6a4d3db.json,9d4dc6b57c16c2079ee9f4906da6686aea4192c8df9ee5805aa6cd98d008edc1
42684554,65,BD,Chemical,MESH:C030412,bruceine D,"[{""offset"": 1248, ""length"": 2}]","{""identifier"": ""MESH:C030412"", ""type"": ""Chemical"", ""valid"": true, ""normalized"": [""C030412""], ""database"": ""ncbi_mesh"", ""normalized_id"": ""C030412"", ""biotype"": ""chemical"", ""name"": ""bruceine D"", ""accession"": ""@CHEMICAL_bruceine_D""}",1248,2,1,abstract,[],lexical_candidate_only,data/raw/discovery_pilot/21cb27e7f4a7b05f3320e5ffb015d150f972060ee765c5949eee573bc6a4d3db.json,9d4dc6b57c16c2079ee9f4906da6686aea4192c8df9ee5805aa6cd98d008edc1
42684554,66,STAT3,Gene,20848,Stat3,"[{""offset"": 1280, ""length"": 5}]","{""identifier"": ""20848"", ""type"": ""Gene"", ""ncbi_homologene"": ""7960"", ""valid"": true, ""normalized"": [20848], ""database"": ""ncbi_gene"", ""normalized_id"": 20848, ""biotype"": ""gene"", ""name"": ""Stat3"", ""accession"": ""@GENE_STAT3""}",1280,5,1,abstract,[],lexical_candidate_only,data/raw/discovery_pilot/21cb27e7f4a7b05f3320e5ffb015d150f972060ee765c5949eee573bc6a4d3db.json,9d4dc6b57c16c2079ee9f4906da6686aea4192c8df9ee5805aa6cd98d008edc1
42684554,67,NF-kappaB,Gene,18033,Nfkb1,"[{""offset"": 1290, ""length"": 9}]","{""identifier"": ""18033"", ""type"": ""Gene"", ""ncbi_homologene"": ""2971"", ""valid"": true, ""normalized"": [18033], ""database"": ""ncbi_gene"", ""normalized_id"": 18033, ""biotype"": ""gene"", ""name"": ""Nfkb1"", ""accession"": ""@GENE_NFKB1""}",1290,9,1,abstract,"[""LOCAL:protein:mouse:NFKB1""]",lexical_candidate_only,data/raw/discovery_pilot/21cb27e7f4a7b05f3320e5ffb015d150f972060ee765c5949eee573bc6a4d3db.json,9d4dc6b57c16c2079ee9f4906da6686aea4192c8df9ee5805aa6cd98d008edc1
42684554,68,AKT,Gene,11651,Akt1,"[{""offset"": 1347, ""length"": 3}]","{""identifier"": ""11651"", ""type"": ""Gene"", ""ncbi_homologene"": ""3785"", ""valid"": true, ""normalized"": [11651], ""database"": ""ncbi_gene"", ""normalized_id"": 11651, ""biotype"": ""gene"", ""name"": ""Akt1"", ""accession"": ""@GENE_AKT1""}",1347,3,1,abstract,"[""LOCAL:protein:mouse:AKT1""]",lexical_candidate_only,data/raw/discovery_pilot/21cb27e7f4a7b05f3320e5ffb015d150f972060ee765c5949eee573bc6a4d3db.json,9d4dc6b57c16c2079ee9f4906da6686aea4192c8df9ee5805aa6cd98d008edc1
42684554,69,NFATc1,Gene,18018,Nfatc1,"[{""offset"": 1416, ""length"": 6}]","{""identifier"": ""18018"", ""type"": ""Gene"", ""ncbi_homologene"": ""32336"", ""valid"": true, ""normalized"": [18018], ""database"": ""ncbi_gene"", ""normalized_id"": 18018, ""biotype"": ""gene"", ""name"": ""Nfatc1"", ""accession"": ""@GENE_NFATC1""}",1416,6,1,abstract,"[""LOCAL:protein:mouse:NFATC1""]",lexical_candidate_only,data/raw/discovery_pilot/21cb27e7f4a7b05f3320e5ffb015d150f972060ee765c5949eee573bc6a4d3db.json,9d4dc6b57c16c2079ee9f4906da6686aea4192c8df9ee5805aa6cd98d008edc1
42684554,70,BD,Chemical,MESH:C030412,bruceine D,"[{""offset"": 1433, ""length"": 2}]","{""identifier"": ""MESH:C030412"", ""type"": ""Chemical"", ""valid"": true, ""normalized"": [""C030412""], ""database"": ""ncbi_mesh"", ""normalized_id"": ""C030412"", ""biotype"": ""chemical"", ""name"": ""bruceine D"", ""accession"": ""@CHEMICAL_bruceine_D""}",1433,2,1,abstract,[],lexical_candidate_only,data/raw/discovery_pilot/21cb27e7f4a7b05f3320e5ffb015d150f972060ee765c5949eee573bc6a4d3db.json,9d4dc6b57c16c2079ee9f4906da6686aea4192c8df9ee5805aa6cd98d008edc1
42684554,71,bone loss,Disease,MESH:D001847,Bone Diseases,"[{""offset"": 1477, ""length"": 9}]","{""identifier"": ""MESH:D001847"", ""type"": ""Disease"", ""valid"": true, ""normalized"": [""D001847""], ""database"": ""ncbi_mesh"", ""normalized_id"": ""D001847"", ""biotype"": ""disease"", ""name"": ""Bone Diseases"", ""accession"": ""@DISEASE_Bone_Diseases""}",1477,9,1,abstract,[],lexical_candidate_only,data/raw/discovery_pilot/21cb27e7f4a7b05f3320e5ffb015d150f972060ee765c5949eee573bc6a4d3db.json,9d4dc6b57c16c2079ee9f4906da6686aea4192c8df9ee5805aa6cd98d008edc1
42684554,72,OVX,Disease,,,"[{""offset"": 1490, ""length"": 3}]","{""type"": ""Disease"", ""valid"": false, ""normalized_id"": null, ""biotype"": ""disease""}",1490,3,1,abstract,[],lexical_candidate_only,data/raw/discovery_pilot/21cb27e7f4a7b05f3320e5ffb015d150f972060ee765c5949eee573bc6a4d3db.json,9d4dc6b57c16c2079ee9f4906da6686aea4192c8df9ee5805aa6cd98d008edc1
42684554,73,mice,Species,10090,10090,"[{""offset"": 1494, ""length"": 4}]","{""identifier"": ""10090"", ""type"": ""Species"", ""valid"": true, ""normalized"": [10090], ""database"": ""ncbi_taxonomy"", ""normalized_id"": 10090, ""biotype"": ""species"", ""name"": ""10090"", ""accession"": null}",1494,4,1,abstract,[],lexical_candidate_only,data/raw/discovery_pilot/21cb27e7f4a7b05f3320e5ffb015d150f972060ee765c5949eee573bc6a4d3db.json,9d4dc6b57c16c2079ee9f4906da6686aea4192c8df9ee5805aa6cd98d008edc1
42684554,74,BD,Chemical,MESH:C030412,bruceine D,"[{""offset"": 1575, ""length"": 2}]","{""identifier"": ""MESH:C030412"", ""type"": ""Chemical"", ""valid"": true, ""normalized"": [""C030412""], ""database"": ""ncbi_mesh"", ""normalized_id"": ""C030412"", ""biotype"": ""chemical"", ""name"": ""bruceine D"", ""accession"": ""@CHEMICAL_bruceine_D""}",1575,2,1,abstract,[],lexical_candidate_only,data/raw/discovery_pilot/21cb27e7f4a7b05f3320e5ffb015d150f972060ee765c5949eee573bc6a4d3db.json,9d4dc6b57c16c2079ee9f4906da6686aea4192c8df9ee5805aa6cd98d008edc1
42684554,75,estrogen,Disease,MESH:D056828,Hereditary Angioedema Type III,"[{""offset"": 1629, ""length"": 8}]","{""identifier"": ""MESH:D056828"", ""type"": ""Disease"", ""valid"": true, ""normalized"": [""D056828""], ""database"": ""ncbi_mesh"", ""normalized_id"": ""D056828"", ""biotype"": ""disease"", ""name"": ""Hereditary Angioedema Type III"", ""accession"": ""@DISEASE_Hereditary_Angioedema_Type_III""}",1629,8,1,abstract,[],lexical_candidate_only,data/raw/discovery_pilot/21cb27e7f4a7b05f3320e5ffb015d150f972060ee765c5949eee573bc6a4d3db.json,9d4dc6b57c16c2079ee9f4906da6686aea4192c8df9ee5805aa6cd98d008edc1
42684554,76,bone loss,Disease,MESH:D001847,Bone Diseases,"[{""offset"": 1657, ""length"": 9}]","{""identifier"": ""MESH:D001847"", ""type"": ""Disease"", ""valid"": true, ""normalized"": [""D001847""], ""database"": ""ncbi_mesh"", ""normalized_id"": ""D001847"", ""biotype"": ""disease"", ""name"": ""Bone Diseases"", ""accession"": ""@DISEASE_Bone_Diseases""}",1657,9,1,abstract,[],lexical_candidate_only,data/raw/discovery_pilot/21cb27e7f4a7b05f3320e5ffb015d150f972060ee765c5949eee573bc6a4d3db.json,9d4dc6b57c16c2079ee9f4906da6686aea4192c8df9ee5805aa6cd98d008edc1
42684554,77,STAT3,Gene,20848,Stat3,"[{""offset"": 1685, ""length"": 5}]","{""identifier"": ""20848"", ""type"": ""Gene"", ""ncbi_homologene"": ""7960"", ""valid"": true, ""normalized"": [20848], ""database"": ""ncbi_gene"", ""normalized_id"": 20848, ""biotype"": ""gene"", ""name"": ""Stat3"", ""accession"": ""@GENE_STAT3""}",1685,5,1,abstract,[],lexical_candidate_only,data/raw/discovery_pilot/21cb27e7f4a7b05f3320e5ffb015d150f972060ee765c5949eee573bc6a4d3db.json,9d4dc6b57c16c2079ee9f4906da6686aea4192c8df9ee5805aa6cd98d008edc1
42684554,78,NF-kappaB,Gene,18033,Nfkb1,"[{""offset"": 1691, ""length"": 9}]","{""identifier"": ""18033"", ""type"": ""Gene"", ""ncbi_homologene"": ""2971"", ""valid"": true, ""normalized"": [18033], ""database"": ""ncbi_gene"", ""normalized_id"": 18033, ""biotype"": ""gene"", ""name"": ""Nfkb1"", ""accession"": ""@GENE_NFKB1""}",1691,9,1,abstract,"[""LOCAL:protein:mouse:NFKB1""]",lexical_candidate_only,data/raw/discovery_pilot/21cb27e7f4a7b05f3320e5ffb015d150f972060ee765c5949eee573bc6a4d3db.json,9d4dc6b57c16c2079ee9f4906da6686aea4192c8df9ee5805aa6cd98d008edc1
42684554,79,NFATc1,Gene,18018,Nfatc1,"[{""offset"": 1701, ""length"": 6}]","{""identifier"": ""18018"", ""type"": ""Gene"", ""ncbi_homologene"": ""32336"", ""valid"": true, ""normalized"": [18018], ""database"": ""ncbi_gene"", ""normalized_id"": 18018, ""biotype"": ""gene"", ""name"": ""Nfatc1"", ""accession"": ""@GENE_NFATC1""}",1701,6,1,abstract,"[""LOCAL:protein:mouse:NFATC1""]",lexical_candidate_only,data/raw/discovery_pilot/21cb27e7f4a7b05f3320e5ffb015d150f972060ee765c5949eee573bc6a4d3db.json,9d4dc6b57c16c2079ee9f4906da6686aea4192c8df9ee5805aa6cd98d008edc1
42695337,2,ACOD1,Gene,16365,Acod1,"[{""offset"": 0, ""length"": 5}]","{""identifier"": ""16365"", ""type"": ""Gene"", ""ncbi_homologene"": ""35405"", ""valid"": true, ""normalized"": [16365], ""database"": ""ncbi_gene"", ""normalized_id"": 16365, ""biotype"": ""gene"", ""name"": ""Acod1"", ""accession"": ""@GENE_ACOD1""}",0,5,0,title,"[""LOCAL:protein:mouse:ACOD1""]",lexical_candidate_only,data/raw/discovery_pilot/21cb27e7f4a7b05f3320e5ffb015d150f972060ee765c5949eee573bc6a4d3db.json,9d4dc6b57c16c2079ee9f4906da6686aea4192c8df9ee5805aa6cd98d008edc1
42695337,3,succinate,Chemical,MESH:D019802,Succinic Acid,"[{""offset"": 16, ""length"": 9}]","{""identifier"": ""MESH:D019802"", ""type"": ""Chemical"", ""valid"": true, ""normalized"": [""D019802""], ""database"": ""ncbi_mesh"", ""normalized_id"": ""D019802"", ""biotype"": ""chemical"", ""name"": ""Succinic Acid"", ""accession"": ""@CHEMICAL_Succinic_Acid""}",16,9,0,title,"[""CHEBI:15741""]",lexical_candidate_only,data/raw/discovery_pilot/21cb27e7f4a7b05f3320e5ffb015d150f972060ee765c5949eee573bc6a4d3db.json,9d4dc6b57c16c2079ee9f4906da6686aea4192c8df9ee5805aa6cd98d008edc1
42695337,36,inflammatory,Disease,MESH:D007249,Inflammation,"[{""offset"": 160, ""length"": 12}]","{""identifier"": ""MESH:D007249"", ""type"": ""Disease"", ""valid"": true, ""normalized"": [""D007249""], ""database"": ""ncbi_mesh"", ""normalized_id"": ""D007249"", ""biotype"": ""disease"", ""name"": ""Inflammation"", ""accession"": ""@DISEASE_Inflammation""}",160,12,1,abstract,[],lexical_candidate_only,data/raw/discovery_pilot/21cb27e7f4a7b05f3320e5ffb015d150f972060ee765c5949eee573bc6a4d3db.json,9d4dc6b57c16c2079ee9f4906da6686aea4192c8df9ee5805aa6cd98d008edc1
42695337,37,Irg1,Gene,16365,Acod1,"[{""offset"": 211, ""length"": 4}]","{""identifier"": ""16365"", ""type"": ""Gene"", ""ncbi_homologene"": ""35405"", ""valid"": true, ""normalized"": [16365], ""database"": ""ncbi_gene"", ""normalized_id"": 16365, ""biotype"": ""gene"", ""name"": ""Acod1"", ""accession"": ""@GENE_ACOD1""}",211,4,1,abstract,"[""LOCAL:protein:mouse:ACOD1""]",lexical_candidate_only,data/raw/discovery_pilot/21cb27e7f4a7b05f3320e5ffb015d150f972060ee765c5949eee573bc6a4d3db.json,9d4dc6b57c16c2079ee9f4906da6686aea4192c8df9ee5805aa6cd98d008edc1
42695337,38,aconitate decarboxylase,Gene,16365,Acod1,"[{""offset"": 225, ""length"": 23}]","{""identifier"": ""16365"", ""type"": ""Gene"", ""ncbi_homologene"": ""35405"", ""valid"": true, ""normalized"": [16365], ""database"": ""ncbi_gene"", ""normalized_id"": 16365, ""biotype"": ""gene"", ""name"": ""Acod1"", ""accession"": ""@GENE_ACOD1""}",225,23,1,abstract,"[""LOCAL:protein:mouse:ACOD1""]",lexical_candidate_only,data/raw/discovery_pilot/21cb27e7f4a7b05f3320e5ffb015d150f972060ee765c5949eee573bc6a4d3db.json,9d4dc6b57c16c2079ee9f4906da6686aea4192c8df9ee5805aa6cd98d008edc1
42695337,39,ACOD1,Gene,16365,Acod1,"[{""offset"": 250, ""length"": 5}]","{""identifier"": ""16365"", ""type"": ""Gene"", ""ncbi_homologene"": ""35405"", ""valid"": true, ""normalized"": [16365], ""database"": ""ncbi_gene"", ""normalized_id"": 16365, ""biotype"": ""gene"", ""name"": ""Acod1"", ""accession"": ""@GENE_ACOD1""}",250,5,1,abstract,"[""LOCAL:protein:mouse:ACOD1""]",lexical_candidate_only,data/raw/discovery_pilot/21cb27e7f4a7b05f3320e5ffb015d150f972060ee765c5949eee573bc6a4d3db.json,9d4dc6b57c16c2079ee9f4906da6686aea4192c8df9ee5805aa6cd98d008edc1
42695337,40,itaconate,Chemical,MESH:C005229,itaconic acid,"[{""offset"": 274, ""length"": 9}]","{""identifier"": ""MESH:C005229"", ""type"": ""Chemical"", ""valid"": true, ""normalized"": [""C005229""], ""database"": ""ncbi_mesh"", ""normalized_id"": ""C005229"", ""biotype"": ""chemical"", ""name"": ""itaconic acid"", ""accession"": ""@CHEMICAL_itaconic_acid""}",274,9,1,abstract,"[""CHEBI:30805""]",lexical_candidate_only,data/raw/discovery_pilot/21cb27e7f4a7b05f3320e5ffb015d150f972060ee765c5949eee573bc6a4d3db.json,9d4dc6b57c16c2079ee9f4906da6686aea4192c8df9ee5805aa6cd98d008edc1
42695337,41,cis-aconitate,Chemical,-,,"[{""offset"": 289, ""length"": 13}]","{""identifier"": ""-"", ""type"": ""Chemical"", ""valid"": false, ""normalized_id"": null, ""biotype"": ""chemical""}",289,13,1,abstract,"[""CHEBI:32838""]",lexical_candidate_only,data/raw/discovery_pilot/21cb27e7f4a7b05f3320e5ffb015d150f972060ee765c5949eee573bc6a4d3db.json,9d4dc6b57c16c2079ee9f4906da6686aea4192c8df9ee5805aa6cd98d008edc1
42695337,42,TCA,Chemical,MESH:D014238,Trichloroacetic Acid,"[{""offset"": 310, ""length"": 3}]","{""identifier"": ""MESH:D014238"", ""type"": ""Chemical"", ""valid"": true, ""normalized"": [""D014238""], ""database"": ""ncbi_mesh"", ""normalized_id"": ""D014238"", ""biotype"": ""chemical"", ""name"": ""Trichloroacetic Acid"", ""accession"": ""@CHEMICAL_Trichloroacetic_Acid""}",310,3,1,abstract,[],lexical_candidate_only,data/raw/discovery_pilot/21cb27e7f4a7b05f3320e5ffb015d150f972060ee765c5949eee573bc6a4d3db.json,9d4dc6b57c16c2079ee9f4906da6686aea4192c8df9ee5805aa6cd98d008edc1
42695337,43,Itaconate,Chemical,MESH:C005229,itaconic acid,"[{""offset"": 321, ""length"": 9}]","{""identifier"": ""MESH:C005229"", ""type"": ""Chemical"", ""valid"": true, ""normalized"": [""C005229""], ""database"": ""ncbi_mesh"", ""normalized_id"": ""C005229"", ""biotype"": ""chemical"", ""name"": ""itaconic acid"", ""accession"": ""@CHEMICAL_itaconic_acid""}",321,9,1,abstract,"[""CHEBI:30805""]",lexical_candidate_only,data/raw/discovery_pilot/21cb27e7f4a7b05f3320e5ffb015d150f972060ee765c5949eee573bc6a4d3db.json,9d4dc6b57c16c2079ee9f4906da6686aea4192c8df9ee5805aa6cd98d008edc1
42695337,44,succinate,Chemical,MESH:D019802,Succinic Acid,"[{""offset"": 378, ""length"": 9}]","{""identifier"": ""MESH:D019802"", ""type"": ""Chemical"", ""valid"": true, ""normalized"": [""D019802""], ""database"": ""ncbi_mesh"", ""normalized_id"": ""D019802"", ""biotype"": ""chemical"", ""name"": ""Succinic Acid"", ""accession"": ""@CHEMICAL_Succinic_Acid""}",378,9,1,abstract,"[""CHEBI:15741""]",lexical_candidate_only,data/raw/discovery_pilot/21cb27e7f4a7b05f3320e5ffb015d150f972060ee765c5949eee573bc6a4d3db.json,9d4dc6b57c16c2079ee9f4906da6686aea4192c8df9ee5805aa6cd98d008edc1
42695337,45,ACOD1,Gene,16365,Acod1,"[{""offset"": 409, ""length"": 5}]","{""identifier"": ""16365"", ""type"": ""Gene"", ""ncbi_homologene"": ""35405"", ""valid"": true, ""normalized"": [16365], ""database"": ""ncbi_gene"", ""normalized_id"": 16365, ""biotype"": ""gene"", ""name"": ""Acod1"", ""accession"": ""@GENE_ACOD1""}",409,5,1,abstract,"[""LOCAL:protein:mouse:ACOD1""]",lexical_candidate_only,data/raw/discovery_pilot/21cb27e7f4a7b05f3320e5ffb015d150f972060ee765c5949eee573bc6a4d3db.json,9d4dc6b57c16c2079ee9f4906da6686aea4192c8df9ee5805aa6cd98d008edc1
42695337,46,mTOR,Gene,56717,Mtor,"[{""offset"": 521, ""length"": 4}]","{""identifier"": ""56717"", ""type"": ""Gene"", ""ncbi_homologene"": ""3637"", ""valid"": true, ""normalized"": [56717], ""database"": ""ncbi_gene"", ""normalized_id"": 56717, ""biotype"": ""gene"", ""name"": ""Mtor"", ""accession"": ""@GENE_MTOR""}",521,4,1,abstract,[],lexical_candidate_only,data/raw/discovery_pilot/21cb27e7f4a7b05f3320e5ffb015d150f972060ee765c5949eee573bc6a4d3db.json,9d4dc6b57c16c2079ee9f4906da6686aea4192c8df9ee5805aa6cd98d008edc1
42695337,47,4E-BP1,Gene,13685,Eif4ebp1,"[{""offset"": 548, ""length"": 6}]","{""identifier"": ""13685"", ""type"": ""Gene"", ""ncbi_homologene"": ""3021"", ""valid"": true, ""normalized"": [13685], ""database"": ""ncbi_gene"", ""normalized_id"": 13685, ""biotype"": ""gene"", ""name"": ""Eif4ebp1"", ""accession"": ""@GENE_EIF4EBP1""}",548,6,1,abstract,[],lexical_candidate_only,data/raw/discovery_pilot/21cb27e7f4a7b05f3320e5ffb015d150f972060ee765c5949eee573bc6a4d3db.json,9d4dc6b57c16c2079ee9f4906da6686aea4192c8df9ee5805aa6cd98d008edc1
42695337,48,ATP,Chemical,MESH:D000255,Adenosine Triphosphate,"[{""offset"": 584, ""length"": 3}]","{""identifier"": ""MESH:D000255"", ""type"": ""Chemical"", ""valid"": true, ""normalized"": [""D000255""], ""database"": ""ncbi_mesh"", ""normalized_id"": ""D000255"", ""biotype"": ""chemical"", ""name"": ""Adenosine Triphosphate"", ""accession"": ""@CHEMICAL_Adenosine_Triphosphate""}",584,3,1,abstract,[],lexical_candidate_only,data/raw/discovery_pilot/21cb27e7f4a7b05f3320e5ffb015d150f972060ee765c5949eee573bc6a4d3db.json,9d4dc6b57c16c2079ee9f4906da6686aea4192c8df9ee5805aa6cd98d008edc1
42695337,49,ACOD1,Gene,16365,Acod1,"[{""offset"": 596, ""length"": 5}]","{""identifier"": ""16365"", ""type"": ""Gene"", ""ncbi_homologene"": ""35405"", ""valid"": true, ""normalized"": [16365], ""database"": ""ncbi_gene"", ""normalized_id"": 16365, ""biotype"": ""gene"", ""name"": ""Acod1"", ""accession"": ""@GENE_ACOD1""}",596,5,1,abstract,"[""LOCAL:protein:mouse:ACOD1""]",lexical_candidate_only,data/raw/discovery_pilot/21cb27e7f4a7b05f3320e5ffb015d150f972060ee765c5949eee573bc6a4d3db.json,9d4dc6b57c16c2079ee9f4906da6686aea4192c8df9ee5805aa6cd98d008edc1
42695337,50,TRAP,Gene,20832,Ssr4,"[{""offset"": 711, ""length"": 4}]","{""identifier"": ""20832"", ""type"": ""Gene"", ""ncbi_homologene"": ""4573"", ""valid"": true, ""normalized"": [20832], ""database"": ""ncbi_gene"", ""normalized_id"": 20832, ""biotype"": ""gene"", ""name"": ""Ssr4"", ""accession"": ""@GENE_SSR4""}",711,4,1,abstract,"[""LOCAL:protein:mouse:ACP5""]",lexical_candidate_only,data/raw/discovery_pilot/21cb27e7f4a7b05f3320e5ffb015d150f972060ee765c5949eee573bc6a4d3db.json,9d4dc6b57c16c2079ee9f4906da6686aea4192c8df9ee5805aa6cd98d008edc1
42695337,51,NFATc1,Gene,18018,Nfatc1,"[{""offset"": 767, ""length"": 6}]","{""identifier"": ""18018"", ""type"": ""Gene"", ""ncbi_homologene"": ""32336"", ""valid"": true, ""normalized"": [18018], ""database"": ""ncbi_gene"", ""normalized_id"": 18018, ""biotype"": ""gene"", ""name"": ""Nfatc1"", ""accession"": ""@GENE_NFATC1""}",767,6,1,abstract,"[""LOCAL:protein:mouse:NFATC1""]",lexical_candidate_only,data/raw/discovery_pilot/21cb27e7f4a7b05f3320e5ffb015d150f972060ee765c5949eee573bc6a4d3db.json,9d4dc6b57c16c2079ee9f4906da6686aea4192c8df9ee5805aa6cd98d008edc1
42695337,52,ACOD1,Gene,16365,Acod1,"[{""offset"": 829, ""length"": 5}]","{""identifier"": ""16365"", ""type"": ""Gene"", ""ncbi_homologene"": ""35405"", ""valid"": true, ""normalized"": [16365], ""database"": ""ncbi_gene"", ""normalized_id"": 16365, ""biotype"": ""gene"", ""name"": ""Acod1"", ""accession"": ""@GENE_ACOD1""}",829,5,1,abstract,"[""LOCAL:protein:mouse:ACOD1""]",lexical_candidate_only,data/raw/discovery_pilot/21cb27e7f4a7b05f3320e5ffb015d150f972060ee765c5949eee573bc6a4d3db.json,9d4dc6b57c16c2079ee9f4906da6686aea4192c8df9ee5805aa6cd98d008edc1
42695337,53,inflammatory,Disease,MESH:D007249,Inflammation,"[{""offset"": 895, ""length"": 12}]","{""identifier"": ""MESH:D007249"", ""type"": ""Disease"", ""valid"": true, ""normalized"": [""D007249""], ""database"": ""ncbi_mesh"", ""normalized_id"": ""D007249"", ""biotype"": ""disease"", ""name"": ""Inflammation"", ""accession"": ""@DISEASE_Inflammation""}",895,12,1,abstract,[],lexical_candidate_only,data/raw/discovery_pilot/21cb27e7f4a7b05f3320e5ffb015d150f972060ee765c5949eee573bc6a4d3db.json,9d4dc6b57c16c2079ee9f4906da6686aea4192c8df9ee5805aa6cd98d008edc1
42695337,54,RANKL,Gene,21943,Tnfsf11,"[{""offset"": 920, ""length"": 5}]","{""identifier"": ""21943"", ""type"": ""Gene"", ""ncbi_homologene"": ""2744"", ""valid"": true, ""normalized"": [21943], ""database"": ""ncbi_gene"", ""normalized_id"": 21943, ""biotype"": ""gene"", ""name"": ""Tnfsf11"", ""accession"": ""@GENE_TNFSF11""}",920,5,1,abstract,"[""LOCAL:protein:mouse:TNFSF11""]",lexical_candidate_only,data/raw/discovery_pilot/21cb27e7f4a7b05f3320e5ffb015d150f972060ee765c5949eee573bc6a4d3db.json,9d4dc6b57c16c2079ee9f4906da6686aea4192c8df9ee5805aa6cd98d008edc1
42695337,55,BCL6,Gene,12053,Bcl6,"[{""offset"": 1078, ""length"": 4}]","{""identifier"": ""12053"", ""type"": ""Gene"", ""ncbi_homologene"": ""7640"", ""valid"": true, ""normalized"": [12053], ""database"": ""ncbi_gene"", ""normalized_id"": 12053, ""biotype"": ""gene"", ""name"": ""Bcl6"", ""accession"": ""@GENE_BCL6""}",1078,4,1,abstract,"[""LOCAL:protein:mouse:BCL6""]",lexical_candidate_only,data/raw/discovery_pilot/21cb27e7f4a7b05f3320e5ffb015d150f972060ee765c5949eee573bc6a4d3db.json,9d4dc6b57c16c2079ee9f4906da6686aea4192c8df9ee5805aa6cd98d008edc1
42695337,56,MafB,Gene,16658,Mafb,"[{""offset"": 1084, ""length"": 4}]","{""identifier"": ""16658"", ""type"": ""Gene"", ""ncbi_homologene"": ""31315"", ""valid"": true, ""normalized"": [16658], ""database"": ""ncbi_gene"", ""normalized_id"": 16658, ""biotype"": ""gene"", ""name"": ""Mafb"", ""accession"": ""@GENE_MAFB""}",1084,4,1,abstract,"[""LOCAL:protein:mouse:MAFB""]",lexical_candidate_only,data/raw/discovery_pilot/21cb27e7f4a7b05f3320e5ffb015d150f972060ee765c5949eee573bc6a4d3db.json,9d4dc6b57c16c2079ee9f4906da6686aea4192c8df9ee5805aa6cd98d008edc1
42695337,57,IRF8,Gene,15900,Irf8,"[{""offset"": 1094, ""length"": 4}]","{""identifier"": ""15900"", ""type"": ""Gene"", ""ncbi_homologene"": ""1629"", ""valid"": true, ""normalized"": [15900], ""database"": ""ncbi_gene"", ""normalized_id"": 15900, ""biotype"": ""gene"", ""name"": ""Irf8"", ""accession"": ""@GENE_IRF8""}",1094,4,1,abstract,"[""LOCAL:protein:mouse:IRF8""]",lexical_candidate_only,data/raw/discovery_pilot/21cb27e7f4a7b05f3320e5ffb015d150f972060ee765c5949eee573bc6a4d3db.json,9d4dc6b57c16c2079ee9f4906da6686aea4192c8df9ee5805aa6cd98d008edc1
42695337,58,GPR91,Gene,84112,Sucnr1,"[{""offset"": 1108, ""length"": 5}]","{""identifier"": ""84112"", ""type"": ""Gene"", ""ncbi_homologene"": ""41865"", ""valid"": true, ""normalized"": [84112], ""database"": ""ncbi_gene"", ""normalized_id"": 84112, ""biotype"": ""gene"", ""name"": ""Sucnr1"", ""accession"": ""@GENE_SUCNR1""}",1108,5,1,abstract,[],lexical_candidate_only,data/raw/discovery_pilot/21cb27e7f4a7b05f3320e5ffb015d150f972060ee765c5949eee573bc6a4d3db.json,9d4dc6b57c16c2079ee9f4906da6686aea4192c8df9ee5805aa6cd98d008edc1
42695337,59,Galphaq,Gene,14682,Gnaq,"[{""offset"": 1131, ""length"": 7}]","{""identifier"": ""14682"", ""type"": ""Gene"", ""ncbi_homologene"": ""1566"", ""valid"": true, ""normalized"": [14682], ""database"": ""ncbi_gene"", ""normalized_id"": 14682, ""biotype"": ""gene"", ""name"": ""Gnaq"", ""accession"": ""@GENE_GNAQ""}",1131,7,1,abstract,[],lexical_candidate_only,data/raw/discovery_pilot/21cb27e7f4a7b05f3320e5ffb015d150f972060ee765c5949eee573bc6a4d3db.json,9d4dc6b57c16c2079ee9f4906da6686aea4192c8df9ee5805aa6cd98d008edc1
42695337,60,succinate,Chemical,MESH:D019802,Succinic Acid,"[{""offset"": 1184, ""length"": 9}]","{""identifier"": ""MESH:D019802"", ""type"": ""Chemical"", ""valid"": true, ""normalized"": [""D019802""], ""database"": ""ncbi_mesh"", ""normalized_id"": ""D019802"", ""biotype"": ""chemical"", ""name"": ""Succinic Acid"", ""accession"": ""@CHEMICAL_Succinic_Acid""}",1184,9,1,abstract,"[""CHEBI:15741""]",lexical_candidate_only,data/raw/discovery_pilot/21cb27e7f4a7b05f3320e5ffb015d150f972060ee765c5949eee573bc6a4d3db.json,9d4dc6b57c16c2079ee9f4906da6686aea4192c8df9ee5805aa6cd98d008edc1
42695337,61,NFATc1,Gene,18018,Nfatc1,"[{""offset"": 1204, ""length"": 6}]","{""identifier"": ""18018"", ""type"": ""Gene"", ""ncbi_homologene"": ""32336"", ""valid"": true, ""normalized"": [18018], ""database"": ""ncbi_gene"", ""normalized_id"": 18018, ""biotype"": ""gene"", ""name"": ""Nfatc1"", ""accession"": ""@GENE_NFATC1""}",1204,6,1,abstract,"[""LOCAL:protein:mouse:NFATC1""]",lexical_candidate_only,data/raw/discovery_pilot/21cb27e7f4a7b05f3320e5ffb015d150f972060ee765c5949eee573bc6a4d3db.json,9d4dc6b57c16c2079ee9f4906da6686aea4192c8df9ee5805aa6cd98d008edc1
42695337,62,GPR91,Gene,84112,Sucnr1,"[{""offset"": 1215, ""length"": 5}]","{""identifier"": ""84112"", ""type"": ""Gene"", ""ncbi_homologene"": ""41865"", ""valid"": true, ""normalized"": [84112], ""database"": ""ncbi_gene"", ""normalized_id"": 84112, ""biotype"": ""gene"", ""name"": ""Sucnr1"", ""accession"": ""@GENE_SUCNR1""}",1215,5,1,abstract,[],lexical_candidate_only,data/raw/discovery_pilot/21cb27e7f4a7b05f3320e5ffb015d150f972060ee765c5949eee573bc6a4d3db.json,9d4dc6b57c16c2079ee9f4906da6686aea4192c8df9ee5805aa6cd98d008edc1
42695337,63,Galphaq,Gene,14682,Gnaq,"[{""offset"": 1221, ""length"": 7}]","{""identifier"": ""14682"", ""type"": ""Gene"", ""ncbi_homologene"": ""1566"", ""valid"": true, ""normalized"": [14682], ""database"": ""ncbi_gene"", ""normalized_id"": 14682, ""biotype"": ""gene"", ""name"": ""Gnaq"", ""accession"": ""@GENE_GNAQ""}",1221,7,1,abstract,[],lexical_candidate_only,data/raw/discovery_pilot/21cb27e7f4a7b05f3320e5ffb015d150f972060ee765c5949eee573bc6a4d3db.json,9d4dc6b57c16c2079ee9f4906da6686aea4192c8df9ee5805aa6cd98d008edc1
42695337,64,ACOD1,Gene,16365,Acod1,"[{""offset"": 1278, ""length"": 5}]","{""identifier"": ""16365"", ""type"": ""Gene"", ""ncbi_homologene"": ""35405"", ""valid"": true, ""normalized"": [16365], ""database"": ""ncbi_gene"", ""normalized_id"": 16365, ""biotype"": ""gene"", ""name"": ""Acod1"", ""accession"": ""@GENE_ACOD1""}",1278,5,1,abstract,"[""LOCAL:protein:mouse:ACOD1""]",lexical_candidate_only,data/raw/discovery_pilot/21cb27e7f4a7b05f3320e5ffb015d150f972060ee765c5949eee573bc6a4d3db.json,9d4dc6b57c16c2079ee9f4906da6686aea4192c8df9ee5805aa6cd98d008edc1
42695337,65,succinate,Chemical,MESH:D019802,Succinic Acid,"[{""offset"": 1421, ""length"": 9}]","{""identifier"": ""MESH:D019802"", ""type"": ""Chemical"", ""valid"": true, ""normalized"": [""D019802""], ""database"": ""ncbi_mesh"", ""normalized_id"": ""D019802"", ""biotype"": ""chemical"", ""name"": ""Succinic Acid"", ""accession"": ""@CHEMICAL_Succinic_Acid""}",1421,9,1,abstract,"[""CHEBI:15741""]",lexical_candidate_only,data/raw/discovery_pilot/21cb27e7f4a7b05f3320e5ffb015d150f972060ee765c5949eee573bc6a4d3db.json,9d4dc6b57c16c2079ee9f4906da6686aea4192c8df9ee5805aa6cd98d008edc1
42695337,66,GPR91,Gene,84112,Sucnr1,"[{""offset"": 1431, ""length"": 5}]","{""identifier"": ""84112"", ""type"": ""Gene"", ""ncbi_homologene"": ""41865"", ""valid"": true, ""normalized"": [84112], ""database"": ""ncbi_gene"", ""normalized_id"": 84112, ""biotype"": ""gene"", ""name"": ""Sucnr1"", ""accession"": ""@GENE_SUCNR1""}",1431,5,1,abstract,[],lexical_candidate_only,data/raw/discovery_pilot/21cb27e7f4a7b05f3320e5ffb015d150f972060ee765c5949eee573bc6a4d3db.json,9d4dc6b57c16c2079ee9f4906da6686aea4192c8df9ee5805aa6cd98d008edc1
42695337,67,inflammatory,Disease,MESH:D007249,Inflammation,"[{""offset"": 1489, ""length"": 12}]","{""identifier"": ""MESH:D007249"", ""type"": ""Disease"", ""valid"": true, ""normalized"": [""D007249""], ""database"": ""ncbi_mesh"", ""normalized_id"": ""D007249"", ""biotype"": ""disease"", ""name"": ""Inflammation"", ""accession"": ""@DISEASE_Inflammation""}",1489,12,1,abstract,[],lexical_candidate_only,data/raw/discovery_pilot/21cb27e7f4a7b05f3320e5ffb015d150f972060ee765c5949eee573bc6a4d3db.json,9d4dc6b57c16c2079ee9f4906da6686aea4192c8df9ee5805aa6cd98d008edc1
42757825,4,Prmt6,Gene,99890,Prmt6,"[{""offset"": 0, ""length"": 5}]","{""identifier"": ""99890"", ""type"": ""Gene"", ""ncbi_homologene"": ""10024"", ""valid"": true, ""normalized"": [99890], ""database"": ""ncbi_gene"", ""normalized_id"": 99890, ""biotype"": ""gene"", ""name"": ""Prmt6"", ""accession"": ""@GENE_PRMT6""}",0,5,0,title,"[""LOCAL:protein:mouse:PRMT6""]",lexical_candidate_only,data/raw/discovery_pilot/21cb27e7f4a7b05f3320e5ffb015d150f972060ee765c5949eee573bc6a4d3db.json,9d4dc6b57c16c2079ee9f4906da6686aea4192c8df9ee5805aa6cd98d008edc1
42757825,5,Osteoporosis,Disease,MESH:D010024,Osteoporosis,"[{""offset"": 68, ""length"": 12}]","{""identifier"": ""MESH:D010024"", ""type"": ""Disease"", ""valid"": true, ""normalized"": [""D010024""], ""database"": ""ncbi_mesh"", ""normalized_id"": ""D010024"", ""biotype"": ""disease"", ""name"": ""Osteoporosis"", ""accession"": ""@DISEASE_Osteoporosis""}",68,12,0,title,[],lexical_candidate_only,data/raw/discovery_pilot/21cb27e7f4a7b05f3320e5ffb015d150f972060ee765c5949eee573bc6a4d3db.json,9d4dc6b57c16c2079ee9f4906da6686aea4192c8df9ee5805aa6cd98d008edc1
42757825,6,Sting,Gene,72512,Tmem173,"[{""offset"": 124, ""length"": 5}]","{""identifier"": ""72512"", ""type"": ""Gene"", ""ncbi_homologene"": ""18868"", ""valid"": true, ""normalized"": [72512], ""database"": ""ncbi_gene"", ""normalized_id"": 72512, ""biotype"": ""gene"", ""name"": ""Tmem173"", ""accession"": ""@GENE_TMEM173""}",124,5,0,title,[],lexical_candidate_only,data/raw/discovery_pilot/21cb27e7f4a7b05f3320e5ffb015d150f972060ee765c5949eee573bc6a4d3db.json,9d4dc6b57c16c2079ee9f4906da6686aea4192c8df9ee5805aa6cd98d008edc1
42757825,7,Ifitm3,Gene,66141,Ifitm3,"[{""offset"": 130, ""length"": 6}]","{""identifier"": ""66141"", ""type"": ""Gene"", ""ncbi_homologene"": ""136199"", ""valid"": true, ""normalized"": [66141], ""database"": ""ncbi_gene"", ""normalized_id"": 66141, ""biotype"": ""gene"", ""name"": ""Ifitm3"", ""accession"": ""@GENE_IFITM3""}",130,6,0,title,[],lexical_candidate_only,data/raw/discovery_pilot/21cb27e7f4a7b05f3320e5ffb015d150f972060ee765c5949eee573bc6a4d3db.json,9d4dc6b57c16c2079ee9f4906da6686aea4192c8df9ee5805aa6cd98d008edc1
42757825,32,Prmt6,Gene,99890,Prmt6,"[{""offset"": 184, ""length"": 5}]","{""identifier"": ""99890"", ""type"": ""Gene"", ""ncbi_homologene"": ""10024"", ""valid"": true, ""normalized"": [99890], ""database"": ""ncbi_gene"", ""normalized_id"": 99890, ""biotype"": ""gene"", ""name"": ""Prmt6"", ""accession"": ""@GENE_PRMT6""}",184,5,1,abstract,"[""LOCAL:protein:mouse:PRMT6""]",lexical_candidate_only,data/raw/discovery_pilot/21cb27e7f4a7b05f3320e5ffb015d150f972060ee765c5949eee573bc6a4d3db.json,9d4dc6b57c16c2079ee9f4906da6686aea4192c8df9ee5805aa6cd98d008edc1
42757825,33,Gal,Gene,14419,Gal,"[{""offset"": 361, ""length"": 3}]","{""identifier"": ""14419"", ""type"": ""Gene"", ""ncbi_homologene"": ""7724"", ""valid"": true, ""normalized"": [14419], ""database"": ""ncbi_gene"", ""normalized_id"": 14419, ""biotype"": ""gene"", ""name"": ""Gal"", ""accession"": ""@GENE_GAL""}",361,3,1,abstract,[],lexical_candidate_only,data/raw/discovery_pilot/21cb27e7f4a7b05f3320e5ffb015d150f972060ee765c5949eee573bc6a4d3db.json,9d4dc6b57c16c2079ee9f4906da6686aea4192c8df9ee5805aa6cd98d008edc1
42757825,34,Prmt6,Gene,99890,Prmt6,"[{""offset"": 449, ""length"": 5}]","{""identifier"": ""99890"", ""type"": ""Gene"", ""ncbi_homologene"": ""10024"", ""valid"": true, ""normalized"": [99890], ""database"": ""ncbi_gene"", ""normalized_id"": 99890, ""biotype"": ""gene"", ""name"": ""Prmt6"", ""accession"": ""@GENE_PRMT6""}",449,5,1,abstract,"[""LOCAL:protein:mouse:PRMT6""]",lexical_candidate_only,data/raw/discovery_pilot/21cb27e7f4a7b05f3320e5ffb015d150f972060ee765c5949eee573bc6a4d3db.json,9d4dc6b57c16c2079ee9f4906da6686aea4192c8df9ee5805aa6cd98d008edc1
42757825,35,Sting,Gene,72512,Tmem173,"[{""offset"": 464, ""length"": 5}]","{""identifier"": ""72512"", ""type"": ""Gene"", ""ncbi_homologene"": ""18868"", ""valid"": true, ""normalized"": [72512], ""database"": ""ncbi_gene"", ""normalized_id"": 72512, ""biotype"": ""gene"", ""name"": ""Tmem173"", ""accession"": ""@GENE_TMEM173""}",464,5,1,abstract,[],lexical_candidate_only,data/raw/discovery_pilot/21cb27e7f4a7b05f3320e5ffb015d150f972060ee765c5949eee573bc6a4d3db.json,9d4dc6b57c16c2079ee9f4906da6686aea4192c8df9ee5805aa6cd98d008edc1
42757825,36,Ifitm3,Gene,66141,Ifitm3,"[{""offset"": 470, ""length"": 6}]","{""identifier"": ""66141"", ""type"": ""Gene"", ""ncbi_homologene"": ""136199"", ""valid"": true, ""normalized"": [66141], ""database"": ""ncbi_gene"", ""normalized_id"": 66141, ""biotype"": ""gene"", ""name"": ""Ifitm3"", ""accession"": ""@GENE_IFITM3""}",470,6,1,abstract,[],lexical_candidate_only,data/raw/discovery_pilot/21cb27e7f4a7b05f3320e5ffb015d150f972060ee765c5949eee573bc6a4d3db.json,9d4dc6b57c16c2079ee9f4906da6686aea4192c8df9ee5805aa6cd98d008edc1
42757825,37,osteoporosis,Disease,MESH:D010024,Osteoporosis,"[{""offset"": 573, ""length"": 12}]","{""identifier"": ""MESH:D010024"", ""type"": ""Disease"", ""valid"": true, ""normalized"": [""D010024""], ""database"": ""ncbi_mesh"", ""normalized_id"": ""D010024"", ""biotype"": ""disease"", ""name"": ""Osteoporosis"", ""accession"": ""@DISEASE_Osteoporosis""}",573,12,1,abstract,[],lexical_candidate_only,data/raw/discovery_pilot/21cb27e7f4a7b05f3320e5ffb015d150f972060ee765c5949eee573bc6a4d3db.json,9d4dc6b57c16c2079ee9f4906da6686aea4192c8df9ee5805aa6cd98d008edc1
42757825,38,Prmt6,Gene,99890,Prmt6,"[{""offset"": 671, ""length"": 5}]","{""identifier"": ""99890"", ""type"": ""Gene"", ""ncbi_homologene"": ""10024"", ""valid"": true, ""normalized"": [99890], ""database"": ""ncbi_gene"", ""normalized_id"": 99890, ""biotype"": ""gene"", ""name"": ""Prmt6"", ""accession"": ""@GENE_PRMT6""}",671,5,1,abstract,"[""LOCAL:protein:mouse:PRMT6""]",lexical_candidate_only,data/raw/discovery_pilot/21cb27e7f4a7b05f3320e5ffb015d150f972060ee765c5949eee573bc6a4d3db.json,9d4dc6b57c16c2079ee9f4906da6686aea4192c8df9ee5805aa6cd98d008edc1
42757825,39,bone loss,Disease,MESH:D001847,Bone Diseases,"[{""offset"": 695, ""length"": 9}]","{""identifier"": ""MESH:D001847"", ""type"": ""Disease"", ""valid"": true, ""normalized"": [""D001847""], ""database"": ""ncbi_mesh"", ""normalized_id"": ""D001847"", ""biotype"": ""disease"", ""name"": ""Bone Diseases"", ""accession"": ""@DISEASE_Bone_Diseases""}",695,9,1,abstract,[],lexical_candidate_only,data/raw/discovery_pilot/21cb27e7f4a7b05f3320e5ffb015d150f972060ee765c5949eee573bc6a4d3db.json,9d4dc6b57c16c2079ee9f4906da6686aea4192c8df9ee5805aa6cd98d008edc1
42757825,40,mice,Species,10090,10090,"[{""offset"": 742, ""length"": 4}]","{""identifier"": ""10090"", ""type"": ""Species"", ""valid"": true, ""normalized"": [10090], ""database"": ""ncbi_taxonomy"", ""normalized_id"": 10090, ""biotype"": ""species"", ""name"": ""10090"", ""accession"": null}",742,4,1,abstract,[],lexical_candidate_only,data/raw/discovery_pilot/21cb27e7f4a7b05f3320e5ffb015d150f972060ee765c5949eee573bc6a4d3db.json,9d4dc6b57c16c2079ee9f4906da6686aea4192c8df9ee5805aa6cd98d008edc1
42757825,41,Prmt6,Gene,99890,Prmt6,"[{""offset"": 765, ""length"": 5}]","{""identifier"": ""99890"", ""type"": ""Gene"", ""ncbi_homologene"": ""10024"", ""valid"": true, ""normalized"": [99890], ""database"": ""ncbi_gene"", ""normalized_id"": 99890, ""biotype"": ""gene"", ""name"": ""Prmt6"", ""accession"": ""@GENE_PRMT6""}",765,5,1,abstract,"[""LOCAL:protein:mouse:PRMT6""]",lexical_candidate_only,data/raw/discovery_pilot/21cb27e7f4a7b05f3320e5ffb015d150f972060ee765c5949eee573bc6a4d3db.json,9d4dc6b57c16c2079ee9f4906da6686aea4192c8df9ee5805aa6cd98d008edc1
42757825,42,Sting,Gene,72512,Tmem173,"[{""offset"": 874, ""length"": 5}]","{""identifier"": ""72512"", ""type"": ""Gene"", ""ncbi_homologene"": ""18868"", ""valid"": true, ""normalized"": [72512], ""database"": ""ncbi_gene"", ""normalized_id"": 72512, ""biotype"": ""gene"", ""name"": ""Tmem173"", ""accession"": ""@GENE_TMEM173""}",874,5,1,abstract,[],lexical_candidate_only,data/raw/discovery_pilot/21cb27e7f4a7b05f3320e5ffb015d150f972060ee765c5949eee573bc6a4d3db.json,9d4dc6b57c16c2079ee9f4906da6686aea4192c8df9ee5805aa6cd98d008edc1
42757825,43,Sting,Gene,72512,Tmem173,"[{""offset"": 1009, ""length"": 5}]","{""identifier"": ""72512"", ""type"": ""Gene"", ""ncbi_homologene"": ""18868"", ""valid"": true, ""normalized"": [72512], ""database"": ""ncbi_gene"", ""normalized_id"": 72512, ""biotype"": ""gene"", ""name"": ""Tmem173"", ""accession"": ""@GENE_TMEM173""}",1009,5,1,abstract,[],lexical_candidate_only,data/raw/discovery_pilot/21cb27e7f4a7b05f3320e5ffb015d150f972060ee765c5949eee573bc6a4d3db.json,9d4dc6b57c16c2079ee9f4906da6686aea4192c8df9ee5805aa6cd98d008edc1
42757825,44,Ifitm3,Gene,66141,Ifitm3,"[{""offset"": 1087, ""length"": 6}]","{""identifier"": ""66141"", ""type"": ""Gene"", ""ncbi_homologene"": ""136199"", ""valid"": true, ""normalized"": [66141], ""database"": ""ncbi_gene"", ""normalized_id"": 66141, ""biotype"": ""gene"", ""name"": ""Ifitm3"", ""accession"": ""@GENE_IFITM3""}",1087,6,1,abstract,[],lexical_candidate_only,data/raw/discovery_pilot/21cb27e7f4a7b05f3320e5ffb015d150f972060ee765c5949eee573bc6a4d3db.json,9d4dc6b57c16c2079ee9f4906da6686aea4192c8df9ee5805aa6cd98d008edc1
42757825,45,Sting,Gene,72512,Tmem173,"[{""offset"": 1144, ""length"": 5}]","{""identifier"": ""72512"", ""type"": ""Gene"", ""ncbi_homologene"": ""18868"", ""valid"": true, ""normalized"": [72512], ""database"": ""ncbi_gene"", ""normalized_id"": 72512, ""biotype"": ""gene"", ""name"": ""Tmem173"", ""accession"": ""@GENE_TMEM173""}",1144,5,1,abstract,[],lexical_candidate_only,data/raw/discovery_pilot/21cb27e7f4a7b05f3320e5ffb015d150f972060ee765c5949eee573bc6a4d3db.json,9d4dc6b57c16c2079ee9f4906da6686aea4192c8df9ee5805aa6cd98d008edc1
42757825,46,Ifitm3,Gene,66141,Ifitm3,"[{""offset"": 1167, ""length"": 6}]","{""identifier"": ""66141"", ""type"": ""Gene"", ""ncbi_homologene"": ""136199"", ""valid"": true, ""normalized"": [66141], ""database"": ""ncbi_gene"", ""normalized_id"": 66141, ""biotype"": ""gene"", ""name"": ""Ifitm3"", ""accession"": ""@GENE_IFITM3""}",1167,6,1,abstract,[],lexical_candidate_only,data/raw/discovery_pilot/21cb27e7f4a7b05f3320e5ffb015d150f972060ee765c5949eee573bc6a4d3db.json,9d4dc6b57c16c2079ee9f4906da6686aea4192c8df9ee5805aa6cd98d008edc1
42757825,47,Prmt6,Gene,99890,Prmt6,"[{""offset"": 1273, ""length"": 5}]","{""identifier"": ""99890"", ""type"": ""Gene"", ""ncbi_homologene"": ""10024"", ""valid"": true, ""normalized"": [99890], ""database"": ""ncbi_gene"", ""normalized_id"": 99890, ""biotype"": ""gene"", ""name"": ""Prmt6"", ""accession"": ""@GENE_PRMT6""}",1273,5,1,abstract,"[""LOCAL:protein:mouse:PRMT6""]",lexical_candidate_only,data/raw/discovery_pilot/21cb27e7f4a7b05f3320e5ffb015d150f972060ee765c5949eee573bc6a4d3db.json,9d4dc6b57c16c2079ee9f4906da6686aea4192c8df9ee5805aa6cd98d008edc1
42757825,48,Sting,Gene,72512,Tmem173,"[{""offset"": 1325, ""length"": 5}]","{""identifier"": ""72512"", ""type"": ""Gene"", ""ncbi_homologene"": ""18868"", ""valid"": true, ""normalized"": [72512], ""database"": ""ncbi_gene"", ""normalized_id"": 72512, ""biotype"": ""gene"", ""name"": ""Tmem173"", ""accession"": ""@GENE_TMEM173""}",1325,5,1,abstract,[],lexical_candidate_only,data/raw/discovery_pilot/21cb27e7f4a7b05f3320e5ffb015d150f972060ee765c5949eee573bc6a4d3db.json,9d4dc6b57c16c2079ee9f4906da6686aea4192c8df9ee5805aa6cd98d008edc1
42757825,49,Ifitm3,Gene,66141,Ifitm3,"[{""offset"": 1335, ""length"": 6}]","{""identifier"": ""66141"", ""type"": ""Gene"", ""ncbi_homologene"": ""136199"", ""valid"": true, ""normalized"": [66141], ""database"": ""ncbi_gene"", ""normalized_id"": 66141, ""biotype"": ""gene"", ""name"": ""Ifitm3"", ""accession"": ""@GENE_IFITM3""}",1335,6,1,abstract,[],lexical_candidate_only,data/raw/discovery_pilot/21cb27e7f4a7b05f3320e5ffb015d150f972060ee765c5949eee573bc6a4d3db.json,9d4dc6b57c16c2079ee9f4906da6686aea4192c8df9ee5805aa6cd98d008edc1
42757825,50,Prmt6,Gene,99890,Prmt6,"[{""offset"": 1421, ""length"": 5}]","{""identifier"": ""99890"", ""type"": ""Gene"", ""ncbi_homologene"": ""10024"", ""valid"": true, ""normalized"": [99890], ""database"": ""ncbi_gene"", ""normalized_id"": 99890, ""biotype"": ""gene"", ""name"": ""Prmt6"", ""accession"": ""@GENE_PRMT6""}",1421,5,1,abstract,"[""LOCAL:protein:mouse:PRMT6""]",lexical_candidate_only,data/raw/discovery_pilot/21cb27e7f4a7b05f3320e5ffb015d150f972060ee765c5949eee573bc6a4d3db.json,9d4dc6b57c16c2079ee9f4906da6686aea4192c8df9ee5805aa6cd98d008edc1
42757825,51,Sting,Gene,72512,Tmem173,"[{""offset"": 1436, ""length"": 5}]","{""identifier"": ""72512"", ""type"": ""Gene"", ""ncbi_homologene"": ""18868"", ""valid"": true, ""normalized"": [72512], ""database"": ""ncbi_gene"", ""normalized_id"": 72512, ""biotype"": ""gene"", ""name"": ""Tmem173"", ""accession"": ""@GENE_TMEM173""}",1436,5,1,abstract,[],lexical_candidate_only,data/raw/discovery_pilot/21cb27e7f4a7b05f3320e5ffb015d150f972060ee765c5949eee573bc6a4d3db.json,9d4dc6b57c16c2079ee9f4906da6686aea4192c8df9ee5805aa6cd98d008edc1
42757825,52,Ifitm3,Gene,66141,Ifitm3,"[{""offset"": 1442, ""length"": 6}]","{""identifier"": ""66141"", ""type"": ""Gene"", ""ncbi_homologene"": ""136199"", ""valid"": true, ""normalized"": [66141], ""database"": ""ncbi_gene"", ""normalized_id"": 66141, ""biotype"": ""gene"", ""name"": ""Ifitm3"", ""accession"": ""@GENE_IFITM3""}",1442,6,1,abstract,[],lexical_candidate_only,data/raw/discovery_pilot/21cb27e7f4a7b05f3320e5ffb015d150f972060ee765c5949eee573bc6a4d3db.json,9d4dc6b57c16c2079ee9f4906da6686aea4192c8df9ee5805aa6cd98d008edc1
42757825,53,Sting,Gene,72512,Tmem173,"[{""offset"": 1547, ""length"": 5}]","{""identifier"": ""72512"", ""type"": ""Gene"", ""ncbi_homologene"": ""18868"", ""valid"": true, ""normalized"": [72512], ""database"": ""ncbi_gene"", ""normalized_id"": 72512, ""biotype"": ""gene"", ""name"": ""Tmem173"", ""accession"": ""@GENE_TMEM173""}",1547,5,1,abstract,[],lexical_candidate_only,data/raw/discovery_pilot/21cb27e7f4a7b05f3320e5ffb015d150f972060ee765c5949eee573bc6a4d3db.json,9d4dc6b57c16c2079ee9f4906da6686aea4192c8df9ee5805aa6cd98d008edc1
42757825,54,Ifitm3,Gene,66141,Ifitm3,"[{""offset"": 1553, ""length"": 6}]","{""identifier"": ""66141"", ""type"": ""Gene"", ""ncbi_homologene"": ""136199"", ""valid"": true, ""normalized"": [66141], ""database"": ""ncbi_gene"", ""normalized_id"": 66141, ""biotype"": ""gene"", ""name"": ""Ifitm3"", ""accession"": ""@GENE_IFITM3""}",1553,6,1,abstract,[],lexical_candidate_only,data/raw/discovery_pilot/21cb27e7f4a7b05f3320e5ffb015d150f972060ee765c5949eee573bc6a4d3db.json,9d4dc6b57c16c2079ee9f4906da6686aea4192c8df9ee5805aa6cd98d008edc1
42757825,55,osteoporosis,Disease,MESH:D010024,Osteoporosis,"[{""offset"": 1661, ""length"": 12}]","{""identifier"": ""MESH:D010024"", ""type"": ""Disease"", ""valid"": true, ""normalized"": [""D010024""], ""database"": ""ncbi_mesh"", ""normalized_id"": ""D010024"", ""biotype"": ""disease"", ""name"": ""Osteoporosis"", ""accession"": ""@DISEASE_Osteoporosis""}",1661,12,1,abstract,[],lexical_candidate_only,data/raw/discovery_pilot/21cb27e7f4a7b05f3320e5ffb015d150f972060ee765c5949eee573bc6a4d3db.json,9d4dc6b57c16c2079ee9f4906da6686aea4192c8df9ee5805aa6cd98d008edc1
39870006,4,IRG1,Gene,16365,Acod1,"[{""offset"": 15, ""length"": 4}]","{""identifier"": ""16365"", ""type"": ""Gene"", ""ncbi_homologene"": ""35405"", ""valid"": true, ""normalized"": [16365], ""database"": ""ncbi_gene"", ""normalized_id"": 16365, ""biotype"": ""gene"", ""name"": ""Acod1"", ""accession"": ""@GENE_ACOD1""}",15,4,0,title,"[""LOCAL:protein:mouse:ACOD1""]",lexical_candidate_only,data/raw/discovery_pilot/41328b09b84b1c660d9742483f62b8d62b0eb2d54f5bef114eff582717ce60b5.json,31f58a173ecfc980f380db2685c46abaf3f28080252a33436a4ad185d1153e32
39870006,5,bone loss,Disease,MESH:D001847,Bone Diseases,"[{""offset"": 32, ""length"": 9}]","{""identifier"": ""MESH:D001847"", ""type"": ""Disease"", ""valid"": true, ""normalized"": [""D001847""], ""database"": ""ncbi_mesh"", ""normalized_id"": ""D001847"", ""biotype"": ""disease"", ""name"": ""Bone Diseases"", ""accession"": ""@DISEASE_Bone_Diseases""}",32,9,0,title,[],lexical_candidate_only,data/raw/discovery_pilot/41328b09b84b1c660d9742483f62b8d62b0eb2d54f5bef114eff582717ce60b5.json,31f58a173ecfc980f380db2685c46abaf3f28080252a33436a4ad185d1153e32
39870006,6,mouse,Species,10090,10090,"[{""offset"": 47, ""length"": 5}]","{""identifier"": ""10090"", ""type"": ""Species"", ""valid"": true, ""normalized"": [10090], ""database"": ""ncbi_taxonomy"", ""normalized_id"": 10090, ""biotype"": ""species"", ""name"": ""10090"", ""accession"": null}",47,5,0,title,[],lexical_candidate_only,data/raw/discovery_pilot/41328b09b84b1c660d9742483f62b8d62b0eb2d54f5bef114eff582717ce60b5.json,31f58a173ecfc980f380db2685c46abaf3f28080252a33436a4ad185d1153e32
39870006,7,osteoporosis,Disease,MESH:D010024,Osteoporosis,"[{""offset"": 82, ""length"": 12}]","{""identifier"": ""MESH:D010024"", ""type"": ""Disease"", ""valid"": true, ""normalized"": [""D010024""], ""database"": ""ncbi_mesh"", ""normalized_id"": ""D010024"", ""biotype"": ""disease"", ""name"": ""Osteoporosis"", ""accession"": ""@DISEASE_Osteoporosis""}",82,12,0,title,[],lexical_candidate_only,data/raw/discovery_pilot/41328b09b84b1c660d9742483f62b8d62b0eb2d54f5bef114eff582717ce60b5.json,31f58a173ecfc980f380db2685c46abaf3f28080252a33436a4ad185d1153e32
39870006,48,immune-responsive gene 1,Gene,16365,Acod1,"[{""offset"": 191, ""length"": 24}]","{""identifier"": ""16365"", ""type"": ""Gene"", ""ncbi_homologene"": ""35405"", ""valid"": true, ""normalized"": [16365], ""database"": ""ncbi_gene"", ""normalized_id"": 16365, ""biotype"": ""gene"", ""name"": ""Acod1"", ""accession"": ""@GENE_ACOD1""}",191,24,1,abstract,"[""LOCAL:protein:mouse:ACOD1""]",lexical_candidate_only,data/raw/discovery_pilot/41328b09b84b1c660d9742483f62b8d62b0eb2d54f5bef114eff582717ce60b5.json,31f58a173ecfc980f380db2685c46abaf3f28080252a33436a4ad185d1153e32
39870006,49,IRG1,Gene,16365,Acod1,"[{""offset"": 217, ""length"": 4}]","{""identifier"": ""16365"", ""type"": ""Gene"", ""ncbi_homologene"": ""35405"", ""valid"": true, ""normalized"": [16365], ""database"": ""ncbi_gene"", ""normalized_id"": 16365, ""biotype"": ""gene"", ""name"": ""Acod1"", ""accession"": ""@GENE_ACOD1""}",217,4,1,abstract,"[""LOCAL:protein:mouse:ACOD1""]",lexical_candidate_only,data/raw/discovery_pilot/41328b09b84b1c660d9742483f62b8d62b0eb2d54f5bef114eff582717ce60b5.json,31f58a173ecfc980f380db2685c46abaf3f28080252a33436a4ad185d1153e32
39870006,50,itaconate,Chemical,MESH:C005229,itaconic acid,"[{""offset"": 372, ""length"": 9}]","{""identifier"": ""MESH:C005229"", ""type"": ""Chemical"", ""valid"": true, ""normalized"": [""C005229""], ""database"": ""ncbi_mesh"", ""normalized_id"": ""C005229"", ""biotype"": ""chemical"", ""name"": ""itaconic acid"", ""accession"": ""@CHEMICAL_itaconic_acid""}",372,9,1,abstract,"[""CHEBI:30805""]",lexical_candidate_only,data/raw/discovery_pilot/41328b09b84b1c660d9742483f62b8d62b0eb2d54f5bef114eff582717ce60b5.json,31f58a173ecfc980f380db2685c46abaf3f28080252a33436a4ad185d1153e32
39870006,51,IRG1,Gene,16365,Acod1,"[{""offset"": 435, ""length"": 4}]","{""identifier"": ""16365"", ""type"": ""Gene"", ""ncbi_homologene"": ""35405"", ""valid"": true, ""normalized"": [16365], ""database"": ""ncbi_gene"", ""normalized_id"": 16365, ""biotype"": ""gene"", ""name"": ""Acod1"", ""accession"": ""@GENE_ACOD1""}",435,4,1,abstract,"[""LOCAL:protein:mouse:ACOD1""]",lexical_candidate_only,data/raw/discovery_pilot/41328b09b84b1c660d9742483f62b8d62b0eb2d54f5bef114eff582717ce60b5.json,31f58a173ecfc980f380db2685c46abaf3f28080252a33436a4ad185d1153e32
39870006,52,itaconate,Chemical,MESH:C005229,itaconic acid,"[{""offset"": 444, ""length"": 9}]","{""identifier"": ""MESH:C005229"", ""type"": ""Chemical"", ""valid"": true, ""normalized"": [""C005229""], ""database"": ""ncbi_mesh"", ""normalized_id"": ""C005229"", ""biotype"": ""chemical"", ""name"": ""itaconic acid"", ""accession"": ""@CHEMICAL_itaconic_acid""}",444,9,1,abstract,"[""CHEBI:30805""]",lexical_candidate_only,data/raw/discovery_pilot/41328b09b84b1c660d9742483f62b8d62b0eb2d54f5bef114eff582717ce60b5.json,31f58a173ecfc980f380db2685c46abaf3f28080252a33436a4ad185d1153e32
39870006,53,IRG1,Gene,16365,Acod1,"[{""offset"": 519, ""length"": 4}]","{""identifier"": ""16365"", ""type"": ""Gene"", ""ncbi_homologene"": ""35405"", ""valid"": true, ""normalized"": [16365], ""database"": ""ncbi_gene"", ""normalized_id"": 16365, ""biotype"": ""gene"", ""name"": ""Acod1"", ""accession"": ""@GENE_ACOD1""}",519,4,1,abstract,"[""LOCAL:protein:mouse:ACOD1""]",lexical_candidate_only,data/raw/discovery_pilot/41328b09b84b1c660d9742483f62b8d62b0eb2d54f5bef114eff582717ce60b5.json,31f58a173ecfc980f380db2685c46abaf3f28080252a33436a4ad185d1153e32
39870006,54,osteoporosis,Disease,MESH:D010024,Osteoporosis,"[{""offset"": 527, ""length"": 12}]","{""identifier"": ""MESH:D010024"", ""type"": ""Disease"", ""valid"": true, ""normalized"": [""D010024""], ""database"": ""ncbi_mesh"", ""normalized_id"": ""D010024"", ""biotype"": ""disease"", ""name"": ""Osteoporosis"", ""accession"": ""@DISEASE_Osteoporosis""}",527,12,1,abstract,[],lexical_candidate_only,data/raw/discovery_pilot/41328b09b84b1c660d9742483f62b8d62b0eb2d54f5bef114eff582717ce60b5.json,31f58a173ecfc980f380db2685c46abaf3f28080252a33436a4ad185d1153e32
39870006,55,IRG1,Gene,16365,Acod1,"[{""offset"": 615, ""length"": 4}]","{""identifier"": ""16365"", ""type"": ""Gene"", ""ncbi_homologene"": ""35405"", ""valid"": true, ""normalized"": [16365], ""database"": ""ncbi_gene"", ""normalized_id"": 16365, ""biotype"": ""gene"", ""name"": ""Acod1"", ""accession"": ""@GENE_ACOD1""}",615,4,1,abstract,"[""LOCAL:protein:mouse:ACOD1""]",lexical_candidate_only,data/raw/discovery_pilot/41328b09b84b1c660d9742483f62b8d62b0eb2d54f5bef114eff582717ce60b5.json,31f58a173ecfc980f380db2685c46abaf3f28080252a33436a4ad185d1153e32
39870006,56,osteoporosis,Disease,MESH:D010024,Osteoporosis,"[{""offset"": 623, ""length"": 12}]","{""identifier"": ""MESH:D010024"", ""type"": ""Disease"", ""valid"": true, ""normalized"": [""D010024""], ""database"": ""ncbi_mesh"", ""normalized_id"": ""D010024"", ""biotype"": ""disease"", ""name"": ""Osteoporosis"", ""accession"": ""@DISEASE_Osteoporosis""}",623,12,1,abstract,[],lexical_candidate_only,data/raw/discovery_pilot/41328b09b84b1c660d9742483f62b8d62b0eb2d54f5bef114eff582717ce60b5.json,31f58a173ecfc980f380db2685c46abaf3f28080252a33436a4ad185d1153e32
39870006,57,IRG1,Gene,16365,Acod1,"[{""offset"": 663, ""length"": 4}]","{""identifier"": ""16365"", ""type"": ""Gene"", ""ncbi_homologene"": ""35405"", ""valid"": true, ""normalized"": [16365], ""database"": ""ncbi_gene"", ""normalized_id"": 16365, ""biotype"": ""gene"", ""name"": ""Acod1"", ""accession"": ""@GENE_ACOD1""}",663,4,1,abstract,"[""LOCAL:protein:mouse:ACOD1""]",lexical_candidate_only,data/raw/discovery_pilot/41328b09b84b1c660d9742483f62b8d62b0eb2d54f5bef114eff582717ce60b5.json,31f58a173ecfc980f380db2685c46abaf3f28080252a33436a4ad185d1153e32
39870006,58,mice,Species,10090,10090,"[{""offset"": 682, ""length"": 4}]","{""identifier"": ""10090"", ""type"": ""Species"", ""valid"": true, ""normalized"": [10090], ""database"": ""ncbi_taxonomy"", ""normalized_id"": 10090, ""biotype"": ""species"", ""name"": ""10090"", ""accession"": null}",682,4,1,abstract,[],lexical_candidate_only,data/raw/discovery_pilot/41328b09b84b1c660d9742483f62b8d62b0eb2d54f5bef114eff582717ce60b5.json,31f58a173ecfc980f380db2685c46abaf3f28080252a33436a4ad185d1153e32
39870006,59,OVX,Disease,,,"[{""offset"": 715, ""length"": 3}]","{""type"": ""Disease"", ""valid"": false, ""normalized_id"": null, ""biotype"": ""disease""}",715,3,1,abstract,[],lexical_candidate_only,data/raw/discovery_pilot/41328b09b84b1c660d9742483f62b8d62b0eb2d54f5bef114eff582717ce60b5.json,31f58a173ecfc980f380db2685c46abaf3f28080252a33436a4ad185d1153e32
39870006,60,osteoporosis,Disease,MESH:D010024,Osteoporosis,"[{""offset"": 728, ""length"": 12}]","{""identifier"": ""MESH:D010024"", ""type"": ""Disease"", ""valid"": true, ""normalized"": [""D010024""], ""database"": ""ncbi_mesh"", ""normalized_id"": ""D010024"", ""biotype"": ""disease"", ""name"": ""Osteoporosis"", ""accession"": ""@DISEASE_Osteoporosis""}",728,12,1,abstract,[],lexical_candidate_only,data/raw/discovery_pilot/41328b09b84b1c660d9742483f62b8d62b0eb2d54f5bef114eff582717ce60b5.json,31f58a173ecfc980f380db2685c46abaf3f28080252a33436a4ad185d1153e32
39870006,61,IRG1,Gene,16365,Acod1,"[{""offset"": 760, ""length"": 4}]","{""identifier"": ""16365"", ""type"": ""Gene"", ""ncbi_homologene"": ""35405"", ""valid"": true, ""normalized"": [16365], ""database"": ""ncbi_gene"", ""normalized_id"": 16365, ""biotype"": ""gene"", ""name"": ""Acod1"", ""accession"": ""@GENE_ACOD1""}",760,4,1,abstract,"[""LOCAL:protein:mouse:ACOD1""]",lexical_candidate_only,data/raw/discovery_pilot/41328b09b84b1c660d9742483f62b8d62b0eb2d54f5bef114eff582717ce60b5.json,31f58a173ecfc980f380db2685c46abaf3f28080252a33436a4ad185d1153e32
39870006,62,osteoporotic,Disease,MESH:D058866,Osteoporotic Fractures,"[{""offset"": 826, ""length"": 12}]","{""identifier"": ""MESH:D058866"", ""type"": ""Disease"", ""valid"": true, ""normalized"": [""D058866""], ""database"": ""ncbi_mesh"", ""normalized_id"": ""D058866"", ""biotype"": ""disease"", ""name"": ""Osteoporotic Fractures"", ""accession"": ""@DISEASE_Osteoporotic_Fractures""}",826,12,1,abstract,[],lexical_candidate_only,data/raw/discovery_pilot/41328b09b84b1c660d9742483f62b8d62b0eb2d54f5bef114eff582717ce60b5.json,31f58a173ecfc980f380db2685c46abaf3f28080252a33436a4ad185d1153e32
39870006,63,mice,Species,10090,10090,"[{""offset"": 839, ""length"": 4}]","{""identifier"": ""10090"", ""type"": ""Species"", ""valid"": true, ""normalized"": [10090], ""database"": ""ncbi_taxonomy"", ""normalized_id"": 10090, ""biotype"": ""species"", ""name"": ""10090"", ""accession"": null}",839,4,1,abstract,[],lexical_candidate_only,data/raw/discovery_pilot/41328b09b84b1c660d9742483f62b8d62b0eb2d54f5bef114eff582717ce60b5.json,31f58a173ecfc980f380db2685c46abaf3f28080252a33436a4ad185d1153e32
39870006,64,OVX,Disease,,,"[{""offset"": 855, ""length"": 3}]","{""type"": ""Disease"", ""valid"": false, ""normalized_id"": null, ""biotype"": ""disease""}",855,3,1,abstract,[],lexical_candidate_only,data/raw/discovery_pilot/41328b09b84b1c660d9742483f62b8d62b0eb2d54f5bef114eff582717ce60b5.json,31f58a173ecfc980f380db2685c46abaf3f28080252a33436a4ad185d1153e32
39870006,65,mice,Species,10090,10090,"[{""offset"": 889, ""length"": 4}]","{""identifier"": ""10090"", ""type"": ""Species"", ""valid"": true, ""normalized"": [10090], ""database"": ""ncbi_taxonomy"", ""normalized_id"": 10090, ""biotype"": ""species"", ""name"": ""10090"", ""accession"": null}",889,4,1,abstract,[],lexical_candidate_only,data/raw/discovery_pilot/41328b09b84b1c660d9742483f62b8d62b0eb2d54f5bef114eff582717ce60b5.json,31f58a173ecfc980f380db2685c46abaf3f28080252a33436a4ad185d1153e32
39870006,66,mice,Species,10090,10090,"[{""offset"": 927, ""length"": 4}]","{""identifier"": ""10090"", ""type"": ""Species"", ""valid"": true, ""normalized"": [10090], ""database"": ""ncbi_taxonomy"", ""normalized_id"": 10090, ""biotype"": ""species"", ""name"": ""10090"", ""accession"": null}",927,4,1,abstract,[],lexical_candidate_only,data/raw/discovery_pilot/41328b09b84b1c660d9742483f62b8d62b0eb2d54f5bef114eff582717ce60b5.json,31f58a173ecfc980f380db2685c46abaf3f28080252a33436a4ad185d1153e32
39870006,67,OVX,Disease,,,"[{""offset"": 933, ""length"": 3}]","{""type"": ""Disease"", ""valid"": false, ""normalized_id"": null, ""biotype"": ""disease""}",933,3,1,abstract,[],lexical_candidate_only,data/raw/discovery_pilot/41328b09b84b1c660d9742483f62b8d62b0eb2d54f5bef114eff582717ce60b5.json,31f58a173ecfc980f380db2685c46abaf3f28080252a33436a4ad185d1153e32
39870006,68,bone loss,Disease,MESH:D001847,Bone Diseases,"[{""offset"": 945, ""length"": 9}]","{""identifier"": ""MESH:D001847"", ""type"": ""Disease"", ""valid"": true, ""normalized"": [""D001847""], ""database"": ""ncbi_mesh"", ""normalized_id"": ""D001847"", ""biotype"": ""disease"", ""name"": ""Bone Diseases"", ""accession"": ""@DISEASE_Bone_Diseases""}",945,9,1,abstract,[],lexical_candidate_only,data/raw/discovery_pilot/41328b09b84b1c660d9742483f62b8d62b0eb2d54f5bef114eff582717ce60b5.json,31f58a173ecfc980f380db2685c46abaf3f28080252a33436a4ad185d1153e32
39870006,69,IRG1,Gene,16365,Acod1,"[{""offset"": 982, ""length"": 4}]","{""identifier"": ""16365"", ""type"": ""Gene"", ""ncbi_homologene"": ""35405"", ""valid"": true, ""normalized"": [16365], ""database"": ""ncbi_gene"", ""normalized_id"": 16365, ""biotype"": ""gene"", ""name"": ""Acod1"", ""accession"": ""@GENE_ACOD1""}",982,4,1,abstract,"[""LOCAL:protein:mouse:ACOD1""]",lexical_candidate_only,data/raw/discovery_pilot/41328b09b84b1c660d9742483f62b8d62b0eb2d54f5bef114eff582717ce60b5.json,31f58a173ecfc980f380db2685c46abaf3f28080252a33436a4ad185d1153e32
39870006,70,mice,Species,10090,10090,"[{""offset"": 990, ""length"": 4}]","{""identifier"": ""10090"", ""type"": ""Species"", ""valid"": true, ""normalized"": [10090], ""database"": ""ncbi_taxonomy"", ""normalized_id"": 10090, ""biotype"": ""species"", ""name"": ""10090"", ""accession"": null}",990,4,1,abstract,[],lexical_candidate_only,data/raw/discovery_pilot/41328b09b84b1c660d9742483f62b8d62b0eb2d54f5bef114eff582717ce60b5.json,31f58a173ecfc980f380db2685c46abaf3f28080252a33436a4ad185d1153e32
39870006,71,bone resorption,Disease,MESH:D001862,Bone Resorption,"[{""offset"": 1062, ""length"": 15}]","{""identifier"": ""MESH:D001862"", ""type"": ""Disease"", ""valid"": true, ""normalized"": [""D001862""], ""database"": ""ncbi_mesh"", ""normalized_id"": ""D001862"", ""biotype"": ""disease"", ""name"": ""Bone Resorption"", ""accession"": ""@DISEASE_Bone_Resorption""}",1062,15,1,abstract,[],lexical_candidate_only,data/raw/discovery_pilot/41328b09b84b1c660d9742483f62b8d62b0eb2d54f5bef114eff582717ce60b5.json,31f58a173ecfc980f380db2685c46abaf3f28080252a33436a4ad185d1153e32
39870006,72,loss,Disease,MESH:D016388,Tooth Loss,"[{""offset"": 1092, ""length"": 4}]","{""identifier"": ""MESH:D016388"", ""type"": ""Disease"", ""valid"": true, ""normalized"": [""D016388""], ""database"": ""ncbi_mesh"", ""normalized_id"": ""D016388"", ""biotype"": ""disease"", ""name"": ""Tooth Loss"", ""accession"": ""@DISEASE_Tooth_Loss""}",1092,4,1,abstract,[],lexical_candidate_only,data/raw/discovery_pilot/41328b09b84b1c660d9742483f62b8d62b0eb2d54f5bef114eff582717ce60b5.json,31f58a173ecfc980f380db2685c46abaf3f28080252a33436a4ad185d1153e32
39870006,73,bone resorption,Disease,MESH:D001862,Bone Resorption,"[{""offset"": 1147, ""length"": 15}]","{""identifier"": ""MESH:D001862"", ""type"": ""Disease"", ""valid"": true, ""normalized"": [""D001862""], ""database"": ""ncbi_mesh"", ""normalized_id"": ""D001862"", ""biotype"": ""disease"", ""name"": ""Bone Resorption"", ""accession"": ""@DISEASE_Bone_Resorption""}",1147,15,1,abstract,[],lexical_candidate_only,data/raw/discovery_pilot/41328b09b84b1c660d9742483f62b8d62b0eb2d54f5bef114eff582717ce60b5.json,31f58a173ecfc980f380db2685c46abaf3f28080252a33436a4ad185d1153e32
39870006,74,IRG1,Gene,16365,Acod1,"[{""offset"": 1198, ""length"": 4}]","{""identifier"": ""16365"", ""type"": ""Gene"", ""ncbi_homologene"": ""35405"", ""valid"": true, ""normalized"": [16365], ""database"": ""ncbi_gene"", ""normalized_id"": 16365, ""biotype"": ""gene"", ""name"": ""Acod1"", ""accession"": ""@GENE_ACOD1""}",1198,4,1,abstract,"[""LOCAL:protein:mouse:ACOD1""]",lexical_candidate_only,data/raw/discovery_pilot/41328b09b84b1c660d9742483f62b8d62b0eb2d54f5bef114eff582717ce60b5.json,31f58a173ecfc980f380db2685c46abaf3f28080252a33436a4ad185d1153e32
39870006,75,mice,Species,10090,10090,"[{""offset"": 1206, ""length"": 4}]","{""identifier"": ""10090"", ""type"": ""Species"", ""valid"": true, ""normalized"": [10090], ""database"": ""ncbi_taxonomy"", ""normalized_id"": 10090, ""biotype"": ""species"", ""name"": ""10090"", ""accession"": null}",1206,4,1,abstract,[],lexical_candidate_only,data/raw/discovery_pilot/41328b09b84b1c660d9742483f62b8d62b0eb2d54f5bef114eff582717ce60b5.json,31f58a173ecfc980f380db2685c46abaf3f28080252a33436a4ad185d1153e32
39870006,76,itaconate,Chemical,MESH:C005229,itaconic acid,"[{""offset"": 1233, ""length"": 9}]","{""identifier"": ""MESH:C005229"", ""type"": ""Chemical"", ""valid"": true, ""normalized"": [""C005229""], ""database"": ""ncbi_mesh"", ""normalized_id"": ""C005229"", ""biotype"": ""chemical"", ""name"": ""itaconic acid"", ""accession"": ""@CHEMICAL_itaconic_acid""}",1233,9,1,abstract,"[""CHEBI:30805""]",lexical_candidate_only,data/raw/discovery_pilot/41328b09b84b1c660d9742483f62b8d62b0eb2d54f5bef114eff582717ce60b5.json,31f58a173ecfc980f380db2685c46abaf3f28080252a33436a4ad185d1153e32
39870006,77,receptor activator of nuclear factor kappa-Beta ligand,Gene,21943,Tnfsf11,"[{""offset"": 1278, ""length"": 54}]","{""identifier"": ""21943"", ""type"": ""Gene"", ""ncbi_homologene"": ""2744"", ""valid"": true, ""normalized"": [21943], ""database"": ""ncbi_gene"", ""normalized_id"": 21943, ""biotype"": ""gene"", ""name"": ""Tnfsf11"", ""accession"": ""@GENE_TNFSF11""}",1278,54,1,abstract,"[""LOCAL:protein:mouse:TNFSF11""]",lexical_candidate_only,data/raw/discovery_pilot/41328b09b84b1c660d9742483f62b8d62b0eb2d54f5bef114eff582717ce60b5.json,31f58a173ecfc980f380db2685c46abaf3f28080252a33436a4ad185d1153e32
39870006,78,RANKL,Gene,21943,Tnfsf11,"[{""offset"": 1334, ""length"": 5}]","{""identifier"": ""21943"", ""type"": ""Gene"", ""ncbi_homologene"": ""2744"", ""valid"": true, ""normalized"": [21943], ""database"": ""ncbi_gene"", ""normalized_id"": 21943, ""biotype"": ""gene"", ""name"": ""Tnfsf11"", ""accession"": ""@GENE_TNFSF11""}",1334,5,1,abstract,"[""LOCAL:protein:mouse:TNFSF11""]",lexical_candidate_only,data/raw/discovery_pilot/41328b09b84b1c660d9742483f62b8d62b0eb2d54f5bef114eff582717ce60b5.json,31f58a173ecfc980f380db2685c46abaf3f28080252a33436a4ad185d1153e32
39870006,79,IRG1,Gene,16365,Acod1,"[{""offset"": 1411, ""length"": 4}]","{""identifier"": ""16365"", ""type"": ""Gene"", ""ncbi_homologene"": ""35405"", ""valid"": true, ""normalized"": [16365], ""database"": ""ncbi_gene"", ""normalized_id"": 16365, ""biotype"": ""gene"", ""name"": ""Acod1"", ""accession"": ""@GENE_ACOD1""}",1411,4,1,abstract,"[""LOCAL:protein:mouse:ACOD1""]",lexical_candidate_only,data/raw/discovery_pilot/41328b09b84b1c660d9742483f62b8d62b0eb2d54f5bef114eff582717ce60b5.json,31f58a173ecfc980f380db2685c46abaf3f28080252a33436a4ad185d1153e32
39870006,80,itaconate,Chemical,MESH:C005229,itaconic acid,"[{""offset"": 1481, ""length"": 9}]","{""identifier"": ""MESH:C005229"", ""type"": ""Chemical"", ""valid"": true, ""normalized"": [""C005229""], ""database"": ""ncbi_mesh"", ""normalized_id"": ""C005229"", ""biotype"": ""chemical"", ""name"": ""itaconic acid"", ""accession"": ""@CHEMICAL_itaconic_acid""}",1481,9,1,abstract,"[""CHEBI:30805""]",lexical_candidate_only,data/raw/discovery_pilot/41328b09b84b1c660d9742483f62b8d62b0eb2d54f5bef114eff582717ce60b5.json,31f58a173ecfc980f380db2685c46abaf3f28080252a33436a4ad185d1153e32
39870006,81,IRG1,Gene,16365,Acod1,"[{""offset"": 1528, ""length"": 4}]","{""identifier"": ""16365"", ""type"": ""Gene"", ""ncbi_homologene"": ""35405"", ""valid"": true, ""normalized"": [16365], ""database"": ""ncbi_gene"", ""normalized_id"": 16365, ""biotype"": ""gene"", ""name"": ""Acod1"", ""accession"": ""@GENE_ACOD1""}",1528,4,1,abstract,"[""LOCAL:protein:mouse:ACOD1""]",lexical_candidate_only,data/raw/discovery_pilot/41328b09b84b1c660d9742483f62b8d62b0eb2d54f5bef114eff582717ce60b5.json,31f58a173ecfc980f380db2685c46abaf3f28080252a33436a4ad185d1153e32
39870006,82,NOD-like receptor family pyrin domain-containing 3,Gene,216799,Nlrp3,"[{""offset"": 1574, ""length"": 50}]","{""identifier"": ""216799"", ""type"": ""Gene"", ""ncbi_homologene"": ""3600"", ""valid"": true, ""normalized"": [216799], ""database"": ""ncbi_gene"", ""normalized_id"": 216799, ""biotype"": ""gene"", ""name"": ""Nlrp3"", ""accession"": ""@GENE_NLRP3""}",1574,50,1,abstract,[],lexical_candidate_only,data/raw/discovery_pilot/41328b09b84b1c660d9742483f62b8d62b0eb2d54f5bef114eff582717ce60b5.json,31f58a173ecfc980f380db2685c46abaf3f28080252a33436a4ad185d1153e32
39870006,83,NLRP3,Gene,216799,Nlrp3,"[{""offset"": 1626, ""length"": 5}]","{""identifier"": ""216799"", ""type"": ""Gene"", ""ncbi_homologene"": ""3600"", ""valid"": true, ""normalized"": [216799], ""database"": ""ncbi_gene"", ""normalized_id"": 216799, ""biotype"": ""gene"", ""name"": ""Nlrp3"", ""accession"": ""@GENE_NLRP3""}",1626,5,1,abstract,[],lexical_candidate_only,data/raw/discovery_pilot/41328b09b84b1c660d9742483f62b8d62b0eb2d54f5bef114eff582717ce60b5.json,31f58a173ecfc980f380db2685c46abaf3f28080252a33436a4ad185d1153e32
39870006,84,RANKL,Gene,21943,Tnfsf11,"[{""offset"": 1737, ""length"": 5}]","{""identifier"": ""21943"", ""type"": ""Gene"", ""ncbi_homologene"": ""2744"", ""valid"": true, ""normalized"": [21943], ""database"": ""ncbi_gene"", ""normalized_id"": 21943, ""biotype"": ""gene"", ""name"": ""Tnfsf11"", ""accession"": ""@GENE_TNFSF11""}",1737,5,1,abstract,"[""LOCAL:protein:mouse:TNFSF11""]",lexical_candidate_only,data/raw/discovery_pilot/41328b09b84b1c660d9742483f62b8d62b0eb2d54f5bef114eff582717ce60b5.json,31f58a173ecfc980f380db2685c46abaf3f28080252a33436a4ad185d1153e32
39870006,85,IRG1,Gene,16365,Acod1,"[{""offset"": 1773, ""length"": 4}]","{""identifier"": ""16365"", ""type"": ""Gene"", ""ncbi_homologene"": ""35405"", ""valid"": true, ""normalized"": [16365], ""database"": ""ncbi_gene"", ""normalized_id"": 16365, ""biotype"": ""gene"", ""name"": ""Acod1"", ""accession"": ""@GENE_ACOD1""}",1773,4,1,abstract,"[""LOCAL:protein:mouse:ACOD1""]",lexical_candidate_only,data/raw/discovery_pilot/41328b09b84b1c660d9742483f62b8d62b0eb2d54f5bef114eff582717ce60b5.json,31f58a173ecfc980f380db2685c46abaf3f28080252a33436a4ad185d1153e32
39870006,86,IRG1,Gene,16365,Acod1,"[{""offset"": 1838, ""length"": 4}]","{""identifier"": ""16365"", ""type"": ""Gene"", ""ncbi_homologene"": ""35405"", ""valid"": true, ""normalized"": [16365], ""database"": ""ncbi_gene"", ""normalized_id"": 16365, ""biotype"": ""gene"", ""name"": ""Acod1"", ""accession"": ""@GENE_ACOD1""}",1838,4,1,abstract,"[""LOCAL:protein:mouse:ACOD1""]",lexical_candidate_only,data/raw/discovery_pilot/41328b09b84b1c660d9742483f62b8d62b0eb2d54f5bef114eff582717ce60b5.json,31f58a173ecfc980f380db2685c46abaf3f28080252a33436a4ad185d1153e32
39870006,87,osteoporosis,Disease,MESH:D010024,Osteoporosis,"[{""offset"": 1918, ""length"": 12}]","{""identifier"": ""MESH:D010024"", ""type"": ""Disease"", ""valid"": true, ""normalized"": [""D010024""], ""database"": ""ncbi_mesh"", ""normalized_id"": ""D010024"", ""biotype"": ""disease"", ""name"": ""Osteoporosis"", ""accession"": ""@DISEASE_Osteoporosis""}",1918,12,1,abstract,[],lexical_candidate_only,data/raw/discovery_pilot/41328b09b84b1c660d9742483f62b8d62b0eb2d54f5bef114eff582717ce60b5.json,31f58a173ecfc980f380db2685c46abaf3f28080252a33436a4ad185d1153e32
41750376,3,Lactate,Chemical,MESH:D019344,Lactic Acid,"[{""offset"": 0, ""length"": 7}]","{""identifier"": ""MESH:D019344"", ""type"": ""Chemical"", ""valid"": true, ""normalized"": [""D019344""], ""database"": ""ncbi_mesh"", ""normalized_id"": ""D019344"", ""biotype"": ""chemical"", ""name"": ""Lactic Acid"", ""accession"": ""@CHEMICAL_Lactic_Acid""}",0,7,0,title,"[""CHEBI:16651""]",lexical_candidate_only,data/raw/discovery_pilot/41328b09b84b1c660d9742483f62b8d62b0eb2d54f5bef114eff582717ce60b5.json,31f58a173ecfc980f380db2685c46abaf3f28080252a33436a4ad185d1153e32
41750376,4,Bone Loss,Disease,MESH:D001847,Bone Diseases,"[{""offset"": 49, ""length"": 9}]","{""identifier"": ""MESH:D001847"", ""type"": ""Disease"", ""valid"": true, ""normalized"": [""D001847""], ""database"": ""ncbi_mesh"", ""normalized_id"": ""D001847"", ""biotype"": ""disease"", ""name"": ""Bone Diseases"", ""accession"": ""@DISEASE_Bone_Diseases""}",49,9,0,title,[],lexical_candidate_only,data/raw/discovery_pilot/41328b09b84b1c660d9742483f62b8d62b0eb2d54f5bef114eff582717ce60b5.json,31f58a173ecfc980f380db2685c46abaf3f28080252a33436a4ad185d1153e32
41750376,5,Inflammatory,Disease,MESH:D007249,Inflammation,"[{""offset"": 62, ""length"": 12}]","{""identifier"": ""MESH:D007249"", ""type"": ""Disease"", ""valid"": true, ""normalized"": [""D007249""], ""database"": ""ncbi_mesh"", ""normalized_id"": ""D007249"", ""biotype"": ""disease"", ""name"": ""Inflammation"", ""accession"": ""@DISEASE_Inflammation""}",62,12,0,title,[],lexical_candidate_only,data/raw/discovery_pilot/41328b09b84b1c660d9742483f62b8d62b0eb2d54f5bef114eff582717ce60b5.json,31f58a173ecfc980f380db2685c46abaf3f28080252a33436a4ad185d1153e32
41750376,39,Inflammatory bone loss,Disease,MESH:D016301,Alveolar Bone Loss,"[{""offset"": 90, ""length"": 22}]","{""identifier"": ""MESH:D016301"", ""type"": ""Disease"", ""valid"": true, ""normalized"": [""D016301""], ""database"": ""ncbi_mesh"", ""normalized_id"": ""D016301"", ""biotype"": ""disease"", ""name"": ""Alveolar Bone Loss"", ""accession"": ""@DISEASE_Alveolar_Bone_Loss""}",90,22,1,abstract,[],lexical_candidate_only,data/raw/discovery_pilot/41328b09b84b1c660d9742483f62b8d62b0eb2d54f5bef114eff582717ce60b5.json,31f58a173ecfc980f380db2685c46abaf3f28080252a33436a4ad185d1153e32
41750376,40,chronic diseases,Disease,MESH:D002908,Chronic Disease,"[{""offset"": 149, ""length"": 16}]","{""identifier"": ""MESH:D002908"", ""type"": ""Disease"", ""valid"": true, ""normalized"": [""D002908""], ""database"": ""ncbi_mesh"", ""normalized_id"": ""D002908"", ""biotype"": ""disease"", ""name"": ""Chronic Disease"", ""accession"": ""@DISEASE_Chronic_Disease""}",149,16,1,abstract,[],lexical_candidate_only,data/raw/discovery_pilot/41328b09b84b1c660d9742483f62b8d62b0eb2d54f5bef114eff582717ce60b5.json,31f58a173ecfc980f380db2685c46abaf3f28080252a33436a4ad185d1153e32
41750376,41,periodontitis,Disease,MESH:D010518,Periodontitis,"[{""offset"": 174, ""length"": 13}]","{""identifier"": ""MESH:D010518"", ""type"": ""Disease"", ""valid"": true, ""normalized"": [""D010518""], ""database"": ""ncbi_mesh"", ""normalized_id"": ""D010518"", ""biotype"": ""disease"", ""name"": ""Periodontitis"", ""accession"": ""@DISEASE_Periodontitis""}",174,13,1,abstract,[],lexical_candidate_only,data/raw/discovery_pilot/41328b09b84b1c660d9742483f62b8d62b0eb2d54f5bef114eff582717ce60b5.json,31f58a173ecfc980f380db2685c46abaf3f28080252a33436a4ad185d1153e32
41750376,42,PD,Disease,MESH:D010518,Periodontitis,"[{""offset"": 189, ""length"": 2}]","{""identifier"": ""MESH:D010518"", ""type"": ""Disease"", ""valid"": true, ""normalized"": [""D010518""], ""database"": ""ncbi_mesh"", ""normalized_id"": ""D010518"", ""biotype"": ""disease"", ""name"": ""Periodontitis"", ""accession"": ""@DISEASE_Periodontitis""}",189,2,1,abstract,[],lexical_candidate_only,data/raw/discovery_pilot/41328b09b84b1c660d9742483f62b8d62b0eb2d54f5bef114eff582717ce60b5.json,31f58a173ecfc980f380db2685c46abaf3f28080252a33436a4ad185d1153e32
41750376,43,rheumatoid arthritis,Disease,MESH:D001172,Arthritis Rheumatoid,"[{""offset"": 197, ""length"": 20}]","{""identifier"": ""MESH:D001172"", ""type"": ""Disease"", ""valid"": true, ""normalized"": [""D001172""], ""database"": ""ncbi_mesh"", ""normalized_id"": ""D001172"", ""biotype"": ""disease"", ""name"": ""Arthritis Rheumatoid"", ""accession"": ""@DISEASE_Arthritis_Rheumatoid""}",197,20,1,abstract,[],lexical_candidate_only,data/raw/discovery_pilot/41328b09b84b1c660d9742483f62b8d62b0eb2d54f5bef114eff582717ce60b5.json,31f58a173ecfc980f380db2685c46abaf3f28080252a33436a4ad185d1153e32
41750376,44,RA,Disease,MESH:D001172,Arthritis Rheumatoid,"[{""offset"": 219, ""length"": 2}]","{""identifier"": ""MESH:D001172"", ""type"": ""Disease"", ""valid"": true, ""normalized"": [""D001172""], ""database"": ""ncbi_mesh"", ""normalized_id"": ""D001172"", ""biotype"": ""disease"", ""name"": ""Arthritis Rheumatoid"", ""accession"": ""@DISEASE_Arthritis_Rheumatoid""}",219,2,1,abstract,[],lexical_candidate_only,data/raw/discovery_pilot/41328b09b84b1c660d9742483f62b8d62b0eb2d54f5bef114eff582717ce60b5.json,31f58a173ecfc980f380db2685c46abaf3f28080252a33436a4ad185d1153e32
41750376,45,bone destruction,Disease,MESH:D001847,Bone Diseases,"[{""offset"": 425, ""length"": 16}]","{""identifier"": ""MESH:D001847"", ""type"": ""Disease"", ""valid"": true, ""normalized"": [""D001847""], ""database"": ""ncbi_mesh"", ""normalized_id"": ""D001847"", ""biotype"": ""disease"", ""name"": ""Bone Diseases"", ""accession"": ""@DISEASE_Bone_Diseases""}",425,16,1,abstract,[],lexical_candidate_only,data/raw/discovery_pilot/41328b09b84b1c660d9742483f62b8d62b0eb2d54f5bef114eff582717ce60b5.json,31f58a173ecfc980f380db2685c46abaf3f28080252a33436a4ad185d1153e32
41750376,46,inflammatory,Disease,MESH:D007249,Inflammation,"[{""offset"": 449, ""length"": 12}]","{""identifier"": ""MESH:D007249"", ""type"": ""Disease"", ""valid"": true, ""normalized"": [""D007249""], ""database"": ""ncbi_mesh"", ""normalized_id"": ""D007249"", ""biotype"": ""disease"", ""name"": ""Inflammation"", ""accession"": ""@DISEASE_Inflammation""}",449,12,1,abstract,[],lexical_candidate_only,data/raw/discovery_pilot/41328b09b84b1c660d9742483f62b8d62b0eb2d54f5bef114eff582717ce60b5.json,31f58a173ecfc980f380db2685c46abaf3f28080252a33436a4ad185d1153e32
41750376,47,PD,Disease,MESH:D010518,Periodontitis,"[{""offset"": 548, ""length"": 2}]","{""identifier"": ""MESH:D010518"", ""type"": ""Disease"", ""valid"": true, ""normalized"": [""D010518""], ""database"": ""ncbi_mesh"", ""normalized_id"": ""D010518"", ""biotype"": ""disease"", ""name"": ""Periodontitis"", ""accession"": ""@DISEASE_Periodontitis""}",548,2,1,abstract,[],lexical_candidate_only,data/raw/discovery_pilot/41328b09b84b1c660d9742483f62b8d62b0eb2d54f5bef114eff582717ce60b5.json,31f58a173ecfc980f380db2685c46abaf3f28080252a33436a4ad185d1153e32
41750376,48,RA,Disease,MESH:D001172,Arthritis Rheumatoid,"[{""offset"": 555, ""length"": 2}]","{""identifier"": ""MESH:D001172"", ""type"": ""Disease"", ""valid"": true, ""normalized"": [""D001172""], ""database"": ""ncbi_mesh"", ""normalized_id"": ""D001172"", ""biotype"": ""disease"", ""name"": ""Arthritis Rheumatoid"", ""accession"": ""@DISEASE_Arthritis_Rheumatoid""}",555,2,1,abstract,[],lexical_candidate_only,data/raw/discovery_pilot/41328b09b84b1c660d9742483f62b8d62b0eb2d54f5bef114eff582717ce60b5.json,31f58a173ecfc980f380db2685c46abaf3f28080252a33436a4ad185d1153e32
41750376,49,inflammatory disease,Disease,MESH:D007249,Inflammation,"[{""offset"": 591, ""length"": 20}]","{""identifier"": ""MESH:D007249"", ""type"": ""Disease"", ""valid"": true, ""normalized"": [""D007249""], ""database"": ""ncbi_mesh"", ""normalized_id"": ""D007249"", ""biotype"": ""disease"", ""name"": ""Inflammation"", ""accession"": ""@DISEASE_Inflammation""}",591,20,1,abstract,[],lexical_candidate_only,data/raw/discovery_pilot/41328b09b84b1c660d9742483f62b8d62b0eb2d54f5bef114eff582717ce60b5.json,31f58a173ecfc980f380db2685c46abaf3f28080252a33436a4ad185d1153e32
41750376,50,lactate,Chemical,MESH:D019344,Lactic Acid,"[{""offset"": 642, ""length"": 7}]","{""identifier"": ""MESH:D019344"", ""type"": ""Chemical"", ""valid"": true, ""normalized"": [""D019344""], ""database"": ""ncbi_mesh"", ""normalized_id"": ""D019344"", ""biotype"": ""chemical"", ""name"": ""Lactic Acid"", ""accession"": ""@CHEMICAL_Lactic_Acid""}",642,7,1,abstract,"[""CHEBI:16651""]",lexical_candidate_only,data/raw/discovery_pilot/41328b09b84b1c660d9742483f62b8d62b0eb2d54f5bef114eff582717ce60b5.json,31f58a173ecfc980f380db2685c46abaf3f28080252a33436a4ad185d1153e32
41750376,51,murine,Species,10090,10090,"[{""offset"": 674, ""length"": 6}]","{""identifier"": ""10090"", ""type"": ""Species"", ""valid"": true, ""normalized"": [10090], ""database"": ""ncbi_taxonomy"", ""normalized_id"": 10090, ""biotype"": ""species"", ""name"": ""10090"", ""accession"": null}",674,6,1,abstract,[],lexical_candidate_only,data/raw/discovery_pilot/41328b09b84b1c660d9742483f62b8d62b0eb2d54f5bef114eff582717ce60b5.json,31f58a173ecfc980f380db2685c46abaf3f28080252a33436a4ad185d1153e32
41750376,52,PD,Disease,MESH:D010518,Periodontitis,"[{""offset"": 691, ""length"": 2}]","{""identifier"": ""MESH:D010518"", ""type"": ""Disease"", ""valid"": true, ""normalized"": [""D010518""], ""database"": ""ncbi_mesh"", ""normalized_id"": ""D010518"", ""biotype"": ""disease"", ""name"": ""Periodontitis"", ""accession"": ""@DISEASE_Periodontitis""}",691,2,1,abstract,[],lexical_candidate_only,data/raw/discovery_pilot/41328b09b84b1c660d9742483f62b8d62b0eb2d54f5bef114eff582717ce60b5.json,31f58a173ecfc980f380db2685c46abaf3f28080252a33436a4ad185d1153e32
41750376,53,RA,Disease,MESH:D001172,Arthritis Rheumatoid,"[{""offset"": 698, ""length"": 2}]","{""identifier"": ""MESH:D001172"", ""type"": ""Disease"", ""valid"": true, ""normalized"": [""D001172""], ""database"": ""ncbi_mesh"", ""normalized_id"": ""D001172"", ""biotype"": ""disease"", ""name"": ""Arthritis Rheumatoid"", ""accession"": ""@DISEASE_Arthritis_Rheumatoid""}",698,2,1,abstract,[],lexical_candidate_only,data/raw/discovery_pilot/41328b09b84b1c660d9742483f62b8d62b0eb2d54f5bef114eff582717ce60b5.json,31f58a173ecfc980f380db2685c46abaf3f28080252a33436a4ad185d1153e32
41750376,54,PD,Disease,MESH:D010518,Periodontitis,"[{""offset"": 787, ""length"": 2}]","{""identifier"": ""MESH:D010518"", ""type"": ""Disease"", ""valid"": true, ""normalized"": [""D010518""], ""database"": ""ncbi_mesh"", ""normalized_id"": ""D010518"", ""biotype"": ""disease"", ""name"": ""Periodontitis"", ""accession"": ""@DISEASE_Periodontitis""}",787,2,1,abstract,[],lexical_candidate_only,data/raw/discovery_pilot/41328b09b84b1c660d9742483f62b8d62b0eb2d54f5bef114eff582717ce60b5.json,31f58a173ecfc980f380db2685c46abaf3f28080252a33436a4ad185d1153e32
41750376,55,RA,Disease,MESH:D001172,Arthritis Rheumatoid,"[{""offset"": 794, ""length"": 2}]","{""identifier"": ""MESH:D001172"", ""type"": ""Disease"", ""valid"": true, ""normalized"": [""D001172""], ""database"": ""ncbi_mesh"", ""normalized_id"": ""D001172"", ""biotype"": ""disease"", ""name"": ""Arthritis Rheumatoid"", ""accession"": ""@DISEASE_Arthritis_Rheumatoid""}",794,2,1,abstract,[],lexical_candidate_only,data/raw/discovery_pilot/41328b09b84b1c660d9742483f62b8d62b0eb2d54f5bef114eff582717ce60b5.json,31f58a173ecfc980f380db2685c46abaf3f28080252a33436a4ad185d1153e32
41750376,56,lactate,Chemical,MESH:D019344,Lactic Acid,"[{""offset"": 830, ""length"": 7}]","{""identifier"": ""MESH:D019344"", ""type"": ""Chemical"", ""valid"": true, ""normalized"": [""D019344""], ""database"": ""ncbi_mesh"", ""normalized_id"": ""D019344"", ""biotype"": ""chemical"", ""name"": ""Lactic Acid"", ""accession"": ""@CHEMICAL_Lactic_Acid""}",830,7,1,abstract,"[""CHEBI:16651""]",lexical_candidate_only,data/raw/discovery_pilot/41328b09b84b1c660d9742483f62b8d62b0eb2d54f5bef114eff582717ce60b5.json,31f58a173ecfc980f380db2685c46abaf3f28080252a33436a4ad185d1153e32
41750376,57,inflammatory,Disease,MESH:D007249,Inflammation,"[{""offset"": 921, ""length"": 12}]","{""identifier"": ""MESH:D007249"", ""type"": ""Disease"", ""valid"": true, ""normalized"": [""D007249""], ""database"": ""ncbi_mesh"", ""normalized_id"": ""D007249"", ""biotype"": ""disease"", ""name"": ""Inflammation"", ""accession"": ""@DISEASE_Inflammation""}",921,12,1,abstract,[],lexical_candidate_only,data/raw/discovery_pilot/41328b09b84b1c660d9742483f62b8d62b0eb2d54f5bef114eff582717ce60b5.json,31f58a173ecfc980f380db2685c46abaf3f28080252a33436a4ad185d1153e32
41750376,58,SAT1,Gene,20229,Sat1,"[{""offset"": 1019, ""length"": 4}]","{""identifier"": ""20229"", ""type"": ""Gene"", ""ncbi_homologene"": ""37716"", ""valid"": true, ""normalized"": [20229], ""database"": ""ncbi_gene"", ""normalized_id"": 20229, ""biotype"": ""gene"", ""name"": ""Sat1"", ""accession"": ""@GENE_SAT1""}",1019,4,1,abstract,[],lexical_candidate_only,data/raw/discovery_pilot/41328b09b84b1c660d9742483f62b8d62b0eb2d54f5bef114eff582717ce60b5.json,31f58a173ecfc980f380db2685c46abaf3f28080252a33436a4ad185d1153e32
41750376,59,TET2,Gene,214133,Tet2,"[{""offset"": 1025, ""length"": 4}]","{""identifier"": ""214133"", ""type"": ""Gene"", ""ncbi_homologene"": ""49498"", ""valid"": true, ""normalized"": [214133], ""database"": ""ncbi_gene"", ""normalized_id"": 214133, ""biotype"": ""gene"", ""name"": ""Tet2"", ""accession"": ""@GENE_TET2""}",1025,4,1,abstract,"[""LOCAL:protein:mouse:TET2""]",lexical_candidate_only,data/raw/discovery_pilot/41328b09b84b1c660d9742483f62b8d62b0eb2d54f5bef114eff582717ce60b5.json,31f58a173ecfc980f380db2685c46abaf3f28080252a33436a4ad185d1153e32
41750376,60,HIF1A,Gene,15251,Hif1a,"[{""offset"": 1034, ""length"": 5}]","{""identifier"": ""15251"", ""type"": ""Gene"", ""ncbi_homologene"": ""1171"", ""valid"": true, ""normalized"": [15251], ""database"": ""ncbi_gene"", ""normalized_id"": 15251, ""biotype"": ""gene"", ""name"": ""Hif1a"", ""accession"": ""@GENE_HIF1A""}",1034,5,1,abstract,"[""LOCAL:protein:mouse:HIF1A""]",lexical_candidate_only,data/raw/discovery_pilot/41328b09b84b1c660d9742483f62b8d62b0eb2d54f5bef114eff582717ce60b5.json,31f58a173ecfc980f380db2685c46abaf3f28080252a33436a4ad185d1153e32
41750376,61,lactate,Chemical,MESH:D019344,Lactic Acid,"[{""offset"": 1064, ""length"": 7}]","{""identifier"": ""MESH:D019344"", ""type"": ""Chemical"", ""valid"": true, ""normalized"": [""D019344""], ""database"": ""ncbi_mesh"", ""normalized_id"": ""D019344"", ""biotype"": ""chemical"", ""name"": ""Lactic Acid"", ""accession"": ""@CHEMICAL_Lactic_Acid""}",1064,7,1,abstract,"[""CHEBI:16651""]",lexical_candidate_only,data/raw/discovery_pilot/41328b09b84b1c660d9742483f62b8d62b0eb2d54f5bef114eff582717ce60b5.json,31f58a173ecfc980f380db2685c46abaf3f28080252a33436a4ad185d1153e32
41750376,62,lactate,Chemical,MESH:D019344,Lactic Acid,"[{""offset"": 1194, ""length"": 7}]","{""identifier"": ""MESH:D019344"", ""type"": ""Chemical"", ""valid"": true, ""normalized"": [""D019344""], ""database"": ""ncbi_mesh"", ""normalized_id"": ""D019344"", ""biotype"": ""chemical"", ""name"": ""Lactic Acid"", ""accession"": ""@CHEMICAL_Lactic_Acid""}",1194,7,1,abstract,"[""CHEBI:16651""]",lexical_candidate_only,data/raw/discovery_pilot/41328b09b84b1c660d9742483f62b8d62b0eb2d54f5bef114eff582717ce60b5.json,31f58a173ecfc980f380db2685c46abaf3f28080252a33436a4ad185d1153e32
41750376,63,lactate,Chemical,MESH:D019344,Lactic Acid,"[{""offset"": 1266, ""length"": 7}]","{""identifier"": ""MESH:D019344"", ""type"": ""Chemical"", ""valid"": true, ""normalized"": [""D019344""], ""database"": ""ncbi_mesh"", ""normalized_id"": ""D019344"", ""biotype"": ""chemical"", ""name"": ""Lactic Acid"", ""accession"": ""@CHEMICAL_Lactic_Acid""}",1266,7,1,abstract,"[""CHEBI:16651""]",lexical_candidate_only,data/raw/discovery_pilot/41328b09b84b1c660d9742483f62b8d62b0eb2d54f5bef114eff582717ce60b5.json,31f58a173ecfc980f380db2685c46abaf3f28080252a33436a4ad185d1153e32
41750376,64,PD,Disease,MESH:D010518,Periodontitis,"[{""offset"": 1421, ""length"": 2}]","{""identifier"": ""MESH:D010518"", ""type"": ""Disease"", ""valid"": true, ""normalized"": [""D010518""], ""database"": ""ncbi_mesh"", ""normalized_id"": ""D010518"", ""biotype"": ""disease"", ""name"": ""Periodontitis"", ""accession"": ""@DISEASE_Periodontitis""}",1421,2,1,abstract,[],lexical_candidate_only,data/raw/discovery_pilot/41328b09b84b1c660d9742483f62b8d62b0eb2d54f5bef114eff582717ce60b5.json,31f58a173ecfc980f380db2685c46abaf3f28080252a33436a4ad185d1153e32
41750376,65,RA,Disease,MESH:D001172,Arthritis Rheumatoid,"[{""offset"": 1428, ""length"": 2}]","{""identifier"": ""MESH:D001172"", ""type"": ""Disease"", ""valid"": true, ""normalized"": [""D001172""], ""database"": ""ncbi_mesh"", ""normalized_id"": ""D001172"", ""biotype"": ""disease"", ""name"": ""Arthritis Rheumatoid"", ""accession"": ""@DISEASE_Arthritis_Rheumatoid""}",1428,2,1,abstract,[],lexical_candidate_only,data/raw/discovery_pilot/41328b09b84b1c660d9742483f62b8d62b0eb2d54f5bef114eff582717ce60b5.json,31f58a173ecfc980f380db2685c46abaf3f28080252a33436a4ad185d1153e32
41750376,66,lactate,Chemical,MESH:D019344,Lactic Acid,"[{""offset"": 1466, ""length"": 7}]","{""identifier"": ""MESH:D019344"", ""type"": ""Chemical"", ""valid"": true, ""normalized"": [""D019344""], ""database"": ""ncbi_mesh"", ""normalized_id"": ""D019344"", ""biotype"": ""chemical"", ""name"": ""Lactic Acid"", ""accession"": ""@CHEMICAL_Lactic_Acid""}",1466,7,1,abstract,"[""CHEBI:16651""]",lexical_candidate_only,data/raw/discovery_pilot/41328b09b84b1c660d9742483f62b8d62b0eb2d54f5bef114eff582717ce60b5.json,31f58a173ecfc980f380db2685c46abaf3f28080252a33436a4ad185d1153e32
41750376,67,SAT1,Gene,20229,Sat1,"[{""offset"": 1563, ""length"": 4}]","{""identifier"": ""20229"", ""type"": ""Gene"", ""ncbi_homologene"": ""37716"", ""valid"": true, ""normalized"": [20229], ""database"": ""ncbi_gene"", ""normalized_id"": 20229, ""biotype"": ""gene"", ""name"": ""Sat1"", ""accession"": ""@GENE_SAT1""}",1563,4,1,abstract,[],lexical_candidate_only,data/raw/discovery_pilot/41328b09b84b1c660d9742483f62b8d62b0eb2d54f5bef114eff582717ce60b5.json,31f58a173ecfc980f380db2685c46abaf3f28080252a33436a4ad185d1153e32
41750376,68,TET2,Gene,214133,Tet2,"[{""offset"": 1569, ""length"": 4}]","{""identifier"": ""214133"", ""type"": ""Gene"", ""ncbi_homologene"": ""49498"", ""valid"": true, ""normalized"": [214133], ""database"": ""ncbi_gene"", ""normalized_id"": 214133, ""biotype"": ""gene"", ""name"": ""Tet2"", ""accession"": ""@GENE_TET2""}",1569,4,1,abstract,"[""LOCAL:protein:mouse:TET2""]",lexical_candidate_only,data/raw/discovery_pilot/41328b09b84b1c660d9742483f62b8d62b0eb2d54f5bef114eff582717ce60b5.json,31f58a173ecfc980f380db2685c46abaf3f28080252a33436a4ad185d1153e32
41750376,69,HIF1A,Gene,15251,Hif1a,"[{""offset"": 1578, ""length"": 5}]","{""identifier"": ""15251"", ""type"": ""Gene"", ""ncbi_homologene"": ""1171"", ""valid"": true, ""normalized"": [15251], ""database"": ""ncbi_gene"", ""normalized_id"": 15251, ""biotype"": ""gene"", ""name"": ""Hif1a"", ""accession"": ""@GENE_HIF1A""}",1578,5,1,abstract,"[""LOCAL:protein:mouse:HIF1A""]",lexical_candidate_only,data/raw/discovery_pilot/41328b09b84b1c660d9742483f62b8d62b0eb2d54f5bef114eff582717ce60b5.json,31f58a173ecfc980f380db2685c46abaf3f28080252a33436a4ad185d1153e32
41750376,70,inflammation,Disease,MESH:D007249,Inflammation,"[{""offset"": 1612, ""length"": 12}]","{""identifier"": ""MESH:D007249"", ""type"": ""Disease"", ""valid"": true, ""normalized"": [""D007249""], ""database"": ""ncbi_mesh"", ""normalized_id"": ""D007249"", ""biotype"": ""disease"", ""name"": ""Inflammation"", ""accession"": ""@DISEASE_Inflammation""}",1612,12,1,abstract,[],lexical_candidate_only,data/raw/discovery_pilot/41328b09b84b1c660d9742483f62b8d62b0eb2d54f5bef114eff582717ce60b5.json,31f58a173ecfc980f380db2685c46abaf3f28080252a33436a4ad185d1153e32
41750376,71,bone loss,Disease,MESH:D001847,Bone Diseases,"[{""offset"": 1633, ""length"": 9}]","{""identifier"": ""MESH:D001847"", ""type"": ""Disease"", ""valid"": true, ""normalized"": [""D001847""], ""database"": ""ncbi_mesh"", ""normalized_id"": ""D001847"", ""biotype"": ""disease"", ""name"": ""Bone Diseases"", ""accession"": ""@DISEASE_Bone_Diseases""}",1633,9,1,abstract,[],lexical_candidate_only,data/raw/discovery_pilot/41328b09b84b1c660d9742483f62b8d62b0eb2d54f5bef114eff582717ce60b5.json,31f58a173ecfc980f380db2685c46abaf3f28080252a33436a4ad185d1153e32
42229052,2,hypophosphatasia,Disease,MESH:D007014,Hypophosphatasia,"[{""offset"": 61, ""length"": 16}]","{""identifier"": ""MESH:D007014"", ""type"": ""Disease"", ""valid"": true, ""normalized"": [""D007014""], ""database"": ""ncbi_mesh"", ""normalized_id"": ""D007014"", ""biotype"": ""disease"", ""name"": ""Hypophosphatasia"", ""accession"": ""@DISEASE_Hypophosphatasia""}",61,16,0,title,[],lexical_candidate_only,data/raw/discovery_pilot/41328b09b84b1c660d9742483f62b8d62b0eb2d54f5bef114eff582717ce60b5.json,31f58a173ecfc980f380db2685c46abaf3f28080252a33436a4ad185d1153e32
42229052,3,mouse,Species,10090,10090,"[{""offset"": 78, ""length"": 5}]","{""identifier"": ""10090"", ""type"": ""Species"", ""valid"": true, ""normalized"": [10090], ""database"": ""ncbi_taxonomy"", ""normalized_id"": 10090, ""biotype"": ""species"", ""name"": ""10090"", ""accession"": null}",78,5,0,title,[],lexical_candidate_only,data/raw/discovery_pilot/41328b09b84b1c660d9742483f62b8d62b0eb2d54f5bef114eff582717ce60b5.json,31f58a173ecfc980f380db2685c46abaf3f28080252a33436a4ad185d1153e32
42229052,36,Hypophosphatasia,Disease,MESH:D007014,Hypophosphatasia,"[{""offset"": 103, ""length"": 16}]","{""identifier"": ""MESH:D007014"", ""type"": ""Disease"", ""valid"": true, ""normalized"": [""D007014""], ""database"": ""ncbi_mesh"", ""normalized_id"": ""D007014"", ""biotype"": ""disease"", ""name"": ""Hypophosphatasia"", ""accession"": ""@DISEASE_Hypophosphatasia""}",103,16,1,abstract,[],lexical_candidate_only,data/raw/discovery_pilot/41328b09b84b1c660d9742483f62b8d62b0eb2d54f5bef114eff582717ce60b5.json,31f58a173ecfc980f380db2685c46abaf3f28080252a33436a4ad185d1153e32
42229052,37,HPP,Disease,MESH:D007014,Hypophosphatasia,"[{""offset"": 121, ""length"": 3}]","{""identifier"": ""MESH:D007014"", ""type"": ""Disease"", ""valid"": true, ""normalized"": [""D007014""], ""database"": ""ncbi_mesh"", ""normalized_id"": ""D007014"", ""biotype"": ""disease"", ""name"": ""Hypophosphatasia"", ""accession"": ""@DISEASE_Hypophosphatasia""}",121,3,1,abstract,[],lexical_candidate_only,data/raw/discovery_pilot/41328b09b84b1c660d9742483f62b8d62b0eb2d54f5bef114eff582717ce60b5.json,31f58a173ecfc980f380db2685c46abaf3f28080252a33436a4ad185d1153e32
42229052,38,congenital disease,Disease,MESH:D030342,Genetic Diseases Inborn,"[{""offset"": 131, ""length"": 18}]","{""identifier"": ""MESH:D030342"", ""type"": ""Disease"", ""valid"": true, ""normalized"": [""D030342""], ""database"": ""ncbi_mesh"", ""normalized_id"": ""D030342"", ""biotype"": ""disease"", ""name"": ""Genetic Diseases Inborn"", ""accession"": ""@DISEASE_Genetic_Diseases_Inborn""}",131,18,1,abstract,[],lexical_candidate_only,data/raw/discovery_pilot/41328b09b84b1c660d9742483f62b8d62b0eb2d54f5bef114eff582717ce60b5.json,31f58a173ecfc980f380db2685c46abaf3f28080252a33436a4ad185d1153e32
42229052,39,HPP,Disease,MESH:D007014,Hypophosphatasia,"[{""offset"": 224, ""length"": 3}]","{""identifier"": ""MESH:D007014"", ""type"": ""Disease"", ""valid"": true, ""normalized"": [""D007014""], ""database"": ""ncbi_mesh"", ""normalized_id"": ""D007014"", ""biotype"": ""disease"", ""name"": ""Hypophosphatasia"", ""accession"": ""@DISEASE_Hypophosphatasia""}",224,3,1,abstract,[],lexical_candidate_only,data/raw/discovery_pilot/41328b09b84b1c660d9742483f62b8d62b0eb2d54f5bef114eff582717ce60b5.json,31f58a173ecfc980f380db2685c46abaf3f28080252a33436a4ad185d1153e32
42229052,40,tooth loss,Disease,MESH:D016388,Tooth Loss,"[{""offset"": 298, ""length"": 10}]","{""identifier"": ""MESH:D016388"", ""type"": ""Disease"", ""valid"": true, ""normalized"": [""D016388""], ""database"": ""ncbi_mesh"", ""normalized_id"": ""D016388"", ""biotype"": ""disease"", ""name"": ""Tooth Loss"", ""accession"": ""@DISEASE_Tooth_Loss""}",298,10,1,abstract,[],lexical_candidate_only,data/raw/discovery_pilot/41328b09b84b1c660d9742483f62b8d62b0eb2d54f5bef114eff582717ce60b5.json,31f58a173ecfc980f380db2685c46abaf3f28080252a33436a4ad185d1153e32
42229052,41,HPP,Disease,MESH:D007014,Hypophosphatasia,"[{""offset"": 320, ""length"": 3}]","{""identifier"": ""MESH:D007014"", ""type"": ""Disease"", ""valid"": true, ""normalized"": [""D007014""], ""database"": ""ncbi_mesh"", ""normalized_id"": ""D007014"", ""biotype"": ""disease"", ""name"": ""Hypophosphatasia"", ""accession"": ""@DISEASE_Hypophosphatasia""}",320,3,1,abstract,[],lexical_candidate_only,data/raw/discovery_pilot/41328b09b84b1c660d9742483f62b8d62b0eb2d54f5bef114eff582717ce60b5.json,31f58a173ecfc980f380db2685c46abaf3f28080252a33436a4ad185d1153e32
42229052,42,HPP,Disease,MESH:D007014,Hypophosphatasia,"[{""offset"": 363, ""length"": 3}]","{""identifier"": ""MESH:D007014"", ""type"": ""Disease"", ""valid"": true, ""normalized"": [""D007014""], ""database"": ""ncbi_mesh"", ""normalized_id"": ""D007014"", ""biotype"": ""disease"", ""name"": ""Hypophosphatasia"", ""accession"": ""@DISEASE_Hypophosphatasia""}",363,3,1,abstract,[],lexical_candidate_only,data/raw/discovery_pilot/41328b09b84b1c660d9742483f62b8d62b0eb2d54f5bef114eff582717ce60b5.json,31f58a173ecfc980f380db2685c46abaf3f28080252a33436a4ad185d1153e32
42229052,43,HPP,Disease,MESH:D007014,Hypophosphatasia,"[{""offset"": 378, ""length"": 3}]","{""identifier"": ""MESH:D007014"", ""type"": ""Disease"", ""valid"": true, ""normalized"": [""D007014""], ""database"": ""ncbi_mesh"", ""normalized_id"": ""D007014"", ""biotype"": ""disease"", ""name"": ""Hypophosphatasia"", ""accession"": ""@DISEASE_Hypophosphatasia""}",378,3,1,abstract,[],lexical_candidate_only,data/raw/discovery_pilot/41328b09b84b1c660d9742483f62b8d62b0eb2d54f5bef114eff582717ce60b5.json,31f58a173ecfc980f380db2685c46abaf3f28080252a33436a4ad185d1153e32
42229052,44,HPP,Disease,MESH:D007014,Hypophosphatasia,"[{""offset"": 442, ""length"": 3}]","{""identifier"": ""MESH:D007014"", ""type"": ""Disease"", ""valid"": true, ""normalized"": [""D007014""], ""database"": ""ncbi_mesh"", ""normalized_id"": ""D007014"", ""biotype"": ""disease"", ""name"": ""Hypophosphatasia"", ""accession"": ""@DISEASE_Hypophosphatasia""}",442,3,1,abstract,[],lexical_candidate_only,data/raw/discovery_pilot/41328b09b84b1c660d9742483f62b8d62b0eb2d54f5bef114eff582717ce60b5.json,31f58a173ecfc980f380db2685c46abaf3f28080252a33436a4ad185d1153e32
42229052,45,patients,Species,9606,9606,"[{""offset"": 597, ""length"": 8}]","{""identifier"": ""9606"", ""type"": ""Species"", ""valid"": true, ""normalized"": [9606], ""database"": ""ncbi_taxonomy"", ""normalized_id"": 9606, ""biotype"": ""species"", ""name"": ""9606"", ""accession"": null}",597,8,1,abstract,[],lexical_candidate_only,data/raw/discovery_pilot/41328b09b84b1c660d9742483f62b8d62b0eb2d54f5bef114eff582717ce60b5.json,31f58a173ecfc980f380db2685c46abaf3f28080252a33436a4ad185d1153e32
42229052,46,HPP,Disease,MESH:D007014,Hypophosphatasia,"[{""offset"": 621, ""length"": 3}]","{""identifier"": ""MESH:D007014"", ""type"": ""Disease"", ""valid"": true, ""normalized"": [""D007014""], ""database"": ""ncbi_mesh"", ""normalized_id"": ""D007014"", ""biotype"": ""disease"", ""name"": ""Hypophosphatasia"", ""accession"": ""@DISEASE_Hypophosphatasia""}",621,3,1,abstract,[],lexical_candidate_only,data/raw/discovery_pilot/41328b09b84b1c660d9742483f62b8d62b0eb2d54f5bef114eff582717ce60b5.json,31f58a173ecfc980f380db2685c46abaf3f28080252a33436a4ad185d1153e32
42229052,47,HPP,Disease,MESH:D007014,Hypophosphatasia,"[{""offset"": 704, ""length"": 3}]","{""identifier"": ""MESH:D007014"", ""type"": ""Disease"", ""valid"": true, ""normalized"": [""D007014""], ""database"": ""ncbi_mesh"", ""normalized_id"": ""D007014"", ""biotype"": ""disease"", ""name"": ""Hypophosphatasia"", ""accession"": ""@DISEASE_Hypophosphatasia""}",704,3,1,abstract,[],lexical_candidate_only,data/raw/discovery_pilot/41328b09b84b1c660d9742483f62b8d62b0eb2d54f5bef114eff582717ce60b5.json,31f58a173ecfc980f380db2685c46abaf3f28080252a33436a4ad185d1153e32
42229052,48,mice,Species,10090,10090,"[{""offset"": 714, ""length"": 4}]","{""identifier"": ""10090"", ""type"": ""Species"", ""valid"": true, ""normalized"": [10090], ""database"": ""ncbi_taxonomy"", ""normalized_id"": 10090, ""biotype"": ""species"", ""name"": ""10090"", ""accession"": null}",714,4,1,abstract,[],lexical_candidate_only,data/raw/discovery_pilot/41328b09b84b1c660d9742483f62b8d62b0eb2d54f5bef114eff582717ce60b5.json,31f58a173ecfc980f380db2685c46abaf3f28080252a33436a4ad185d1153e32
42229052,49,nickel,Chemical,MESH:D009532,Nickel,"[{""offset"": 737, ""length"": 6}]","{""identifier"": ""MESH:D009532"", ""type"": ""Chemical"", ""valid"": true, ""normalized"": [""D009532""], ""database"": ""ncbi_mesh"", ""normalized_id"": ""D009532"", ""biotype"": ""chemical"", ""name"": ""Nickel"", ""accession"": ""@CHEMICAL_Nickel""}",737,6,1,abstract,[],lexical_candidate_only,data/raw/discovery_pilot/41328b09b84b1c660d9742483f62b8d62b0eb2d54f5bef114eff582717ce60b5.json,31f58a173ecfc980f380db2685c46abaf3f28080252a33436a4ad185d1153e32
42229052,50,titanium,Chemical,MESH:D014025,Titanium,"[{""offset"": 744, ""length"": 8}]","{""identifier"": ""MESH:D014025"", ""type"": ""Chemical"", ""valid"": true, ""normalized"": [""D014025""], ""database"": ""ncbi_mesh"", ""normalized_id"": ""D014025"", ""biotype"": ""chemical"", ""name"": ""Titanium"", ""accession"": ""@CHEMICAL_Titanium""}",744,8,1,abstract,[],lexical_candidate_only,data/raw/discovery_pilot/41328b09b84b1c660d9742483f62b8d62b0eb2d54f5bef114eff582717ce60b5.json,31f58a173ecfc980f380db2685c46abaf3f28080252a33436a4ad185d1153e32
42229052,51,HPP,Disease,MESH:D007014,Hypophosphatasia,"[{""offset"": 848, ""length"": 3}]","{""identifier"": ""MESH:D007014"", ""type"": ""Disease"", ""valid"": true, ""normalized"": [""D007014""], ""database"": ""ncbi_mesh"", ""normalized_id"": ""D007014"", ""biotype"": ""disease"", ""name"": ""Hypophosphatasia"", ""accession"": ""@DISEASE_Hypophosphatasia""}",848,3,1,abstract,[],lexical_candidate_only,data/raw/discovery_pilot/41328b09b84b1c660d9742483f62b8d62b0eb2d54f5bef114eff582717ce60b5.json,31f58a173ecfc980f380db2685c46abaf3f28080252a33436a4ad185d1153e32
42229052,52,mice,Species,10090,10090,"[{""offset"": 858, ""length"": 4}]","{""identifier"": ""10090"", ""type"": ""Species"", ""valid"": true, ""normalized"": [10090], ""database"": ""ncbi_taxonomy"", ""normalized_id"": 10090, ""biotype"": ""species"", ""name"": ""10090"", ""accession"": null}",858,4,1,abstract,[],lexical_candidate_only,data/raw/discovery_pilot/41328b09b84b1c660d9742483f62b8d62b0eb2d54f5bef114eff582717ce60b5.json,31f58a173ecfc980f380db2685c46abaf3f28080252a33436a4ad185d1153e32
42229052,53,Akp2,Gene,11647,Alpl,"[{""offset"": 864, ""length"": 4}]","{""identifier"": ""11647"", ""type"": ""Gene"", ""ncbi_homologene"": ""37314"", ""valid"": true, ""normalized"": [11647], ""database"": ""ncbi_gene"", ""normalized_id"": 11647, ""biotype"": ""gene"", ""name"": ""Alpl"", ""accession"": ""@GENE_ALPL""}",864,4,1,abstract,[],lexical_candidate_only,data/raw/discovery_pilot/41328b09b84b1c660d9742483f62b8d62b0eb2d54f5bef114eff582717ce60b5.json,31f58a173ecfc980f380db2685c46abaf3f28080252a33436a4ad185d1153e32
42229052,54,Akp2,Gene,11647,Alpl,"[{""offset"": 1104, ""length"": 4}]","{""identifier"": ""11647"", ""type"": ""Gene"", ""ncbi_homologene"": ""37314"", ""valid"": true, ""normalized"": [11647], ""database"": ""ncbi_gene"", ""normalized_id"": 11647, ""biotype"": ""gene"", ""name"": ""Alpl"", ""accession"": ""@GENE_ALPL""}",1104,4,1,abstract,[],lexical_candidate_only,data/raw/discovery_pilot/41328b09b84b1c660d9742483f62b8d62b0eb2d54f5bef114eff582717ce60b5.json,31f58a173ecfc980f380db2685c46abaf3f28080252a33436a4ad185d1153e32
42229052,55,Akp2,Gene,11647,Alpl,"[{""offset"": 1124, ""length"": 4}]","{""identifier"": ""11647"", ""type"": ""Gene"", ""ncbi_homologene"": ""37314"", ""valid"": true, ""normalized"": [11647], ""database"": ""ncbi_gene"", ""normalized_id"": 11647, ""biotype"": ""gene"", ""name"": ""Alpl"", ""accession"": ""@GENE_ALPL""}",1124,4,1,abstract,[],lexical_candidate_only,data/raw/discovery_pilot/41328b09b84b1c660d9742483f62b8d62b0eb2d54f5bef114eff582717ce60b5.json,31f58a173ecfc980f380db2685c46abaf3f28080252a33436a4ad185d1153e32
42229052,56,mice,Species,10090,10090,"[{""offset"": 1133, ""length"": 4}]","{""identifier"": ""10090"", ""type"": ""Species"", ""valid"": true, ""normalized"": [10090], ""database"": ""ncbi_taxonomy"", ""normalized_id"": 10090, ""biotype"": ""species"", ""name"": ""10090"", ""accession"": null}",1133,4,1,abstract,[],lexical_candidate_only,data/raw/discovery_pilot/41328b09b84b1c660d9742483f62b8d62b0eb2d54f5bef114eff582717ce60b5.json,31f58a173ecfc980f380db2685c46abaf3f28080252a33436a4ad185d1153e32
42229052,57,Akp2,Gene,11647,Alpl,"[{""offset"": 1210, ""length"": 4}]","{""identifier"": ""11647"", ""type"": ""Gene"", ""ncbi_homologene"": ""37314"", ""valid"": true, ""normalized"": [11647], ""database"": ""ncbi_gene"", ""normalized_id"": 11647, ""biotype"": ""gene"", ""name"": ""Alpl"", ""accession"": ""@GENE_ALPL""}",1210,4,1,abstract,[],lexical_candidate_only,data/raw/discovery_pilot/41328b09b84b1c660d9742483f62b8d62b0eb2d54f5bef114eff582717ce60b5.json,31f58a173ecfc980f380db2685c46abaf3f28080252a33436a4ad185d1153e32
42229052,58,mice,Species,10090,10090,"[{""offset"": 1218, ""length"": 4}]","{""identifier"": ""10090"", ""type"": ""Species"", ""valid"": true, ""normalized"": [10090], ""database"": ""ncbi_taxonomy"", ""normalized_id"": 10090, ""biotype"": ""species"", ""name"": ""10090"", ""accession"": null}",1218,4,1,abstract,[],lexical_candidate_only,data/raw/discovery_pilot/41328b09b84b1c660d9742483f62b8d62b0eb2d54f5bef114eff582717ce60b5.json,31f58a173ecfc980f380db2685c46abaf3f28080252a33436a4ad185d1153e32
42229052,59,mice,Species,10090,10090,"[{""offset"": 1243, ""length"": 4}]","{""identifier"": ""10090"", ""type"": ""Species"", ""valid"": true, ""normalized"": [10090], ""database"": ""ncbi_taxonomy"", ""normalized_id"": 10090, ""biotype"": ""species"", ""name"": ""10090"", ""accession"": null}",1243,4,1,abstract,[],lexical_candidate_only,data/raw/discovery_pilot/41328b09b84b1c660d9742483f62b8d62b0eb2d54f5bef114eff582717ce60b5.json,31f58a173ecfc980f380db2685c46abaf3f28080252a33436a4ad185d1153e32
42229052,60,Akp2,Gene,11647,Alpl,"[{""offset"": 1317, ""length"": 4}]","{""identifier"": ""11647"", ""type"": ""Gene"", ""ncbi_homologene"": ""37314"", ""valid"": true, ""normalized"": [11647], ""database"": ""ncbi_gene"", ""normalized_id"": 11647, ""biotype"": ""gene"", ""name"": ""Alpl"", ""accession"": ""@GENE_ALPL""}",1317,4,1,abstract,[],lexical_candidate_only,data/raw/discovery_pilot/41328b09b84b1c660d9742483f62b8d62b0eb2d54f5bef114eff582717ce60b5.json,31f58a173ecfc980f380db2685c46abaf3f28080252a33436a4ad185d1153e32
42229052,61,Akp2,Gene,11647,Alpl,"[{""offset"": 1333, ""length"": 4}]","{""identifier"": ""11647"", ""type"": ""Gene"", ""ncbi_homologene"": ""37314"", ""valid"": true, ""normalized"": [11647], ""database"": ""ncbi_gene"", ""normalized_id"": 11647, ""biotype"": ""gene"", ""name"": ""Alpl"", ""accession"": ""@GENE_ALPL""}",1333,4,1,abstract,[],lexical_candidate_only,data/raw/discovery_pilot/41328b09b84b1c660d9742483f62b8d62b0eb2d54f5bef114eff582717ce60b5.json,31f58a173ecfc980f380db2685c46abaf3f28080252a33436a4ad185d1153e32
42229052,62,mice,Species,10090,10090,"[{""offset"": 1341, ""length"": 4}]","{""identifier"": ""10090"", ""type"": ""Species"", ""valid"": true, ""normalized"": [10090], ""database"": ""ncbi_taxonomy"", ""normalized_id"": 10090, ""biotype"": ""species"", ""name"": ""10090"", ""accession"": null}",1341,4,1,abstract,[],lexical_candidate_only,data/raw/discovery_pilot/41328b09b84b1c660d9742483f62b8d62b0eb2d54f5bef114eff582717ce60b5.json,31f58a173ecfc980f380db2685c46abaf3f28080252a33436a4ad185d1153e32
42229052,63,Akp2,Gene,11647,Alpl,"[{""offset"": 1458, ""length"": 4}]","{""identifier"": ""11647"", ""type"": ""Gene"", ""ncbi_homologene"": ""37314"", ""valid"": true, ""normalized"": [11647], ""database"": ""ncbi_gene"", ""normalized_id"": 11647, ""biotype"": ""gene"", ""name"": ""Alpl"", ""accession"": ""@GENE_ALPL""}",1458,4,1,abstract,[],lexical_candidate_only,data/raw/discovery_pilot/41328b09b84b1c660d9742483f62b8d62b0eb2d54f5bef114eff582717ce60b5.json,31f58a173ecfc980f380db2685c46abaf3f28080252a33436a4ad185d1153e32
42229052,64,mice,Species,10090,10090,"[{""offset"": 1466, ""length"": 4}]","{""identifier"": ""10090"", ""type"": ""Species"", ""valid"": true, ""normalized"": [10090], ""database"": ""ncbi_taxonomy"", ""normalized_id"": 10090, ""biotype"": ""species"", ""name"": ""10090"", ""accession"": null}",1466,4,1,abstract,[],lexical_candidate_only,data/raw/discovery_pilot/41328b09b84b1c660d9742483f62b8d62b0eb2d54f5bef114eff582717ce60b5.json,31f58a173ecfc980f380db2685c46abaf3f28080252a33436a4ad185d1153e32
42229052,65,mice,Species,10090,10090,"[{""offset"": 1525, ""length"": 4}]","{""identifier"": ""10090"", ""type"": ""Species"", ""valid"": true, ""normalized"": [10090], ""database"": ""ncbi_taxonomy"", ""normalized_id"": 10090, ""biotype"": ""species"", ""name"": ""10090"", ""accession"": null}",1525,4,1,abstract,[],lexical_candidate_only,data/raw/discovery_pilot/41328b09b84b1c660d9742483f62b8d62b0eb2d54f5bef114eff582717ce60b5.json,31f58a173ecfc980f380db2685c46abaf3f28080252a33436a4ad185d1153e32
42229052,66,HPP,Disease,MESH:D007014,Hypophosphatasia,"[{""offset"": 1545, ""length"": 3}]","{""identifier"": ""MESH:D007014"", ""type"": ""Disease"", ""valid"": true, ""normalized"": [""D007014""], ""database"": ""ncbi_mesh"", ""normalized_id"": ""D007014"", ""biotype"": ""disease"", ""name"": ""Hypophosphatasia"", ""accession"": ""@DISEASE_Hypophosphatasia""}",1545,3,1,abstract,[],lexical_candidate_only,data/raw/discovery_pilot/41328b09b84b1c660d9742483f62b8d62b0eb2d54f5bef114eff582717ce60b5.json,31f58a173ecfc980f380db2685c46abaf3f28080252a33436a4ad185d1153e32
42229052,67,HPP,Disease,MESH:D007014,Hypophosphatasia,"[{""offset"": 1804, ""length"": 3}]","{""identifier"": ""MESH:D007014"", ""type"": ""Disease"", ""valid"": true, ""normalized"": [""D007014""], ""database"": ""ncbi_mesh"", ""normalized_id"": ""D007014"", ""biotype"": ""disease"", ""name"": ""Hypophosphatasia"", ""accession"": ""@DISEASE_Hypophosphatasia""}",1804,3,1,abstract,[],lexical_candidate_only,data/raw/discovery_pilot/41328b09b84b1c660d9742483f62b8d62b0eb2d54f5bef114eff582717ce60b5.json,31f58a173ecfc980f380db2685c46abaf3f28080252a33436a4ad185d1153e32
42492705,3,Osteoprotegerin,Gene,4982,TNFRSF11B,"[{""offset"": 0, ""length"": 15}]","{""identifier"": ""4982"", ""type"": ""Gene"", ""ncbi_homologene"": ""1912"", ""valid"": true, ""normalized"": [4982], ""database"": ""ncbi_gene"", ""normalized_id"": 4982, ""biotype"": ""gene"", ""name"": ""TNFRSF11B"", ""accession"": ""@GENE_TNFRSF11B""}",0,15,0,title,"[""LOCAL:protein:mouse:TNFRSF11B""]",lexical_candidate_only,data/raw/discovery_pilot/41328b09b84b1c660d9742483f62b8d62b0eb2d54f5bef114eff582717ce60b5.json,31f58a173ecfc980f380db2685c46abaf3f28080252a33436a4ad185d1153e32
42492705,4,pyroptosis,Disease,,,"[{""offset"": 35, ""length"": 10}]","{""type"": ""Disease"", ""valid"": false, ""normalized_id"": null, ""biotype"": ""disease""}",35,10,0,title,[],lexical_candidate_only,data/raw/discovery_pilot/41328b09b84b1c660d9742483f62b8d62b0eb2d54f5bef114eff582717ce60b5.json,31f58a173ecfc980f380db2685c46abaf3f28080252a33436a4ad185d1153e32
42492705,5,NF-kappaB,Gene,4790,NFKB1,"[{""offset"": 50, ""length"": 9}]","{""identifier"": ""4790"", ""type"": ""Gene"", ""ncbi_homologene"": ""2971"", ""valid"": true, ""normalized"": [4790], ""database"": ""ncbi_gene"", ""normalized_id"": 4790, ""biotype"": ""gene"", ""name"": ""NFKB1"", ""accession"": ""@GENE_NFKB1""}",50,9,0,title,"[""LOCAL:protein:mouse:NFKB1""]",lexical_candidate_only,data/raw/discovery_pilot/41328b09b84b1c660d9742483f62b8d62b0eb2d54f5bef114eff582717ce60b5.json,31f58a173ecfc980f380db2685c46abaf3f28080252a33436a4ad185d1153e32
42492705,36,RANKL,Gene,8600,TNFSF11,"[{""offset"": 106, ""length"": 5}]","{""identifier"": ""8600"", ""type"": ""Gene"", ""ncbi_homologene"": ""2744"", ""valid"": true, ""normalized"": [8600], ""database"": ""ncbi_gene"", ""normalized_id"": 8600, ""biotype"": ""gene"", ""name"": ""TNFSF11"", ""accession"": ""@GENE_TNFSF11""}",106,5,1,abstract,"[""LOCAL:protein:mouse:TNFSF11""]",lexical_candidate_only,data/raw/discovery_pilot/41328b09b84b1c660d9742483f62b8d62b0eb2d54f5bef114eff582717ce60b5.json,31f58a173ecfc980f380db2685c46abaf3f28080252a33436a4ad185d1153e32
42492705,37,osteoprotegerin,Gene,4982,TNFRSF11B,"[{""offset"": 113, ""length"": 15}]","{""identifier"": ""4982"", ""type"": ""Gene"", ""ncbi_homologene"": ""1912"", ""valid"": true, ""normalized"": [4982], ""database"": ""ncbi_gene"", ""normalized_id"": 4982, ""biotype"": ""gene"", ""name"": ""TNFRSF11B"", ""accession"": ""@GENE_TNFRSF11B""}",113,15,1,abstract,"[""LOCAL:protein:mouse:TNFRSF11B""]",lexical_candidate_only,data/raw/discovery_pilot/41328b09b84b1c660d9742483f62b8d62b0eb2d54f5bef114eff582717ce60b5.json,31f58a173ecfc980f380db2685c46abaf3f28080252a33436a4ad185d1153e32
42492705,38,OPG,Gene,4982,TNFRSF11B,"[{""offset"": 130, ""length"": 3}]","{""identifier"": ""4982"", ""type"": ""Gene"", ""ncbi_homologene"": ""1912"", ""valid"": true, ""normalized"": [4982], ""database"": ""ncbi_gene"", ""normalized_id"": 4982, ""biotype"": ""gene"", ""name"": ""TNFRSF11B"", ""accession"": ""@GENE_TNFRSF11B""}",130,3,1,abstract,"[""LOCAL:protein:mouse:TNFRSF11B""]",lexical_candidate_only,data/raw/discovery_pilot/41328b09b84b1c660d9742483f62b8d62b0eb2d54f5bef114eff582717ce60b5.json,31f58a173ecfc980f380db2685c46abaf3f28080252a33436a4ad185d1153e32
42492705,39,Pyroptosis,Disease,,,"[{""offset"": 206, ""length"": 10}]","{""type"": ""Disease"", ""valid"": false, ""normalized_id"": null, ""biotype"": ""disease""}",206,10,1,abstract,[],lexical_candidate_only,data/raw/discovery_pilot/41328b09b84b1c660d9742483f62b8d62b0eb2d54f5bef114eff582717ce60b5.json,31f58a173ecfc980f380db2685c46abaf3f28080252a33436a4ad185d1153e32
42492705,40,inflammatory,Disease,MESH:D007249,Inflammation,"[{""offset"": 221, ""length"": 12}]","{""identifier"": ""MESH:D007249"", ""type"": ""Disease"", ""valid"": true, ""normalized"": [""D007249""], ""database"": ""ncbi_mesh"", ""normalized_id"": ""D007249"", ""biotype"": ""disease"", ""name"": ""Inflammation"", ""accession"": ""@DISEASE_Inflammation""}",221,12,1,abstract,[],lexical_candidate_only,data/raw/discovery_pilot/41328b09b84b1c660d9742483f62b8d62b0eb2d54f5bef114eff582717ce60b5.json,31f58a173ecfc980f380db2685c46abaf3f28080252a33436a4ad185d1153e32
42492705,41,OPG,Gene,4982,TNFRSF11B,"[{""offset"": 364, ""length"": 3}]","{""identifier"": ""4982"", ""type"": ""Gene"", ""ncbi_homologene"": ""1912"", ""valid"": true, ""normalized"": [4982], ""database"": ""ncbi_gene"", ""normalized_id"": 4982, ""biotype"": ""gene"", ""name"": ""TNFRSF11B"", ""accession"": ""@GENE_TNFRSF11B""}",364,3,1,abstract,"[""LOCAL:protein:mouse:TNFRSF11B""]",lexical_candidate_only,data/raw/discovery_pilot/41328b09b84b1c660d9742483f62b8d62b0eb2d54f5bef114eff582717ce60b5.json,31f58a173ecfc980f380db2685c46abaf3f28080252a33436a4ad185d1153e32
42492705,42,pyroptosis,Disease,,,"[{""offset"": 376, ""length"": 10}]","{""type"": ""Disease"", ""valid"": false, ""normalized_id"": null, ""biotype"": ""disease""}",376,10,1,abstract,[],lexical_candidate_only,data/raw/discovery_pilot/41328b09b84b1c660d9742483f62b8d62b0eb2d54f5bef114eff582717ce60b5.json,31f58a173ecfc980f380db2685c46abaf3f28080252a33436a4ad185d1153e32
42492705,43,NF-kappaB,Gene,4790,NFKB1,"[{""offset"": 410, ""length"": 9}]","{""identifier"": ""4790"", ""type"": ""Gene"", ""ncbi_homologene"": ""2971"", ""valid"": true, ""normalized"": [4790], ""database"": ""ncbi_gene"", ""normalized_id"": 4790, ""biotype"": ""gene"", ""name"": ""NFKB1"", ""accession"": ""@GENE_NFKB1""}",410,9,1,abstract,"[""LOCAL:protein:mouse:NFKB1""]",lexical_candidate_only,data/raw/discovery_pilot/41328b09b84b1c660d9742483f62b8d62b0eb2d54f5bef114eff582717ce60b5.json,31f58a173ecfc980f380db2685c46abaf3f28080252a33436a4ad185d1153e32
42492705,44,OPG,Gene,4982,TNFRSF11B,"[{""offset"": 459, ""length"": 3}]","{""identifier"": ""4982"", ""type"": ""Gene"", ""ncbi_homologene"": ""1912"", ""valid"": true, ""normalized"": [4982], ""database"": ""ncbi_gene"", ""normalized_id"": 4982, ""biotype"": ""gene"", ""name"": ""TNFRSF11B"", ""accession"": ""@GENE_TNFRSF11B""}",459,3,1,abstract,"[""LOCAL:protein:mouse:TNFRSF11B""]",lexical_candidate_only,data/raw/discovery_pilot/41328b09b84b1c660d9742483f62b8d62b0eb2d54f5bef114eff582717ce60b5.json,31f58a173ecfc980f380db2685c46abaf3f28080252a33436a4ad185d1153e32
42492705,45,NF-kappaB,Gene,4790,NFKB1,"[{""offset"": 500, ""length"": 9}]","{""identifier"": ""4790"", ""type"": ""Gene"", ""ncbi_homologene"": ""2971"", ""valid"": true, ""normalized"": [4790], ""database"": ""ncbi_gene"", ""normalized_id"": 4790, ""biotype"": ""gene"", ""name"": ""NFKB1"", ""accession"": ""@GENE_NFKB1""}",500,9,1,abstract,"[""LOCAL:protein:mouse:NFKB1""]",lexical_candidate_only,data/raw/discovery_pilot/41328b09b84b1c660d9742483f62b8d62b0eb2d54f5bef114eff582717ce60b5.json,31f58a173ecfc980f380db2685c46abaf3f28080252a33436a4ad185d1153e32
42492705,46,OPG,Gene,4982,TNFRSF11B,"[{""offset"": 555, ""length"": 3}]","{""identifier"": ""4982"", ""type"": ""Gene"", ""ncbi_homologene"": ""1912"", ""valid"": true, ""normalized"": [4982], ""database"": ""ncbi_gene"", ""normalized_id"": 4982, ""biotype"": ""gene"", ""name"": ""TNFRSF11B"", ""accession"": ""@GENE_TNFRSF11B""}",555,3,1,abstract,"[""LOCAL:protein:mouse:TNFRSF11B""]",lexical_candidate_only,data/raw/discovery_pilot/41328b09b84b1c660d9742483f62b8d62b0eb2d54f5bef114eff582717ce60b5.json,31f58a173ecfc980f380db2685c46abaf3f28080252a33436a4ad185d1153e32
42492705,47,IL-18,Gene,3606,IL18,"[{""offset"": 672, ""length"": 5}]","{""identifier"": ""3606"", ""type"": ""Gene"", ""ncbi_homologene"": ""1200"", ""valid"": true, ""normalized"": [3606], ""database"": ""ncbi_gene"", ""normalized_id"": 3606, ""biotype"": ""gene"", ""name"": ""IL18"", ""accession"": ""@GENE_IL18""}",672,5,1,abstract,[],lexical_candidate_only,data/raw/discovery_pilot/41328b09b84b1c660d9742483f62b8d62b0eb2d54f5bef114eff582717ce60b5.json,31f58a173ecfc980f380db2685c46abaf3f28080252a33436a4ad185d1153e32
42492705,48,IL-1beta,Gene,3553,IL1B,"[{""offset"": 678, ""length"": 8}]","{""identifier"": ""3553"", ""type"": ""Gene"", ""ncbi_homologene"": ""481"", ""valid"": true, ""normalized"": [3553], ""database"": ""ncbi_gene"", ""normalized_id"": 3553, ""biotype"": ""gene"", ""name"": ""IL1B"", ""accession"": ""@GENE_IL1B""}",678,8,1,abstract,"[""LOCAL:protein:mouse:IL1B""]",lexical_candidate_only,data/raw/discovery_pilot/41328b09b84b1c660d9742483f62b8d62b0eb2d54f5bef114eff582717ce60b5.json,31f58a173ecfc980f380db2685c46abaf3f28080252a33436a4ad185d1153e32
42492705,49,Pyroptosis,Disease,,,"[{""offset"": 709, ""length"": 10}]","{""type"": ""Disease"", ""valid"": false, ""normalized_id"": null, ""biotype"": ""disease""}",709,10,1,abstract,[],lexical_candidate_only,data/raw/discovery_pilot/41328b09b84b1c660d9742483f62b8d62b0eb2d54f5bef114eff582717ce60b5.json,31f58a173ecfc980f380db2685c46abaf3f28080252a33436a4ad185d1153e32
42492705,50,NLRP3,Gene,114548,DFNA34,"[{""offset"": 738, ""length"": 5}]","{""identifier"": ""114548"", ""type"": ""Gene"", ""ncbi_homologene"": ""3600"", ""valid"": true, ""normalized"": [114548], ""database"": ""ncbi_gene"", ""normalized_id"": 114548, ""biotype"": ""gene"", ""name"": ""DFNA34"", ""accession"": ""@GENE_DFNA34""}",738,5,1,abstract,[],lexical_candidate_only,data/raw/discovery_pilot/41328b09b84b1c660d9742483f62b8d62b0eb2d54f5bef114eff582717ce60b5.json,31f58a173ecfc980f380db2685c46abaf3f28080252a33436a4ad185d1153e32
42492705,51,caspase-1,Gene,834,CASP1,"[{""offset"": 753, ""length"": 9}]","{""identifier"": ""834"", ""type"": ""Gene"", ""ncbi_homologene"": ""133272"", ""valid"": true, ""normalized"": [834], ""database"": ""ncbi_gene"", ""normalized_id"": 834, ""biotype"": ""gene"", ""name"": ""CASP1"", ""accession"": ""@GENE_CASP1""}",753,9,1,abstract,[],lexical_candidate_only,data/raw/discovery_pilot/41328b09b84b1c660d9742483f62b8d62b0eb2d54f5bef114eff582717ce60b5.json,31f58a173ecfc980f380db2685c46abaf3f28080252a33436a4ad185d1153e32
42492705,52,GSDMD,Gene,79792,GSDMD,"[{""offset"": 772, ""length"": 5}]","{""identifier"": ""79792"", ""type"": ""Gene"", ""ncbi_homologene"": ""12299"", ""valid"": true, ""normalized"": [79792], ""database"": ""ncbi_gene"", ""normalized_id"": 79792, ""biotype"": ""gene"", ""name"": ""GSDMD"", ""accession"": ""@GENE_GSDMD""}",772,5,1,abstract,[],lexical_candidate_only,data/raw/discovery_pilot/41328b09b84b1c660d9742483f62b8d62b0eb2d54f5bef114eff582717ce60b5.json,31f58a173ecfc980f380db2685c46abaf3f28080252a33436a4ad185d1153e32
42492705,53,NF-kappaB,Gene,4790,NFKB1,"[{""offset"": 833, ""length"": 9}]","{""identifier"": ""4790"", ""type"": ""Gene"", ""ncbi_homologene"": ""2971"", ""valid"": true, ""normalized"": [4790], ""database"": ""ncbi_gene"", ""normalized_id"": 4790, ""biotype"": ""gene"", ""name"": ""NFKB1"", ""accession"": ""@GENE_NFKB1""}",833,9,1,abstract,"[""LOCAL:protein:mouse:NFKB1""]",lexical_candidate_only,data/raw/discovery_pilot/41328b09b84b1c660d9742483f62b8d62b0eb2d54f5bef114eff582717ce60b5.json,31f58a173ecfc980f380db2685c46abaf3f28080252a33436a4ad185d1153e32
42492705,54,NF-kappaB,Gene,4790,NFKB1,"[{""offset"": 892, ""length"": 9}]","{""identifier"": ""4790"", ""type"": ""Gene"", ""ncbi_homologene"": ""2971"", ""valid"": true, ""normalized"": [4790], ""database"": ""ncbi_gene"", ""normalized_id"": 4790, ""biotype"": ""gene"", ""name"": ""NFKB1"", ""accession"": ""@GENE_NFKB1""}",892,9,1,abstract,"[""LOCAL:protein:mouse:NFKB1""]",lexical_candidate_only,data/raw/discovery_pilot/41328b09b84b1c660d9742483f62b8d62b0eb2d54f5bef114eff582717ce60b5.json,31f58a173ecfc980f380db2685c46abaf3f28080252a33436a4ad185d1153e32
42492705,55,IkappaBalpha,Gene,4792,NFKBIA,"[{""offset"": 905, ""length"": 12}]","{""identifier"": ""4792"", ""type"": ""Gene"", ""ncbi_homologene"": ""7863"", ""valid"": true, ""normalized"": [4792], ""database"": ""ncbi_gene"", ""normalized_id"": 4792, ""biotype"": ""gene"", ""name"": ""NFKBIA"", ""accession"": ""@GENE_NFKBIA""}",905,12,1,abstract,"[""LOCAL:protein:mouse:NFKBIA""]",lexical_candidate_only,data/raw/discovery_pilot/41328b09b84b1c660d9742483f62b8d62b0eb2d54f5bef114eff582717ce60b5.json,31f58a173ecfc980f380db2685c46abaf3f28080252a33436a4ad185d1153e32
42492705,56,p65,Gene,5970,RELA,"[{""offset"": 943, ""length"": 3}]","{""identifier"": ""5970"", ""type"": ""Gene"", ""ncbi_homologene"": ""32064"", ""valid"": true, ""normalized"": [5970], ""database"": ""ncbi_gene"", ""normalized_id"": 5970, ""biotype"": ""gene"", ""name"": ""RELA"", ""accession"": ""@GENE_RELA""}",943,3,1,abstract,"[""LOCAL:protein:mouse:RELA""]",lexical_candidate_only,data/raw/discovery_pilot/41328b09b84b1c660d9742483f62b8d62b0eb2d54f5bef114eff582717ce60b5.json,31f58a173ecfc980f380db2685c46abaf3f28080252a33436a4ad185d1153e32
42492705,57,pyroptosis,Disease,,,"[{""offset"": 1216, ""length"": 10}]","{""type"": ""Disease"", ""valid"": false, ""normalized_id"": null, ""biotype"": ""disease""}",1216,10,1,abstract,[],lexical_candidate_only,data/raw/discovery_pilot/41328b09b84b1c660d9742483f62b8d62b0eb2d54f5bef114eff582717ce60b5.json,31f58a173ecfc980f380db2685c46abaf3f28080252a33436a4ad185d1153e32
42492705,58,NF-kappaB,Gene,4790,NFKB1,"[{""offset"": 1246, ""length"": 9}]","{""identifier"": ""4790"", ""type"": ""Gene"", ""ncbi_homologene"": ""2971"", ""valid"": true, ""normalized"": [4790], ""database"": ""ncbi_gene"", ""normalized_id"": 4790, ""biotype"": ""gene"", ""name"": ""NFKB1"", ""accession"": ""@GENE_NFKB1""}",1246,9,1,abstract,"[""LOCAL:protein:mouse:NFKB1""]",lexical_candidate_only,data/raw/discovery_pilot/41328b09b84b1c660d9742483f62b8d62b0eb2d54f5bef114eff582717ce60b5.json,31f58a173ecfc980f380db2685c46abaf3f28080252a33436a4ad185d1153e32
42492705,59,QNZ,Chemical,-,,"[{""offset"": 1266, ""length"": 3}]","{""identifier"": ""-"", ""type"": ""Chemical"", ""valid"": false, ""normalized_id"": null, ""biotype"": ""chemical""}",1266,3,1,abstract,[],lexical_candidate_only,data/raw/discovery_pilot/41328b09b84b1c660d9742483f62b8d62b0eb2d54f5bef114eff582717ce60b5.json,31f58a173ecfc980f380db2685c46abaf3f28080252a33436a4ad185d1153e32
42492705,60,OPG,Gene,4982,TNFRSF11B,"[{""offset"": 1278, ""length"": 3}]","{""identifier"": ""4982"", ""type"": ""Gene"", ""ncbi_homologene"": ""1912"", ""valid"": true, ""normalized"": [4982], ""database"": ""ncbi_gene"", ""normalized_id"": 4982, ""biotype"": ""gene"", ""name"": ""TNFRSF11B"", ""accession"": ""@GENE_TNFRSF11B""}",1278,3,1,abstract,"[""LOCAL:protein:mouse:TNFRSF11B""]",lexical_candidate_only,data/raw/discovery_pilot/41328b09b84b1c660d9742483f62b8d62b0eb2d54f5bef114eff582717ce60b5.json,31f58a173ecfc980f380db2685c46abaf3f28080252a33436a4ad185d1153e32
42492705,61,pyroptosis,Disease,,,"[{""offset"": 1290, ""length"": 10}]","{""type"": ""Disease"", ""valid"": false, ""normalized_id"": null, ""biotype"": ""disease""}",1290,10,1,abstract,[],lexical_candidate_only,data/raw/discovery_pilot/41328b09b84b1c660d9742483f62b8d62b0eb2d54f5bef114eff582717ce60b5.json,31f58a173ecfc980f380db2685c46abaf3f28080252a33436a4ad185d1153e32
42492705,62,OPG,Gene,4982,TNFRSF11B,"[{""offset"": 1317, ""length"": 3}]","{""identifier"": ""4982"", ""type"": ""Gene"", ""ncbi_homologene"": ""1912"", ""valid"": true, ""normalized"": [4982], ""database"": ""ncbi_gene"", ""normalized_id"": 4982, ""biotype"": ""gene"", ""name"": ""TNFRSF11B"", ""accession"": ""@GENE_TNFRSF11B""}",1317,3,1,abstract,"[""LOCAL:protein:mouse:TNFRSF11B""]",lexical_candidate_only,data/raw/discovery_pilot/41328b09b84b1c660d9742483f62b8d62b0eb2d54f5bef114eff582717ce60b5.json,31f58a173ecfc980f380db2685c46abaf3f28080252a33436a4ad185d1153e32
42492705,63,pyroptosis,Disease,,,"[{""offset"": 1340, ""length"": 10}]","{""type"": ""Disease"", ""valid"": false, ""normalized_id"": null, ""biotype"": ""disease""}",1340,10,1,abstract,[],lexical_candidate_only,data/raw/discovery_pilot/41328b09b84b1c660d9742483f62b8d62b0eb2d54f5bef114eff582717ce60b5.json,31f58a173ecfc980f380db2685c46abaf3f28080252a33436a4ad185d1153e32
42492705,64,NF-kappaB,Gene,4790,NFKB1,"[{""offset"": 1359, ""length"": 9}]","{""identifier"": ""4790"", ""type"": ""Gene"", ""ncbi_homologene"": ""2971"", ""valid"": true, ""normalized"": [4790], ""database"": ""ncbi_gene"", ""normalized_id"": 4790, ""biotype"": ""gene"", ""name"": ""NFKB1"", ""accession"": ""@GENE_NFKB1""}",1359,9,1,abstract,"[""LOCAL:protein:mouse:NFKB1""]",lexical_candidate_only,data/raw/discovery_pilot/41328b09b84b1c660d9742483f62b8d62b0eb2d54f5bef114eff582717ce60b5.json,31f58a173ecfc980f380db2685c46abaf3f28080252a33436a4ad185d1153e32
42492705,65,osteoclast-related bone disorders,Disease,MESH:D001862,Bone Resorption,"[{""offset"": 1426, ""length"": 33}]","{""identifier"": ""MESH:D001862"", ""type"": ""Disease"", ""valid"": true, ""normalized"": [""D001862""], ""database"": ""ncbi_mesh"", ""normalized_id"": ""D001862"", ""biotype"": ""disease"", ""name"": ""Bone Resorption"", ""accession"": ""@DISEASE_Bone_Resorption""}",1426,33,1,abstract,[],lexical_candidate_only,data/raw/discovery_pilot/41328b09b84b1c660d9742483f62b8d62b0eb2d54f5bef114eff582717ce60b5.json,31f58a173ecfc980f380db2685c46abaf3f28080252a33436a4ad185d1153e32
42658444,3,peroxiredoxin 1,Gene,5052,PRDX1,"[{""offset"": 2, ""length"": 15}]","{""identifier"": ""5052"", ""type"": ""Gene"", ""ncbi_homologene"": ""99789"", ""valid"": true, ""normalized"": [5052], ""database"": ""ncbi_gene"", ""normalized_id"": 5052, ""biotype"": ""gene"", ""name"": ""PRDX1"", ""accession"": ""@GENE_PRDX1""}",2,15,0,title,[],lexical_candidate_only,data/raw/discovery_pilot/41328b09b84b1c660d9742483f62b8d62b0eb2d54f5bef114eff582717ce60b5.json,31f58a173ecfc980f380db2685c46abaf3f28080252a33436a4ad185d1153e32
42658444,4,reactive oxygen species,Chemical,MESH:D017382,Reactive Oxygen Species,"[{""offset"": 18, ""length"": 23}]","{""identifier"": ""MESH:D017382"", ""type"": ""Chemical"", ""valid"": true, ""normalized"": [""D017382""], ""database"": ""ncbi_mesh"", ""normalized_id"": ""D017382"", ""biotype"": ""chemical"", ""name"": ""Reactive Oxygen Species"", ""accession"": ""@CHEMICAL_Reactive_Oxygen_Species""}",18,23,0,title,"[""CHEBI:26523""]",lexical_candidate_only,data/raw/discovery_pilot/41328b09b84b1c660d9742483f62b8d62b0eb2d54f5bef114eff582717ce60b5.json,31f58a173ecfc980f380db2685c46abaf3f28080252a33436a4ad185d1153e32
42658444,5,nuclear factor kappa B,Gene,4790,NFKB1,"[{""offset"": 66, ""length"": 22}]","{""identifier"": ""4790"", ""type"": ""Gene"", ""ncbi_homologene"": ""2971"", ""valid"": true, ""normalized"": [4790], ""database"": ""ncbi_gene"", ""normalized_id"": 4790, ""biotype"": ""gene"", ""name"": ""NFKB1"", ""accession"": ""@GENE_NFKB1""}",66,22,0,title,"[""LOCAL:protein:mouse:NFKB1""]",lexical_candidate_only,data/raw/discovery_pilot/41328b09b84b1c660d9742483f62b8d62b0eb2d54f5bef114eff582717ce60b5.json,31f58a173ecfc980f380db2685c46abaf3f28080252a33436a4ad185d1153e32
42658444,41,receptor activator of nuclear factor-kappaB ligand,Gene,8600,TNFSF11,"[{""offset"": 212, ""length"": 50}]","{""identifier"": ""8600"", ""type"": ""Gene"", ""ncbi_homologene"": ""2744"", ""valid"": true, ""normalized"": [8600], ""database"": ""ncbi_gene"", ""normalized_id"": 8600, ""biotype"": ""gene"", ""name"": ""TNFSF11"", ""accession"": ""@GENE_TNFSF11""}",212,50,1,abstract,"[""LOCAL:protein:mouse:TNFSF11""]",lexical_candidate_only,data/raw/discovery_pilot/41328b09b84b1c660d9742483f62b8d62b0eb2d54f5bef114eff582717ce60b5.json,31f58a173ecfc980f380db2685c46abaf3f28080252a33436a4ad185d1153e32
42658444,42,RANKL,Gene,8600,TNFSF11,"[{""offset"": 264, ""length"": 5}]","{""identifier"": ""8600"", ""type"": ""Gene"", ""ncbi_homologene"": ""2744"", ""valid"": true, ""normalized"": [8600], ""database"": ""ncbi_gene"", ""normalized_id"": 8600, ""biotype"": ""gene"", ""name"": ""TNFSF11"", ""accession"": ""@GENE_TNFSF11""}",264,5,1,abstract,"[""LOCAL:protein:mouse:TNFSF11""]",lexical_candidate_only,data/raw/discovery_pilot/41328b09b84b1c660d9742483f62b8d62b0eb2d54f5bef114eff582717ce60b5.json,31f58a173ecfc980f380db2685c46abaf3f28080252a33436a4ad185d1153e32
42658444,43,reactive oxygen species,Chemical,MESH:D017382,Reactive Oxygen Species,"[{""offset"": 291, ""length"": 23}]","{""identifier"": ""MESH:D017382"", ""type"": ""Chemical"", ""valid"": true, ""normalized"": [""D017382""], ""database"": ""ncbi_mesh"", ""normalized_id"": ""D017382"", ""biotype"": ""chemical"", ""name"": ""Reactive Oxygen Species"", ""accession"": ""@CHEMICAL_Reactive_Oxygen_Species""}",291,23,1,abstract,"[""CHEBI:26523""]",lexical_candidate_only,data/raw/discovery_pilot/41328b09b84b1c660d9742483f62b8d62b0eb2d54f5bef114eff582717ce60b5.json,31f58a173ecfc980f380db2685c46abaf3f28080252a33436a4ad185d1153e32
42658444,44,ROS,Chemical,MESH:D017382,Reactive Oxygen Species,"[{""offset"": 316, ""length"": 3}]","{""identifier"": ""MESH:D017382"", ""type"": ""Chemical"", ""valid"": true, ""normalized"": [""D017382""], ""database"": ""ncbi_mesh"", ""normalized_id"": ""D017382"", ""biotype"": ""chemical"", ""name"": ""Reactive Oxygen Species"", ""accession"": ""@CHEMICAL_Reactive_Oxygen_Species""}",316,3,1,abstract,"[""CHEBI:26523""]",lexical_candidate_only,data/raw/discovery_pilot/41328b09b84b1c660d9742483f62b8d62b0eb2d54f5bef114eff582717ce60b5.json,31f58a173ecfc980f380db2685c46abaf3f28080252a33436a4ad185d1153e32
42658444,45,peroxiredoxin 1,Gene,5052,PRDX1,"[{""offset"": 388, ""length"": 15}]","{""identifier"": ""5052"", ""type"": ""Gene"", ""ncbi_homologene"": ""99789"", ""valid"": true, ""normalized"": [5052], ""database"": ""ncbi_gene"", ""normalized_id"": 5052, ""biotype"": ""gene"", ""name"": ""PRDX1"", ""accession"": ""@GENE_PRDX1""}",388,15,1,abstract,[],lexical_candidate_only,data/raw/discovery_pilot/41328b09b84b1c660d9742483f62b8d62b0eb2d54f5bef114eff582717ce60b5.json,31f58a173ecfc980f380db2685c46abaf3f28080252a33436a4ad185d1153e32
42658444,46,PRDX1,Gene,5052,PRDX1,"[{""offset"": 405, ""length"": 5}]","{""identifier"": ""5052"", ""type"": ""Gene"", ""ncbi_homologene"": ""99789"", ""valid"": true, ""normalized"": [5052], ""database"": ""ncbi_gene"", ""normalized_id"": 5052, ""biotype"": ""gene"", ""name"": ""PRDX1"", ""accession"": ""@GENE_PRDX1""}",405,5,1,abstract,[],lexical_candidate_only,data/raw/discovery_pilot/41328b09b84b1c660d9742483f62b8d62b0eb2d54f5bef114eff582717ce60b5.json,31f58a173ecfc980f380db2685c46abaf3f28080252a33436a4ad185d1153e32
42658444,47,PRDX1,Gene,5052,PRDX1,"[{""offset"": 508, ""length"": 5}]","{""identifier"": ""5052"", ""type"": ""Gene"", ""ncbi_homologene"": ""99789"", ""valid"": true, ""normalized"": [5052], ""database"": ""ncbi_gene"", ""normalized_id"": 5052, ""biotype"": ""gene"", ""name"": ""PRDX1"", ""accession"": ""@GENE_PRDX1""}",508,5,1,abstract,[],lexical_candidate_only,data/raw/discovery_pilot/41328b09b84b1c660d9742483f62b8d62b0eb2d54f5bef114eff582717ce60b5.json,31f58a173ecfc980f380db2685c46abaf3f28080252a33436a4ad185d1153e32
42658444,48,PRDX1,Gene,5052,PRDX1,"[{""offset"": 614, ""length"": 5}]","{""identifier"": ""5052"", ""type"": ""Gene"", ""ncbi_homologene"": ""99789"", ""valid"": true, ""normalized"": [5052], ""database"": ""ncbi_gene"", ""normalized_id"": 5052, ""biotype"": ""gene"", ""name"": ""PRDX1"", ""accession"": ""@GENE_PRDX1""}",614,5,1,abstract,[],lexical_candidate_only,data/raw/discovery_pilot/41328b09b84b1c660d9742483f62b8d62b0eb2d54f5bef114eff582717ce60b5.json,31f58a173ecfc980f380db2685c46abaf3f28080252a33436a4ad185d1153e32
42658444,49,bone resorption,Disease,MESH:D001862,Bone Resorption,"[{""offset"": 686, ""length"": 15}]","{""identifier"": ""MESH:D001862"", ""type"": ""Disease"", ""valid"": true, ""normalized"": [""D001862""], ""database"": ""ncbi_mesh"", ""normalized_id"": ""D001862"", ""biotype"": ""disease"", ""name"": ""Bone Resorption"", ""accession"": ""@DISEASE_Bone_Resorption""}",686,15,1,abstract,[],lexical_candidate_only,data/raw/discovery_pilot/41328b09b84b1c660d9742483f62b8d62b0eb2d54f5bef114eff582717ce60b5.json,31f58a173ecfc980f380db2685c46abaf3f28080252a33436a4ad185d1153e32
42658444,50,PRDX1,Gene,5052,PRDX1,"[{""offset"": 703, ""length"": 5}]","{""identifier"": ""5052"", ""type"": ""Gene"", ""ncbi_homologene"": ""99789"", ""valid"": true, ""normalized"": [5052], ""database"": ""ncbi_gene"", ""normalized_id"": 5052, ""biotype"": ""gene"", ""name"": ""PRDX1"", ""accession"": ""@GENE_PRDX1""}",703,5,1,abstract,[],lexical_candidate_only,data/raw/discovery_pilot/41328b09b84b1c660d9742483f62b8d62b0eb2d54f5bef114eff582717ce60b5.json,31f58a173ecfc980f380db2685c46abaf3f28080252a33436a4ad185d1153e32
42658444,51,bone resorption,Disease,MESH:D001862,Bone Resorption,"[{""offset"": 766, ""length"": 15}]","{""identifier"": ""MESH:D001862"", ""type"": ""Disease"", ""valid"": true, ""normalized"": [""D001862""], ""database"": ""ncbi_mesh"", ""normalized_id"": ""D001862"", ""biotype"": ""disease"", ""name"": ""Bone Resorption"", ""accession"": ""@DISEASE_Bone_Resorption""}",766,15,1,abstract,[],lexical_candidate_only,data/raw/discovery_pilot/41328b09b84b1c660d9742483f62b8d62b0eb2d54f5bef114eff582717ce60b5.json,31f58a173ecfc980f380db2685c46abaf3f28080252a33436a4ad185d1153e32
42658444,52,osteoporotic,Disease,MESH:D058866,Osteoporotic Fractures,"[{""offset"": 796, ""length"": 12}]","{""identifier"": ""MESH:D058866"", ""type"": ""Disease"", ""valid"": true, ""normalized"": [""D058866""], ""database"": ""ncbi_mesh"", ""normalized_id"": ""D058866"", ""biotype"": ""disease"", ""name"": ""Osteoporotic Fractures"", ""accession"": ""@DISEASE_Osteoporotic_Fractures""}",796,12,1,abstract,[],lexical_candidate_only,data/raw/discovery_pilot/41328b09b84b1c660d9742483f62b8d62b0eb2d54f5bef114eff582717ce60b5.json,31f58a173ecfc980f380db2685c46abaf3f28080252a33436a4ad185d1153e32
42658444,53,PRDX1,Gene,5052,PRDX1,"[{""offset"": 883, ""length"": 5}]","{""identifier"": ""5052"", ""type"": ""Gene"", ""ncbi_homologene"": ""99789"", ""valid"": true, ""normalized"": [5052], ""database"": ""ncbi_gene"", ""normalized_id"": 5052, ""biotype"": ""gene"", ""name"": ""PRDX1"", ""accession"": ""@GENE_PRDX1""}",883,5,1,abstract,[],lexical_candidate_only,data/raw/discovery_pilot/41328b09b84b1c660d9742483f62b8d62b0eb2d54f5bef114eff582717ce60b5.json,31f58a173ecfc980f380db2685c46abaf3f28080252a33436a4ad185d1153e32
42658444,54,nuclear factor kappa B,Gene,4790,NFKB1,"[{""offset"": 952, ""length"": 22}]","{""identifier"": ""4790"", ""type"": ""Gene"", ""ncbi_homologene"": ""2971"", ""valid"": true, ""normalized"": [4790], ""database"": ""ncbi_gene"", ""normalized_id"": 4790, ""biotype"": ""gene"", ""name"": ""NFKB1"", ""accession"": ""@GENE_NFKB1""}",952,22,1,abstract,"[""LOCAL:protein:mouse:NFKB1""]",lexical_candidate_only,data/raw/discovery_pilot/41328b09b84b1c660d9742483f62b8d62b0eb2d54f5bef114eff582717ce60b5.json,31f58a173ecfc980f380db2685c46abaf3f28080252a33436a4ad185d1153e32
42658444,55,NF-kappaB,Gene,4790,NFKB1,"[{""offset"": 976, ""length"": 9}]","{""identifier"": ""4790"", ""type"": ""Gene"", ""ncbi_homologene"": ""2971"", ""valid"": true, ""normalized"": [4790], ""database"": ""ncbi_gene"", ""normalized_id"": 4790, ""biotype"": ""gene"", ""name"": ""NFKB1"", ""accession"": ""@GENE_NFKB1""}",976,9,1,abstract,"[""LOCAL:protein:mouse:NFKB1""]",lexical_candidate_only,data/raw/discovery_pilot/41328b09b84b1c660d9742483f62b8d62b0eb2d54f5bef114eff582717ce60b5.json,31f58a173ecfc980f380db2685c46abaf3f28080252a33436a4ad185d1153e32
42658444,56,p65,Gene,5970,RELA,"[{""offset"": 987, ""length"": 3}]","{""identifier"": ""5970"", ""type"": ""Gene"", ""ncbi_homologene"": ""32064"", ""valid"": true, ""normalized"": [5970], ""database"": ""ncbi_gene"", ""normalized_id"": 5970, ""biotype"": ""gene"", ""name"": ""RELA"", ""accession"": ""@GENE_RELA""}",987,3,1,abstract,"[""LOCAL:protein:mouse:RELA""]",lexical_candidate_only,data/raw/discovery_pilot/41328b09b84b1c660d9742483f62b8d62b0eb2d54f5bef114eff582717ce60b5.json,31f58a173ecfc980f380db2685c46abaf3f28080252a33436a4ad185d1153e32
42658444,57,PRDX1,Gene,5052,PRDX1,"[{""offset"": 1015, ""length"": 5}]","{""identifier"": ""5052"", ""type"": ""Gene"", ""ncbi_homologene"": ""99789"", ""valid"": true, ""normalized"": [5052], ""database"": ""ncbi_gene"", ""normalized_id"": 5052, ""biotype"": ""gene"", ""name"": ""PRDX1"", ""accession"": ""@GENE_PRDX1""}",1015,5,1,abstract,[],lexical_candidate_only,data/raw/discovery_pilot/41328b09b84b1c660d9742483f62b8d62b0eb2d54f5bef114eff582717ce60b5.json,31f58a173ecfc980f380db2685c46abaf3f28080252a33436a4ad185d1153e32
42658444,58,ROS,Chemical,MESH:D017382,Reactive Oxygen Species,"[{""offset"": 1045, ""length"": 3}]","{""identifier"": ""MESH:D017382"", ""type"": ""Chemical"", ""valid"": true, ""normalized"": [""D017382""], ""database"": ""ncbi_mesh"", ""normalized_id"": ""D017382"", ""biotype"": ""chemical"", ""name"": ""Reactive Oxygen Species"", ""accession"": ""@CHEMICAL_Reactive_Oxygen_Species""}",1045,3,1,abstract,"[""CHEBI:26523""]",lexical_candidate_only,data/raw/discovery_pilot/41328b09b84b1c660d9742483f62b8d62b0eb2d54f5bef114eff582717ce60b5.json,31f58a173ecfc980f380db2685c46abaf3f28080252a33436a4ad185d1153e32
42658444,59,p65,Gene,5970,RELA,"[{""offset"": 1072, ""length"": 3}]","{""identifier"": ""5970"", ""type"": ""Gene"", ""ncbi_homologene"": ""32064"", ""valid"": true, ""normalized"": [5970], ""database"": ""ncbi_gene"", ""normalized_id"": 5970, ""biotype"": ""gene"", ""name"": ""RELA"", ""accession"": ""@GENE_RELA""}",1072,3,1,abstract,"[""LOCAL:protein:mouse:RELA""]",lexical_candidate_only,data/raw/discovery_pilot/41328b09b84b1c660d9742483f62b8d62b0eb2d54f5bef114eff582717ce60b5.json,31f58a173ecfc980f380db2685c46abaf3f28080252a33436a4ad185d1153e32
42658444,60,PRDX1,Gene,5052,PRDX1,"[{""offset"": 1201, ""length"": 5}]","{""identifier"": ""5052"", ""type"": ""Gene"", ""ncbi_homologene"": ""99789"", ""valid"": true, ""normalized"": [5052], ""database"": ""ncbi_gene"", ""normalized_id"": 5052, ""biotype"": ""gene"", ""name"": ""PRDX1"", ""accession"": ""@GENE_PRDX1""}",1201,5,1,abstract,[],lexical_candidate_only,data/raw/discovery_pilot/41328b09b84b1c660d9742483f62b8d62b0eb2d54f5bef114eff582717ce60b5.json,31f58a173ecfc980f380db2685c46abaf3f28080252a33436a4ad185d1153e32
42658444,61,TNF receptor associated factor 6,Gene,222344,LOC222344,"[{""offset"": 1217, ""length"": 32}]","{""identifier"": ""222344"", ""type"": ""Gene"", ""valid"": true, ""normalized"": [222344], ""database"": ""ncbi_gene"", ""normalized_id"": 222344, ""biotype"": ""gene"", ""name"": ""LOC222344"", ""accession"": ""@GENE_LOC222344""}",1217,32,1,abstract,"[""LOCAL:protein:mouse:TRAF6""]",lexical_candidate_only,data/raw/discovery_pilot/41328b09b84b1c660d9742483f62b8d62b0eb2d54f5bef114eff582717ce60b5.json,31f58a173ecfc980f380db2685c46abaf3f28080252a33436a4ad185d1153e32
42658444,62,TRAF6,Gene,222344,LOC222344,"[{""offset"": 1251, ""length"": 5}]","{""identifier"": ""222344"", ""type"": ""Gene"", ""valid"": true, ""normalized"": [222344], ""database"": ""ncbi_gene"", ""normalized_id"": 222344, ""biotype"": ""gene"", ""name"": ""LOC222344"", ""accession"": ""@GENE_LOC222344""}",1251,5,1,abstract,"[""LOCAL:protein:mouse:TRAF6""]",lexical_candidate_only,data/raw/discovery_pilot/41328b09b84b1c660d9742483f62b8d62b0eb2d54f5bef114eff582717ce60b5.json,31f58a173ecfc980f380db2685c46abaf3f28080252a33436a4ad185d1153e32
42658444,63,RANKL,Gene,8600,TNFSF11,"[{""offset"": 1339, ""length"": 5}]","{""identifier"": ""8600"", ""type"": ""Gene"", ""ncbi_homologene"": ""2744"", ""valid"": true, ""normalized"": [8600], ""database"": ""ncbi_gene"", ""normalized_id"": 8600, ""biotype"": ""gene"", ""name"": ""TNFSF11"", ""accession"": ""@GENE_TNFSF11""}",1339,5,1,abstract,"[""LOCAL:protein:mouse:TNFSF11""]",lexical_candidate_only,data/raw/discovery_pilot/41328b09b84b1c660d9742483f62b8d62b0eb2d54f5bef114eff582717ce60b5.json,31f58a173ecfc980f380db2685c46abaf3f28080252a33436a4ad185d1153e32
42658444,64,RANKL,Gene,8600,TNFSF11,"[{""offset"": 1369, ""length"": 5}]","{""identifier"": ""8600"", ""type"": ""Gene"", ""ncbi_homologene"": ""2744"", ""valid"": true, ""normalized"": [8600], ""database"": ""ncbi_gene"", ""normalized_id"": 8600, ""biotype"": ""gene"", ""name"": ""TNFSF11"", ""accession"": ""@GENE_TNFSF11""}",1369,5,1,abstract,"[""LOCAL:protein:mouse:TNFSF11""]",lexical_candidate_only,data/raw/discovery_pilot/41328b09b84b1c660d9742483f62b8d62b0eb2d54f5bef114eff582717ce60b5.json,31f58a173ecfc980f380db2685c46abaf3f28080252a33436a4ad185d1153e32
42658444,65,Src,Gene,6714,SRC,"[{""offset"": 1383, ""length"": 3}]","{""identifier"": ""6714"", ""type"": ""Gene"", ""ncbi_homologene"": ""21120"", ""valid"": true, ""normalized"": [6714], ""database"": ""ncbi_gene"", ""normalized_id"": 6714, ""biotype"": ""gene"", ""name"": ""SRC"", ""accession"": ""@GENE_SRC""}",1383,3,1,abstract,"[""LOCAL:protein:mouse:SRC""]",lexical_candidate_only,data/raw/discovery_pilot/41328b09b84b1c660d9742483f62b8d62b0eb2d54f5bef114eff582717ce60b5.json,31f58a173ecfc980f380db2685c46abaf3f28080252a33436a4ad185d1153e32
42658444,66,PRDX1,Gene,5052,PRDX1,"[{""offset"": 1426, ""length"": 5}]","{""identifier"": ""5052"", ""type"": ""Gene"", ""ncbi_homologene"": ""99789"", ""valid"": true, ""normalized"": [5052], ""database"": ""ncbi_gene"", ""normalized_id"": 5052, ""biotype"": ""gene"", ""name"": ""PRDX1"", ""accession"": ""@GENE_PRDX1""}",1426,5,1,abstract,[],lexical_candidate_only,data/raw/discovery_pilot/41328b09b84b1c660d9742483f62b8d62b0eb2d54f5bef114eff582717ce60b5.json,31f58a173ecfc980f380db2685c46abaf3f28080252a33436a4ad185d1153e32
42658444,67,TRAF6,Gene,222344,LOC222344,"[{""offset"": 1458, ""length"": 5}]","{""identifier"": ""222344"", ""type"": ""Gene"", ""valid"": true, ""normalized"": [222344], ""database"": ""ncbi_gene"", ""normalized_id"": 222344, ""biotype"": ""gene"", ""name"": ""LOC222344"", ""accession"": ""@GENE_LOC222344""}",1458,5,1,abstract,"[""LOCAL:protein:mouse:TRAF6""]",lexical_candidate_only,data/raw/discovery_pilot/41328b09b84b1c660d9742483f62b8d62b0eb2d54f5bef114eff582717ce60b5.json,31f58a173ecfc980f380db2685c46abaf3f28080252a33436a4ad185d1153e32
42658444,68,TRAF6,Gene,222344,LOC222344,"[{""offset"": 1527, ""length"": 5}]","{""identifier"": ""222344"", ""type"": ""Gene"", ""valid"": true, ""normalized"": [222344], ""database"": ""ncbi_gene"", ""normalized_id"": 222344, ""biotype"": ""gene"", ""name"": ""LOC222344"", ""accession"": ""@GENE_LOC222344""}",1527,5,1,abstract,"[""LOCAL:protein:mouse:TRAF6""]",lexical_candidate_only,data/raw/discovery_pilot/41328b09b84b1c660d9742483f62b8d62b0eb2d54f5bef114eff582717ce60b5.json,31f58a173ecfc980f380db2685c46abaf3f28080252a33436a4ad185d1153e32
42658444,69,PRDX1,Gene,5052,PRDX1,"[{""offset"": 1576, ""length"": 5}]","{""identifier"": ""5052"", ""type"": ""Gene"", ""ncbi_homologene"": ""99789"", ""valid"": true, ""normalized"": [5052], ""database"": ""ncbi_gene"", ""normalized_id"": 5052, ""biotype"": ""gene"", ""name"": ""PRDX1"", ""accession"": ""@GENE_PRDX1""}",1576,5,1,abstract,[],lexical_candidate_only,data/raw/discovery_pilot/41328b09b84b1c660d9742483f62b8d62b0eb2d54f5bef114eff582717ce60b5.json,31f58a173ecfc980f380db2685c46abaf3f28080252a33436a4ad185d1153e32
42658444,70,ROS,Chemical,MESH:D017382,Reactive Oxygen Species,"[{""offset"": 1582, ""length"": 3}]","{""identifier"": ""MESH:D017382"", ""type"": ""Chemical"", ""valid"": true, ""normalized"": [""D017382""], ""database"": ""ncbi_mesh"", ""normalized_id"": ""D017382"", ""biotype"": ""chemical"", ""name"": ""Reactive Oxygen Species"", ""accession"": ""@CHEMICAL_Reactive_Oxygen_Species""}",1582,3,1,abstract,"[""CHEBI:26523""]",lexical_candidate_only,data/raw/discovery_pilot/41328b09b84b1c660d9742483f62b8d62b0eb2d54f5bef114eff582717ce60b5.json,31f58a173ecfc980f380db2685c46abaf3f28080252a33436a4ad185d1153e32
42658444,71,NF-kappaB,Gene,4790,NFKB1,"[{""offset"": 1615, ""length"": 9}]","{""identifier"": ""4790"", ""type"": ""Gene"", ""ncbi_homologene"": ""2971"", ""valid"": true, ""normalized"": [4790], ""database"": ""ncbi_gene"", ""normalized_id"": 4790, ""biotype"": ""gene"", ""name"": ""NFKB1"", ""accession"": ""@GENE_NFKB1""}",1615,9,1,abstract,"[""LOCAL:protein:mouse:NFKB1""]",lexical_candidate_only,data/raw/discovery_pilot/41328b09b84b1c660d9742483f62b8d62b0eb2d54f5bef114eff582717ce60b5.json,31f58a173ecfc980f380db2685c46abaf3f28080252a33436a4ad185d1153e32
42658444,72,PRDX1,Gene,5052,PRDX1,"[{""offset"": 1683, ""length"": 5}]","{""identifier"": ""5052"", ""type"": ""Gene"", ""ncbi_homologene"": ""99789"", ""valid"": true, ""normalized"": [5052], ""database"": ""ncbi_gene"", ""normalized_id"": 5052, ""biotype"": ""gene"", ""name"": ""PRDX1"", ""accession"": ""@GENE_PRDX1""}",1683,5,1,abstract,[],lexical_candidate_only,data/raw/discovery_pilot/41328b09b84b1c660d9742483f62b8d62b0eb2d54f5bef114eff582717ce60b5.json,31f58a173ecfc980f380db2685c46abaf3f28080252a33436a4ad185d1153e32
42658444,73,RANKL,Gene,8600,TNFSF11,"[{""offset"": 1725, ""length"": 5}]","{""identifier"": ""8600"", ""type"": ""Gene"", ""ncbi_homologene"": ""2744"", ""valid"": true, ""normalized"": [8600], ""database"": ""ncbi_gene"", ""normalized_id"": 8600, ""biotype"": ""gene"", ""name"": ""TNFSF11"", ""accession"": ""@GENE_TNFSF11""}",1725,5,1,abstract,"[""LOCAL:protein:mouse:TNFSF11""]",lexical_candidate_only,data/raw/discovery_pilot/41328b09b84b1c660d9742483f62b8d62b0eb2d54f5bef114eff582717ce60b5.json,31f58a173ecfc980f380db2685c46abaf3f28080252a33436a4ad185d1153e32
42658444,74,PRDX1,Gene,5052,PRDX1,"[{""offset"": 1818, ""length"": 5}]","{""identifier"": ""5052"", ""type"": ""Gene"", ""ncbi_homologene"": ""99789"", ""valid"": true, ""normalized"": [5052], ""database"": ""ncbi_gene"", ""normalized_id"": 5052, ""biotype"": ""gene"", ""name"": ""PRDX1"", ""accession"": ""@GENE_PRDX1""}",1818,5,1,abstract,[],lexical_candidate_only,data/raw/discovery_pilot/41328b09b84b1c660d9742483f62b8d62b0eb2d54f5bef114eff582717ce60b5.json,31f58a173ecfc980f380db2685c46abaf3f28080252a33436a4ad185d1153e32
42658444,75,bone resorption,Disease,MESH:D001862,Bone Resorption,"[{""offset"": 1977, ""length"": 15}]","{""identifier"": ""MESH:D001862"", ""type"": ""Disease"", ""valid"": true, ""normalized"": [""D001862""], ""database"": ""ncbi_mesh"", ""normalized_id"": ""D001862"", ""biotype"": ""disease"", ""name"": ""Bone Resorption"", ""accession"": ""@DISEASE_Bone_Resorption""}",1977,15,1,abstract,[],lexical_candidate_only,data/raw/discovery_pilot/41328b09b84b1c660d9742483f62b8d62b0eb2d54f5bef114eff582717ce60b5.json,31f58a173ecfc980f380db2685c46abaf3f28080252a33436a4ad185d1153e32
42669152,5,WTAP,Gene,60532,Wtap,"[{""offset"": 0, ""length"": 4}]","{""identifier"": ""60532"", ""type"": ""Gene"", ""ncbi_homologene"": ""68422"", ""valid"": true, ""normalized"": [60532], ""database"": ""ncbi_gene"", ""normalized_id"": 60532, ""biotype"": ""gene"", ""name"": ""Wtap"", ""accession"": ""@GENE_WTAP""}",0,4,0,title,[],lexical_candidate_only,data/raw/discovery_pilot/41328b09b84b1c660d9742483f62b8d62b0eb2d54f5bef114eff582717ce60b5.json,31f58a173ecfc980f380db2685c46abaf3f28080252a33436a4ad185d1153e32
42669152,6,KLF9,Gene,16601,Klf9,"[{""offset"": 36, ""length"": 4}]","{""identifier"": ""16601"", ""type"": ""Gene"", ""ncbi_homologene"": ""931"", ""valid"": true, ""normalized"": [16601], ""database"": ""ncbi_gene"", ""normalized_id"": 16601, ""biotype"": ""gene"", ""name"": ""Klf9"", ""accession"": ""@GENE_KLF9""}",36,4,0,title,[],lexical_candidate_only,data/raw/discovery_pilot/41328b09b84b1c660d9742483f62b8d62b0eb2d54f5bef114eff582717ce60b5.json,31f58a173ecfc980f380db2685c46abaf3f28080252a33436a4ad185d1153e32
42669152,7,M6A,Chemical,MESH:C005955,6-methyladenine,"[{""offset"": 71, ""length"": 3}]","{""identifier"": ""MESH:C005955"", ""type"": ""Chemical"", ""valid"": true, ""normalized"": [""C005955""], ""database"": ""ncbi_mesh"", ""normalized_id"": ""C005955"", ""biotype"": ""chemical"", ""name"": ""6-methyladenine"", ""accession"": ""@CHEMICAL_6_methyladenine""}",71,3,0,title,[],lexical_candidate_only,data/raw/discovery_pilot/41328b09b84b1c660d9742483f62b8d62b0eb2d54f5bef114eff582717ce60b5.json,31f58a173ecfc980f380db2685c46abaf3f28080252a33436a4ad185d1153e32
42669152,8,CSF1R,Gene,12978,Csf1r,"[{""offset"": 98, ""length"": 5}]","{""identifier"": ""12978"", ""type"": ""Gene"", ""ncbi_homologene"": ""3817"", ""valid"": true, ""normalized"": [12978], ""database"": ""ncbi_gene"", ""normalized_id"": 12978, ""biotype"": ""gene"", ""name"": ""Csf1r"", ""accession"": ""@GENE_CSF1R""}",98,5,0,title,"[""LOCAL:protein:mouse:CSF1R""]",lexical_candidate_only,data/raw/discovery_pilot/41328b09b84b1c660d9742483f62b8d62b0eb2d54f5bef114eff582717ce60b5.json,31f58a173ecfc980f380db2685c46abaf3f28080252a33436a4ad185d1153e32
42669152,9,Osteoporosis,Disease,MESH:D010024,Osteoporosis,"[{""offset"": 136, ""length"": 12}]","{""identifier"": ""MESH:D010024"", ""type"": ""Disease"", ""valid"": true, ""normalized"": [""D010024""], ""database"": ""ncbi_mesh"", ""normalized_id"": ""D010024"", ""biotype"": ""disease"", ""name"": ""Osteoporosis"", ""accession"": ""@DISEASE_Osteoporosis""}",136,12,0,title,[],lexical_candidate_only,data/raw/discovery_pilot/41328b09b84b1c660d9742483f62b8d62b0eb2d54f5bef114eff582717ce60b5.json,31f58a173ecfc980f380db2685c46abaf3f28080252a33436a4ad185d1153e32
42669152,43,Osteoporosis,Disease,MESH:D010024,Osteoporosis,"[{""offset"": 150, ""length"": 12}]","{""identifier"": ""MESH:D010024"", ""type"": ""Disease"", ""valid"": true, ""normalized"": [""D010024""], ""database"": ""ncbi_mesh"", ""normalized_id"": ""D010024"", ""biotype"": ""disease"", ""name"": ""Osteoporosis"", ""accession"": ""@DISEASE_Osteoporosis""}",150,12,1,abstract,[],lexical_candidate_only,data/raw/discovery_pilot/41328b09b84b1c660d9742483f62b8d62b0eb2d54f5bef114eff582717ce60b5.json,31f58a173ecfc980f380db2685c46abaf3f28080252a33436a4ad185d1153e32
42669152,44,resorption,Disease,MESH:D014091,Tooth Resorption,"[{""offset"": 258, ""length"": 10}]","{""identifier"": ""MESH:D014091"", ""type"": ""Disease"", ""valid"": true, ""normalized"": [""D014091""], ""database"": ""ncbi_mesh"", ""normalized_id"": ""D014091"", ""biotype"": ""disease"", ""name"": ""Tooth Resorption"", ""accession"": ""@DISEASE_Tooth_Resorption""}",258,10,1,abstract,[],lexical_candidate_only,data/raw/discovery_pilot/41328b09b84b1c660d9742483f62b8d62b0eb2d54f5bef114eff582717ce60b5.json,31f58a173ecfc980f380db2685c46abaf3f28080252a33436a4ad185d1153e32
42669152,45,m6A,Chemical,MESH:C005955,6-methyladenine,"[{""offset"": 311, ""length"": 3}]","{""identifier"": ""MESH:C005955"", ""type"": ""Chemical"", ""valid"": true, ""normalized"": [""C005955""], ""database"": ""ncbi_mesh"", ""normalized_id"": ""C005955"", ""biotype"": ""chemical"", ""name"": ""6-methyladenine"", ""accession"": ""@CHEMICAL_6_methyladenine""}",311,3,1,abstract,[],lexical_candidate_only,data/raw/discovery_pilot/41328b09b84b1c660d9742483f62b8d62b0eb2d54f5bef114eff582717ce60b5.json,31f58a173ecfc980f380db2685c46abaf3f28080252a33436a4ad185d1153e32
42669152,46,WTAP,Gene,60532,Wtap,"[{""offset"": 363, ""length"": 4}]","{""identifier"": ""60532"", ""type"": ""Gene"", ""ncbi_homologene"": ""68422"", ""valid"": true, ""normalized"": [60532], ""database"": ""ncbi_gene"", ""normalized_id"": 60532, ""biotype"": ""gene"", ""name"": ""Wtap"", ""accession"": ""@GENE_WTAP""}",363,4,1,abstract,[],lexical_candidate_only,data/raw/discovery_pilot/41328b09b84b1c660d9742483f62b8d62b0eb2d54f5bef114eff582717ce60b5.json,31f58a173ecfc980f380db2685c46abaf3f28080252a33436a4ad185d1153e32
42669152,47,m6A methyltransferase,Gene,56335,Mettl3,"[{""offset"": 388, ""length"": 21}]","{""identifier"": ""56335"", ""type"": ""Gene"", ""ncbi_homologene"": ""10501"", ""valid"": true, ""normalized"": [56335], ""database"": ""ncbi_gene"", ""normalized_id"": 56335, ""biotype"": ""gene"", ""name"": ""Mettl3"", ""accession"": ""@GENE_METTL3""}",388,21,1,abstract,[],lexical_candidate_only,data/raw/discovery_pilot/41328b09b84b1c660d9742483f62b8d62b0eb2d54f5bef114eff582717ce60b5.json,31f58a173ecfc980f380db2685c46abaf3f28080252a33436a4ad185d1153e32
42669152,48,Wtap,Gene,60532,Wtap,"[{""offset"": 492, ""length"": 4}]","{""identifier"": ""60532"", ""type"": ""Gene"", ""ncbi_homologene"": ""68422"", ""valid"": true, ""normalized"": [60532], ""database"": ""ncbi_gene"", ""normalized_id"": 60532, ""biotype"": ""gene"", ""name"": ""Wtap"", ""accession"": ""@GENE_WTAP""}",492,4,1,abstract,[],lexical_candidate_only,data/raw/discovery_pilot/41328b09b84b1c660d9742483f62b8d62b0eb2d54f5bef114eff582717ce60b5.json,31f58a173ecfc980f380db2685c46abaf3f28080252a33436a4ad185d1153e32
42669152,49,mice,Species,10090,10090,"[{""offset"": 509, ""length"": 4}]","{""identifier"": ""10090"", ""type"": ""Species"", ""valid"": true, ""normalized"": [10090], ""database"": ""ncbi_taxonomy"", ""normalized_id"": 10090, ""biotype"": ""species"", ""name"": ""10090"", ""accession"": null}",509,4,1,abstract,[],lexical_candidate_only,data/raw/discovery_pilot/41328b09b84b1c660d9742483f62b8d62b0eb2d54f5bef114eff582717ce60b5.json,31f58a173ecfc980f380db2685c46abaf3f28080252a33436a4ad185d1153e32
42669152,50,osteoporotic bone loss,Disease,MESH:D058866,Osteoporotic Fractures,"[{""offset"": 551, ""length"": 22}]","{""identifier"": ""MESH:D058866"", ""type"": ""Disease"", ""valid"": true, ""normalized"": [""D058866""], ""database"": ""ncbi_mesh"", ""normalized_id"": ""D058866"", ""biotype"": ""disease"", ""name"": ""Osteoporotic Fractures"", ""accession"": ""@DISEASE_Osteoporotic_Fractures""}",551,22,1,abstract,[],lexical_candidate_only,data/raw/discovery_pilot/41328b09b84b1c660d9742483f62b8d62b0eb2d54f5bef114eff582717ce60b5.json,31f58a173ecfc980f380db2685c46abaf3f28080252a33436a4ad185d1153e32
42669152,51,WTAP,Gene,60532,Wtap,"[{""offset"": 592, ""length"": 4}]","{""identifier"": ""60532"", ""type"": ""Gene"", ""ncbi_homologene"": ""68422"", ""valid"": true, ""normalized"": [60532], ""database"": ""ncbi_gene"", ""normalized_id"": 60532, ""biotype"": ""gene"", ""name"": ""Wtap"", ""accession"": ""@GENE_WTAP""}",592,4,1,abstract,[],lexical_candidate_only,data/raw/discovery_pilot/41328b09b84b1c660d9742483f62b8d62b0eb2d54f5bef114eff582717ce60b5.json,31f58a173ecfc980f380db2685c46abaf3f28080252a33436a4ad185d1153e32
42669152,52,m6A,Chemical,MESH:C005955,6-methyladenine,"[{""offset"": 606, ""length"": 3}]","{""identifier"": ""MESH:C005955"", ""type"": ""Chemical"", ""valid"": true, ""normalized"": [""C005955""], ""database"": ""ncbi_mesh"", ""normalized_id"": ""C005955"", ""biotype"": ""chemical"", ""name"": ""6-methyladenine"", ""accession"": ""@CHEMICAL_6_methyladenine""}",606,3,1,abstract,[],lexical_candidate_only,data/raw/discovery_pilot/41328b09b84b1c660d9742483f62b8d62b0eb2d54f5bef114eff582717ce60b5.json,31f58a173ecfc980f380db2685c46abaf3f28080252a33436a4ad185d1153e32
42669152,53,m6A,Chemical,MESH:C005955,6-methyladenine,"[{""offset"": 670, ""length"": 3}]","{""identifier"": ""MESH:C005955"", ""type"": ""Chemical"", ""valid"": true, ""normalized"": [""C005955""], ""database"": ""ncbi_mesh"", ""normalized_id"": ""C005955"", ""biotype"": ""chemical"", ""name"": ""6-methyladenine"", ""accession"": ""@CHEMICAL_6_methyladenine""}",670,3,1,abstract,[],lexical_candidate_only,data/raw/discovery_pilot/41328b09b84b1c660d9742483f62b8d62b0eb2d54f5bef114eff582717ce60b5.json,31f58a173ecfc980f380db2685c46abaf3f28080252a33436a4ad185d1153e32
42669152,54,YTHDF2,Gene,213541,Ythdf2,"[{""offset"": 681, ""length"": 6}]","{""identifier"": ""213541"", ""type"": ""Gene"", ""ncbi_homologene"": ""32302"", ""valid"": true, ""normalized"": [213541], ""database"": ""ncbi_gene"", ""normalized_id"": 213541, ""biotype"": ""gene"", ""name"": ""Ythdf2"", ""accession"": ""@GENE_YTHDF2""}",681,6,1,abstract,[],lexical_candidate_only,data/raw/discovery_pilot/41328b09b84b1c660d9742483f62b8d62b0eb2d54f5bef114eff582717ce60b5.json,31f58a173ecfc980f380db2685c46abaf3f28080252a33436a4ad185d1153e32
42669152,55,CSF1R,Gene,12978,Csf1r,"[{""offset"": 707, ""length"": 5}]","{""identifier"": ""12978"", ""type"": ""Gene"", ""ncbi_homologene"": ""3817"", ""valid"": true, ""normalized"": [12978], ""database"": ""ncbi_gene"", ""normalized_id"": 12978, ""biotype"": ""gene"", ""name"": ""Csf1r"", ""accession"": ""@GENE_CSF1R""}",707,5,1,abstract,"[""LOCAL:protein:mouse:CSF1R""]",lexical_candidate_only,data/raw/discovery_pilot/41328b09b84b1c660d9742483f62b8d62b0eb2d54f5bef114eff582717ce60b5.json,31f58a173ecfc980f380db2685c46abaf3f28080252a33436a4ad185d1153e32
42669152,56,bone loss,Disease,MESH:D001847,Bone Diseases,"[{""offset"": 766, ""length"": 9}]","{""identifier"": ""MESH:D001847"", ""type"": ""Disease"", ""valid"": true, ""normalized"": [""D001847""], ""database"": ""ncbi_mesh"", ""normalized_id"": ""D001847"", ""biotype"": ""disease"", ""name"": ""Bone Diseases"", ""accession"": ""@DISEASE_Bone_Diseases""}",766,9,1,abstract,[],lexical_candidate_only,data/raw/discovery_pilot/41328b09b84b1c660d9742483f62b8d62b0eb2d54f5bef114eff582717ce60b5.json,31f58a173ecfc980f380db2685c46abaf3f28080252a33436a4ad185d1153e32
42669152,57,osteoporosis,Disease,MESH:D010024,Osteoporosis,"[{""offset"": 798, ""length"": 12}]","{""identifier"": ""MESH:D010024"", ""type"": ""Disease"", ""valid"": true, ""normalized"": [""D010024""], ""database"": ""ncbi_mesh"", ""normalized_id"": ""D010024"", ""biotype"": ""disease"", ""name"": ""Osteoporosis"", ""accession"": ""@DISEASE_Osteoporosis""}",798,12,1,abstract,[],lexical_candidate_only,data/raw/discovery_pilot/41328b09b84b1c660d9742483f62b8d62b0eb2d54f5bef114eff582717ce60b5.json,31f58a173ecfc980f380db2685c46abaf3f28080252a33436a4ad185d1153e32
42669152,58,KLF9,Gene,16601,Klf9,"[{""offset"": 837, ""length"": 4}]","{""identifier"": ""16601"", ""type"": ""Gene"", ""ncbi_homologene"": ""931"", ""valid"": true, ""normalized"": [16601], ""database"": ""ncbi_gene"", ""normalized_id"": 16601, ""biotype"": ""gene"", ""name"": ""Klf9"", ""accession"": ""@GENE_KLF9""}",837,4,1,abstract,[],lexical_candidate_only,data/raw/discovery_pilot/41328b09b84b1c660d9742483f62b8d62b0eb2d54f5bef114eff582717ce60b5.json,31f58a173ecfc980f380db2685c46abaf3f28080252a33436a4ad185d1153e32
42669152,59,Wtap,Gene,60532,Wtap,"[{""offset"": 934, ""length"": 4}]","{""identifier"": ""60532"", ""type"": ""Gene"", ""ncbi_homologene"": ""68422"", ""valid"": true, ""normalized"": [60532], ""database"": ""ncbi_gene"", ""normalized_id"": 60532, ""biotype"": ""gene"", ""name"": ""Wtap"", ""accession"": ""@GENE_WTAP""}",934,4,1,abstract,[],lexical_candidate_only,data/raw/discovery_pilot/41328b09b84b1c660d9742483f62b8d62b0eb2d54f5bef114eff582717ce60b5.json,31f58a173ecfc980f380db2685c46abaf3f28080252a33436a4ad185d1153e32
42669152,60,KLF9,Gene,16601,Klf9,"[{""offset"": 1027, ""length"": 4}]","{""identifier"": ""16601"", ""type"": ""Gene"", ""ncbi_homologene"": ""931"", ""valid"": true, ""normalized"": [16601], ""database"": ""ncbi_gene"", ""normalized_id"": 16601, ""biotype"": ""gene"", ""name"": ""Klf9"", ""accession"": ""@GENE_KLF9""}",1027,4,1,abstract,[],lexical_candidate_only,data/raw/discovery_pilot/41328b09b84b1c660d9742483f62b8d62b0eb2d54f5bef114eff582717ce60b5.json,31f58a173ecfc980f380db2685c46abaf3f28080252a33436a4ad185d1153e32
42669152,61,osteoporotic bone loss,Disease,MESH:D058866,Osteoporotic Fractures,"[{""offset"": 1081, ""length"": 22}]","{""identifier"": ""MESH:D058866"", ""type"": ""Disease"", ""valid"": true, ""normalized"": [""D058866""], ""database"": ""ncbi_mesh"", ""normalized_id"": ""D058866"", ""biotype"": ""disease"", ""name"": ""Osteoporotic Fractures"", ""accession"": ""@DISEASE_Osteoporotic_Fractures""}",1081,22,1,abstract,[],lexical_candidate_only,data/raw/discovery_pilot/41328b09b84b1c660d9742483f62b8d62b0eb2d54f5bef114eff582717ce60b5.json,31f58a173ecfc980f380db2685c46abaf3f28080252a33436a4ad185d1153e32
42669152,62,Wtap,Gene,60532,Wtap,"[{""offset"": 1131, ""length"": 4}]","{""identifier"": ""60532"", ""type"": ""Gene"", ""ncbi_homologene"": ""68422"", ""valid"": true, ""normalized"": [60532], ""database"": ""ncbi_gene"", ""normalized_id"": 60532, ""biotype"": ""gene"", ""name"": ""Wtap"", ""accession"": ""@GENE_WTAP""}",1131,4,1,abstract,[],lexical_candidate_only,data/raw/discovery_pilot/41328b09b84b1c660d9742483f62b8d62b0eb2d54f5bef114eff582717ce60b5.json,31f58a173ecfc980f380db2685c46abaf3f28080252a33436a4ad185d1153e32
42669152,63,KLF9,Gene,16601,Klf9,"[{""offset"": 1161, ""length"": 4}]","{""identifier"": ""16601"", ""type"": ""Gene"", ""ncbi_homologene"": ""931"", ""valid"": true, ""normalized"": [16601], ""database"": ""ncbi_gene"", ""normalized_id"": 16601, ""biotype"": ""gene"", ""name"": ""Klf9"", ""accession"": ""@GENE_KLF9""}",1161,4,1,abstract,[],lexical_candidate_only,data/raw/discovery_pilot/41328b09b84b1c660d9742483f62b8d62b0eb2d54f5bef114eff582717ce60b5.json,31f58a173ecfc980f380db2685c46abaf3f28080252a33436a4ad185d1153e32
42669152,64,WTAP,Gene,60532,Wtap,"[{""offset"": 1166, ""length"": 4}]","{""identifier"": ""60532"", ""type"": ""Gene"", ""ncbi_homologene"": ""68422"", ""valid"": true, ""normalized"": [60532], ""database"": ""ncbi_gene"", ""normalized_id"": 60532, ""biotype"": ""gene"", ""name"": ""Wtap"", ""accession"": ""@GENE_WTAP""}",1166,4,1,abstract,[],lexical_candidate_only,data/raw/discovery_pilot/41328b09b84b1c660d9742483f62b8d62b0eb2d54f5bef114eff582717ce60b5.json,31f58a173ecfc980f380db2685c46abaf3f28080252a33436a4ad185d1153e32
42669152,65,YTHDF2,Gene,213541,Ythdf2,"[{""offset"": 1171, ""length"": 6}]","{""identifier"": ""213541"", ""type"": ""Gene"", ""ncbi_homologene"": ""32302"", ""valid"": true, ""normalized"": [213541], ""database"": ""ncbi_gene"", ""normalized_id"": 213541, ""biotype"": ""gene"", ""name"": ""Ythdf2"", ""accession"": ""@GENE_YTHDF2""}",1171,6,1,abstract,[],lexical_candidate_only,data/raw/discovery_pilot/41328b09b84b1c660d9742483f62b8d62b0eb2d54f5bef114eff582717ce60b5.json,31f58a173ecfc980f380db2685c46abaf3f28080252a33436a4ad185d1153e32
42669152,66,m6A,Chemical,MESH:C005955,6-methyladenine,"[{""offset"": 1178, ""length"": 3}]","{""identifier"": ""MESH:C005955"", ""type"": ""Chemical"", ""valid"": true, ""normalized"": [""C005955""], ""database"": ""ncbi_mesh"", ""normalized_id"": ""C005955"", ""biotype"": ""chemical"", ""name"": ""6-methyladenine"", ""accession"": ""@CHEMICAL_6_methyladenine""}",1178,3,1,abstract,[],lexical_candidate_only,data/raw/discovery_pilot/41328b09b84b1c660d9742483f62b8d62b0eb2d54f5bef114eff582717ce60b5.json,31f58a173ecfc980f380db2685c46abaf3f28080252a33436a4ad185d1153e32
42669152,67,CSF1R,Gene,12978,Csf1r,"[{""offset"": 1182, ""length"": 5}]","{""identifier"": ""12978"", ""type"": ""Gene"", ""ncbi_homologene"": ""3817"", ""valid"": true, ""normalized"": [12978], ""database"": ""ncbi_gene"", ""normalized_id"": 12978, ""biotype"": ""gene"", ""name"": ""Csf1r"", ""accession"": ""@GENE_CSF1R""}",1182,5,1,abstract,"[""LOCAL:protein:mouse:CSF1R""]",lexical_candidate_only,data/raw/discovery_pilot/41328b09b84b1c660d9742483f62b8d62b0eb2d54f5bef114eff582717ce60b5.json,31f58a173ecfc980f380db2685c46abaf3f28080252a33436a4ad185d1153e32
42669152,68,resorption,Disease,MESH:D014091,Tooth Resorption,"[{""offset"": 1248, ""length"": 10}]","{""identifier"": ""MESH:D014091"", ""type"": ""Disease"", ""valid"": true, ""normalized"": [""D014091""], ""database"": ""ncbi_mesh"", ""normalized_id"": ""D014091"", ""biotype"": ""disease"", ""name"": ""Tooth Resorption"", ""accession"": ""@DISEASE_Tooth_Resorption""}",1248,10,1,abstract,[],lexical_candidate_only,data/raw/discovery_pilot/41328b09b84b1c660d9742483f62b8d62b0eb2d54f5bef114eff582717ce60b5.json,31f58a173ecfc980f380db2685c46abaf3f28080252a33436a4ad185d1153e32
42669152,69,Wtap,Gene,60532,Wtap,"[{""offset"": 1314, ""length"": 4}]","{""identifier"": ""60532"", ""type"": ""Gene"", ""ncbi_homologene"": ""68422"", ""valid"": true, ""normalized"": [60532], ""database"": ""ncbi_gene"", ""normalized_id"": 60532, ""biotype"": ""gene"", ""name"": ""Wtap"", ""accession"": ""@GENE_WTAP""}",1314,4,1,abstract,[],lexical_candidate_only,data/raw/discovery_pilot/41328b09b84b1c660d9742483f62b8d62b0eb2d54f5bef114eff582717ce60b5.json,31f58a173ecfc980f380db2685c46abaf3f28080252a33436a4ad185d1153e32
42669152,70,CSF1R,Gene,12978,Csf1r,"[{""offset"": 1353, ""length"": 5}]","{""identifier"": ""12978"", ""type"": ""Gene"", ""ncbi_homologene"": ""3817"", ""valid"": true, ""normalized"": [12978], ""database"": ""ncbi_gene"", ""normalized_id"": 12978, ""biotype"": ""gene"", ""name"": ""Csf1r"", ""accession"": ""@GENE_CSF1R""}",1353,5,1,abstract,"[""LOCAL:protein:mouse:CSF1R""]",lexical_candidate_only,data/raw/discovery_pilot/41328b09b84b1c660d9742483f62b8d62b0eb2d54f5bef114eff582717ce60b5.json,31f58a173ecfc980f380db2685c46abaf3f28080252a33436a4ad185d1153e32
42669152,71,pexidartinib,Chemical,MESH:C000600259,pexidartinib,"[{""offset"": 1375, ""length"": 12}]","{""identifier"": ""MESH:C000600259"", ""type"": ""Chemical"", ""valid"": true, ""normalized"": [""C000600259""], ""database"": ""ncbi_mesh"", ""normalized_id"": ""C000600259"", ""biotype"": ""chemical"", ""name"": ""pexidartinib"", ""accession"": ""@CHEMICAL_pexidartinib""}",1375,12,1,abstract,[],lexical_candidate_only,data/raw/discovery_pilot/41328b09b84b1c660d9742483f62b8d62b0eb2d54f5bef114eff582717ce60b5.json,31f58a173ecfc980f380db2685c46abaf3f28080252a33436a4ad185d1153e32
42669152,72,bone loss,Disease,MESH:D001847,Bone Diseases,"[{""offset"": 1412, ""length"": 9}]","{""identifier"": ""MESH:D001847"", ""type"": ""Disease"", ""valid"": true, ""normalized"": [""D001847""], ""database"": ""ncbi_mesh"", ""normalized_id"": ""D001847"", ""biotype"": ""disease"", ""name"": ""Bone Diseases"", ""accession"": ""@DISEASE_Bone_Diseases""}",1412,9,1,abstract,[],lexical_candidate_only,data/raw/discovery_pilot/41328b09b84b1c660d9742483f62b8d62b0eb2d54f5bef114eff582717ce60b5.json,31f58a173ecfc980f380db2685c46abaf3f28080252a33436a4ad185d1153e32
42669152,73,osteoporotic,Disease,MESH:D058866,Osteoporotic Fractures,"[{""offset"": 1425, ""length"": 12}]","{""identifier"": ""MESH:D058866"", ""type"": ""Disease"", ""valid"": true, ""normalized"": [""D058866""], ""database"": ""ncbi_mesh"", ""normalized_id"": ""D058866"", ""biotype"": ""disease"", ""name"": ""Osteoporotic Fractures"", ""accession"": ""@DISEASE_Osteoporotic_Fractures""}",1425,12,1,abstract,[],lexical_candidate_only,data/raw/discovery_pilot/41328b09b84b1c660d9742483f62b8d62b0eb2d54f5bef114eff582717ce60b5.json,31f58a173ecfc980f380db2685c46abaf3f28080252a33436a4ad185d1153e32
42669152,74,mice,Species,10090,10090,"[{""offset"": 1438, ""length"": 4}]","{""identifier"": ""10090"", ""type"": ""Species"", ""valid"": true, ""normalized"": [10090], ""database"": ""ncbi_taxonomy"", ""normalized_id"": 10090, ""biotype"": ""species"", ""name"": ""10090"", ""accession"": null}",1438,4,1,abstract,[],lexical_candidate_only,data/raw/discovery_pilot/41328b09b84b1c660d9742483f62b8d62b0eb2d54f5bef114eff582717ce60b5.json,31f58a173ecfc980f380db2685c46abaf3f28080252a33436a4ad185d1153e32
42669152,75,resorption,Disease,MESH:D014091,Tooth Resorption,"[{""offset"": 1614, ""length"": 10}]","{""identifier"": ""MESH:D014091"", ""type"": ""Disease"", ""valid"": true, ""normalized"": [""D014091""], ""database"": ""ncbi_mesh"", ""normalized_id"": ""D014091"", ""biotype"": ""disease"", ""name"": ""Tooth Resorption"", ""accession"": ""@DISEASE_Tooth_Resorption""}",1614,10,1,abstract,[],lexical_candidate_only,data/raw/discovery_pilot/41328b09b84b1c660d9742483f62b8d62b0eb2d54f5bef114eff582717ce60b5.json,31f58a173ecfc980f380db2685c46abaf3f28080252a33436a4ad185d1153e32
42693110,2,Itaconate,Chemical,MESH:C005229,itaconic acid,"[{""offset"": 0, ""length"": 9}]","{""identifier"": ""MESH:C005229"", ""type"": ""Chemical"", ""valid"": true, ""normalized"": [""C005229""], ""database"": ""ncbi_mesh"", ""normalized_id"": ""C005229"", ""biotype"": ""chemical"", ""name"": ""itaconic acid"", ""accession"": ""@CHEMICAL_itaconic_acid""}",0,9,0,title,"[""CHEBI:30805""]",lexical_candidate_only,data/raw/discovery_pilot/41328b09b84b1c660d9742483f62b8d62b0eb2d54f5bef114eff582717ce60b5.json,31f58a173ecfc980f380db2685c46abaf3f28080252a33436a4ad185d1153e32
42693110,3,human,Species,9606,9606,"[{""offset"": 33, ""length"": 5}]","{""identifier"": ""9606"", ""type"": ""Species"", ""valid"": true, ""normalized"": [9606], ""database"": ""ncbi_taxonomy"", ""normalized_id"": 9606, ""biotype"": ""species"", ""name"": ""9606"", ""accession"": null}",33,5,0,title,[],lexical_candidate_only,data/raw/discovery_pilot/41328b09b84b1c660d9742483f62b8d62b0eb2d54f5bef114eff582717ce60b5.json,31f58a173ecfc980f380db2685c46abaf3f28080252a33436a4ad185d1153e32
42693110,27,inflammation,Disease,MESH:D007249,Inflammation,"[{""offset"": 156, ""length"": 12}]","{""identifier"": ""MESH:D007249"", ""type"": ""Disease"", ""valid"": true, ""normalized"": [""D007249""], ""database"": ""ncbi_mesh"", ""normalized_id"": ""D007249"", ""biotype"": ""disease"", ""name"": ""Inflammation"", ""accession"": ""@DISEASE_Inflammation""}",156,12,1,abstract,[],lexical_candidate_only,data/raw/discovery_pilot/41328b09b84b1c660d9742483f62b8d62b0eb2d54f5bef114eff582717ce60b5.json,31f58a173ecfc980f380db2685c46abaf3f28080252a33436a4ad185d1153e32
42693110,28,tricarboxylic acid,Chemical,MESH:D014233,Tricarboxylic Acids,"[{""offset"": 203, ""length"": 18}]","{""identifier"": ""MESH:D014233"", ""type"": ""Chemical"", ""valid"": true, ""normalized"": [""D014233""], ""database"": ""ncbi_mesh"", ""normalized_id"": ""D014233"", ""biotype"": ""chemical"", ""name"": ""Tricarboxylic Acids"", ""accession"": ""@CHEMICAL_Tricarboxylic_Acids""}",203,18,1,abstract,[],lexical_candidate_only,data/raw/discovery_pilot/41328b09b84b1c660d9742483f62b8d62b0eb2d54f5bef114eff582717ce60b5.json,31f58a173ecfc980f380db2685c46abaf3f28080252a33436a4ad185d1153e32
42693110,29,IRG1,Gene,730249,ACOD1,"[{""offset"": 253, ""length"": 4}]","{""identifier"": ""730249"", ""type"": ""Gene"", ""ncbi_homologene"": ""35405"", ""valid"": true, ""normalized"": [730249], ""database"": ""ncbi_gene"", ""normalized_id"": 730249, ""biotype"": ""gene"", ""name"": ""ACOD1"", ""accession"": ""@GENE_ACOD1""}",253,4,1,abstract,"[""LOCAL:protein:mouse:ACOD1""]",lexical_candidate_only,data/raw/discovery_pilot/41328b09b84b1c660d9742483f62b8d62b0eb2d54f5bef114eff582717ce60b5.json,31f58a173ecfc980f380db2685c46abaf3f28080252a33436a4ad185d1153e32
42693110,30,ACOD1,Gene,730249,ACOD1,"[{""offset"": 258, ""length"": 5}]","{""identifier"": ""730249"", ""type"": ""Gene"", ""ncbi_homologene"": ""35405"", ""valid"": true, ""normalized"": [730249], ""database"": ""ncbi_gene"", ""normalized_id"": 730249, ""biotype"": ""gene"", ""name"": ""ACOD1"", ""accession"": ""@GENE_ACOD1""}",258,5,1,abstract,"[""LOCAL:protein:mouse:ACOD1""]",lexical_candidate_only,data/raw/discovery_pilot/41328b09b84b1c660d9742483f62b8d62b0eb2d54f5bef114eff582717ce60b5.json,31f58a173ecfc980f380db2685c46abaf3f28080252a33436a4ad185d1153e32
42693110,31,itaconate,Chemical,MESH:C005229,itaconic acid,"[{""offset"": 268, ""length"": 9}]","{""identifier"": ""MESH:C005229"", ""type"": ""Chemical"", ""valid"": true, ""normalized"": [""C005229""], ""database"": ""ncbi_mesh"", ""normalized_id"": ""C005229"", ""biotype"": ""chemical"", ""name"": ""itaconic acid"", ""accession"": ""@CHEMICAL_itaconic_acid""}",268,9,1,abstract,"[""CHEBI:30805""]",lexical_candidate_only,data/raw/discovery_pilot/41328b09b84b1c660d9742483f62b8d62b0eb2d54f5bef114eff582717ce60b5.json,31f58a173ecfc980f380db2685c46abaf3f28080252a33436a4ad185d1153e32
42693110,32,inflammatory,Disease,MESH:D007249,Inflammation,"[{""offset"": 319, ""length"": 12}]","{""identifier"": ""MESH:D007249"", ""type"": ""Disease"", ""valid"": true, ""normalized"": [""D007249""], ""database"": ""ncbi_mesh"", ""normalized_id"": ""D007249"", ""biotype"": ""disease"", ""name"": ""Inflammation"", ""accession"": ""@DISEASE_Inflammation""}",319,12,1,abstract,[],lexical_candidate_only,data/raw/discovery_pilot/41328b09b84b1c660d9742483f62b8d62b0eb2d54f5bef114eff582717ce60b5.json,31f58a173ecfc980f380db2685c46abaf3f28080252a33436a4ad185d1153e32
42693110,33,Itaconate,Chemical,MESH:C005229,itaconic acid,"[{""offset"": 356, ""length"": 9}]","{""identifier"": ""MESH:C005229"", ""type"": ""Chemical"", ""valid"": true, ""normalized"": [""C005229""], ""database"": ""ncbi_mesh"", ""normalized_id"": ""C005229"", ""biotype"": ""chemical"", ""name"": ""itaconic acid"", ""accession"": ""@CHEMICAL_itaconic_acid""}",356,9,1,abstract,"[""CHEBI:30805""]",lexical_candidate_only,data/raw/discovery_pilot/41328b09b84b1c660d9742483f62b8d62b0eb2d54f5bef114eff582717ce60b5.json,31f58a173ecfc980f380db2685c46abaf3f28080252a33436a4ad185d1153e32
42693110,34,cis aconitate,Chemical,-,,"[{""offset"": 408, ""length"": 13}]","{""identifier"": ""-"", ""type"": ""Chemical"", ""valid"": false, ""normalized_id"": null, ""biotype"": ""chemical""}",408,13,1,abstract,"[""CHEBI:32838""]",lexical_candidate_only,data/raw/discovery_pilot/41328b09b84b1c660d9742483f62b8d62b0eb2d54f5bef114eff582717ce60b5.json,31f58a173ecfc980f380db2685c46abaf3f28080252a33436a4ad185d1153e32
42693110,35,inflammation,Disease,MESH:D007249,Inflammation,"[{""offset"": 541, ""length"": 12}]","{""identifier"": ""MESH:D007249"", ""type"": ""Disease"", ""valid"": true, ""normalized"": [""D007249""], ""database"": ""ncbi_mesh"", ""normalized_id"": ""D007249"", ""biotype"": ""disease"", ""name"": ""Inflammation"", ""accession"": ""@DISEASE_Inflammation""}",541,12,1,abstract,[],lexical_candidate_only,data/raw/discovery_pilot/41328b09b84b1c660d9742483f62b8d62b0eb2d54f5bef114eff582717ce60b5.json,31f58a173ecfc980f380db2685c46abaf3f28080252a33436a4ad185d1153e32
42693110,36,infectious diseases,Disease,MESH:D003141,Communicable Diseases,"[{""offset"": 640, ""length"": 19}]","{""identifier"": ""MESH:D003141"", ""type"": ""Disease"", ""valid"": true, ""normalized"": [""D003141""], ""database"": ""ncbi_mesh"", ""normalized_id"": ""D003141"", ""biotype"": ""disease"", ""name"": ""Communicable Diseases"", ""accession"": ""@DISEASE_Communicable_Diseases""}",640,19,1,abstract,[],lexical_candidate_only,data/raw/discovery_pilot/41328b09b84b1c660d9742483f62b8d62b0eb2d54f5bef114eff582717ce60b5.json,31f58a173ecfc980f380db2685c46abaf3f28080252a33436a4ad185d1153e32
42693110,37,metabolic disorders,Disease,MESH:D008659,Metabolic Diseases,"[{""offset"": 661, ""length"": 19}]","{""identifier"": ""MESH:D008659"", ""type"": ""Disease"", ""valid"": true, ""normalized"": [""D008659""], ""database"": ""ncbi_mesh"", ""normalized_id"": ""D008659"", ""biotype"": ""disease"", ""name"": ""Metabolic Diseases"", ""accession"": ""@DISEASE_Metabolic_Diseases""}",661,19,1,abstract,[],lexical_candidate_only,data/raw/discovery_pilot/41328b09b84b1c660d9742483f62b8d62b0eb2d54f5bef114eff582717ce60b5.json,31f58a173ecfc980f380db2685c46abaf3f28080252a33436a4ad185d1153e32
42693110,38,ischemia-reperfusion injury,Disease,MESH:D015427,Reperfusion Injury,"[{""offset"": 682, ""length"": 27}]","{""identifier"": ""MESH:D015427"", ""type"": ""Disease"", ""valid"": true, ""normalized"": [""D015427""], ""database"": ""ncbi_mesh"", ""normalized_id"": ""D015427"", ""biotype"": ""disease"", ""name"": ""Reperfusion Injury"", ""accession"": ""@DISEASE_Reperfusion_Injury""}",682,27,1,abstract,[],lexical_candidate_only,data/raw/discovery_pilot/41328b09b84b1c660d9742483f62b8d62b0eb2d54f5bef114eff582717ce60b5.json,31f58a173ecfc980f380db2685c46abaf3f28080252a33436a4ad185d1153e32
42693110,39,neurodegenerative diseases,Disease,MESH:D019636,Neurodegenerative Diseases,"[{""offset"": 711, ""length"": 26}]","{""identifier"": ""MESH:D019636"", ""type"": ""Disease"", ""valid"": true, ""normalized"": [""D019636""], ""database"": ""ncbi_mesh"", ""normalized_id"": ""D019636"", ""biotype"": ""disease"", ""name"": ""Neurodegenerative Diseases"", ""accession"": ""@DISEASE_Neurodegenerative_Diseases""}",711,26,1,abstract,[],lexical_candidate_only,data/raw/discovery_pilot/41328b09b84b1c660d9742483f62b8d62b0eb2d54f5bef114eff582717ce60b5.json,31f58a173ecfc980f380db2685c46abaf3f28080252a33436a4ad185d1153e32
42693110,40,autoimmune disorders,Disease,MESH:D001327,Autoimmune Diseases,"[{""offset"": 739, ""length"": 20}]","{""identifier"": ""MESH:D001327"", ""type"": ""Disease"", ""valid"": true, ""normalized"": [""D001327""], ""database"": ""ncbi_mesh"", ""normalized_id"": ""D001327"", ""biotype"": ""disease"", ""name"": ""Autoimmune Diseases"", ""accession"": ""@DISEASE_Autoimmune_Diseases""}",739,20,1,abstract,[],lexical_candidate_only,data/raw/discovery_pilot/41328b09b84b1c660d9742483f62b8d62b0eb2d54f5bef114eff582717ce60b5.json,31f58a173ecfc980f380db2685c46abaf3f28080252a33436a4ad185d1153e32
42693110,41,cancers,Disease,MESH:D009369,Neoplasms,"[{""offset"": 765, ""length"": 7}]","{""identifier"": ""MESH:D009369"", ""type"": ""Disease"", ""valid"": true, ""normalized"": [""D009369""], ""database"": ""ncbi_mesh"", ""normalized_id"": ""D009369"", ""biotype"": ""disease"", ""name"": ""Neoplasms"", ""accession"": ""@DISEASE_Neoplasms""}",765,7,1,abstract,[],lexical_candidate_only,data/raw/discovery_pilot/41328b09b84b1c660d9742483f62b8d62b0eb2d54f5bef114eff582717ce60b5.json,31f58a173ecfc980f380db2685c46abaf3f28080252a33436a4ad185d1153e32
42693110,42,itaconate,Chemical,MESH:C005229,itaconic acid,"[{""offset"": 774, ""length"": 9}]","{""identifier"": ""MESH:C005229"", ""type"": ""Chemical"", ""valid"": true, ""normalized"": [""C005229""], ""database"": ""ncbi_mesh"", ""normalized_id"": ""C005229"", ""biotype"": ""chemical"", ""name"": ""itaconic acid"", ""accession"": ""@CHEMICAL_itaconic_acid""}",774,9,1,abstract,"[""CHEBI:30805""]",lexical_candidate_only,data/raw/discovery_pilot/41328b09b84b1c660d9742483f62b8d62b0eb2d54f5bef114eff582717ce60b5.json,31f58a173ecfc980f380db2685c46abaf3f28080252a33436a4ad185d1153e32
42693110,43,inflammatory,Disease,MESH:D007249,Inflammation,"[{""offset"": 825, ""length"": 12}]","{""identifier"": ""MESH:D007249"", ""type"": ""Disease"", ""valid"": true, ""normalized"": [""D007249""], ""database"": ""ncbi_mesh"", ""normalized_id"": ""D007249"", ""biotype"": ""disease"", ""name"": ""Inflammation"", ""accession"": ""@DISEASE_Inflammation""}",825,12,1,abstract,[],lexical_candidate_only,data/raw/discovery_pilot/41328b09b84b1c660d9742483f62b8d62b0eb2d54f5bef114eff582717ce60b5.json,31f58a173ecfc980f380db2685c46abaf3f28080252a33436a4ad185d1153e32
42693110,44,itaconate,Chemical,MESH:C005229,itaconic acid,"[{""offset"": 1217, ""length"": 9}]","{""identifier"": ""MESH:C005229"", ""type"": ""Chemical"", ""valid"": true, ""normalized"": [""C005229""], ""database"": ""ncbi_mesh"", ""normalized_id"": ""C005229"", ""biotype"": ""chemical"", ""name"": ""itaconic acid"", ""accession"": ""@CHEMICAL_itaconic_acid""}",1217,9,1,abstract,"[""CHEBI:30805""]",lexical_candidate_only,data/raw/discovery_pilot/41328b09b84b1c660d9742483f62b8d62b0eb2d54f5bef114eff582717ce60b5.json,31f58a173ecfc980f380db2685c46abaf3f28080252a33436a4ad185d1153e32
42693110,45,itaconate,Chemical,MESH:C005229,itaconic acid,"[{""offset"": 1345, ""length"": 9}]","{""identifier"": ""MESH:C005229"", ""type"": ""Chemical"", ""valid"": true, ""normalized"": [""C005229""], ""database"": ""ncbi_mesh"", ""normalized_id"": ""C005229"", ""biotype"": ""chemical"", ""name"": ""itaconic acid"", ""accession"": ""@CHEMICAL_itaconic_acid""}",1345,9,1,abstract,"[""CHEBI:30805""]",lexical_candidate_only,data/raw/discovery_pilot/41328b09b84b1c660d9742483f62b8d62b0eb2d54f5bef114eff582717ce60b5.json,31f58a173ecfc980f380db2685c46abaf3f28080252a33436a4ad185d1153e32
42693110,46,IRG1,Gene,730249,ACOD1,"[{""offset"": 1382, ""length"": 4}]","{""identifier"": ""730249"", ""type"": ""Gene"", ""ncbi_homologene"": ""35405"", ""valid"": true, ""normalized"": [730249], ""database"": ""ncbi_gene"", ""normalized_id"": 730249, ""biotype"": ""gene"", ""name"": ""ACOD1"", ""accession"": ""@GENE_ACOD1""}",1382,4,1,abstract,"[""LOCAL:protein:mouse:ACOD1""]",lexical_candidate_only,data/raw/discovery_pilot/41328b09b84b1c660d9742483f62b8d62b0eb2d54f5bef114eff582717ce60b5.json,31f58a173ecfc980f380db2685c46abaf3f28080252a33436a4ad185d1153e32
42693110,47,ACOD1,Gene,730249,ACOD1,"[{""offset"": 1387, ""length"": 5}]","{""identifier"": ""730249"", ""type"": ""Gene"", ""ncbi_homologene"": ""35405"", ""valid"": true, ""normalized"": [730249], ""database"": ""ncbi_gene"", ""normalized_id"": 730249, ""biotype"": ""gene"", ""name"": ""ACOD1"", ""accession"": ""@GENE_ACOD1""}",1387,5,1,abstract,"[""LOCAL:protein:mouse:ACOD1""]",lexical_candidate_only,data/raw/discovery_pilot/41328b09b84b1c660d9742483f62b8d62b0eb2d54f5bef114eff582717ce60b5.json,31f58a173ecfc980f380db2685c46abaf3f28080252a33436a4ad185d1153e32
42693110,48,itaconate,Chemical,MESH:C005229,itaconic acid,"[{""offset"": 1393, ""length"": 9}]","{""identifier"": ""MESH:C005229"", ""type"": ""Chemical"", ""valid"": true, ""normalized"": [""C005229""], ""database"": ""ncbi_mesh"", ""normalized_id"": ""C005229"", ""biotype"": ""chemical"", ""name"": ""itaconic acid"", ""accession"": ""@CHEMICAL_itaconic_acid""}",1393,9,1,abstract,"[""CHEBI:30805""]",lexical_candidate_only,data/raw/discovery_pilot/41328b09b84b1c660d9742483f62b8d62b0eb2d54f5bef114eff582717ce60b5.json,31f58a173ecfc980f380db2685c46abaf3f28080252a33436a4ad185d1153e32
42693110,49,"inflammatory-, metabolic-, immune-, and cancer-related diseases",Disease,MESH:D009369,Neoplasms,"[{""offset"": 1529, ""length"": 63}]","{""identifier"": ""MESH:D009369"", ""type"": ""Disease"", ""valid"": true, ""normalized"": [""D009369""], ""database"": ""ncbi_mesh"", ""normalized_id"": ""D009369"", ""biotype"": ""disease"", ""name"": ""Neoplasms"", ""accession"": ""@DISEASE_Neoplasms""}",1529,63,1,abstract,[],lexical_candidate_only,data/raw/discovery_pilot/41328b09b84b1c660d9742483f62b8d62b0eb2d54f5bef114eff582717ce60b5.json,31f58a173ecfc980f380db2685c46abaf3f28080252a33436a4ad185d1153e32
42720109,1,Irisin,Chemical,-,,"[{""offset"": 12, ""length"": 6}]","{""identifier"": ""-"", ""type"": ""Chemical"", ""valid"": false, ""normalized_id"": null, ""biotype"": ""chemical""}",12,6,0,title,[],lexical_candidate_only,data/raw/discovery_pilot/41328b09b84b1c660d9742483f62b8d62b0eb2d54f5bef114eff582717ce60b5.json,31f58a173ecfc980f380db2685c46abaf3f28080252a33436a4ad185d1153e32
42757471,3,Integrin alphaVbeta3,Gene,3685,ITGAV,"[{""offset"": 0, ""length"": 20}]","{""identifier"": ""3685"", ""type"": ""Gene"", ""ncbi_homologene"": ""20510"", ""valid"": true, ""normalized"": [3685], ""database"": ""ncbi_gene"", ""normalized_id"": 3685, ""biotype"": ""gene"", ""name"": ""ITGAV"", ""accession"": ""@GENE_ITGAV""}",0,20,0,title,"[""LOCAL:protein:mouse:ITGAV""]",lexical_candidate_only,data/raw/discovery_pilot/41328b09b84b1c660d9742483f62b8d62b0eb2d54f5bef114eff582717ce60b5.json,31f58a173ecfc980f380db2685c46abaf3f28080252a33436a4ad185d1153e32
42757471,4,bone,Disease,MESH:D001847,Bone Diseases,"[{""offset"": 57, ""length"": 4}]","{""identifier"": ""MESH:D001847"", ""type"": ""Disease"", ""valid"": true, ""normalized"": [""D001847""], ""database"": ""ncbi_mesh"", ""normalized_id"": ""D001847"", ""biotype"": ""disease"", ""name"": ""Bone Diseases"", ""accession"": ""@DISEASE_Bone_Diseases""}",57,4,0,title,[],lexical_candidate_only,data/raw/discovery_pilot/41328b09b84b1c660d9742483f62b8d62b0eb2d54f5bef114eff582717ce60b5.json,31f58a173ecfc980f380db2685c46abaf3f28080252a33436a4ad185d1153e32
42757471,5,osteoporosis,Disease,MESH:D010024,Osteoporosis,"[{""offset"": 89, ""length"": 12}]","{""identifier"": ""MESH:D010024"", ""type"": ""Disease"", ""valid"": true, ""normalized"": [""D010024""], ""database"": ""ncbi_mesh"", ""normalized_id"": ""D010024"", ""biotype"": ""disease"", ""name"": ""Osteoporosis"", ""accession"": ""@DISEASE_Osteoporosis""}",89,12,0,title,[],lexical_candidate_only,data/raw/discovery_pilot/41328b09b84b1c660d9742483f62b8d62b0eb2d54f5bef114eff582717ce60b5.json,31f58a173ecfc980f380db2685c46abaf3f28080252a33436a4ad185d1153e32
42757471,27,Osteoporosis,Disease,MESH:D010024,Osteoporosis,"[{""offset"": 151, ""length"": 12}]","{""identifier"": ""MESH:D010024"", ""type"": ""Disease"", ""valid"": true, ""normalized"": [""D010024""], ""database"": ""ncbi_mesh"", ""normalized_id"": ""D010024"", ""biotype"": ""disease"", ""name"": ""Osteoporosis"", ""accession"": ""@DISEASE_Osteoporosis""}",151,12,1,abstract,[],lexical_candidate_only,data/raw/discovery_pilot/41328b09b84b1c660d9742483f62b8d62b0eb2d54f5bef114eff582717ce60b5.json,31f58a173ecfc980f380db2685c46abaf3f28080252a33436a4ad185d1153e32
42757471,28,OP,Disease,MESH:D010024,Osteoporosis,"[{""offset"": 165, ""length"": 2}]","{""identifier"": ""MESH:D010024"", ""type"": ""Disease"", ""valid"": true, ""normalized"": [""D010024""], ""database"": ""ncbi_mesh"", ""normalized_id"": ""D010024"", ""biotype"": ""disease"", ""name"": ""Osteoporosis"", ""accession"": ""@DISEASE_Osteoporosis""}",165,2,1,abstract,[],lexical_candidate_only,data/raw/discovery_pilot/41328b09b84b1c660d9742483f62b8d62b0eb2d54f5bef114eff582717ce60b5.json,31f58a173ecfc980f380db2685c46abaf3f28080252a33436a4ad185d1153e32
42757471,29,skeletal disorder,Disease,MESH:C564967,Myotonia with Skeletal Abnormalities and Mental Retardation,"[{""offset"": 189, ""length"": 17}]","{""identifier"": ""MESH:C564967"", ""type"": ""Disease"", ""valid"": true, ""normalized"": [""C564967""], ""database"": ""ncbi_mesh"", ""normalized_id"": ""C564967"", ""biotype"": ""disease"", ""name"": ""Myotonia with Skeletal Abnormalities and Mental Retardation"", ""accession"": ""@DISEASE_Myotonia_with_Skeletal_Abnormalities_and_Mental_Retardation""}",189,17,1,abstract,[],lexical_candidate_only,data/raw/discovery_pilot/41328b09b84b1c660d9742483f62b8d62b0eb2d54f5bef114eff582717ce60b5.json,31f58a173ecfc980f380db2685c46abaf3f28080252a33436a4ad185d1153e32
42757471,30,bone loss,Disease,MESH:D001847,Bone Diseases,"[{""offset"": 236, ""length"": 9}]","{""identifier"": ""MESH:D001847"", ""type"": ""Disease"", ""valid"": true, ""normalized"": [""D001847""], ""database"": ""ncbi_mesh"", ""normalized_id"": ""D001847"", ""biotype"": ""disease"", ""name"": ""Bone Diseases"", ""accession"": ""@DISEASE_Bone_Diseases""}",236,9,1,abstract,[],lexical_candidate_only,data/raw/discovery_pilot/41328b09b84b1c660d9742483f62b8d62b0eb2d54f5bef114eff582717ce60b5.json,31f58a173ecfc980f380db2685c46abaf3f28080252a33436a4ad185d1153e32
42757471,31,fragility fractures,Disease,MESH:D005600,Fragile X Syndrome,"[{""offset"": 305, ""length"": 19}]","{""identifier"": ""MESH:D005600"", ""type"": ""Disease"", ""valid"": true, ""normalized"": [""D005600""], ""database"": ""ncbi_mesh"", ""normalized_id"": ""D005600"", ""biotype"": ""disease"", ""name"": ""Fragile X Syndrome"", ""accession"": ""@DISEASE_Fragile_X_Syndrome""}",305,19,1,abstract,[],lexical_candidate_only,data/raw/discovery_pilot/41328b09b84b1c660d9742483f62b8d62b0eb2d54f5bef114eff582717ce60b5.json,31f58a173ecfc980f380db2685c46abaf3f28080252a33436a4ad185d1153e32
42757471,32,bone,Disease,MESH:D001847,Bone Diseases,"[{""offset"": 350, ""length"": 4}]","{""identifier"": ""MESH:D001847"", ""type"": ""Disease"", ""valid"": true, ""normalized"": [""D001847""], ""database"": ""ncbi_mesh"", ""normalized_id"": ""D001847"", ""biotype"": ""disease"", ""name"": ""Bone Diseases"", ""accession"": ""@DISEASE_Bone_Diseases""}",350,4,1,abstract,[],lexical_candidate_only,data/raw/discovery_pilot/41328b09b84b1c660d9742483f62b8d62b0eb2d54f5bef114eff582717ce60b5.json,31f58a173ecfc980f380db2685c46abaf3f28080252a33436a4ad185d1153e32
42757471,33,Integrin alphaVbeta3,Gene,3685,ITGAV,"[{""offset"": 367, ""length"": 20}]","{""identifier"": ""3685"", ""type"": ""Gene"", ""ncbi_homologene"": ""20510"", ""valid"": true, ""normalized"": [3685], ""database"": ""ncbi_gene"", ""normalized_id"": 3685, ""biotype"": ""gene"", ""name"": ""ITGAV"", ""accession"": ""@GENE_ITGAV""}",367,20,1,abstract,"[""LOCAL:protein:mouse:ITGAV""]",lexical_candidate_only,data/raw/discovery_pilot/41328b09b84b1c660d9742483f62b8d62b0eb2d54f5bef114eff582717ce60b5.json,31f58a173ecfc980f380db2685c46abaf3f28080252a33436a4ad185d1153e32
42757471,34,bone,Disease,MESH:D001847,Bone Diseases,"[{""offset"": 427, ""length"": 4}]","{""identifier"": ""MESH:D001847"", ""type"": ""Disease"", ""valid"": true, ""normalized"": [""D001847""], ""database"": ""ncbi_mesh"", ""normalized_id"": ""D001847"", ""biotype"": ""disease"", ""name"": ""Bone Diseases"", ""accession"": ""@DISEASE_Bone_Diseases""}",427,4,1,abstract,[],lexical_candidate_only,data/raw/discovery_pilot/41328b09b84b1c660d9742483f62b8d62b0eb2d54f5bef114eff582717ce60b5.json,31f58a173ecfc980f380db2685c46abaf3f28080252a33436a4ad185d1153e32
42757471,35,bone,Disease,MESH:D001847,Bone Diseases,"[{""offset"": 460, ""length"": 4}]","{""identifier"": ""MESH:D001847"", ""type"": ""Disease"", ""valid"": true, ""normalized"": [""D001847""], ""database"": ""ncbi_mesh"", ""normalized_id"": ""D001847"", ""biotype"": ""disease"", ""name"": ""Bone Diseases"", ""accession"": ""@DISEASE_Bone_Diseases""}",460,4,1,abstract,[],lexical_candidate_only,data/raw/discovery_pilot/41328b09b84b1c660d9742483f62b8d62b0eb2d54f5bef114eff582717ce60b5.json,31f58a173ecfc980f380db2685c46abaf3f28080252a33436a4ad185d1153e32
42757471,36,bone,Disease,MESH:D001847,Bone Diseases,"[{""offset"": 569, ""length"": 4}]","{""identifier"": ""MESH:D001847"", ""type"": ""Disease"", ""valid"": true, ""normalized"": [""D001847""], ""database"": ""ncbi_mesh"", ""normalized_id"": ""D001847"", ""biotype"": ""disease"", ""name"": ""Bone Diseases"", ""accession"": ""@DISEASE_Bone_Diseases""}",569,4,1,abstract,[],lexical_candidate_only,data/raw/discovery_pilot/41328b09b84b1c660d9742483f62b8d62b0eb2d54f5bef114eff582717ce60b5.json,31f58a173ecfc980f380db2685c46abaf3f28080252a33436a4ad185d1153e32
42757471,37,integrin alphaVbeta3,Gene,3685,ITGAV,"[{""offset"": 703, ""length"": 20}]","{""identifier"": ""3685"", ""type"": ""Gene"", ""ncbi_homologene"": ""20510"", ""valid"": true, ""normalized"": [3685], ""database"": ""ncbi_gene"", ""normalized_id"": 3685, ""biotype"": ""gene"", ""name"": ""ITGAV"", ""accession"": ""@GENE_ITGAV""}",703,20,1,abstract,"[""LOCAL:protein:mouse:ITGAV""]",lexical_candidate_only,data/raw/discovery_pilot/41328b09b84b1c660d9742483f62b8d62b0eb2d54f5bef114eff582717ce60b5.json,31f58a173ecfc980f380db2685c46abaf3f28080252a33436a4ad185d1153e32
42757471,38,bone,Disease,MESH:D001847,Bone Diseases,"[{""offset"": 759, ""length"": 4}]","{""identifier"": ""MESH:D001847"", ""type"": ""Disease"", ""valid"": true, ""normalized"": [""D001847""], ""database"": ""ncbi_mesh"", ""normalized_id"": ""D001847"", ""biotype"": ""disease"", ""name"": ""Bone Diseases"", ""accession"": ""@DISEASE_Bone_Diseases""}",759,4,1,abstract,[],lexical_candidate_only,data/raw/discovery_pilot/41328b09b84b1c660d9742483f62b8d62b0eb2d54f5bef114eff582717ce60b5.json,31f58a173ecfc980f380db2685c46abaf3f28080252a33436a4ad185d1153e32
42757471,39,inflammatory,Disease,MESH:D007249,Inflammation,"[{""offset"": 818, ""length"": 12}]","{""identifier"": ""MESH:D007249"", ""type"": ""Disease"", ""valid"": true, ""normalized"": [""D007249""], ""database"": ""ncbi_mesh"", ""normalized_id"": ""D007249"", ""biotype"": ""disease"", ""name"": ""Inflammation"", ""accession"": ""@DISEASE_Inflammation""}",818,12,1,abstract,[],lexical_candidate_only,data/raw/discovery_pilot/41328b09b84b1c660d9742483f62b8d62b0eb2d54f5bef114eff582717ce60b5.json,31f58a173ecfc980f380db2685c46abaf3f28080252a33436a4ad185d1153e32
42757471,40,integrin alphaVbeta3,Gene,3685,ITGAV,"[{""offset"": 920, ""length"": 20}]","{""identifier"": ""3685"", ""type"": ""Gene"", ""ncbi_homologene"": ""20510"", ""valid"": true, ""normalized"": [3685], ""database"": ""ncbi_gene"", ""normalized_id"": 3685, ""biotype"": ""gene"", ""name"": ""ITGAV"", ""accession"": ""@GENE_ITGAV""}",920,20,1,abstract,"[""LOCAL:protein:mouse:ITGAV""]",lexical_candidate_only,data/raw/discovery_pilot/41328b09b84b1c660d9742483f62b8d62b0eb2d54f5bef114eff582717ce60b5.json,31f58a173ecfc980f380db2685c46abaf3f28080252a33436a4ad185d1153e32
42757471,41,bone,Disease,MESH:D001847,Bone Diseases,"[{""offset"": 1017, ""length"": 4}]","{""identifier"": ""MESH:D001847"", ""type"": ""Disease"", ""valid"": true, ""normalized"": [""D001847""], ""database"": ""ncbi_mesh"", ""normalized_id"": ""D001847"", ""biotype"": ""disease"", ""name"": ""Bone Diseases"", ""accession"": ""@DISEASE_Bone_Diseases""}",1017,4,1,abstract,[],lexical_candidate_only,data/raw/discovery_pilot/41328b09b84b1c660d9742483f62b8d62b0eb2d54f5bef114eff582717ce60b5.json,31f58a173ecfc980f380db2685c46abaf3f28080252a33436a4ad185d1153e32
42757471,42,integrin alphaVbeta3,Gene,3685,ITGAV,"[{""offset"": 1142, ""length"": 20}]","{""identifier"": ""3685"", ""type"": ""Gene"", ""ncbi_homologene"": ""20510"", ""valid"": true, ""normalized"": [3685], ""database"": ""ncbi_gene"", ""normalized_id"": 3685, ""biotype"": ""gene"", ""name"": ""ITGAV"", ""accession"": ""@GENE_ITGAV""}",1142,20,1,abstract,"[""LOCAL:protein:mouse:ITGAV""]",lexical_candidate_only,data/raw/discovery_pilot/41328b09b84b1c660d9742483f62b8d62b0eb2d54f5bef114eff582717ce60b5.json,31f58a173ecfc980f380db2685c46abaf3f28080252a33436a4ad185d1153e32
42757471,43,bone,Disease,MESH:D001847,Bone Diseases,"[{""offset"": 1186, ""length"": 4}]","{""identifier"": ""MESH:D001847"", ""type"": ""Disease"", ""valid"": true, ""normalized"": [""D001847""], ""database"": ""ncbi_mesh"", ""normalized_id"": ""D001847"", ""biotype"": ""disease"", ""name"": ""Bone Diseases"", ""accession"": ""@DISEASE_Bone_Diseases""}",1186,4,1,abstract,[],lexical_candidate_only,data/raw/discovery_pilot/41328b09b84b1c660d9742483f62b8d62b0eb2d54f5bef114eff582717ce60b5.json,31f58a173ecfc980f380db2685c46abaf3f28080252a33436a4ad185d1153e32
42757471,44,integrin alphaVbeta3,Gene,3685,ITGAV,"[{""offset"": 1275, ""length"": 20}]","{""identifier"": ""3685"", ""type"": ""Gene"", ""ncbi_homologene"": ""20510"", ""valid"": true, ""normalized"": [3685], ""database"": ""ncbi_gene"", ""normalized_id"": 3685, ""biotype"": ""gene"", ""name"": ""ITGAV"", ""accession"": ""@GENE_ITGAV""}",1275,20,1,abstract,"[""LOCAL:protein:mouse:ITGAV""]",lexical_candidate_only,data/raw/discovery_pilot/41328b09b84b1c660d9742483f62b8d62b0eb2d54f5bef114eff582717ce60b5.json,31f58a173ecfc980f380db2685c46abaf3f28080252a33436a4ad185d1153e32
42757471,45,OP,Disease,MESH:D010024,Osteoporosis,"[{""offset"": 1299, ""length"": 2}]","{""identifier"": ""MESH:D010024"", ""type"": ""Disease"", ""valid"": true, ""normalized"": [""D010024""], ""database"": ""ncbi_mesh"", ""normalized_id"": ""D010024"", ""biotype"": ""disease"", ""name"": ""Osteoporosis"", ""accession"": ""@DISEASE_Osteoporosis""}",1299,2,1,abstract,[],lexical_candidate_only,data/raw/discovery_pilot/41328b09b84b1c660d9742483f62b8d62b0eb2d54f5bef114eff582717ce60b5.json,31f58a173ecfc980f380db2685c46abaf3f28080252a33436a4ad185d1153e32
42757471,46,integrin alphaVbeta3,Gene,3685,ITGAV,"[{""offset"": 1394, ""length"": 20}]","{""identifier"": ""3685"", ""type"": ""Gene"", ""ncbi_homologene"": ""20510"", ""valid"": true, ""normalized"": [3685], ""database"": ""ncbi_gene"", ""normalized_id"": 3685, ""biotype"": ""gene"", ""name"": ""ITGAV"", ""accession"": ""@GENE_ITGAV""}",1394,20,1,abstract,"[""LOCAL:protein:mouse:ITGAV""]",lexical_candidate_only,data/raw/discovery_pilot/41328b09b84b1c660d9742483f62b8d62b0eb2d54f5bef114eff582717ce60b5.json,31f58a173ecfc980f380db2685c46abaf3f28080252a33436a4ad185d1153e32
42757471,47,OP,Disease,MESH:D010024,Osteoporosis,"[{""offset"": 1470, ""length"": 2}]","{""identifier"": ""MESH:D010024"", ""type"": ""Disease"", ""valid"": true, ""normalized"": [""D010024""], ""database"": ""ncbi_mesh"", ""normalized_id"": ""D010024"", ""biotype"": ""disease"", ""name"": ""Osteoporosis"", ""accession"": ""@DISEASE_Osteoporosis""}",1470,2,1,abstract,[],lexical_candidate_only,data/raw/discovery_pilot/41328b09b84b1c660d9742483f62b8d62b0eb2d54f5bef114eff582717ce60b5.json,31f58a173ecfc980f380db2685c46abaf3f28080252a33436a4ad185d1153e32
41639517,4,Gm5532,Gene,433367,Gm5532,"[{""offset"": 7, ""length"": 6}]","{""identifier"": ""433367"", ""type"": ""Gene"", ""valid"": true, ""normalized"": [433367], ""database"": ""ncbi_gene"", ""normalized_id"": 433367, ""biotype"": ""gene"", ""name"": ""Gm5532"", ""accession"": ""@GENE_GM5532""}",7,6,0,title,[],lexical_candidate_only,data/raw/discovery_pilot/51e0cf1555b67a873f11ddeef370092171da9a96fac3114dffbf752e60ea5861.json,3a45de7af8b858690bd4afe055a244a80441c18e380efa9a6fddc7206083f6e2
41639517,5,resorption,Disease,MESH:D014091,Tooth Resorption,"[{""offset"": 41, ""length"": 10}]","{""identifier"": ""MESH:D014091"", ""type"": ""Disease"", ""valid"": true, ""normalized"": [""D014091""], ""database"": ""ncbi_mesh"", ""normalized_id"": ""D014091"", ""biotype"": ""disease"", ""name"": ""Tooth Resorption"", ""accession"": ""@DISEASE_Tooth_Resorption""}",41,10,0,title,[],lexical_candidate_only,data/raw/discovery_pilot/51e0cf1555b67a873f11ddeef370092171da9a96fac3114dffbf752e60ea5861.json,3a45de7af8b858690bd4afe055a244a80441c18e380efa9a6fddc7206083f6e2
41639517,6,iASPP,Gene,333654,Ppp1r13l,"[{""offset"": 100, ""length"": 5}]","{""identifier"": ""333654"", ""type"": ""Gene"", ""ncbi_homologene"": ""84635"", ""valid"": true, ""normalized"": [333654], ""database"": ""ncbi_gene"", ""normalized_id"": 333654, ""biotype"": ""gene"", ""name"": ""Ppp1r13l"", ""accession"": ""@GENE_PPP1R13L""}",100,5,0,title,[],lexical_candidate_only,data/raw/discovery_pilot/51e0cf1555b67a873f11ddeef370092171da9a96fac3114dffbf752e60ea5861.json,3a45de7af8b858690bd4afe055a244a80441c18e380efa9a6fddc7206083f6e2
41639517,7,NRF2,Gene,18024,Nfe2l2,"[{""offset"": 106, ""length"": 4}]","{""identifier"": ""18024"", ""type"": ""Gene"", ""ncbi_homologene"": ""2412"", ""valid"": true, ""normalized"": [18024], ""database"": ""ncbi_gene"", ""normalized_id"": 18024, ""biotype"": ""gene"", ""name"": ""Nfe2l2"", ""accession"": ""@GENE_NFE2L2""}",106,4,0,title,[],lexical_candidate_only,data/raw/discovery_pilot/51e0cf1555b67a873f11ddeef370092171da9a96fac3114dffbf752e60ea5861.json,3a45de7af8b858690bd4afe055a244a80441c18e380efa9a6fddc7206083f6e2
41639517,43,Osteoporosis,Disease,MESH:D010024,Osteoporosis,"[{""offset"": 112, ""length"": 12}]","{""identifier"": ""MESH:D010024"", ""type"": ""Disease"", ""valid"": true, ""normalized"": [""D010024""], ""database"": ""ncbi_mesh"", ""normalized_id"": ""D010024"", ""biotype"": ""disease"", ""name"": ""Osteoporosis"", ""accession"": ""@DISEASE_Osteoporosis""}",112,12,1,abstract,[],lexical_candidate_only,data/raw/discovery_pilot/51e0cf1555b67a873f11ddeef370092171da9a96fac3114dffbf752e60ea5861.json,3a45de7af8b858690bd4afe055a244a80441c18e380efa9a6fddc7206083f6e2
41639517,44,resorption,Disease,MESH:D014091,Tooth Resorption,"[{""offset"": 182, ""length"": 10}]","{""identifier"": ""MESH:D014091"", ""type"": ""Disease"", ""valid"": true, ""normalized"": [""D014091""], ""database"": ""ncbi_mesh"", ""normalized_id"": ""D014091"", ""biotype"": ""disease"", ""name"": ""Tooth Resorption"", ""accession"": ""@DISEASE_Tooth_Resorption""}",182,10,1,abstract,[],lexical_candidate_only,data/raw/discovery_pilot/51e0cf1555b67a873f11ddeef370092171da9a96fac3114dffbf752e60ea5861.json,3a45de7af8b858690bd4afe055a244a80441c18e380efa9a6fddc7206083f6e2
41639517,45,Gm5532,Gene,433367,Gm5532,"[{""offset"": 266, ""length"": 6}]","{""identifier"": ""433367"", ""type"": ""Gene"", ""valid"": true, ""normalized"": [433367], ""database"": ""ncbi_gene"", ""normalized_id"": 433367, ""biotype"": ""gene"", ""name"": ""Gm5532"", ""accession"": ""@GENE_GM5532""}",266,6,1,abstract,[],lexical_candidate_only,data/raw/discovery_pilot/51e0cf1555b67a873f11ddeef370092171da9a96fac3114dffbf752e60ea5861.json,3a45de7af8b858690bd4afe055a244a80441c18e380efa9a6fddc7206083f6e2
41639517,46,Gm5532,Gene,433367,Gm5532,"[{""offset"": 274, ""length"": 6}]","{""identifier"": ""433367"", ""type"": ""Gene"", ""valid"": true, ""normalized"": [433367], ""database"": ""ncbi_gene"", ""normalized_id"": 433367, ""biotype"": ""gene"", ""name"": ""Gm5532"", ""accession"": ""@GENE_GM5532""}",274,6,1,abstract,[],lexical_candidate_only,data/raw/discovery_pilot/51e0cf1555b67a873f11ddeef370092171da9a96fac3114dffbf752e60ea5861.json,3a45de7af8b858690bd4afe055a244a80441c18e380efa9a6fddc7206083f6e2
41639517,47,Gm5532,Gene,433367,Gm5532,"[{""offset"": 442, ""length"": 6}]","{""identifier"": ""433367"", ""type"": ""Gene"", ""valid"": true, ""normalized"": [433367], ""database"": ""ncbi_gene"", ""normalized_id"": 433367, ""biotype"": ""gene"", ""name"": ""Gm5532"", ""accession"": ""@GENE_GM5532""}",442,6,1,abstract,[],lexical_candidate_only,data/raw/discovery_pilot/51e0cf1555b67a873f11ddeef370092171da9a96fac3114dffbf752e60ea5861.json,3a45de7af8b858690bd4afe055a244a80441c18e380efa9a6fddc7206083f6e2
41639517,48,resorption,Disease,MESH:D014091,Tooth Resorption,"[{""offset"": 464, ""length"": 10}]","{""identifier"": ""MESH:D014091"", ""type"": ""Disease"", ""valid"": true, ""normalized"": [""D014091""], ""database"": ""ncbi_mesh"", ""normalized_id"": ""D014091"", ""biotype"": ""disease"", ""name"": ""Tooth Resorption"", ""accession"": ""@DISEASE_Tooth_Resorption""}",464,10,1,abstract,[],lexical_candidate_only,data/raw/discovery_pilot/51e0cf1555b67a873f11ddeef370092171da9a96fac3114dffbf752e60ea5861.json,3a45de7af8b858690bd4afe055a244a80441c18e380efa9a6fddc7206083f6e2
41639517,49,iron,Chemical,MESH:D007501,Iron,"[{""offset"": 483, ""length"": 4}]","{""identifier"": ""MESH:D007501"", ""type"": ""Chemical"", ""valid"": true, ""normalized"": [""D007501""], ""database"": ""ncbi_mesh"", ""normalized_id"": ""D007501"", ""biotype"": ""chemical"", ""name"": ""Iron"", ""accession"": ""@CHEMICAL_Iron""}",483,4,1,abstract,[],lexical_candidate_only,data/raw/discovery_pilot/51e0cf1555b67a873f11ddeef370092171da9a96fac3114dffbf752e60ea5861.json,3a45de7af8b858690bd4afe055a244a80441c18e380efa9a6fddc7206083f6e2
41639517,50,iASPP,Gene,333654,Ppp1r13l,"[{""offset"": 563, ""length"": 5}]","{""identifier"": ""333654"", ""type"": ""Gene"", ""ncbi_homologene"": ""84635"", ""valid"": true, ""normalized"": [333654], ""database"": ""ncbi_gene"", ""normalized_id"": 333654, ""biotype"": ""gene"", ""name"": ""Ppp1r13l"", ""accession"": ""@GENE_PPP1R13L""}",563,5,1,abstract,[],lexical_candidate_only,data/raw/discovery_pilot/51e0cf1555b67a873f11ddeef370092171da9a96fac3114dffbf752e60ea5861.json,3a45de7af8b858690bd4afe055a244a80441c18e380efa9a6fddc7206083f6e2
41639517,51,NRF2,Gene,18024,Nfe2l2,"[{""offset"": 577, ""length"": 4}]","{""identifier"": ""18024"", ""type"": ""Gene"", ""ncbi_homologene"": ""2412"", ""valid"": true, ""normalized"": [18024], ""database"": ""ncbi_gene"", ""normalized_id"": 18024, ""biotype"": ""gene"", ""name"": ""Nfe2l2"", ""accession"": ""@GENE_NFE2L2""}",577,4,1,abstract,[],lexical_candidate_only,data/raw/discovery_pilot/51e0cf1555b67a873f11ddeef370092171da9a96fac3114dffbf752e60ea5861.json,3a45de7af8b858690bd4afe055a244a80441c18e380efa9a6fddc7206083f6e2
41639517,52,Gm5532,Gene,433367,Gm5532,"[{""offset"": 620, ""length"": 6}]","{""identifier"": ""433367"", ""type"": ""Gene"", ""valid"": true, ""normalized"": [433367], ""database"": ""ncbi_gene"", ""normalized_id"": 433367, ""biotype"": ""gene"", ""name"": ""Gm5532"", ""accession"": ""@GENE_GM5532""}",620,6,1,abstract,[],lexical_candidate_only,data/raw/discovery_pilot/51e0cf1555b67a873f11ddeef370092171da9a96fac3114dffbf752e60ea5861.json,3a45de7af8b858690bd4afe055a244a80441c18e380efa9a6fddc7206083f6e2
41639517,53,bone loss,Disease,MESH:D001847,Bone Diseases,"[{""offset"": 641, ""length"": 9}]","{""identifier"": ""MESH:D001847"", ""type"": ""Disease"", ""valid"": true, ""normalized"": [""D001847""], ""database"": ""ncbi_mesh"", ""normalized_id"": ""D001847"", ""biotype"": ""disease"", ""name"": ""Bone Diseases"", ""accession"": ""@DISEASE_Bone_Diseases""}",641,9,1,abstract,[],lexical_candidate_only,data/raw/discovery_pilot/51e0cf1555b67a873f11ddeef370092171da9a96fac3114dffbf752e60ea5861.json,3a45de7af8b858690bd4afe055a244a80441c18e380efa9a6fddc7206083f6e2
41639517,54,iron,Chemical,MESH:D007501,Iron,"[{""offset"": 680, ""length"": 4}]","{""identifier"": ""MESH:D007501"", ""type"": ""Chemical"", ""valid"": true, ""normalized"": [""D007501""], ""database"": ""ncbi_mesh"", ""normalized_id"": ""D007501"", ""biotype"": ""chemical"", ""name"": ""Iron"", ""accession"": ""@CHEMICAL_Iron""}",680,4,1,abstract,[],lexical_candidate_only,data/raw/discovery_pilot/51e0cf1555b67a873f11ddeef370092171da9a96fac3114dffbf752e60ea5861.json,3a45de7af8b858690bd4afe055a244a80441c18e380efa9a6fddc7206083f6e2
41639517,55,mice,Species,10090,10090,"[{""offset"": 696, ""length"": 4}]","{""identifier"": ""10090"", ""type"": ""Species"", ""valid"": true, ""normalized"": [10090], ""database"": ""ncbi_taxonomy"", ""normalized_id"": 10090, ""biotype"": ""species"", ""name"": ""10090"", ""accession"": null}",696,4,1,abstract,[],lexical_candidate_only,data/raw/discovery_pilot/51e0cf1555b67a873f11ddeef370092171da9a96fac3114dffbf752e60ea5861.json,3a45de7af8b858690bd4afe055a244a80441c18e380efa9a6fddc7206083f6e2
41639517,56,Gm5532,Gene,433367,Gm5532,"[{""offset"": 765, ""length"": 6}]","{""identifier"": ""433367"", ""type"": ""Gene"", ""valid"": true, ""normalized"": [433367], ""database"": ""ncbi_gene"", ""normalized_id"": 433367, ""biotype"": ""gene"", ""name"": ""Gm5532"", ""accession"": ""@GENE_GM5532""}",765,6,1,abstract,[],lexical_candidate_only,data/raw/discovery_pilot/51e0cf1555b67a873f11ddeef370092171da9a96fac3114dffbf752e60ea5861.json,3a45de7af8b858690bd4afe055a244a80441c18e380efa9a6fddc7206083f6e2
41639517,57,iASPP,Gene,333654,Ppp1r13l,"[{""offset"": 820, ""length"": 5}]","{""identifier"": ""333654"", ""type"": ""Gene"", ""ncbi_homologene"": ""84635"", ""valid"": true, ""normalized"": [333654], ""database"": ""ncbi_gene"", ""normalized_id"": 333654, ""biotype"": ""gene"", ""name"": ""Ppp1r13l"", ""accession"": ""@GENE_PPP1R13L""}",820,5,1,abstract,[],lexical_candidate_only,data/raw/discovery_pilot/51e0cf1555b67a873f11ddeef370092171da9a96fac3114dffbf752e60ea5861.json,3a45de7af8b858690bd4afe055a244a80441c18e380efa9a6fddc7206083f6e2
41639517,58,KEAP1,Gene,50868,Keap1,"[{""offset"": 858, ""length"": 5}]","{""identifier"": ""50868"", ""type"": ""Gene"", ""ncbi_homologene"": ""8184"", ""valid"": true, ""normalized"": [50868], ""database"": ""ncbi_gene"", ""normalized_id"": 50868, ""biotype"": ""gene"", ""name"": ""Keap1"", ""accession"": ""@GENE_KEAP1""}",858,5,1,abstract,[],lexical_candidate_only,data/raw/discovery_pilot/51e0cf1555b67a873f11ddeef370092171da9a96fac3114dffbf752e60ea5861.json,3a45de7af8b858690bd4afe055a244a80441c18e380efa9a6fddc7206083f6e2
41639517,59,NRF2,Gene,18024,Nfe2l2,"[{""offset"": 864, ""length"": 4}]","{""identifier"": ""18024"", ""type"": ""Gene"", ""ncbi_homologene"": ""2412"", ""valid"": true, ""normalized"": [18024], ""database"": ""ncbi_gene"", ""normalized_id"": 18024, ""biotype"": ""gene"", ""name"": ""Nfe2l2"", ""accession"": ""@GENE_NFE2L2""}",864,4,1,abstract,[],lexical_candidate_only,data/raw/discovery_pilot/51e0cf1555b67a873f11ddeef370092171da9a96fac3114dffbf752e60ea5861.json,3a45de7af8b858690bd4afe055a244a80441c18e380efa9a6fddc7206083f6e2
41639517,60,NRF2,Gene,18024,Nfe2l2,"[{""offset"": 909, ""length"": 4}]","{""identifier"": ""18024"", ""type"": ""Gene"", ""ncbi_homologene"": ""2412"", ""valid"": true, ""normalized"": [18024], ""database"": ""ncbi_gene"", ""normalized_id"": 18024, ""biotype"": ""gene"", ""name"": ""Nfe2l2"", ""accession"": ""@GENE_NFE2L2""}",909,4,1,abstract,[],lexical_candidate_only,data/raw/discovery_pilot/51e0cf1555b67a873f11ddeef370092171da9a96fac3114dffbf752e60ea5861.json,3a45de7af8b858690bd4afe055a244a80441c18e380efa9a6fddc7206083f6e2
41639517,61,Gm5532,Gene,433367,Gm5532,"[{""offset"": 915, ""length"": 6}]","{""identifier"": ""433367"", ""type"": ""Gene"", ""valid"": true, ""normalized"": [433367], ""database"": ""ncbi_gene"", ""normalized_id"": 433367, ""biotype"": ""gene"", ""name"": ""Gm5532"", ""accession"": ""@GENE_GM5532""}",915,6,1,abstract,[],lexical_candidate_only,data/raw/discovery_pilot/51e0cf1555b67a873f11ddeef370092171da9a96fac3114dffbf752e60ea5861.json,3a45de7af8b858690bd4afe055a244a80441c18e380efa9a6fddc7206083f6e2
41639517,62,iASPP,Gene,333654,Ppp1r13l,"[{""offset"": 934, ""length"": 5}]","{""identifier"": ""333654"", ""type"": ""Gene"", ""ncbi_homologene"": ""84635"", ""valid"": true, ""normalized"": [333654], ""database"": ""ncbi_gene"", ""normalized_id"": 333654, ""biotype"": ""gene"", ""name"": ""Ppp1r13l"", ""accession"": ""@GENE_PPP1R13L""}",934,5,1,abstract,[],lexical_candidate_only,data/raw/discovery_pilot/51e0cf1555b67a873f11ddeef370092171da9a96fac3114dffbf752e60ea5861.json,3a45de7af8b858690bd4afe055a244a80441c18e380efa9a6fddc7206083f6e2
41639517,63,KEAP1,Gene,50868,Keap1,"[{""offset"": 940, ""length"": 5}]","{""identifier"": ""50868"", ""type"": ""Gene"", ""ncbi_homologene"": ""8184"", ""valid"": true, ""normalized"": [50868], ""database"": ""ncbi_gene"", ""normalized_id"": 50868, ""biotype"": ""gene"", ""name"": ""Keap1"", ""accession"": ""@GENE_KEAP1""}",940,5,1,abstract,[],lexical_candidate_only,data/raw/discovery_pilot/51e0cf1555b67a873f11ddeef370092171da9a96fac3114dffbf752e60ea5861.json,3a45de7af8b858690bd4afe055a244a80441c18e380efa9a6fddc7206083f6e2
41639517,64,NRF2,Gene,18024,Nfe2l2,"[{""offset"": 975, ""length"": 4}]","{""identifier"": ""18024"", ""type"": ""Gene"", ""ncbi_homologene"": ""2412"", ""valid"": true, ""normalized"": [18024], ""database"": ""ncbi_gene"", ""normalized_id"": 18024, ""biotype"": ""gene"", ""name"": ""Nfe2l2"", ""accession"": ""@GENE_NFE2L2""}",975,4,1,abstract,[],lexical_candidate_only,data/raw/discovery_pilot/51e0cf1555b67a873f11ddeef370092171da9a96fac3114dffbf752e60ea5861.json,3a45de7af8b858690bd4afe055a244a80441c18e380efa9a6fddc7206083f6e2
41639517,65,Ftl,Gene,14325,Ftl1,"[{""offset"": 1015, ""length"": 3}]","{""identifier"": ""14325"", ""type"": ""Gene"", ""ncbi_homologene"": ""79330"", ""valid"": true, ""normalized"": [14325], ""database"": ""ncbi_gene"", ""normalized_id"": 14325, ""biotype"": ""gene"", ""name"": ""Ftl1"", ""accession"": ""@GENE_FTL1""}",1015,3,1,abstract,[],lexical_candidate_only,data/raw/discovery_pilot/51e0cf1555b67a873f11ddeef370092171da9a96fac3114dffbf752e60ea5861.json,3a45de7af8b858690bd4afe055a244a80441c18e380efa9a6fddc7206083f6e2
41639517,66,Fth,Gene,14319,Fth1,"[{""offset"": 1020, ""length"": 3}]","{""identifier"": ""14319"", ""type"": ""Gene"", ""ncbi_homologene"": ""74295"", ""valid"": true, ""normalized"": [14319], ""database"": ""ncbi_gene"", ""normalized_id"": 14319, ""biotype"": ""gene"", ""name"": ""Fth1"", ""accession"": ""@GENE_FTH1""}",1020,3,1,abstract,[],lexical_candidate_only,data/raw/discovery_pilot/51e0cf1555b67a873f11ddeef370092171da9a96fac3114dffbf752e60ea5861.json,3a45de7af8b858690bd4afe055a244a80441c18e380efa9a6fddc7206083f6e2
41639517,67,Fpn1,Gene,53945,Slc40a1,"[{""offset"": 1029, ""length"": 4}]","{""identifier"": ""53945"", ""type"": ""Gene"", ""ncbi_homologene"": ""40959"", ""valid"": true, ""normalized"": [53945], ""database"": ""ncbi_gene"", ""normalized_id"": 53945, ""biotype"": ""gene"", ""name"": ""Slc40a1"", ""accession"": ""@GENE_SLC40A1""}",1029,4,1,abstract,[],lexical_candidate_only,data/raw/discovery_pilot/51e0cf1555b67a873f11ddeef370092171da9a96fac3114dffbf752e60ea5861.json,3a45de7af8b858690bd4afe055a244a80441c18e380efa9a6fddc7206083f6e2
41639517,68,iron,Chemical,MESH:D007501,Iron,"[{""offset"": 1081, ""length"": 4}]","{""identifier"": ""MESH:D007501"", ""type"": ""Chemical"", ""valid"": true, ""normalized"": [""D007501""], ""database"": ""ncbi_mesh"", ""normalized_id"": ""D007501"", ""biotype"": ""chemical"", ""name"": ""Iron"", ""accession"": ""@CHEMICAL_Iron""}",1081,4,1,abstract,[],lexical_candidate_only,data/raw/discovery_pilot/51e0cf1555b67a873f11ddeef370092171da9a96fac3114dffbf752e60ea5861.json,3a45de7af8b858690bd4afe055a244a80441c18e380efa9a6fddc7206083f6e2
41639517,69,Iron deficiency,Disease,MESH:D000090463,Iron Deficiencies,"[{""offset"": 1092, ""length"": 15}]","{""identifier"": ""MESH:D000090463"", ""type"": ""Disease"", ""valid"": true, ""normalized"": [""D000090463""], ""database"": ""ncbi_mesh"", ""normalized_id"": ""D000090463"", ""biotype"": ""disease"", ""name"": ""Iron Deficiencies"", ""accession"": ""@DISEASE_Iron_Deficiencies""}",1092,15,1,abstract,[],lexical_candidate_only,data/raw/discovery_pilot/51e0cf1555b67a873f11ddeef370092171da9a96fac3114dffbf752e60ea5861.json,3a45de7af8b858690bd4afe055a244a80441c18e380efa9a6fddc7206083f6e2
41639517,70,Gm5532,Gene,433367,Gm5532,"[{""offset"": 1227, ""length"": 6}]","{""identifier"": ""433367"", ""type"": ""Gene"", ""valid"": true, ""normalized"": [433367], ""database"": ""ncbi_gene"", ""normalized_id"": 433367, ""biotype"": ""gene"", ""name"": ""Gm5532"", ""accession"": ""@GENE_GM5532""}",1227,6,1,abstract,[],lexical_candidate_only,data/raw/discovery_pilot/51e0cf1555b67a873f11ddeef370092171da9a96fac3114dffbf752e60ea5861.json,3a45de7af8b858690bd4afe055a244a80441c18e380efa9a6fddc7206083f6e2
41639517,71,resorption,Disease,MESH:D014091,Tooth Resorption,"[{""offset"": 1276, ""length"": 10}]","{""identifier"": ""MESH:D014091"", ""type"": ""Disease"", ""valid"": true, ""normalized"": [""D014091""], ""database"": ""ncbi_mesh"", ""normalized_id"": ""D014091"", ""biotype"": ""disease"", ""name"": ""Tooth Resorption"", ""accession"": ""@DISEASE_Tooth_Resorption""}",1276,10,1,abstract,[],lexical_candidate_only,data/raw/discovery_pilot/51e0cf1555b67a873f11ddeef370092171da9a96fac3114dffbf752e60ea5861.json,3a45de7af8b858690bd4afe055a244a80441c18e380efa9a6fddc7206083f6e2
41639517,72,iron,Chemical,MESH:D007501,Iron,"[{""offset"": 1313, ""length"": 4}]","{""identifier"": ""MESH:D007501"", ""type"": ""Chemical"", ""valid"": true, ""normalized"": [""D007501""], ""database"": ""ncbi_mesh"", ""normalized_id"": ""D007501"", ""biotype"": ""chemical"", ""name"": ""Iron"", ""accession"": ""@CHEMICAL_Iron""}",1313,4,1,abstract,[],lexical_candidate_only,data/raw/discovery_pilot/51e0cf1555b67a873f11ddeef370092171da9a96fac3114dffbf752e60ea5861.json,3a45de7af8b858690bd4afe055a244a80441c18e380efa9a6fddc7206083f6e2
41639517,73,Gm5532,Gene,433367,Gm5532,"[{""offset"": 1388, ""length"": 6}]","{""identifier"": ""433367"", ""type"": ""Gene"", ""valid"": true, ""normalized"": [433367], ""database"": ""ncbi_gene"", ""normalized_id"": 433367, ""biotype"": ""gene"", ""name"": ""Gm5532"", ""accession"": ""@GENE_GM5532""}",1388,6,1,abstract,[],lexical_candidate_only,data/raw/discovery_pilot/51e0cf1555b67a873f11ddeef370092171da9a96fac3114dffbf752e60ea5861.json,3a45de7af8b858690bd4afe055a244a80441c18e380efa9a6fddc7206083f6e2
41639517,74,iASPP,Gene,333654,Ppp1r13l,"[{""offset"": 1395, ""length"": 5}]","{""identifier"": ""333654"", ""type"": ""Gene"", ""ncbi_homologene"": ""84635"", ""valid"": true, ""normalized"": [333654], ""database"": ""ncbi_gene"", ""normalized_id"": 333654, ""biotype"": ""gene"", ""name"": ""Ppp1r13l"", ""accession"": ""@GENE_PPP1R13L""}",1395,5,1,abstract,[],lexical_candidate_only,data/raw/discovery_pilot/51e0cf1555b67a873f11ddeef370092171da9a96fac3114dffbf752e60ea5861.json,3a45de7af8b858690bd4afe055a244a80441c18e380efa9a6fddc7206083f6e2
41639517,75,NRF2,Gene,18024,Nfe2l2,"[{""offset"": 1401, ""length"": 4}]","{""identifier"": ""18024"", ""type"": ""Gene"", ""ncbi_homologene"": ""2412"", ""valid"": true, ""normalized"": [18024], ""database"": ""ncbi_gene"", ""normalized_id"": 18024, ""biotype"": ""gene"", ""name"": ""Nfe2l2"", ""accession"": ""@GENE_NFE2L2""}",1401,4,1,abstract,[],lexical_candidate_only,data/raw/discovery_pilot/51e0cf1555b67a873f11ddeef370092171da9a96fac3114dffbf752e60ea5861.json,3a45de7af8b858690bd4afe055a244a80441c18e380efa9a6fddc7206083f6e2
41639517,76,iron,Chemical,MESH:D007501,Iron,"[{""offset"": 1432, ""length"": 4}]","{""identifier"": ""MESH:D007501"", ""type"": ""Chemical"", ""valid"": true, ""normalized"": [""D007501""], ""database"": ""ncbi_mesh"", ""normalized_id"": ""D007501"", ""biotype"": ""chemical"", ""name"": ""Iron"", ""accession"": ""@CHEMICAL_Iron""}",1432,4,1,abstract,[],lexical_candidate_only,data/raw/discovery_pilot/51e0cf1555b67a873f11ddeef370092171da9a96fac3114dffbf752e60ea5861.json,3a45de7af8b858690bd4afe055a244a80441c18e380efa9a6fddc7206083f6e2
41639517,77,osteoporosis,Disease,MESH:D010024,Osteoporosis,"[{""offset"": 1556, ""length"": 12}]","{""identifier"": ""MESH:D010024"", ""type"": ""Disease"", ""valid"": true, ""normalized"": [""D010024""], ""database"": ""ncbi_mesh"", ""normalized_id"": ""D010024"", ""biotype"": ""disease"", ""name"": ""Osteoporosis"", ""accession"": ""@DISEASE_Osteoporosis""}",1556,12,1,abstract,[],lexical_candidate_only,data/raw/discovery_pilot/51e0cf1555b67a873f11ddeef370092171da9a96fac3114dffbf752e60ea5861.json,3a45de7af8b858690bd4afe055a244a80441c18e380efa9a6fddc7206083f6e2
41739588,2,Tet2,Gene,214133,Tet2,"[{""offset"": 0, ""length"": 4}]","{""identifier"": ""214133"", ""type"": ""Gene"", ""ncbi_homologene"": ""49498"", ""valid"": true, ""normalized"": [214133], ""database"": ""ncbi_gene"", ""normalized_id"": 214133, ""biotype"": ""gene"", ""name"": ""Tet2"", ""accession"": ""@GENE_TET2""}",0,4,0,title,"[""LOCAL:protein:mouse:TET2""]",lexical_candidate_only,data/raw/discovery_pilot/51e0cf1555b67a873f11ddeef370092171da9a96fac3114dffbf752e60ea5861.json,3a45de7af8b858690bd4afe055a244a80441c18e380efa9a6fddc7206083f6e2
41739588,3,aortic aneurysm,Disease,MESH:D001014,Aortic Aneurysm,"[{""offset"": 40, ""length"": 15}]","{""identifier"": ""MESH:D001014"", ""type"": ""Disease"", ""valid"": true, ""normalized"": [""D001014""], ""database"": ""ncbi_mesh"", ""normalized_id"": ""D001014"", ""biotype"": ""disease"", ""name"": ""Aortic Aneurysm"", ""accession"": ""@DISEASE_Aortic_Aneurysm""}",40,15,0,title,[],lexical_candidate_only,data/raw/discovery_pilot/51e0cf1555b67a873f11ddeef370092171da9a96fac3114dffbf752e60ea5861.json,3a45de7af8b858690bd4afe055a244a80441c18e380efa9a6fddc7206083f6e2
41739588,25,Aortic aneurysms,Disease,MESH:D001014,Aortic Aneurysm,"[{""offset"": 107, ""length"": 16}]","{""identifier"": ""MESH:D001014"", ""type"": ""Disease"", ""valid"": true, ""normalized"": [""D001014""], ""database"": ""ncbi_mesh"", ""normalized_id"": ""D001014"", ""biotype"": ""disease"", ""name"": ""Aortic Aneurysm"", ""accession"": ""@DISEASE_Aortic_Aneurysm""}",107,16,1,abstract,[],lexical_candidate_only,data/raw/discovery_pilot/51e0cf1555b67a873f11ddeef370092171da9a96fac3114dffbf752e60ea5861.json,3a45de7af8b858690bd4afe055a244a80441c18e380efa9a6fddc7206083f6e2
41739588,26,aortic dilations,Disease,MESH:D002311,Cardiomyopathy Dilated,"[{""offset"": 139, ""length"": 16}]","{""identifier"": ""MESH:D002311"", ""type"": ""Disease"", ""valid"": true, ""normalized"": [""D002311""], ""database"": ""ncbi_mesh"", ""normalized_id"": ""D002311"", ""biotype"": ""disease"", ""name"": ""Cardiomyopathy Dilated"", ""accession"": ""@DISEASE_Cardiomyopathy_Dilated""}",139,16,1,abstract,[],lexical_candidate_only,data/raw/discovery_pilot/51e0cf1555b67a873f11ddeef370092171da9a96fac3114dffbf752e60ea5861.json,3a45de7af8b858690bd4afe055a244a80441c18e380efa9a6fddc7206083f6e2
41739588,27,rupture,Disease,MESH:D012421,Rupture,"[{""offset"": 194, ""length"": 7}]","{""identifier"": ""MESH:D012421"", ""type"": ""Disease"", ""valid"": true, ""normalized"": [""D012421""], ""database"": ""ncbi_mesh"", ""normalized_id"": ""D012421"", ""biotype"": ""disease"", ""name"": ""Rupture"", ""accession"": ""@DISEASE_Rupture""}",194,7,1,abstract,[],lexical_candidate_only,data/raw/discovery_pilot/51e0cf1555b67a873f11ddeef370092171da9a96fac3114dffbf752e60ea5861.json,3a45de7af8b858690bd4afe055a244a80441c18e380efa9a6fddc7206083f6e2
41739588,28,aneurysm,Disease,MESH:D000783,Aneurysm,"[{""offset"": 252, ""length"": 8}]","{""identifier"": ""MESH:D000783"", ""type"": ""Disease"", ""valid"": true, ""normalized"": [""D000783""], ""database"": ""ncbi_mesh"", ""normalized_id"": ""D000783"", ""biotype"": ""disease"", ""name"": ""Aneurysm"", ""accession"": ""@DISEASE_Aneurysm""}",252,8,1,abstract,[],lexical_candidate_only,data/raw/discovery_pilot/51e0cf1555b67a873f11ddeef370092171da9a96fac3114dffbf752e60ea5861.json,3a45de7af8b858690bd4afe055a244a80441c18e380efa9a6fddc7206083f6e2
41739588,29,aneurysm,Disease,MESH:D000783,Aneurysm,"[{""offset"": 483, ""length"": 8}]","{""identifier"": ""MESH:D000783"", ""type"": ""Disease"", ""valid"": true, ""normalized"": [""D000783""], ""database"": ""ncbi_mesh"", ""normalized_id"": ""D000783"", ""biotype"": ""disease"", ""name"": ""Aneurysm"", ""accession"": ""@DISEASE_Aneurysm""}",483,8,1,abstract,[],lexical_candidate_only,data/raw/discovery_pilot/51e0cf1555b67a873f11ddeef370092171da9a96fac3114dffbf752e60ea5861.json,3a45de7af8b858690bd4afe055a244a80441c18e380efa9a6fddc7206083f6e2
41739588,30,patient,Species,9606,9606,"[{""offset"": 570, ""length"": 7}]","{""identifier"": ""9606"", ""type"": ""Species"", ""valid"": true, ""normalized"": [9606], ""database"": ""ncbi_taxonomy"", ""normalized_id"": 9606, ""biotype"": ""species"", ""name"": ""9606"", ""accession"": null}",570,7,1,abstract,[],lexical_candidate_only,data/raw/discovery_pilot/51e0cf1555b67a873f11ddeef370092171da9a96fac3114dffbf752e60ea5861.json,3a45de7af8b858690bd4afe055a244a80441c18e380efa9a6fddc7206083f6e2
41739588,31,aneurysm,Disease,MESH:D000783,Aneurysm,"[{""offset"": 688, ""length"": 8}]","{""identifier"": ""MESH:D000783"", ""type"": ""Disease"", ""valid"": true, ""normalized"": [""D000783""], ""database"": ""ncbi_mesh"", ""normalized_id"": ""D000783"", ""biotype"": ""disease"", ""name"": ""Aneurysm"", ""accession"": ""@DISEASE_Aneurysm""}",688,8,1,abstract,[],lexical_candidate_only,data/raw/discovery_pilot/51e0cf1555b67a873f11ddeef370092171da9a96fac3114dffbf752e60ea5861.json,3a45de7af8b858690bd4afe055a244a80441c18e380efa9a6fddc7206083f6e2
41739588,32,Tet2,Gene,214133,Tet2,"[{""offset"": 777, ""length"": 4}]","{""identifier"": ""214133"", ""type"": ""Gene"", ""ncbi_homologene"": ""49498"", ""valid"": true, ""normalized"": [214133], ""database"": ""ncbi_gene"", ""normalized_id"": 214133, ""biotype"": ""gene"", ""name"": ""Tet2"", ""accession"": ""@GENE_TET2""}",777,4,1,abstract,"[""LOCAL:protein:mouse:TET2""]",lexical_candidate_only,data/raw/discovery_pilot/51e0cf1555b67a873f11ddeef370092171da9a96fac3114dffbf752e60ea5861.json,3a45de7af8b858690bd4afe055a244a80441c18e380efa9a6fddc7206083f6e2
41739588,33,mice,Species,10090,10090,"[{""offset"": 823, ""length"": 4}]","{""identifier"": ""10090"", ""type"": ""Species"", ""valid"": true, ""normalized"": [10090], ""database"": ""ncbi_taxonomy"", ""normalized_id"": 10090, ""biotype"": ""species"", ""name"": ""10090"", ""accession"": null}",823,4,1,abstract,[],lexical_candidate_only,data/raw/discovery_pilot/51e0cf1555b67a873f11ddeef370092171da9a96fac3114dffbf752e60ea5861.json,3a45de7af8b858690bd4afe055a244a80441c18e380efa9a6fddc7206083f6e2
41739588,34,aneurysms,Disease,MESH:D000783,Aneurysm,"[{""offset"": 840, ""length"": 9}]","{""identifier"": ""MESH:D000783"", ""type"": ""Disease"", ""valid"": true, ""normalized"": [""D000783""], ""database"": ""ncbi_mesh"", ""normalized_id"": ""D000783"", ""biotype"": ""disease"", ""name"": ""Aneurysm"", ""accession"": ""@DISEASE_Aneurysm""}",840,9,1,abstract,[],lexical_candidate_only,data/raw/discovery_pilot/51e0cf1555b67a873f11ddeef370092171da9a96fac3114dffbf752e60ea5861.json,3a45de7af8b858690bd4afe055a244a80441c18e380efa9a6fddc7206083f6e2
41739588,35,Tet2,Gene,214133,Tet2,"[{""offset"": 871, ""length"": 4}]","{""identifier"": ""214133"", ""type"": ""Gene"", ""ncbi_homologene"": ""49498"", ""valid"": true, ""normalized"": [214133], ""database"": ""ncbi_gene"", ""normalized_id"": 214133, ""biotype"": ""gene"", ""name"": ""Tet2"", ""accession"": ""@GENE_TET2""}",871,4,1,abstract,"[""LOCAL:protein:mouse:TET2""]",lexical_candidate_only,data/raw/discovery_pilot/51e0cf1555b67a873f11ddeef370092171da9a96fac3114dffbf752e60ea5861.json,3a45de7af8b858690bd4afe055a244a80441c18e380efa9a6fddc7206083f6e2
41739588,36,mice,Species,10090,10090,"[{""offset"": 897, ""length"": 4}]","{""identifier"": ""10090"", ""type"": ""Species"", ""valid"": true, ""normalized"": [10090], ""database"": ""ncbi_taxonomy"", ""normalized_id"": 10090, ""biotype"": ""species"", ""name"": ""10090"", ""accession"": null}",897,4,1,abstract,[],lexical_candidate_only,data/raw/discovery_pilot/51e0cf1555b67a873f11ddeef370092171da9a96fac3114dffbf752e60ea5861.json,3a45de7af8b858690bd4afe055a244a80441c18e380efa9a6fddc7206083f6e2
41739588,37,aortic dilation,Disease,MESH:D002311,Cardiomyopathy Dilated,"[{""offset"": 934, ""length"": 15}]","{""identifier"": ""MESH:D002311"", ""type"": ""Disease"", ""valid"": true, ""normalized"": [""D002311""], ""database"": ""ncbi_mesh"", ""normalized_id"": ""D002311"", ""biotype"": ""disease"", ""name"": ""Cardiomyopathy Dilated"", ""accession"": ""@DISEASE_Cardiomyopathy_Dilated""}",934,15,1,abstract,[],lexical_candidate_only,data/raw/discovery_pilot/51e0cf1555b67a873f11ddeef370092171da9a96fac3114dffbf752e60ea5861.json,3a45de7af8b858690bd4afe055a244a80441c18e380efa9a6fddc7206083f6e2
41739588,38,Tet2,Gene,214133,Tet2,"[{""offset"": 980, ""length"": 4}]","{""identifier"": ""214133"", ""type"": ""Gene"", ""ncbi_homologene"": ""49498"", ""valid"": true, ""normalized"": [214133], ""database"": ""ncbi_gene"", ""normalized_id"": 214133, ""biotype"": ""gene"", ""name"": ""Tet2"", ""accession"": ""@GENE_TET2""}",980,4,1,abstract,"[""LOCAL:protein:mouse:TET2""]",lexical_candidate_only,data/raw/discovery_pilot/51e0cf1555b67a873f11ddeef370092171da9a96fac3114dffbf752e60ea5861.json,3a45de7af8b858690bd4afe055a244a80441c18e380efa9a6fddc7206083f6e2
41739588,39,ACP5,Gene,11433,Acp5,"[{""offset"": 1018, ""length"": 4}]","{""identifier"": ""11433"", ""type"": ""Gene"", ""ncbi_homologene"": ""137203"", ""valid"": true, ""normalized"": [11433], ""database"": ""ncbi_gene"", ""normalized_id"": 11433, ""biotype"": ""gene"", ""name"": ""Acp5"", ""accession"": ""@GENE_ACP5""}",1018,4,1,abstract,"[""LOCAL:protein:mouse:ACP5""]",lexical_candidate_only,data/raw/discovery_pilot/51e0cf1555b67a873f11ddeef370092171da9a96fac3114dffbf752e60ea5861.json,3a45de7af8b858690bd4afe055a244a80441c18e380efa9a6fddc7206083f6e2
41739588,40,MMP9,Gene,17395,Mmp9,"[{""offset"": 1073, ""length"": 4}]","{""identifier"": ""17395"", ""type"": ""Gene"", ""ncbi_homologene"": ""3659"", ""valid"": true, ""normalized"": [17395], ""database"": ""ncbi_gene"", ""normalized_id"": 17395, ""biotype"": ""gene"", ""name"": ""Mmp9"", ""accession"": ""@GENE_MMP9""}",1073,4,1,abstract,"[""LOCAL:protein:mouse:MMP9""]",lexical_candidate_only,data/raw/discovery_pilot/51e0cf1555b67a873f11ddeef370092171da9a96fac3114dffbf752e60ea5861.json,3a45de7af8b858690bd4afe055a244a80441c18e380efa9a6fddc7206083f6e2
41739588,41,Tet2,Gene,214133,Tet2,"[{""offset"": 1173, ""length"": 4}]","{""identifier"": ""214133"", ""type"": ""Gene"", ""ncbi_homologene"": ""49498"", ""valid"": true, ""normalized"": [214133], ""database"": ""ncbi_gene"", ""normalized_id"": 214133, ""biotype"": ""gene"", ""name"": ""Tet2"", ""accession"": ""@GENE_TET2""}",1173,4,1,abstract,"[""LOCAL:protein:mouse:TET2""]",lexical_candidate_only,data/raw/discovery_pilot/51e0cf1555b67a873f11ddeef370092171da9a96fac3114dffbf752e60ea5861.json,3a45de7af8b858690bd4afe055a244a80441c18e380efa9a6fddc7206083f6e2
41739588,42,aneurysmal,Disease,MESH:D000783,Aneurysm,"[{""offset"": 1187, ""length"": 10}]","{""identifier"": ""MESH:D000783"", ""type"": ""Disease"", ""valid"": true, ""normalized"": [""D000783""], ""database"": ""ncbi_mesh"", ""normalized_id"": ""D000783"", ""biotype"": ""disease"", ""name"": ""Aneurysm"", ""accession"": ""@DISEASE_Aneurysm""}",1187,10,1,abstract,[],lexical_candidate_only,data/raw/discovery_pilot/51e0cf1555b67a873f11ddeef370092171da9a96fac3114dffbf752e60ea5861.json,3a45de7af8b858690bd4afe055a244a80441c18e380efa9a6fddc7206083f6e2
41739588,43,Tet2,Gene,214133,Tet2,"[{""offset"": 1220, ""length"": 4}]","{""identifier"": ""214133"", ""type"": ""Gene"", ""ncbi_homologene"": ""49498"", ""valid"": true, ""normalized"": [214133], ""database"": ""ncbi_gene"", ""normalized_id"": 214133, ""biotype"": ""gene"", ""name"": ""Tet2"", ""accession"": ""@GENE_TET2""}",1220,4,1,abstract,"[""LOCAL:protein:mouse:TET2""]",lexical_candidate_only,data/raw/discovery_pilot/51e0cf1555b67a873f11ddeef370092171da9a96fac3114dffbf752e60ea5861.json,3a45de7af8b858690bd4afe055a244a80441c18e380efa9a6fddc7206083f6e2
41739588,44,aortic aneurysm,Disease,MESH:D001014,Aortic Aneurysm,"[{""offset"": 1265, ""length"": 15}]","{""identifier"": ""MESH:D001014"", ""type"": ""Disease"", ""valid"": true, ""normalized"": [""D001014""], ""database"": ""ncbi_mesh"", ""normalized_id"": ""D001014"", ""biotype"": ""disease"", ""name"": ""Aortic Aneurysm"", ""accession"": ""@DISEASE_Aortic_Aneurysm""}",1265,15,1,abstract,[],lexical_candidate_only,data/raw/discovery_pilot/51e0cf1555b67a873f11ddeef370092171da9a96fac3114dffbf752e60ea5861.json,3a45de7af8b858690bd4afe055a244a80441c18e380efa9a6fddc7206083f6e2
41739588,45,MMP9,Gene,17395,Mmp9,"[{""offset"": 1301, ""length"": 4}]","{""identifier"": ""17395"", ""type"": ""Gene"", ""ncbi_homologene"": ""3659"", ""valid"": true, ""normalized"": [17395], ""database"": ""ncbi_gene"", ""normalized_id"": 17395, ""biotype"": ""gene"", ""name"": ""Mmp9"", ""accession"": ""@GENE_MMP9""}",1301,4,1,abstract,"[""LOCAL:protein:mouse:MMP9""]",lexical_candidate_only,data/raw/discovery_pilot/51e0cf1555b67a873f11ddeef370092171da9a96fac3114dffbf752e60ea5861.json,3a45de7af8b858690bd4afe055a244a80441c18e380efa9a6fddc7206083f6e2
41913623,1,oral diseases,Disease,MESH:D009059,Mouth Diseases,"[{""offset"": 100, ""length"": 13}]","{""identifier"": ""MESH:D009059"", ""type"": ""Disease"", ""valid"": true, ""normalized"": [""D009059""], ""database"": ""ncbi_mesh"", ""normalized_id"": ""D009059"", ""biotype"": ""disease"", ""name"": ""Mouth Diseases"", ""accession"": ""@DISEASE_Mouth_Diseases""}",100,13,0,title,[],lexical_candidate_only,data/raw/discovery_pilot/51e0cf1555b67a873f11ddeef370092171da9a96fac3114dffbf752e60ea5861.json,3a45de7af8b858690bd4afe055a244a80441c18e380efa9a6fddc7206083f6e2
41913623,7,reactive oxygen species,Chemical,MESH:D017382,Reactive Oxygen Species,"[{""offset"": 425, ""length"": 23}]","{""identifier"": ""MESH:D017382"", ""type"": ""Chemical"", ""valid"": true, ""normalized"": [""D017382""], ""database"": ""ncbi_mesh"", ""normalized_id"": ""D017382"", ""biotype"": ""chemical"", ""name"": ""Reactive Oxygen Species"", ""accession"": ""@CHEMICAL_Reactive_Oxygen_Species""}",425,23,1,abstract,"[""CHEBI:26523""]",lexical_candidate_only,data/raw/discovery_pilot/51e0cf1555b67a873f11ddeef370092171da9a96fac3114dffbf752e60ea5861.json,3a45de7af8b858690bd4afe055a244a80441c18e380efa9a6fddc7206083f6e2
41913623,8,mitochondrial dysfunction,Disease,MESH:D028361,Mitochondrial Diseases,"[{""offset"": 842, ""length"": 25}]","{""identifier"": ""MESH:D028361"", ""type"": ""Disease"", ""valid"": true, ""normalized"": [""D028361""], ""database"": ""ncbi_mesh"", ""normalized_id"": ""D028361"", ""biotype"": ""disease"", ""name"": ""Mitochondrial Diseases"", ""accession"": ""@DISEASE_Mitochondrial_Diseases""}",842,25,1,abstract,[],lexical_candidate_only,data/raw/discovery_pilot/51e0cf1555b67a873f11ddeef370092171da9a96fac3114dffbf752e60ea5861.json,3a45de7af8b858690bd4afe055a244a80441c18e380efa9a6fddc7206083f6e2
41913623,9,bone defects,Disease,MESH:D001847,Bone Diseases,"[{""offset"": 908, ""length"": 12}]","{""identifier"": ""MESH:D001847"", ""type"": ""Disease"", ""valid"": true, ""normalized"": [""D001847""], ""database"": ""ncbi_mesh"", ""normalized_id"": ""D001847"", ""biotype"": ""disease"", ""name"": ""Bone Diseases"", ""accession"": ""@DISEASE_Bone_Diseases""}",908,12,1,abstract,[],lexical_candidate_only,data/raw/discovery_pilot/51e0cf1555b67a873f11ddeef370092171da9a96fac3114dffbf752e60ea5861.json,3a45de7af8b858690bd4afe055a244a80441c18e380efa9a6fddc7206083f6e2
41913623,10,periodontal disease,Disease,MESH:D010510,Periodontal Diseases,"[{""offset"": 925, ""length"": 19}]","{""identifier"": ""MESH:D010510"", ""type"": ""Disease"", ""valid"": true, ""normalized"": [""D010510""], ""database"": ""ncbi_mesh"", ""normalized_id"": ""D010510"", ""biotype"": ""disease"", ""name"": ""Periodontal Diseases"", ""accession"": ""@DISEASE_Periodontal_Diseases""}",925,19,1,abstract,[],lexical_candidate_only,data/raw/discovery_pilot/51e0cf1555b67a873f11ddeef370092171da9a96fac3114dffbf752e60ea5861.json,3a45de7af8b858690bd4afe055a244a80441c18e380efa9a6fddc7206083f6e2
41913623,11,oral bone disorders,Disease,MESH:D001847,Bone Diseases,"[{""offset"": 1040, ""length"": 19}]","{""identifier"": ""MESH:D001847"", ""type"": ""Disease"", ""valid"": true, ""normalized"": [""D001847""], ""database"": ""ncbi_mesh"", ""normalized_id"": ""D001847"", ""biotype"": ""disease"", ""name"": ""Bone Diseases"", ""accession"": ""@DISEASE_Bone_Diseases""}",1040,19,1,abstract,[],lexical_candidate_only,data/raw/discovery_pilot/51e0cf1555b67a873f11ddeef370092171da9a96fac3114dffbf752e60ea5861.json,3a45de7af8b858690bd4afe055a244a80441c18e380efa9a6fddc7206083f6e2
41936624,3,Porphyromonas gingivalis,Species,837,837,"[{""offset"": 0, ""length"": 24}]","{""identifier"": ""837"", ""type"": ""Species"", ""valid"": true, ""normalized"": [837], ""database"": ""ncbi_taxonomy"", ""normalized_id"": 837, ""biotype"": ""species"", ""name"": ""837"", ""accession"": null}",0,24,0,title,[],lexical_candidate_only,data/raw/discovery_pilot/51e0cf1555b67a873f11ddeef370092171da9a96fac3114dffbf752e60ea5861.json,3a45de7af8b858690bd4afe055a244a80441c18e380efa9a6fddc7206083f6e2
41936624,4,periodontitis,Disease,MESH:D010518,Periodontitis,"[{""offset"": 138, ""length"": 13}]","{""identifier"": ""MESH:D010518"", ""type"": ""Disease"", ""valid"": true, ""normalized"": [""D010518""], ""database"": ""ncbi_mesh"", ""normalized_id"": ""D010518"", ""biotype"": ""disease"", ""name"": ""Periodontitis"", ""accession"": ""@DISEASE_Periodontitis""}",138,13,0,title,[],lexical_candidate_only,data/raw/discovery_pilot/51e0cf1555b67a873f11ddeef370092171da9a96fac3114dffbf752e60ea5861.json,3a45de7af8b858690bd4afe055a244a80441c18e380efa9a6fddc7206083f6e2
41936624,5,rats,Species,10116,10116,"[{""offset"": 158, ""length"": 4}]","{""identifier"": ""10116"", ""type"": ""Species"", ""valid"": true, ""normalized"": [10116], ""database"": ""ncbi_taxonomy"", ""normalized_id"": 10116, ""biotype"": ""species"", ""name"": ""10116"", ""accession"": null}",158,4,0,title,[],lexical_candidate_only,data/raw/discovery_pilot/51e0cf1555b67a873f11ddeef370092171da9a96fac3114dffbf752e60ea5861.json,3a45de7af8b858690bd4afe055a244a80441c18e380efa9a6fddc7206083f6e2
41983393,1,aneurysms,Disease,MESH:D000783,Aneurysm,"[{""offset"": 28, ""length"": 9}]","{""identifier"": ""MESH:D000783"", ""type"": ""Disease"", ""valid"": true, ""normalized"": [""D000783""], ""database"": ""ncbi_mesh"", ""normalized_id"": ""D000783"", ""biotype"": ""disease"", ""name"": ""Aneurysm"", ""accession"": ""@DISEASE_Aneurysm""}",28,9,0,title,[],lexical_candidate_only,data/raw/discovery_pilot/51e0cf1555b67a873f11ddeef370092171da9a96fac3114dffbf752e60ea5861.json,3a45de7af8b858690bd4afe055a244a80441c18e380efa9a6fddc7206083f6e2
41983393,19,Abdominal aortic aneurysms,Disease,MESH:D017544,Aortic Aneurysm Abdominal,"[{""offset"": 88, ""length"": 26}]","{""identifier"": ""MESH:D017544"", ""type"": ""Disease"", ""valid"": true, ""normalized"": [""D017544""], ""database"": ""ncbi_mesh"", ""normalized_id"": ""D017544"", ""biotype"": ""disease"", ""name"": ""Aortic Aneurysm Abdominal"", ""accession"": ""@DISEASE_Aortic_Aneurysm_Abdominal""}",88,26,1,abstract,[],lexical_candidate_only,data/raw/discovery_pilot/51e0cf1555b67a873f11ddeef370092171da9a96fac3114dffbf752e60ea5861.json,3a45de7af8b858690bd4afe055a244a80441c18e380efa9a6fddc7206083f6e2
41983393,20,AAAs,Disease,MESH:D017544,Aortic Aneurysm Abdominal,"[{""offset"": 116, ""length"": 4}]","{""identifier"": ""MESH:D017544"", ""type"": ""Disease"", ""valid"": true, ""normalized"": [""D017544""], ""database"": ""ncbi_mesh"", ""normalized_id"": ""D017544"", ""biotype"": ""disease"", ""name"": ""Aortic Aneurysm Abdominal"", ""accession"": ""@DISEASE_Aortic_Aneurysm_Abdominal""}",116,4,1,abstract,[],lexical_candidate_only,data/raw/discovery_pilot/51e0cf1555b67a873f11ddeef370092171da9a96fac3114dffbf752e60ea5861.json,3a45de7af8b858690bd4afe055a244a80441c18e380efa9a6fddc7206083f6e2
41983393,21,sudden cardiac death,Disease,MESH:D016757,Death Sudden Cardiac,"[{""offset"": 150, ""length"": 20}]","{""identifier"": ""MESH:D016757"", ""type"": ""Disease"", ""valid"": true, ""normalized"": [""D016757""], ""database"": ""ncbi_mesh"", ""normalized_id"": ""D016757"", ""biotype"": ""disease"", ""name"": ""Death Sudden Cardiac"", ""accession"": ""@DISEASE_Death_Sudden_Cardiac""}",150,20,1,abstract,[],lexical_candidate_only,data/raw/discovery_pilot/51e0cf1555b67a873f11ddeef370092171da9a96fac3114dffbf752e60ea5861.json,3a45de7af8b858690bd4afe055a244a80441c18e380efa9a6fddc7206083f6e2
41983393,22,cardiovascular disease,Disease,MESH:D002318,Cardiovascular Diseases,"[{""offset"": 175, ""length"": 22}]","{""identifier"": ""MESH:D002318"", ""type"": ""Disease"", ""valid"": true, ""normalized"": [""D002318""], ""database"": ""ncbi_mesh"", ""normalized_id"": ""D002318"", ""biotype"": ""disease"", ""name"": ""Cardiovascular Diseases"", ""accession"": ""@DISEASE_Cardiovascular_Diseases""}",175,22,1,abstract,[],lexical_candidate_only,data/raw/discovery_pilot/51e0cf1555b67a873f11ddeef370092171da9a96fac3114dffbf752e60ea5861.json,3a45de7af8b858690bd4afe055a244a80441c18e380efa9a6fddc7206083f6e2
41983393,23,CVD,Disease,MESH:D002318,Cardiovascular Diseases,"[{""offset"": 199, ""length"": 3}]","{""identifier"": ""MESH:D002318"", ""type"": ""Disease"", ""valid"": true, ""normalized"": [""D002318""], ""database"": ""ncbi_mesh"", ""normalized_id"": ""D002318"", ""biotype"": ""disease"", ""name"": ""Cardiovascular Diseases"", ""accession"": ""@DISEASE_Cardiovascular_Diseases""}",199,3,1,abstract,[],lexical_candidate_only,data/raw/discovery_pilot/51e0cf1555b67a873f11ddeef370092171da9a96fac3114dffbf752e60ea5861.json,3a45de7af8b858690bd4afe055a244a80441c18e380efa9a6fddc7206083f6e2
41983393,24,AAA,Disease,MESH:C565230,Aortic Aneurysm Familial Abdominal 1,"[{""offset"": 465, ""length"": 3}]","{""identifier"": ""MESH:C565230"", ""type"": ""Disease"", ""valid"": true, ""normalized"": [""C565230""], ""database"": ""ncbi_mesh"", ""normalized_id"": ""C565230"", ""biotype"": ""disease"", ""name"": ""Aortic Aneurysm Familial Abdominal 1"", ""accession"": ""@DISEASE_Aortic_Aneurysm_Familial_Abdominal_1""}",465,3,1,abstract,[],lexical_candidate_only,data/raw/discovery_pilot/51e0cf1555b67a873f11ddeef370092171da9a96fac3114dffbf752e60ea5861.json,3a45de7af8b858690bd4afe055a244a80441c18e380efa9a6fddc7206083f6e2
41983393,25,patients,Species,9606,9606,"[{""offset"": 496, ""length"": 8}]","{""identifier"": ""9606"", ""type"": ""Species"", ""valid"": true, ""normalized"": [9606], ""database"": ""ncbi_taxonomy"", ""normalized_id"": 9606, ""biotype"": ""species"", ""name"": ""9606"", ""accession"": null}",496,8,1,abstract,[],lexical_candidate_only,data/raw/discovery_pilot/51e0cf1555b67a873f11ddeef370092171da9a96fac3114dffbf752e60ea5861.json,3a45de7af8b858690bd4afe055a244a80441c18e380efa9a6fddc7206083f6e2
41983393,26,AAA,Disease,MESH:C565230,Aortic Aneurysm Familial Abdominal 1,"[{""offset"": 523, ""length"": 3}]","{""identifier"": ""MESH:C565230"", ""type"": ""Disease"", ""valid"": true, ""normalized"": [""C565230""], ""database"": ""ncbi_mesh"", ""normalized_id"": ""C565230"", ""biotype"": ""disease"", ""name"": ""Aortic Aneurysm Familial Abdominal 1"", ""accession"": ""@DISEASE_Aortic_Aneurysm_Familial_Abdominal_1""}",523,3,1,abstract,[],lexical_candidate_only,data/raw/discovery_pilot/51e0cf1555b67a873f11ddeef370092171da9a96fac3114dffbf752e60ea5861.json,3a45de7af8b858690bd4afe055a244a80441c18e380efa9a6fddc7206083f6e2
41983393,27,AAA,Disease,MESH:C565230,Aortic Aneurysm Familial Abdominal 1,"[{""offset"": 539, ""length"": 3}]","{""identifier"": ""MESH:C565230"", ""type"": ""Disease"", ""valid"": true, ""normalized"": [""C565230""], ""database"": ""ncbi_mesh"", ""normalized_id"": ""C565230"", ""biotype"": ""disease"", ""name"": ""Aortic Aneurysm Familial Abdominal 1"", ""accession"": ""@DISEASE_Aortic_Aneurysm_Familial_Abdominal_1""}",539,3,1,abstract,[],lexical_candidate_only,data/raw/discovery_pilot/51e0cf1555b67a873f11ddeef370092171da9a96fac3114dffbf752e60ea5861.json,3a45de7af8b858690bd4afe055a244a80441c18e380efa9a6fddc7206083f6e2
41983393,28,AAA,Disease,MESH:C565230,Aortic Aneurysm Familial Abdominal 1,"[{""offset"": 642, ""length"": 3}]","{""identifier"": ""MESH:C565230"", ""type"": ""Disease"", ""valid"": true, ""normalized"": [""C565230""], ""database"": ""ncbi_mesh"", ""normalized_id"": ""C565230"", ""biotype"": ""disease"", ""name"": ""Aortic Aneurysm Familial Abdominal 1"", ""accession"": ""@DISEASE_Aortic_Aneurysm_Familial_Abdominal_1""}",642,3,1,abstract,[],lexical_candidate_only,data/raw/discovery_pilot/51e0cf1555b67a873f11ddeef370092171da9a96fac3114dffbf752e60ea5861.json,3a45de7af8b858690bd4afe055a244a80441c18e380efa9a6fddc7206083f6e2
41983393,29,mice,Species,10090,10090,"[{""offset"": 647, ""length"": 4}]","{""identifier"": ""10090"", ""type"": ""Species"", ""valid"": true, ""normalized"": [10090], ""database"": ""ncbi_taxonomy"", ""normalized_id"": 10090, ""biotype"": ""species"", ""name"": ""10090"", ""accession"": null}",647,4,1,abstract,[],lexical_candidate_only,data/raw/discovery_pilot/51e0cf1555b67a873f11ddeef370092171da9a96fac3114dffbf752e60ea5861.json,3a45de7af8b858690bd4afe055a244a80441c18e380efa9a6fddc7206083f6e2
41983393,30,AAA,Disease,MESH:C565230,Aortic Aneurysm Familial Abdominal 1,"[{""offset"": 737, ""length"": 3}]","{""identifier"": ""MESH:C565230"", ""type"": ""Disease"", ""valid"": true, ""normalized"": [""C565230""], ""database"": ""ncbi_mesh"", ""normalized_id"": ""C565230"", ""biotype"": ""disease"", ""name"": ""Aortic Aneurysm Familial Abdominal 1"", ""accession"": ""@DISEASE_Aortic_Aneurysm_Familial_Abdominal_1""}",737,3,1,abstract,[],lexical_candidate_only,data/raw/discovery_pilot/51e0cf1555b67a873f11ddeef370092171da9a96fac3114dffbf752e60ea5861.json,3a45de7af8b858690bd4afe055a244a80441c18e380efa9a6fddc7206083f6e2
41983393,31,RANKL,Gene,8600,TNFSF11,"[{""offset"": 861, ""length"": 5}]","{""identifier"": ""8600"", ""type"": ""Gene"", ""ncbi_homologene"": ""2744"", ""valid"": true, ""normalized"": [8600], ""database"": ""ncbi_gene"", ""normalized_id"": 8600, ""biotype"": ""gene"", ""name"": ""TNFSF11"", ""accession"": ""@GENE_TNFSF11""}",861,5,1,abstract,"[""LOCAL:protein:mouse:TNFSF11""]",lexical_candidate_only,data/raw/discovery_pilot/51e0cf1555b67a873f11ddeef370092171da9a96fac3114dffbf752e60ea5861.json,3a45de7af8b858690bd4afe055a244a80441c18e380efa9a6fddc7206083f6e2
41983393,32,alendronate,Chemical,MESH:D019386,Alendronate,"[{""offset"": 900, ""length"": 11}]","{""identifier"": ""MESH:D019386"", ""type"": ""Chemical"", ""valid"": true, ""normalized"": [""D019386""], ""database"": ""ncbi_mesh"", ""normalized_id"": ""D019386"", ""biotype"": ""chemical"", ""name"": ""Alendronate"", ""accession"": ""@CHEMICAL_Alendronate""}",900,11,1,abstract,[],lexical_candidate_only,data/raw/discovery_pilot/51e0cf1555b67a873f11ddeef370092171da9a96fac3114dffbf752e60ea5861.json,3a45de7af8b858690bd4afe055a244a80441c18e380efa9a6fddc7206083f6e2
41983393,33,denosumab,Chemical,MESH:D000069448,Denosumab,"[{""offset"": 916, ""length"": 9}]","{""identifier"": ""MESH:D000069448"", ""type"": ""Chemical"", ""valid"": true, ""normalized"": [""D000069448""], ""database"": ""ncbi_mesh"", ""normalized_id"": ""D000069448"", ""biotype"": ""chemical"", ""name"": ""Denosumab"", ""accession"": ""@CHEMICAL_Denosumab""}",916,9,1,abstract,[],lexical_candidate_only,data/raw/discovery_pilot/51e0cf1555b67a873f11ddeef370092171da9a96fac3114dffbf752e60ea5861.json,3a45de7af8b858690bd4afe055a244a80441c18e380efa9a6fddc7206083f6e2
41983393,34,aneurysmal,Disease,MESH:D000783,Aneurysm,"[{""offset"": 938, ""length"": 10}]","{""identifier"": ""MESH:D000783"", ""type"": ""Disease"", ""valid"": true, ""normalized"": [""D000783""], ""database"": ""ncbi_mesh"", ""normalized_id"": ""D000783"", ""biotype"": ""disease"", ""name"": ""Aneurysm"", ""accession"": ""@DISEASE_Aneurysm""}",938,10,1,abstract,[],lexical_candidate_only,data/raw/discovery_pilot/51e0cf1555b67a873f11ddeef370092171da9a96fac3114dffbf752e60ea5861.json,3a45de7af8b858690bd4afe055a244a80441c18e380efa9a6fddc7206083f6e2
41983393,35,AAA,Disease,MESH:C565230,Aortic Aneurysm Familial Abdominal 1,"[{""offset"": 1067, ""length"": 3}]","{""identifier"": ""MESH:C565230"", ""type"": ""Disease"", ""valid"": true, ""normalized"": [""C565230""], ""database"": ""ncbi_mesh"", ""normalized_id"": ""C565230"", ""biotype"": ""disease"", ""name"": ""Aortic Aneurysm Familial Abdominal 1"", ""accession"": ""@DISEASE_Aortic_Aneurysm_Familial_Abdominal_1""}",1067,3,1,abstract,[],lexical_candidate_only,data/raw/discovery_pilot/51e0cf1555b67a873f11ddeef370092171da9a96fac3114dffbf752e60ea5861.json,3a45de7af8b858690bd4afe055a244a80441c18e380efa9a6fddc7206083f6e2
42013185,1,resorption,Disease,MESH:D014091,Tooth Resorption,"[{""offset"": 43, ""length"": 10}]","{""identifier"": ""MESH:D014091"", ""type"": ""Disease"", ""valid"": true, ""normalized"": [""D014091""], ""database"": ""ncbi_mesh"", ""normalized_id"": ""D014091"", ""biotype"": ""disease"", ""name"": ""Tooth Resorption"", ""accession"": ""@DISEASE_Tooth_Resorption""}",43,10,0,title,[],lexical_candidate_only,data/raw/discovery_pilot/51e0cf1555b67a873f11ddeef370092171da9a96fac3114dffbf752e60ea5861.json,3a45de7af8b858690bd4afe055a244a80441c18e380efa9a6fddc7206083f6e2
42013185,10,Ca2+,Chemical,-,,"[{""offset"": 55, ""length"": 4}]","{""identifier"": ""-"", ""type"": ""Chemical"", ""valid"": false, ""normalized_id"": null, ""biotype"": ""chemical""}",55,4,1,abstract,"[""CHEBI:29108""]",lexical_candidate_only,data/raw/discovery_pilot/51e0cf1555b67a873f11ddeef370092171da9a96fac3114dffbf752e60ea5861.json,3a45de7af8b858690bd4afe055a244a80441c18e380efa9a6fddc7206083f6e2
42013185,11,NLRP3,Gene,114548,DFNA34,"[{""offset"": 85, ""length"": 5}]","{""identifier"": ""114548"", ""type"": ""Gene"", ""ncbi_homologene"": ""3600"", ""valid"": true, ""normalized"": [114548], ""database"": ""ncbi_gene"", ""normalized_id"": 114548, ""biotype"": ""gene"", ""name"": ""DFNA34"", ""accession"": ""@GENE_DFNA34""}",85,5,1,abstract,[],lexical_candidate_only,data/raw/discovery_pilot/51e0cf1555b67a873f11ddeef370092171da9a96fac3114dffbf752e60ea5861.json,3a45de7af8b858690bd4afe055a244a80441c18e380efa9a6fddc7206083f6e2
42013185,12,Ca2+,Chemical,-,,"[{""offset"": 160, ""length"": 4}]","{""identifier"": ""-"", ""type"": ""Chemical"", ""valid"": false, ""normalized_id"": null, ""biotype"": ""chemical""}",160,4,1,abstract,"[""CHEBI:29108""]",lexical_candidate_only,data/raw/discovery_pilot/51e0cf1555b67a873f11ddeef370092171da9a96fac3114dffbf752e60ea5861.json,3a45de7af8b858690bd4afe055a244a80441c18e380efa9a6fddc7206083f6e2
42013185,13,resorption,Disease,MESH:D014091,Tooth Resorption,"[{""offset"": 202, ""length"": 10}]","{""identifier"": ""MESH:D014091"", ""type"": ""Disease"", ""valid"": true, ""normalized"": [""D014091""], ""database"": ""ncbi_mesh"", ""normalized_id"": ""D014091"", ""biotype"": ""disease"", ""name"": ""Tooth Resorption"", ""accession"": ""@DISEASE_Tooth_Resorption""}",202,10,1,abstract,[],lexical_candidate_only,data/raw/discovery_pilot/51e0cf1555b67a873f11ddeef370092171da9a96fac3114dffbf752e60ea5861.json,3a45de7af8b858690bd4afe055a244a80441c18e380efa9a6fddc7206083f6e2
42013185,14,Ca2+,Chemical,-,,"[{""offset"": 330, ""length"": 4}]","{""identifier"": ""-"", ""type"": ""Chemical"", ""valid"": false, ""normalized_id"": null, ""biotype"": ""chemical""}",330,4,1,abstract,"[""CHEBI:29108""]",lexical_candidate_only,data/raw/discovery_pilot/51e0cf1555b67a873f11ddeef370092171da9a96fac3114dffbf752e60ea5861.json,3a45de7af8b858690bd4afe055a244a80441c18e380efa9a6fddc7206083f6e2
42013185,15,Tmem178,Gene,130733,TMEM178A,"[{""offset"": 371, ""length"": 7}]","{""identifier"": ""130733"", ""type"": ""Gene"", ""ncbi_homologene"": ""12226"", ""valid"": true, ""normalized"": [130733], ""database"": ""ncbi_gene"", ""normalized_id"": 130733, ""biotype"": ""gene"", ""name"": ""TMEM178A"", ""accession"": ""@GENE_TMEM178A""}",371,7,1,abstract,[],lexical_candidate_only,data/raw/discovery_pilot/51e0cf1555b67a873f11ddeef370092171da9a96fac3114dffbf752e60ea5861.json,3a45de7af8b858690bd4afe055a244a80441c18e380efa9a6fddc7206083f6e2
42013185,16,resorption,Disease,MESH:D014091,Tooth Resorption,"[{""offset"": 419, ""length"": 10}]","{""identifier"": ""MESH:D014091"", ""type"": ""Disease"", ""valid"": true, ""normalized"": [""D014091""], ""database"": ""ncbi_mesh"", ""normalized_id"": ""D014091"", ""biotype"": ""disease"", ""name"": ""Tooth Resorption"", ""accession"": ""@DISEASE_Tooth_Resorption""}",419,10,1,abstract,[],lexical_candidate_only,data/raw/discovery_pilot/51e0cf1555b67a873f11ddeef370092171da9a96fac3114dffbf752e60ea5861.json,3a45de7af8b858690bd4afe055a244a80441c18e380efa9a6fddc7206083f6e2
42013185,17,inflammatory,Disease,MESH:D007249,Inflammation,"[{""offset"": 440, ""length"": 12}]","{""identifier"": ""MESH:D007249"", ""type"": ""Disease"", ""valid"": true, ""normalized"": [""D007249""], ""database"": ""ncbi_mesh"", ""normalized_id"": ""D007249"", ""biotype"": ""disease"", ""name"": ""Inflammation"", ""accession"": ""@DISEASE_Inflammation""}",440,12,1,abstract,[],lexical_candidate_only,data/raw/discovery_pilot/51e0cf1555b67a873f11ddeef370092171da9a96fac3114dffbf752e60ea5861.json,3a45de7af8b858690bd4afe055a244a80441c18e380efa9a6fddc7206083f6e2
42557310,4,itaconate,Chemical,MESH:C005229,itaconic acid,"[{""offset"": 47, ""length"": 9}]","{""identifier"": ""MESH:C005229"", ""type"": ""Chemical"", ""valid"": true, ""normalized"": [""C005229""], ""database"": ""ncbi_mesh"", ""normalized_id"": ""C005229"", ""biotype"": ""chemical"", ""name"": ""itaconic acid"", ""accession"": ""@CHEMICAL_itaconic_acid""}",47,9,0,title,"[""CHEBI:30805""]",lexical_candidate_only,data/raw/discovery_pilot/51e0cf1555b67a873f11ddeef370092171da9a96fac3114dffbf752e60ea5861.json,3a45de7af8b858690bd4afe055a244a80441c18e380efa9a6fddc7206083f6e2
42557310,5,bone metastasis,Disease,MESH:D009362,Neoplasm Metastasis,"[{""offset"": 66, ""length"": 15}]","{""identifier"": ""MESH:D009362"", ""type"": ""Disease"", ""valid"": true, ""normalized"": [""D009362""], ""database"": ""ncbi_mesh"", ""normalized_id"": ""D009362"", ""biotype"": ""disease"", ""name"": ""Neoplasm Metastasis"", ""accession"": ""@DISEASE_Neoplasm_Metastasis""}",66,15,0,title,[],lexical_candidate_only,data/raw/discovery_pilot/51e0cf1555b67a873f11ddeef370092171da9a96fac3114dffbf752e60ea5861.json,3a45de7af8b858690bd4afe055a244a80441c18e380efa9a6fddc7206083f6e2
42557310,6,lung cancer,Disease,MESH:D008175,Lung Neoplasms,"[{""offset"": 85, ""length"": 11}]","{""identifier"": ""MESH:D008175"", ""type"": ""Disease"", ""valid"": true, ""normalized"": [""D008175""], ""database"": ""ncbi_mesh"", ""normalized_id"": ""D008175"", ""biotype"": ""disease"", ""name"": ""Lung Neoplasms"", ""accession"": ""@DISEASE_Lung_Neoplasms""}",85,11,0,title,[],lexical_candidate_only,data/raw/discovery_pilot/51e0cf1555b67a873f11ddeef370092171da9a96fac3114dffbf752e60ea5861.json,3a45de7af8b858690bd4afe055a244a80441c18e380efa9a6fddc7206083f6e2
42557310,7,HSPA8,Gene,3312,HSPA8,"[{""offset"": 118, ""length"": 5}]","{""identifier"": ""3312"", ""type"": ""Gene"", ""ncbi_homologene"": ""68524"", ""valid"": true, ""normalized"": [3312], ""database"": ""ncbi_gene"", ""normalized_id"": 3312, ""biotype"": ""gene"", ""name"": ""HSPA8"", ""accession"": ""@GENE_HSPA8""}",118,5,0,title,[],lexical_candidate_only,data/raw/discovery_pilot/51e0cf1555b67a873f11ddeef370092171da9a96fac3114dffbf752e60ea5861.json,3a45de7af8b858690bd4afe055a244a80441c18e380efa9a6fddc7206083f6e2
42557310,49,Lung cancer,Disease,MESH:D008175,Lung Neoplasms,"[{""offset"": 125, ""length"": 11}]","{""identifier"": ""MESH:D008175"", ""type"": ""Disease"", ""valid"": true, ""normalized"": [""D008175""], ""database"": ""ncbi_mesh"", ""normalized_id"": ""D008175"", ""biotype"": ""disease"", ""name"": ""Lung Neoplasms"", ""accession"": ""@DISEASE_Lung_Neoplasms""}",125,11,1,abstract,[],lexical_candidate_only,data/raw/discovery_pilot/51e0cf1555b67a873f11ddeef370092171da9a96fac3114dffbf752e60ea5861.json,3a45de7af8b858690bd4afe055a244a80441c18e380efa9a6fddc7206083f6e2
42557310,50,bone metastasis,Disease,MESH:D009362,Neoplasm Metastasis,"[{""offset"": 137, ""length"": 15}]","{""identifier"": ""MESH:D009362"", ""type"": ""Disease"", ""valid"": true, ""normalized"": [""D009362""], ""database"": ""ncbi_mesh"", ""normalized_id"": ""D009362"", ""biotype"": ""disease"", ""name"": ""Neoplasm Metastasis"", ""accession"": ""@DISEASE_Neoplasm_Metastasis""}",137,15,1,abstract,[],lexical_candidate_only,data/raw/discovery_pilot/51e0cf1555b67a873f11ddeef370092171da9a96fac3114dffbf752e60ea5861.json,3a45de7af8b858690bd4afe055a244a80441c18e380efa9a6fddc7206083f6e2
42557310,51,tumour,Disease,MESH:D009369,Neoplasms,"[{""offset"": 218, ""length"": 6}]","{""identifier"": ""MESH:D009369"", ""type"": ""Disease"", ""valid"": true, ""normalized"": [""D009369""], ""database"": ""ncbi_mesh"", ""normalized_id"": ""D009369"", ""biotype"": ""disease"", ""name"": ""Neoplasms"", ""accession"": ""@DISEASE_Neoplasms""}",218,6,1,abstract,[],lexical_candidate_only,data/raw/discovery_pilot/51e0cf1555b67a873f11ddeef370092171da9a96fac3114dffbf752e60ea5861.json,3a45de7af8b858690bd4afe055a244a80441c18e380efa9a6fddc7206083f6e2
42557310,52,itaconate,Chemical,MESH:C005229,itaconic acid,"[{""offset"": 304, ""length"": 9}]","{""identifier"": ""MESH:C005229"", ""type"": ""Chemical"", ""valid"": true, ""normalized"": [""C005229""], ""database"": ""ncbi_mesh"", ""normalized_id"": ""C005229"", ""biotype"": ""chemical"", ""name"": ""itaconic acid"", ""accession"": ""@CHEMICAL_itaconic_acid""}",304,9,1,abstract,"[""CHEBI:30805""]",lexical_candidate_only,data/raw/discovery_pilot/51e0cf1555b67a873f11ddeef370092171da9a96fac3114dffbf752e60ea5861.json,3a45de7af8b858690bd4afe055a244a80441c18e380efa9a6fddc7206083f6e2
42557310,53,bone metastasis,Disease,MESH:D009362,Neoplasm Metastasis,"[{""offset"": 428, ""length"": 15}]","{""identifier"": ""MESH:D009362"", ""type"": ""Disease"", ""valid"": true, ""normalized"": [""D009362""], ""database"": ""ncbi_mesh"", ""normalized_id"": ""D009362"", ""biotype"": ""disease"", ""name"": ""Neoplasm Metastasis"", ""accession"": ""@DISEASE_Neoplasm_Metastasis""}",428,15,1,abstract,[],lexical_candidate_only,data/raw/discovery_pilot/51e0cf1555b67a873f11ddeef370092171da9a96fac3114dffbf752e60ea5861.json,3a45de7af8b858690bd4afe055a244a80441c18e380efa9a6fddc7206083f6e2
42557310,54,lung cancer,Disease,MESH:D008175,Lung Neoplasms,"[{""offset"": 546, ""length"": 11}]","{""identifier"": ""MESH:D008175"", ""type"": ""Disease"", ""valid"": true, ""normalized"": [""D008175""], ""database"": ""ncbi_mesh"", ""normalized_id"": ""D008175"", ""biotype"": ""disease"", ""name"": ""Lung Neoplasms"", ""accession"": ""@DISEASE_Lung_Neoplasms""}",546,11,1,abstract,[],lexical_candidate_only,data/raw/discovery_pilot/51e0cf1555b67a873f11ddeef370092171da9a96fac3114dffbf752e60ea5861.json,3a45de7af8b858690bd4afe055a244a80441c18e380efa9a6fddc7206083f6e2
42557310,55,bone metastasis,Disease,MESH:D009362,Neoplasm Metastasis,"[{""offset"": 558, ""length"": 15}]","{""identifier"": ""MESH:D009362"", ""type"": ""Disease"", ""valid"": true, ""normalized"": [""D009362""], ""database"": ""ncbi_mesh"", ""normalized_id"": ""D009362"", ""biotype"": ""disease"", ""name"": ""Neoplasm Metastasis"", ""accession"": ""@DISEASE_Neoplasm_Metastasis""}",558,15,1,abstract,[],lexical_candidate_only,data/raw/discovery_pilot/51e0cf1555b67a873f11ddeef370092171da9a96fac3114dffbf752e60ea5861.json,3a45de7af8b858690bd4afe055a244a80441c18e380efa9a6fddc7206083f6e2
42557310,56,itaconate,Chemical,MESH:C005229,itaconic acid,"[{""offset"": 616, ""length"": 9}]","{""identifier"": ""MESH:C005229"", ""type"": ""Chemical"", ""valid"": true, ""normalized"": [""C005229""], ""database"": ""ncbi_mesh"", ""normalized_id"": ""C005229"", ""biotype"": ""chemical"", ""name"": ""itaconic acid"", ""accession"": ""@CHEMICAL_itaconic_acid""}",616,9,1,abstract,"[""CHEBI:30805""]",lexical_candidate_only,data/raw/discovery_pilot/51e0cf1555b67a873f11ddeef370092171da9a96fac3114dffbf752e60ea5861.json,3a45de7af8b858690bd4afe055a244a80441c18e380efa9a6fddc7206083f6e2
42557310,57,tumour,Disease,MESH:D009369,Neoplasms,"[{""offset"": 677, ""length"": 6}]","{""identifier"": ""MESH:D009369"", ""type"": ""Disease"", ""valid"": true, ""normalized"": [""D009369""], ""database"": ""ncbi_mesh"", ""normalized_id"": ""D009369"", ""biotype"": ""disease"", ""name"": ""Neoplasms"", ""accession"": ""@DISEASE_Neoplasms""}",677,6,1,abstract,[],lexical_candidate_only,data/raw/discovery_pilot/51e0cf1555b67a873f11ddeef370092171da9a96fac3114dffbf752e60ea5861.json,3a45de7af8b858690bd4afe055a244a80441c18e380efa9a6fddc7206083f6e2
42557310,58,immune-responsive gene 1,Gene,,,"[{""offset"": 745, ""length"": 24}]","{""type"": ""Gene"", ""valid"": false, ""normalized_id"": null, ""biotype"": ""gene""}",745,24,1,abstract,[],lexical_candidate_only,data/raw/discovery_pilot/51e0cf1555b67a873f11ddeef370092171da9a96fac3114dffbf752e60ea5861.json,3a45de7af8b858690bd4afe055a244a80441c18e380efa9a6fddc7206083f6e2
42557310,59,IRG1,Gene,730249,ACOD1,"[{""offset"": 771, ""length"": 4}]","{""identifier"": ""730249"", ""type"": ""Gene"", ""ncbi_homologene"": ""35405"", ""valid"": true, ""normalized"": [730249], ""database"": ""ncbi_gene"", ""normalized_id"": 730249, ""biotype"": ""gene"", ""name"": ""ACOD1"", ""accession"": ""@GENE_ACOD1""}",771,4,1,abstract,"[""LOCAL:protein:mouse:ACOD1""]",lexical_candidate_only,data/raw/discovery_pilot/51e0cf1555b67a873f11ddeef370092171da9a96fac3114dffbf752e60ea5861.json,3a45de7af8b858690bd4afe055a244a80441c18e380efa9a6fddc7206083f6e2
42557310,60,lung cancer,Disease,MESH:D008175,Lung Neoplasms,"[{""offset"": 821, ""length"": 11}]","{""identifier"": ""MESH:D008175"", ""type"": ""Disease"", ""valid"": true, ""normalized"": [""D008175""], ""database"": ""ncbi_mesh"", ""normalized_id"": ""D008175"", ""biotype"": ""disease"", ""name"": ""Lung Neoplasms"", ""accession"": ""@DISEASE_Lung_Neoplasms""}",821,11,1,abstract,[],lexical_candidate_only,data/raw/discovery_pilot/51e0cf1555b67a873f11ddeef370092171da9a96fac3114dffbf752e60ea5861.json,3a45de7af8b858690bd4afe055a244a80441c18e380efa9a6fddc7206083f6e2
42557310,61,bone metastasis,Disease,MESH:D009362,Neoplasm Metastasis,"[{""offset"": 833, ""length"": 15}]","{""identifier"": ""MESH:D009362"", ""type"": ""Disease"", ""valid"": true, ""normalized"": [""D009362""], ""database"": ""ncbi_mesh"", ""normalized_id"": ""D009362"", ""biotype"": ""disease"", ""name"": ""Neoplasm Metastasis"", ""accession"": ""@DISEASE_Neoplasm_Metastasis""}",833,15,1,abstract,[],lexical_candidate_only,data/raw/discovery_pilot/51e0cf1555b67a873f11ddeef370092171da9a96fac3114dffbf752e60ea5861.json,3a45de7af8b858690bd4afe055a244a80441c18e380efa9a6fddc7206083f6e2
42557310,62,cancer,Disease,MESH:D009369,Neoplasms,"[{""offset"": 903, ""length"": 6}]","{""identifier"": ""MESH:D009369"", ""type"": ""Disease"", ""valid"": true, ""normalized"": [""D009369""], ""database"": ""ncbi_mesh"", ""normalized_id"": ""D009369"", ""biotype"": ""disease"", ""name"": ""Neoplasms"", ""accession"": ""@DISEASE_Neoplasms""}",903,6,1,abstract,[],lexical_candidate_only,data/raw/discovery_pilot/51e0cf1555b67a873f11ddeef370092171da9a96fac3114dffbf752e60ea5861.json,3a45de7af8b858690bd4afe055a244a80441c18e380efa9a6fddc7206083f6e2
42557310,63,itaconate,Chemical,MESH:C005229,itaconic acid,"[{""offset"": 966, ""length"": 9}]","{""identifier"": ""MESH:C005229"", ""type"": ""Chemical"", ""valid"": true, ""normalized"": [""C005229""], ""database"": ""ncbi_mesh"", ""normalized_id"": ""C005229"", ""biotype"": ""chemical"", ""name"": ""itaconic acid"", ""accession"": ""@CHEMICAL_itaconic_acid""}",966,9,1,abstract,"[""CHEBI:30805""]",lexical_candidate_only,data/raw/discovery_pilot/51e0cf1555b67a873f11ddeef370092171da9a96fac3114dffbf752e60ea5861.json,3a45de7af8b858690bd4afe055a244a80441c18e380efa9a6fddc7206083f6e2
42557310,64,tumour,Disease,MESH:D009369,Neoplasms,"[{""offset"": 1004, ""length"": 6}]","{""identifier"": ""MESH:D009369"", ""type"": ""Disease"", ""valid"": true, ""normalized"": [""D009369""], ""database"": ""ncbi_mesh"", ""normalized_id"": ""D009369"", ""biotype"": ""disease"", ""name"": ""Neoplasms"", ""accession"": ""@DISEASE_Neoplasms""}",1004,6,1,abstract,[],lexical_candidate_only,data/raw/discovery_pilot/51e0cf1555b67a873f11ddeef370092171da9a96fac3114dffbf752e60ea5861.json,3a45de7af8b858690bd4afe055a244a80441c18e380efa9a6fddc7206083f6e2
42557310,65,heat shock protein family A member 8,Gene,,,"[{""offset"": 1084, ""length"": 36}]","{""type"": ""Gene"", ""valid"": false, ""normalized_id"": null, ""biotype"": ""gene""}",1084,36,1,abstract,[],lexical_candidate_only,data/raw/discovery_pilot/51e0cf1555b67a873f11ddeef370092171da9a96fac3114dffbf752e60ea5861.json,3a45de7af8b858690bd4afe055a244a80441c18e380efa9a6fddc7206083f6e2
42557310,66,HSPA8,Gene,3312,HSPA8,"[{""offset"": 1122, ""length"": 5}]","{""identifier"": ""3312"", ""type"": ""Gene"", ""ncbi_homologene"": ""68524"", ""valid"": true, ""normalized"": [3312], ""database"": ""ncbi_gene"", ""normalized_id"": 3312, ""biotype"": ""gene"", ""name"": ""HSPA8"", ""accession"": ""@GENE_HSPA8""}",1122,5,1,abstract,[],lexical_candidate_only,data/raw/discovery_pilot/51e0cf1555b67a873f11ddeef370092171da9a96fac3114dffbf752e60ea5861.json,3a45de7af8b858690bd4afe055a244a80441c18e380efa9a6fddc7206083f6e2
42557310,67,itaconate,Chemical,MESH:C005229,itaconic acid,"[{""offset"": 1161, ""length"": 9}]","{""identifier"": ""MESH:C005229"", ""type"": ""Chemical"", ""valid"": true, ""normalized"": [""C005229""], ""database"": ""ncbi_mesh"", ""normalized_id"": ""C005229"", ""biotype"": ""chemical"", ""name"": ""itaconic acid"", ""accession"": ""@CHEMICAL_itaconic_acid""}",1161,9,1,abstract,"[""CHEBI:30805""]",lexical_candidate_only,data/raw/discovery_pilot/51e0cf1555b67a873f11ddeef370092171da9a96fac3114dffbf752e60ea5861.json,3a45de7af8b858690bd4afe055a244a80441c18e380efa9a6fddc7206083f6e2
42557310,68,itaconate,Chemical,MESH:C005229,itaconic acid,"[{""offset"": 1189, ""length"": 9}]","{""identifier"": ""MESH:C005229"", ""type"": ""Chemical"", ""valid"": true, ""normalized"": [""C005229""], ""database"": ""ncbi_mesh"", ""normalized_id"": ""C005229"", ""biotype"": ""chemical"", ""name"": ""itaconic acid"", ""accession"": ""@CHEMICAL_itaconic_acid""}",1189,9,1,abstract,"[""CHEBI:30805""]",lexical_candidate_only,data/raw/discovery_pilot/51e0cf1555b67a873f11ddeef370092171da9a96fac3114dffbf752e60ea5861.json,3a45de7af8b858690bd4afe055a244a80441c18e380efa9a6fddc7206083f6e2
42557310,69,HSPA8,Gene,3312,HSPA8,"[{""offset"": 1208, ""length"": 5}]","{""identifier"": ""3312"", ""type"": ""Gene"", ""ncbi_homologene"": ""68524"", ""valid"": true, ""normalized"": [3312], ""database"": ""ncbi_gene"", ""normalized_id"": 3312, ""biotype"": ""gene"", ""name"": ""HSPA8"", ""accession"": ""@GENE_HSPA8""}",1208,5,1,abstract,[],lexical_candidate_only,data/raw/discovery_pilot/51e0cf1555b67a873f11ddeef370092171da9a96fac3114dffbf752e60ea5861.json,3a45de7af8b858690bd4afe055a244a80441c18e380efa9a6fddc7206083f6e2
42557310,70,activated transcription factor 4,Gene,,,"[{""offset"": 1287, ""length"": 32}]","{""type"": ""Gene"", ""valid"": false, ""normalized_id"": null, ""biotype"": ""gene""}",1287,32,1,abstract,[],lexical_candidate_only,data/raw/discovery_pilot/51e0cf1555b67a873f11ddeef370092171da9a96fac3114dffbf752e60ea5861.json,3a45de7af8b858690bd4afe055a244a80441c18e380efa9a6fddc7206083f6e2
42557310,71,ATF4,Gene,468,ATF4,"[{""offset"": 1321, ""length"": 4}]","{""identifier"": ""468"", ""type"": ""Gene"", ""ncbi_homologene"": ""1266"", ""valid"": true, ""normalized"": [468], ""database"": ""ncbi_gene"", ""normalized_id"": 468, ""biotype"": ""gene"", ""name"": ""ATF4"", ""accession"": ""@GENE_ATF4""}",1321,4,1,abstract,[],lexical_candidate_only,data/raw/discovery_pilot/51e0cf1555b67a873f11ddeef370092171da9a96fac3114dffbf752e60ea5861.json,3a45de7af8b858690bd4afe055a244a80441c18e380efa9a6fddc7206083f6e2
42557310,72,ATF4,Gene,468,ATF4,"[{""offset"": 1367, ""length"": 4}]","{""identifier"": ""468"", ""type"": ""Gene"", ""ncbi_homologene"": ""1266"", ""valid"": true, ""normalized"": [468], ""database"": ""ncbi_gene"", ""normalized_id"": 468, ""biotype"": ""gene"", ""name"": ""ATF4"", ""accession"": ""@GENE_ATF4""}",1367,4,1,abstract,[],lexical_candidate_only,data/raw/discovery_pilot/51e0cf1555b67a873f11ddeef370092171da9a96fac3114dffbf752e60ea5861.json,3a45de7af8b858690bd4afe055a244a80441c18e380efa9a6fddc7206083f6e2
42557310,73,phosphoserine aminotransferase 1,Gene,29968,PSAT1,"[{""offset"": 1439, ""length"": 32}]","{""identifier"": ""29968"", ""type"": ""Gene"", ""ncbi_homologene"": ""6973"", ""valid"": true, ""normalized"": [29968], ""database"": ""ncbi_gene"", ""normalized_id"": 29968, ""biotype"": ""gene"", ""name"": ""PSAT1"", ""accession"": ""@GENE_PSAT1""}",1439,32,1,abstract,"[""LOCAL:protein:mouse:PSAT1""]",lexical_candidate_only,data/raw/discovery_pilot/51e0cf1555b67a873f11ddeef370092171da9a96fac3114dffbf752e60ea5861.json,3a45de7af8b858690bd4afe055a244a80441c18e380efa9a6fddc7206083f6e2
42557310,74,PSAT1,Gene,29968,PSAT1,"[{""offset"": 1473, ""length"": 5}]","{""identifier"": ""29968"", ""type"": ""Gene"", ""ncbi_homologene"": ""6973"", ""valid"": true, ""normalized"": [29968], ""database"": ""ncbi_gene"", ""normalized_id"": 29968, ""biotype"": ""gene"", ""name"": ""PSAT1"", ""accession"": ""@GENE_PSAT1""}",1473,5,1,abstract,"[""LOCAL:protein:mouse:PSAT1""]",lexical_candidate_only,data/raw/discovery_pilot/51e0cf1555b67a873f11ddeef370092171da9a96fac3114dffbf752e60ea5861.json,3a45de7af8b858690bd4afe055a244a80441c18e380efa9a6fddc7206083f6e2
42557310,75,PSAT1,Gene,29968,PSAT1,"[{""offset"": 1598, ""length"": 5}]","{""identifier"": ""29968"", ""type"": ""Gene"", ""ncbi_homologene"": ""6973"", ""valid"": true, ""normalized"": [29968], ""database"": ""ncbi_gene"", ""normalized_id"": 29968, ""biotype"": ""gene"", ""name"": ""PSAT1"", ""accession"": ""@GENE_PSAT1""}",1598,5,1,abstract,"[""LOCAL:protein:mouse:PSAT1""]",lexical_candidate_only,data/raw/discovery_pilot/51e0cf1555b67a873f11ddeef370092171da9a96fac3114dffbf752e60ea5861.json,3a45de7af8b858690bd4afe055a244a80441c18e380efa9a6fddc7206083f6e2
42557310,76,itaconate,Chemical,MESH:C005229,itaconic acid,"[{""offset"": 1647, ""length"": 9}]","{""identifier"": ""MESH:C005229"", ""type"": ""Chemical"", ""valid"": true, ""normalized"": [""C005229""], ""database"": ""ncbi_mesh"", ""normalized_id"": ""C005229"", ""biotype"": ""chemical"", ""name"": ""itaconic acid"", ""accession"": ""@CHEMICAL_itaconic_acid""}",1647,9,1,abstract,"[""CHEBI:30805""]",lexical_candidate_only,data/raw/discovery_pilot/51e0cf1555b67a873f11ddeef370092171da9a96fac3114dffbf752e60ea5861.json,3a45de7af8b858690bd4afe055a244a80441c18e380efa9a6fddc7206083f6e2
42557310,77,tumour,Disease,MESH:D009369,Neoplasms,"[{""offset"": 1690, ""length"": 6}]","{""identifier"": ""MESH:D009369"", ""type"": ""Disease"", ""valid"": true, ""normalized"": [""D009369""], ""database"": ""ncbi_mesh"", ""normalized_id"": ""D009369"", ""biotype"": ""disease"", ""name"": ""Neoplasms"", ""accession"": ""@DISEASE_Neoplasms""}",1690,6,1,abstract,[],lexical_candidate_only,data/raw/discovery_pilot/51e0cf1555b67a873f11ddeef370092171da9a96fac3114dffbf752e60ea5861.json,3a45de7af8b858690bd4afe055a244a80441c18e380efa9a6fddc7206083f6e2
42557310,78,lung cancer,Disease,MESH:D008175,Lung Neoplasms,"[{""offset"": 1800, ""length"": 11}]","{""identifier"": ""MESH:D008175"", ""type"": ""Disease"", ""valid"": true, ""normalized"": [""D008175""], ""database"": ""ncbi_mesh"", ""normalized_id"": ""D008175"", ""biotype"": ""disease"", ""name"": ""Lung Neoplasms"", ""accession"": ""@DISEASE_Lung_Neoplasms""}",1800,11,1,abstract,[],lexical_candidate_only,data/raw/discovery_pilot/51e0cf1555b67a873f11ddeef370092171da9a96fac3114dffbf752e60ea5861.json,3a45de7af8b858690bd4afe055a244a80441c18e380efa9a6fddc7206083f6e2
42557310,79,bone metastases,Disease,MESH:D009362,Neoplasm Metastasis,"[{""offset"": 1812, ""length"": 15}]","{""identifier"": ""MESH:D009362"", ""type"": ""Disease"", ""valid"": true, ""normalized"": [""D009362""], ""database"": ""ncbi_mesh"", ""normalized_id"": ""D009362"", ""biotype"": ""disease"", ""name"": ""Neoplasm Metastasis"", ""accession"": ""@DISEASE_Neoplasm_Metastasis""}",1812,15,1,abstract,[],lexical_candidate_only,data/raw/discovery_pilot/51e0cf1555b67a873f11ddeef370092171da9a96fac3114dffbf752e60ea5861.json,3a45de7af8b858690bd4afe055a244a80441c18e380efa9a6fddc7206083f6e2
42557310,80,itaconate,Chemical,MESH:C005229,itaconic acid,"[{""offset"": 1876, ""length"": 9}]","{""identifier"": ""MESH:C005229"", ""type"": ""Chemical"", ""valid"": true, ""normalized"": [""C005229""], ""database"": ""ncbi_mesh"", ""normalized_id"": ""C005229"", ""biotype"": ""chemical"", ""name"": ""itaconic acid"", ""accession"": ""@CHEMICAL_itaconic_acid""}",1876,9,1,abstract,"[""CHEBI:30805""]",lexical_candidate_only,data/raw/discovery_pilot/51e0cf1555b67a873f11ddeef370092171da9a96fac3114dffbf752e60ea5861.json,3a45de7af8b858690bd4afe055a244a80441c18e380efa9a6fddc7206083f6e2
42557310,81,ATF4,Gene,468,ATF4,"[{""offset"": 1926, ""length"": 4}]","{""identifier"": ""468"", ""type"": ""Gene"", ""ncbi_homologene"": ""1266"", ""valid"": true, ""normalized"": [468], ""database"": ""ncbi_gene"", ""normalized_id"": 468, ""biotype"": ""gene"", ""name"": ""ATF4"", ""accession"": ""@GENE_ATF4""}",1926,4,1,abstract,[],lexical_candidate_only,data/raw/discovery_pilot/51e0cf1555b67a873f11ddeef370092171da9a96fac3114dffbf752e60ea5861.json,3a45de7af8b858690bd4afe055a244a80441c18e380efa9a6fddc7206083f6e2
42557310,82,HSPA8,Gene,3312,HSPA8,"[{""offset"": 1935, ""length"": 5}]","{""identifier"": ""3312"", ""type"": ""Gene"", ""ncbi_homologene"": ""68524"", ""valid"": true, ""normalized"": [3312], ""database"": ""ncbi_gene"", ""normalized_id"": 3312, ""biotype"": ""gene"", ""name"": ""HSPA8"", ""accession"": ""@GENE_HSPA8""}",1935,5,1,abstract,[],lexical_candidate_only,data/raw/discovery_pilot/51e0cf1555b67a873f11ddeef370092171da9a96fac3114dffbf752e60ea5861.json,3a45de7af8b858690bd4afe055a244a80441c18e380efa9a6fddc7206083f6e2
42557310,83,PSAT1,Gene,29968,PSAT1,"[{""offset"": 2003, ""length"": 5}]","{""identifier"": ""29968"", ""type"": ""Gene"", ""ncbi_homologene"": ""6973"", ""valid"": true, ""normalized"": [29968], ""database"": ""ncbi_gene"", ""normalized_id"": 29968, ""biotype"": ""gene"", ""name"": ""PSAT1"", ""accession"": ""@GENE_PSAT1""}",2003,5,1,abstract,"[""LOCAL:protein:mouse:PSAT1""]",lexical_candidate_only,data/raw/discovery_pilot/51e0cf1555b67a873f11ddeef370092171da9a96fac3114dffbf752e60ea5861.json,3a45de7af8b858690bd4afe055a244a80441c18e380efa9a6fddc7206083f6e2
42557310,84,tumorigenic,Disease,MESH:D002471,Cell Transformation Neoplastic,"[{""offset"": 2070, ""length"": 11}]","{""identifier"": ""MESH:D002471"", ""type"": ""Disease"", ""valid"": true, ""normalized"": [""D002471""], ""database"": ""ncbi_mesh"", ""normalized_id"": ""D002471"", ""biotype"": ""disease"", ""name"": ""Cell Transformation Neoplastic"", ""accession"": ""@DISEASE_Cell_Transformation_Neoplastic""}",2070,11,1,abstract,[],lexical_candidate_only,data/raw/discovery_pilot/51e0cf1555b67a873f11ddeef370092171da9a96fac3114dffbf752e60ea5861.json,3a45de7af8b858690bd4afe055a244a80441c18e380efa9a6fddc7206083f6e2
42557310,85,bone metastasis,Disease,MESH:D009362,Neoplasm Metastasis,"[{""offset"": 2103, ""length"": 15}]","{""identifier"": ""MESH:D009362"", ""type"": ""Disease"", ""valid"": true, ""normalized"": [""D009362""], ""database"": ""ncbi_mesh"", ""normalized_id"": ""D009362"", ""biotype"": ""disease"", ""name"": ""Neoplasm Metastasis"", ""accession"": ""@DISEASE_Neoplasm_Metastasis""}",2103,15,1,abstract,[],lexical_candidate_only,data/raw/discovery_pilot/51e0cf1555b67a873f11ddeef370092171da9a96fac3114dffbf752e60ea5861.json,3a45de7af8b858690bd4afe055a244a80441c18e380efa9a6fddc7206083f6e2
42557310,86,HSPA8,Gene,3312,HSPA8,"[{""offset"": 2133, ""length"": 5}]","{""identifier"": ""3312"", ""type"": ""Gene"", ""ncbi_homologene"": ""68524"", ""valid"": true, ""normalized"": [3312], ""database"": ""ncbi_gene"", ""normalized_id"": 3312, ""biotype"": ""gene"", ""name"": ""HSPA8"", ""accession"": ""@GENE_HSPA8""}",2133,5,1,abstract,[],lexical_candidate_only,data/raw/discovery_pilot/51e0cf1555b67a873f11ddeef370092171da9a96fac3114dffbf752e60ea5861.json,3a45de7af8b858690bd4afe055a244a80441c18e380efa9a6fddc7206083f6e2
42557310,87,ATF4,Gene,468,ATF4,"[{""offset"": 2139, ""length"": 4}]","{""identifier"": ""468"", ""type"": ""Gene"", ""ncbi_homologene"": ""1266"", ""valid"": true, ""normalized"": [468], ""database"": ""ncbi_gene"", ""normalized_id"": 468, ""biotype"": ""gene"", ""name"": ""ATF4"", ""accession"": ""@GENE_ATF4""}",2139,4,1,abstract,[],lexical_candidate_only,data/raw/discovery_pilot/51e0cf1555b67a873f11ddeef370092171da9a96fac3114dffbf752e60ea5861.json,3a45de7af8b858690bd4afe055a244a80441c18e380efa9a6fddc7206083f6e2
42557310,88,PSAT1,Gene,29968,PSAT1,"[{""offset"": 2144, ""length"": 5}]","{""identifier"": ""29968"", ""type"": ""Gene"", ""ncbi_homologene"": ""6973"", ""valid"": true, ""normalized"": [29968], ""database"": ""ncbi_gene"", ""normalized_id"": 29968, ""biotype"": ""gene"", ""name"": ""PSAT1"", ""accession"": ""@GENE_PSAT1""}",2144,5,1,abstract,"[""LOCAL:protein:mouse:PSAT1""]",lexical_candidate_only,data/raw/discovery_pilot/51e0cf1555b67a873f11ddeef370092171da9a96fac3114dffbf752e60ea5861.json,3a45de7af8b858690bd4afe055a244a80441c18e380efa9a6fddc7206083f6e2
42557310,89,bone metastasis,Disease,MESH:D009362,Neoplasm Metastasis,"[{""offset"": 2323, ""length"": 15}]","{""identifier"": ""MESH:D009362"", ""type"": ""Disease"", ""valid"": true, ""normalized"": [""D009362""], ""database"": ""ncbi_mesh"", ""normalized_id"": ""D009362"", ""biotype"": ""disease"", ""name"": ""Neoplasm Metastasis"", ""accession"": ""@DISEASE_Neoplasm_Metastasis""}",2323,15,1,abstract,[],lexical_candidate_only,data/raw/discovery_pilot/51e0cf1555b67a873f11ddeef370092171da9a96fac3114dffbf752e60ea5861.json,3a45de7af8b858690bd4afe055a244a80441c18e380efa9a6fddc7206083f6e2
42596713,3,Cobinamide,Chemical,MESH:C017142,cobinamide,"[{""offset"": 0, ""length"": 10}]","{""identifier"": ""MESH:C017142"", ""type"": ""Chemical"", ""valid"": true, ""normalized"": [""C017142""], ""database"": ""ncbi_mesh"", ""normalized_id"": ""C017142"", ""biotype"": ""chemical"", ""name"": ""cobinamide"", ""accession"": ""@CHEMICAL_cobinamide""}",0,10,0,title,[],lexical_candidate_only,data/raw/discovery_pilot/51e0cf1555b67a873f11ddeef370092171da9a96fac3114dffbf752e60ea5861.json,3a45de7af8b858690bd4afe055a244a80441c18e380efa9a6fddc7206083f6e2
42596713,4,bone resorption,Disease,MESH:D001862,Bone Resorption,"[{""offset"": 52, ""length"": 15}]","{""identifier"": ""MESH:D001862"", ""type"": ""Disease"", ""valid"": true, ""normalized"": [""D001862""], ""database"": ""ncbi_mesh"", ""normalized_id"": ""D001862"", ""biotype"": ""disease"", ""name"": ""Bone Resorption"", ""accession"": ""@DISEASE_Bone_Resorption""}",52,15,0,title,[],lexical_candidate_only,data/raw/discovery_pilot/51e0cf1555b67a873f11ddeef370092171da9a96fac3114dffbf752e60ea5861.json,3a45de7af8b858690bd4afe055a244a80441c18e380efa9a6fddc7206083f6e2
42596713,5,periodontitis,Disease,MESH:D010518,Periodontitis,"[{""offset"": 71, ""length"": 13}]","{""identifier"": ""MESH:D010518"", ""type"": ""Disease"", ""valid"": true, ""normalized"": [""D010518""], ""database"": ""ncbi_mesh"", ""normalized_id"": ""D010518"", ""biotype"": ""disease"", ""name"": ""Periodontitis"", ""accession"": ""@DISEASE_Periodontitis""}",71,13,0,title,[],lexical_candidate_only,data/raw/discovery_pilot/51e0cf1555b67a873f11ddeef370092171da9a96fac3114dffbf752e60ea5861.json,3a45de7af8b858690bd4afe055a244a80441c18e380efa9a6fddc7206083f6e2
42596713,36,Periodontitis,Disease,MESH:D010518,Periodontitis,"[{""offset"": 95, ""length"": 13}]","{""identifier"": ""MESH:D010518"", ""type"": ""Disease"", ""valid"": true, ""normalized"": [""D010518""], ""database"": ""ncbi_mesh"", ""normalized_id"": ""D010518"", ""biotype"": ""disease"", ""name"": ""Periodontitis"", ""accession"": ""@DISEASE_Periodontitis""}",95,13,1,abstract,[],lexical_candidate_only,data/raw/discovery_pilot/51e0cf1555b67a873f11ddeef370092171da9a96fac3114dffbf752e60ea5861.json,3a45de7af8b858690bd4afe055a244a80441c18e380efa9a6fddc7206083f6e2
42596713,37,inflammatory disease,Disease,MESH:D007249,Inflammation,"[{""offset"": 115, ""length"": 20}]","{""identifier"": ""MESH:D007249"", ""type"": ""Disease"", ""valid"": true, ""normalized"": [""D007249""], ""database"": ""ncbi_mesh"", ""normalized_id"": ""D007249"", ""biotype"": ""disease"", ""name"": ""Inflammation"", ""accession"": ""@DISEASE_Inflammation""}",115,20,1,abstract,[],lexical_candidate_only,data/raw/discovery_pilot/51e0cf1555b67a873f11ddeef370092171da9a96fac3114dffbf752e60ea5861.json,3a45de7af8b858690bd4afe055a244a80441c18e380efa9a6fddc7206083f6e2
42596713,38,bone resorption,Disease,MESH:D001862,Bone Resorption,"[{""offset"": 243, ""length"": 15}]","{""identifier"": ""MESH:D001862"", ""type"": ""Disease"", ""valid"": true, ""normalized"": [""D001862""], ""database"": ""ncbi_mesh"", ""normalized_id"": ""D001862"", ""biotype"": ""disease"", ""name"": ""Bone Resorption"", ""accession"": ""@DISEASE_Bone_Resorption""}",243,15,1,abstract,[],lexical_candidate_only,data/raw/discovery_pilot/51e0cf1555b67a873f11ddeef370092171da9a96fac3114dffbf752e60ea5861.json,3a45de7af8b858690bd4afe055a244a80441c18e380efa9a6fddc7206083f6e2
42596713,39,tooth loss,Disease,MESH:D016388,Tooth Loss,"[{""offset"": 364, ""length"": 10}]","{""identifier"": ""MESH:D016388"", ""type"": ""Disease"", ""valid"": true, ""normalized"": [""D016388""], ""database"": ""ncbi_mesh"", ""normalized_id"": ""D016388"", ""biotype"": ""disease"", ""name"": ""Tooth Loss"", ""accession"": ""@DISEASE_Tooth_Loss""}",364,10,1,abstract,[],lexical_candidate_only,data/raw/discovery_pilot/51e0cf1555b67a873f11ddeef370092171da9a96fac3114dffbf752e60ea5861.json,3a45de7af8b858690bd4afe055a244a80441c18e380efa9a6fddc7206083f6e2
42596713,40,reactive oxygen species,Chemical,MESH:D017382,Reactive Oxygen Species,"[{""offset"": 406, ""length"": 23}]","{""identifier"": ""MESH:D017382"", ""type"": ""Chemical"", ""valid"": true, ""normalized"": [""D017382""], ""database"": ""ncbi_mesh"", ""normalized_id"": ""D017382"", ""biotype"": ""chemical"", ""name"": ""Reactive Oxygen Species"", ""accession"": ""@CHEMICAL_Reactive_Oxygen_Species""}",406,23,1,abstract,"[""CHEBI:26523""]",lexical_candidate_only,data/raw/discovery_pilot/51e0cf1555b67a873f11ddeef370092171da9a96fac3114dffbf752e60ea5861.json,3a45de7af8b858690bd4afe055a244a80441c18e380efa9a6fddc7206083f6e2
42596713,41,ROS,Chemical,MESH:D017382,Reactive Oxygen Species,"[{""offset"": 431, ""length"": 3}]","{""identifier"": ""MESH:D017382"", ""type"": ""Chemical"", ""valid"": true, ""normalized"": [""D017382""], ""database"": ""ncbi_mesh"", ""normalized_id"": ""D017382"", ""biotype"": ""chemical"", ""name"": ""Reactive Oxygen Species"", ""accession"": ""@CHEMICAL_Reactive_Oxygen_Species""}",431,3,1,abstract,"[""CHEBI:26523""]",lexical_candidate_only,data/raw/discovery_pilot/51e0cf1555b67a873f11ddeef370092171da9a96fac3114dffbf752e60ea5861.json,3a45de7af8b858690bd4afe055a244a80441c18e380efa9a6fddc7206083f6e2
42596713,42,inflammation,Disease,MESH:D007249,Inflammation,"[{""offset"": 496, ""length"": 12}]","{""identifier"": ""MESH:D007249"", ""type"": ""Disease"", ""valid"": true, ""normalized"": [""D007249""], ""database"": ""ncbi_mesh"", ""normalized_id"": ""D007249"", ""biotype"": ""disease"", ""name"": ""Inflammation"", ""accession"": ""@DISEASE_Inflammation""}",496,12,1,abstract,[],lexical_candidate_only,data/raw/discovery_pilot/51e0cf1555b67a873f11ddeef370092171da9a96fac3114dffbf752e60ea5861.json,3a45de7af8b858690bd4afe055a244a80441c18e380efa9a6fddc7206083f6e2
42596713,43,cobinamide,Chemical,MESH:C017142,cobinamide,"[{""offset"": 568, ""length"": 10}]","{""identifier"": ""MESH:C017142"", ""type"": ""Chemical"", ""valid"": true, ""normalized"": [""C017142""], ""database"": ""ncbi_mesh"", ""normalized_id"": ""C017142"", ""biotype"": ""chemical"", ""name"": ""cobinamide"", ""accession"": ""@CHEMICAL_cobinamide""}",568,10,1,abstract,[],lexical_candidate_only,data/raw/discovery_pilot/51e0cf1555b67a873f11ddeef370092171da9a96fac3114dffbf752e60ea5861.json,3a45de7af8b858690bd4afe055a244a80441c18e380efa9a6fddc7206083f6e2
42596713,44,vitamin B12,Chemical,MESH:D014805,Vitamin B 12,"[{""offset"": 582, ""length"": 11}]","{""identifier"": ""MESH:D014805"", ""type"": ""Chemical"", ""valid"": true, ""normalized"": [""D014805""], ""database"": ""ncbi_mesh"", ""normalized_id"": ""D014805"", ""biotype"": ""chemical"", ""name"": ""Vitamin B 12"", ""accession"": ""@CHEMICAL_Vitamin_B_12""}",582,11,1,abstract,[],lexical_candidate_only,data/raw/discovery_pilot/51e0cf1555b67a873f11ddeef370092171da9a96fac3114dffbf752e60ea5861.json,3a45de7af8b858690bd4afe055a244a80441c18e380efa9a6fddc7206083f6e2
42596713,45,mouse,Species,10090,10090,"[{""offset"": 641, ""length"": 5}]","{""identifier"": ""10090"", ""type"": ""Species"", ""valid"": true, ""normalized"": [10090], ""database"": ""ncbi_taxonomy"", ""normalized_id"": 10090, ""biotype"": ""species"", ""name"": ""10090"", ""accession"": null}",641,5,1,abstract,[],lexical_candidate_only,data/raw/discovery_pilot/51e0cf1555b67a873f11ddeef370092171da9a96fac3114dffbf752e60ea5861.json,3a45de7af8b858690bd4afe055a244a80441c18e380efa9a6fddc7206083f6e2
42596713,46,bone resorption,Disease,MESH:D001862,Bone Resorption,"[{""offset"": 705, ""length"": 15}]","{""identifier"": ""MESH:D001862"", ""type"": ""Disease"", ""valid"": true, ""normalized"": [""D001862""], ""database"": ""ncbi_mesh"", ""normalized_id"": ""D001862"", ""biotype"": ""disease"", ""name"": ""Bone Resorption"", ""accession"": ""@DISEASE_Bone_Resorption""}",705,15,1,abstract,[],lexical_candidate_only,data/raw/discovery_pilot/51e0cf1555b67a873f11ddeef370092171da9a96fac3114dffbf752e60ea5861.json,3a45de7af8b858690bd4afe055a244a80441c18e380efa9a6fddc7206083f6e2
42596713,47,inflammation,Disease,MESH:D007249,Inflammation,"[{""offset"": 725, ""length"": 12}]","{""identifier"": ""MESH:D007249"", ""type"": ""Disease"", ""valid"": true, ""normalized"": [""D007249""], ""database"": ""ncbi_mesh"", ""normalized_id"": ""D007249"", ""biotype"": ""disease"", ""name"": ""Inflammation"", ""accession"": ""@DISEASE_Inflammation""}",725,12,1,abstract,[],lexical_candidate_only,data/raw/discovery_pilot/51e0cf1555b67a873f11ddeef370092171da9a96fac3114dffbf752e60ea5861.json,3a45de7af8b858690bd4afe055a244a80441c18e380efa9a6fddc7206083f6e2
42596713,48,mouse,Species,10090,10090,"[{""offset"": 743, ""length"": 5}]","{""identifier"": ""10090"", ""type"": ""Species"", ""valid"": true, ""normalized"": [10090], ""database"": ""ncbi_taxonomy"", ""normalized_id"": 10090, ""biotype"": ""species"", ""name"": ""10090"", ""accession"": null}",743,5,1,abstract,[],lexical_candidate_only,data/raw/discovery_pilot/51e0cf1555b67a873f11ddeef370092171da9a96fac3114dffbf752e60ea5861.json,3a45de7af8b858690bd4afe055a244a80441c18e380efa9a6fddc7206083f6e2
42596713,49,periodontitis,Disease,MESH:D010518,Periodontitis,"[{""offset"": 775, ""length"": 13}]","{""identifier"": ""MESH:D010518"", ""type"": ""Disease"", ""valid"": true, ""normalized"": [""D010518""], ""database"": ""ncbi_mesh"", ""normalized_id"": ""D010518"", ""biotype"": ""disease"", ""name"": ""Periodontitis"", ""accession"": ""@DISEASE_Periodontitis""}",775,13,1,abstract,[],lexical_candidate_only,data/raw/discovery_pilot/51e0cf1555b67a873f11ddeef370092171da9a96fac3114dffbf752e60ea5861.json,3a45de7af8b858690bd4afe055a244a80441c18e380efa9a6fddc7206083f6e2
42596713,50,cobinamide,Chemical,MESH:C017142,cobinamide,"[{""offset"": 832, ""length"": 10}]","{""identifier"": ""MESH:C017142"", ""type"": ""Chemical"", ""valid"": true, ""normalized"": [""C017142""], ""database"": ""ncbi_mesh"", ""normalized_id"": ""C017142"", ""biotype"": ""chemical"", ""name"": ""cobinamide"", ""accession"": ""@CHEMICAL_cobinamide""}",832,10,1,abstract,[],lexical_candidate_only,data/raw/discovery_pilot/51e0cf1555b67a873f11ddeef370092171da9a96fac3114dffbf752e60ea5861.json,3a45de7af8b858690bd4afe055a244a80441c18e380efa9a6fddc7206083f6e2
42596713,51,receptor activator of nuclear factor kappaB ligand,Gene,21943,Tnfsf11,"[{""offset"": 865, ""length"": 50}]","{""identifier"": ""21943"", ""type"": ""Gene"", ""ncbi_homologene"": ""2744"", ""valid"": true, ""normalized"": [21943], ""database"": ""ncbi_gene"", ""normalized_id"": 21943, ""biotype"": ""gene"", ""name"": ""Tnfsf11"", ""accession"": ""@GENE_TNFSF11""}",865,50,1,abstract,"[""LOCAL:protein:mouse:TNFSF11""]",lexical_candidate_only,data/raw/discovery_pilot/51e0cf1555b67a873f11ddeef370092171da9a96fac3114dffbf752e60ea5861.json,3a45de7af8b858690bd4afe055a244a80441c18e380efa9a6fddc7206083f6e2
42596713,52,mouse,Species,10090,10090,"[{""offset"": 962, ""length"": 5}]","{""identifier"": ""10090"", ""type"": ""Species"", ""valid"": true, ""normalized"": [10090], ""database"": ""ncbi_taxonomy"", ""normalized_id"": 10090, ""biotype"": ""species"", ""name"": ""10090"", ""accession"": null}",962,5,1,abstract,[],lexical_candidate_only,data/raw/discovery_pilot/51e0cf1555b67a873f11ddeef370092171da9a96fac3114dffbf752e60ea5861.json,3a45de7af8b858690bd4afe055a244a80441c18e380efa9a6fddc7206083f6e2
42596713,53,cobinamide,Chemical,MESH:C017142,cobinamide,"[{""offset"": 997, ""length"": 10}]","{""identifier"": ""MESH:C017142"", ""type"": ""Chemical"", ""valid"": true, ""normalized"": [""C017142""], ""database"": ""ncbi_mesh"", ""normalized_id"": ""C017142"", ""biotype"": ""chemical"", ""name"": ""cobinamide"", ""accession"": ""@CHEMICAL_cobinamide""}",997,10,1,abstract,[],lexical_candidate_only,data/raw/discovery_pilot/51e0cf1555b67a873f11ddeef370092171da9a96fac3114dffbf752e60ea5861.json,3a45de7af8b858690bd4afe055a244a80441c18e380efa9a6fddc7206083f6e2
42596713,54,ROS,Chemical,MESH:D017382,Reactive Oxygen Species,"[{""offset"": 1048, ""length"": 3}]","{""identifier"": ""MESH:D017382"", ""type"": ""Chemical"", ""valid"": true, ""normalized"": [""D017382""], ""database"": ""ncbi_mesh"", ""normalized_id"": ""D017382"", ""biotype"": ""chemical"", ""name"": ""Reactive Oxygen Species"", ""accession"": ""@CHEMICAL_Reactive_Oxygen_Species""}",1048,3,1,abstract,"[""CHEBI:26523""]",lexical_candidate_only,data/raw/discovery_pilot/51e0cf1555b67a873f11ddeef370092171da9a96fac3114dffbf752e60ea5861.json,3a45de7af8b858690bd4afe055a244a80441c18e380efa9a6fddc7206083f6e2
42596713,55,Ca2+,Chemical,-,,"[{""offset"": 1067, ""length"": 4}]","{""identifier"": ""-"", ""type"": ""Chemical"", ""valid"": false, ""normalized_id"": null, ""biotype"": ""chemical""}",1067,4,1,abstract,"[""CHEBI:29108""]",lexical_candidate_only,data/raw/discovery_pilot/51e0cf1555b67a873f11ddeef370092171da9a96fac3114dffbf752e60ea5861.json,3a45de7af8b858690bd4afe055a244a80441c18e380efa9a6fddc7206083f6e2
42596713,56,cobinamide,Chemical,MESH:C017142,cobinamide,"[{""offset"": 1190, ""length"": 10}]","{""identifier"": ""MESH:C017142"", ""type"": ""Chemical"", ""valid"": true, ""normalized"": [""C017142""], ""database"": ""ncbi_mesh"", ""normalized_id"": ""C017142"", ""biotype"": ""chemical"", ""name"": ""cobinamide"", ""accession"": ""@CHEMICAL_cobinamide""}",1190,10,1,abstract,[],lexical_candidate_only,data/raw/discovery_pilot/51e0cf1555b67a873f11ddeef370092171da9a96fac3114dffbf752e60ea5861.json,3a45de7af8b858690bd4afe055a244a80441c18e380efa9a6fddc7206083f6e2
42596713,57,bone resorption,Disease,MESH:D001862,Bone Resorption,"[{""offset"": 1246, ""length"": 15}]","{""identifier"": ""MESH:D001862"", ""type"": ""Disease"", ""valid"": true, ""normalized"": [""D001862""], ""database"": ""ncbi_mesh"", ""normalized_id"": ""D001862"", ""biotype"": ""disease"", ""name"": ""Bone Resorption"", ""accession"": ""@DISEASE_Bone_Resorption""}",1246,15,1,abstract,[],lexical_candidate_only,data/raw/discovery_pilot/51e0cf1555b67a873f11ddeef370092171da9a96fac3114dffbf752e60ea5861.json,3a45de7af8b858690bd4afe055a244a80441c18e380efa9a6fddc7206083f6e2
42596713,58,periodontitis,Disease,MESH:D010518,Periodontitis,"[{""offset"": 1286, ""length"": 13}]","{""identifier"": ""MESH:D010518"", ""type"": ""Disease"", ""valid"": true, ""normalized"": [""D010518""], ""database"": ""ncbi_mesh"", ""normalized_id"": ""D010518"", ""biotype"": ""disease"", ""name"": ""Periodontitis"", ""accession"": ""@DISEASE_Periodontitis""}",1286,13,1,abstract,[],lexical_candidate_only,data/raw/discovery_pilot/51e0cf1555b67a873f11ddeef370092171da9a96fac3114dffbf752e60ea5861.json,3a45de7af8b858690bd4afe055a244a80441c18e380efa9a6fddc7206083f6e2
42596713,59,cobinamide,Chemical,MESH:C017142,cobinamide,"[{""offset"": 1391, ""length"": 10}]","{""identifier"": ""MESH:C017142"", ""type"": ""Chemical"", ""valid"": true, ""normalized"": [""C017142""], ""database"": ""ncbi_mesh"", ""normalized_id"": ""C017142"", ""biotype"": ""chemical"", ""name"": ""cobinamide"", ""accession"": ""@CHEMICAL_cobinamide""}",1391,10,1,abstract,[],lexical_candidate_only,data/raw/discovery_pilot/51e0cf1555b67a873f11ddeef370092171da9a96fac3114dffbf752e60ea5861.json,3a45de7af8b858690bd4afe055a244a80441c18e380efa9a6fddc7206083f6e2
42596713,60,interleukin-1beta,Gene,16176,Il1b,"[{""offset"": 1539, ""length"": 17}]","{""identifier"": ""16176"", ""type"": ""Gene"", ""ncbi_homologene"": ""481"", ""valid"": true, ""normalized"": [16176], ""database"": ""ncbi_gene"", ""normalized_id"": 16176, ""biotype"": ""gene"", ""name"": ""Il1b"", ""accession"": ""@GENE_IL1B""}",1539,17,1,abstract,"[""LOCAL:protein:mouse:IL1B""]",lexical_candidate_only,data/raw/discovery_pilot/51e0cf1555b67a873f11ddeef370092171da9a96fac3114dffbf752e60ea5861.json,3a45de7af8b858690bd4afe055a244a80441c18e380efa9a6fddc7206083f6e2
42596713,61,interleukin-6,Gene,16193,Il6,"[{""offset"": 1558, ""length"": 13}]","{""identifier"": ""16193"", ""type"": ""Gene"", ""ncbi_homologene"": ""502"", ""valid"": true, ""normalized"": [16193], ""database"": ""ncbi_gene"", ""normalized_id"": 16193, ""biotype"": ""gene"", ""name"": ""Il6"", ""accession"": ""@GENE_IL6""}",1558,13,1,abstract,"[""LOCAL:protein:mouse:IL6""]",lexical_candidate_only,data/raw/discovery_pilot/51e0cf1555b67a873f11ddeef370092171da9a96fac3114dffbf752e60ea5861.json,3a45de7af8b858690bd4afe055a244a80441c18e380efa9a6fddc7206083f6e2
42596713,62,tumor necrosis factor-alpha,Gene,21926,Tnf,"[{""offset"": 1577, ""length"": 27}]","{""identifier"": ""21926"", ""type"": ""Gene"", ""ncbi_homologene"": ""496"", ""valid"": true, ""normalized"": [21926], ""database"": ""ncbi_gene"", ""normalized_id"": 21926, ""biotype"": ""gene"", ""name"": ""Tnf"", ""accession"": ""@GENE_TNF""}",1577,27,1,abstract,"[""LOCAL:protein:mouse:TNF""]",lexical_candidate_only,data/raw/discovery_pilot/51e0cf1555b67a873f11ddeef370092171da9a96fac3114dffbf752e60ea5861.json,3a45de7af8b858690bd4afe055a244a80441c18e380efa9a6fddc7206083f6e2
42596713,63,cobinamide,Chemical,MESH:C017142,cobinamide,"[{""offset"": 1647, ""length"": 10}]","{""identifier"": ""MESH:C017142"", ""type"": ""Chemical"", ""valid"": true, ""normalized"": [""C017142""], ""database"": ""ncbi_mesh"", ""normalized_id"": ""C017142"", ""biotype"": ""chemical"", ""name"": ""cobinamide"", ""accession"": ""@CHEMICAL_cobinamide""}",1647,10,1,abstract,[],lexical_candidate_only,data/raw/discovery_pilot/51e0cf1555b67a873f11ddeef370092171da9a96fac3114dffbf752e60ea5861.json,3a45de7af8b858690bd4afe055a244a80441c18e380efa9a6fddc7206083f6e2
42596713,64,inflammatory,Disease,MESH:D007249,Inflammation,"[{""offset"": 1693, ""length"": 12}]","{""identifier"": ""MESH:D007249"", ""type"": ""Disease"", ""valid"": true, ""normalized"": [""D007249""], ""database"": ""ncbi_mesh"", ""normalized_id"": ""D007249"", ""biotype"": ""disease"", ""name"": ""Inflammation"", ""accession"": ""@DISEASE_Inflammation""}",1693,12,1,abstract,[],lexical_candidate_only,data/raw/discovery_pilot/51e0cf1555b67a873f11ddeef370092171da9a96fac3114dffbf752e60ea5861.json,3a45de7af8b858690bd4afe055a244a80441c18e380efa9a6fddc7206083f6e2
42596713,65,periodontitis,Disease,MESH:D010518,Periodontitis,"[{""offset"": 1717, ""length"": 13}]","{""identifier"": ""MESH:D010518"", ""type"": ""Disease"", ""valid"": true, ""normalized"": [""D010518""], ""database"": ""ncbi_mesh"", ""normalized_id"": ""D010518"", ""biotype"": ""disease"", ""name"": ""Periodontitis"", ""accession"": ""@DISEASE_Periodontitis""}",1717,13,1,abstract,[],lexical_candidate_only,data/raw/discovery_pilot/51e0cf1555b67a873f11ddeef370092171da9a96fac3114dffbf752e60ea5861.json,3a45de7af8b858690bd4afe055a244a80441c18e380efa9a6fddc7206083f6e2
42668073,4,Eriodictyol,Chemical,MESH:C007619,eriodictyol,"[{""offset"": 0, ""length"": 11}]","{""identifier"": ""MESH:C007619"", ""type"": ""Chemical"", ""valid"": true, ""normalized"": [""C007619""], ""database"": ""ncbi_mesh"", ""normalized_id"": ""C007619"", ""biotype"": ""chemical"", ""name"": ""eriodictyol"", ""accession"": ""@CHEMICAL_eriodictyol""}",0,11,0,title,[],lexical_candidate_only,data/raw/discovery_pilot/51e0cf1555b67a873f11ddeef370092171da9a96fac3114dffbf752e60ea5861.json,3a45de7af8b858690bd4afe055a244a80441c18e380efa9a6fddc7206083f6e2
42668073,5,LDHB,Gene,16832,Ldhb,"[{""offset"": 22, ""length"": 4}]","{""identifier"": ""16832"", ""type"": ""Gene"", ""ncbi_homologene"": ""55647"", ""valid"": true, ""normalized"": [16832], ""database"": ""ncbi_gene"", ""normalized_id"": 16832, ""biotype"": ""gene"", ""name"": ""Ldhb"", ""accession"": ""@GENE_LDHB""}",22,4,0,title,[],lexical_candidate_only,data/raw/discovery_pilot/51e0cf1555b67a873f11ddeef370092171da9a96fac3114dffbf752e60ea5861.json,3a45de7af8b858690bd4afe055a244a80441c18e380efa9a6fddc7206083f6e2
42668073,6,NLRP3,Gene,216799,Nlrp3,"[{""offset"": 57, ""length"": 5}]","{""identifier"": ""216799"", ""type"": ""Gene"", ""ncbi_homologene"": ""3600"", ""valid"": true, ""normalized"": [216799], ""database"": ""ncbi_gene"", ""normalized_id"": 216799, ""biotype"": ""gene"", ""name"": ""Nlrp3"", ""accession"": ""@GENE_NLRP3""}",57,5,0,title,[],lexical_candidate_only,data/raw/discovery_pilot/51e0cf1555b67a873f11ddeef370092171da9a96fac3114dffbf752e60ea5861.json,3a45de7af8b858690bd4afe055a244a80441c18e380efa9a6fddc7206083f6e2
42668073,7,bone loss,Disease,MESH:D001847,Bone Diseases,"[{""offset"": 119, ""length"": 9}]","{""identifier"": ""MESH:D001847"", ""type"": ""Disease"", ""valid"": true, ""normalized"": [""D001847""], ""database"": ""ncbi_mesh"", ""normalized_id"": ""D001847"", ""biotype"": ""disease"", ""name"": ""Bone Diseases"", ""accession"": ""@DISEASE_Bone_Diseases""}",119,9,0,title,[],lexical_candidate_only,data/raw/discovery_pilot/51e0cf1555b67a873f11ddeef370092171da9a96fac3114dffbf752e60ea5861.json,3a45de7af8b858690bd4afe055a244a80441c18e380efa9a6fddc7206083f6e2
42668073,51,bone loss,Disease,MESH:D001847,Bone Diseases,"[{""offset"": 335, ""length"": 9}]","{""identifier"": ""MESH:D001847"", ""type"": ""Disease"", ""valid"": true, ""normalized"": [""D001847""], ""database"": ""ncbi_mesh"", ""normalized_id"": ""D001847"", ""biotype"": ""disease"", ""name"": ""Bone Diseases"", ""accession"": ""@DISEASE_Bone_Diseases""}",335,9,1,abstract,[],lexical_candidate_only,data/raw/discovery_pilot/51e0cf1555b67a873f11ddeef370092171da9a96fac3114dffbf752e60ea5861.json,3a45de7af8b858690bd4afe055a244a80441c18e380efa9a6fddc7206083f6e2
42668073,52,Eriodictyol,Chemical,MESH:C007619,eriodictyol,"[{""offset"": 346, ""length"": 11}]","{""identifier"": ""MESH:C007619"", ""type"": ""Chemical"", ""valid"": true, ""normalized"": [""C007619""], ""database"": ""ncbi_mesh"", ""normalized_id"": ""C007619"", ""biotype"": ""chemical"", ""name"": ""eriodictyol"", ""accession"": ""@CHEMICAL_eriodictyol""}",346,11,1,abstract,[],lexical_candidate_only,data/raw/discovery_pilot/51e0cf1555b67a873f11ddeef370092171da9a96fac3114dffbf752e60ea5861.json,3a45de7af8b858690bd4afe055a244a80441c18e380efa9a6fddc7206083f6e2
42668073,53,ERI,Chemical,MESH:C007619,eriodictyol,"[{""offset"": 359, ""length"": 3}]","{""identifier"": ""MESH:C007619"", ""type"": ""Chemical"", ""valid"": true, ""normalized"": [""C007619""], ""database"": ""ncbi_mesh"", ""normalized_id"": ""C007619"", ""biotype"": ""chemical"", ""name"": ""eriodictyol"", ""accession"": ""@CHEMICAL_eriodictyol""}",359,3,1,abstract,[],lexical_candidate_only,data/raw/discovery_pilot/51e0cf1555b67a873f11ddeef370092171da9a96fac3114dffbf752e60ea5861.json,3a45de7af8b858690bd4afe055a244a80441c18e380efa9a6fddc7206083f6e2
42668073,54,bone destruction,Disease,MESH:D001847,Bone Diseases,"[{""offset"": 450, ""length"": 16}]","{""identifier"": ""MESH:D001847"", ""type"": ""Disease"", ""valid"": true, ""normalized"": [""D001847""], ""database"": ""ncbi_mesh"", ""normalized_id"": ""D001847"", ""biotype"": ""disease"", ""name"": ""Bone Diseases"", ""accession"": ""@DISEASE_Bone_Diseases""}",450,16,1,abstract,[],lexical_candidate_only,data/raw/discovery_pilot/51e0cf1555b67a873f11ddeef370092171da9a96fac3114dffbf752e60ea5861.json,3a45de7af8b858690bd4afe055a244a80441c18e380efa9a6fddc7206083f6e2
42668073,55,bone loss,Disease,MESH:D001847,Bone Diseases,"[{""offset"": 507, ""length"": 9}]","{""identifier"": ""MESH:D001847"", ""type"": ""Disease"", ""valid"": true, ""normalized"": [""D001847""], ""database"": ""ncbi_mesh"", ""normalized_id"": ""D001847"", ""biotype"": ""disease"", ""name"": ""Bone Diseases"", ""accession"": ""@DISEASE_Bone_Diseases""}",507,9,1,abstract,[],lexical_candidate_only,data/raw/discovery_pilot/51e0cf1555b67a873f11ddeef370092171da9a96fac3114dffbf752e60ea5861.json,3a45de7af8b858690bd4afe055a244a80441c18e380efa9a6fddc7206083f6e2
42668073,56,ERI,Chemical,MESH:C007619,eriodictyol,"[{""offset"": 580, ""length"": 3}]","{""identifier"": ""MESH:C007619"", ""type"": ""Chemical"", ""valid"": true, ""normalized"": [""C007619""], ""database"": ""ncbi_mesh"", ""normalized_id"": ""C007619"", ""biotype"": ""chemical"", ""name"": ""eriodictyol"", ""accession"": ""@CHEMICAL_eriodictyol""}",580,3,1,abstract,[],lexical_candidate_only,data/raw/discovery_pilot/51e0cf1555b67a873f11ddeef370092171da9a96fac3114dffbf752e60ea5861.json,3a45de7af8b858690bd4afe055a244a80441c18e380efa9a6fddc7206083f6e2
42668073,57,lactate dehydrogenase B,Gene,16832,Ldhb,"[{""offset"": 610, ""length"": 23}]","{""identifier"": ""16832"", ""type"": ""Gene"", ""ncbi_homologene"": ""55647"", ""valid"": true, ""normalized"": [16832], ""database"": ""ncbi_gene"", ""normalized_id"": 16832, ""biotype"": ""gene"", ""name"": ""Ldhb"", ""accession"": ""@GENE_LDHB""}",610,23,1,abstract,[],lexical_candidate_only,data/raw/discovery_pilot/51e0cf1555b67a873f11ddeef370092171da9a96fac3114dffbf752e60ea5861.json,3a45de7af8b858690bd4afe055a244a80441c18e380efa9a6fddc7206083f6e2
42668073,58,LDHB,Gene,16832,Ldhb,"[{""offset"": 635, ""length"": 4}]","{""identifier"": ""16832"", ""type"": ""Gene"", ""ncbi_homologene"": ""55647"", ""valid"": true, ""normalized"": [16832], ""database"": ""ncbi_gene"", ""normalized_id"": 16832, ""biotype"": ""gene"", ""name"": ""Ldhb"", ""accession"": ""@GENE_LDHB""}",635,4,1,abstract,[],lexical_candidate_only,data/raw/discovery_pilot/51e0cf1555b67a873f11ddeef370092171da9a96fac3114dffbf752e60ea5861.json,3a45de7af8b858690bd4afe055a244a80441c18e380efa9a6fddc7206083f6e2
42668073,59,bone loss,Disease,MESH:D001847,Bone Diseases,"[{""offset"": 663, ""length"": 9}]","{""identifier"": ""MESH:D001847"", ""type"": ""Disease"", ""valid"": true, ""normalized"": [""D001847""], ""database"": ""ncbi_mesh"", ""normalized_id"": ""D001847"", ""biotype"": ""disease"", ""name"": ""Bone Diseases"", ""accession"": ""@DISEASE_Bone_Diseases""}",663,9,1,abstract,[],lexical_candidate_only,data/raw/discovery_pilot/51e0cf1555b67a873f11ddeef370092171da9a96fac3114dffbf752e60ea5861.json,3a45de7af8b858690bd4afe055a244a80441c18e380efa9a6fddc7206083f6e2
42668073,60,ERI,Chemical,MESH:C007619,eriodictyol,"[{""offset"": 719, ""length"": 3}]","{""identifier"": ""MESH:C007619"", ""type"": ""Chemical"", ""valid"": true, ""normalized"": [""C007619""], ""database"": ""ncbi_mesh"", ""normalized_id"": ""C007619"", ""biotype"": ""chemical"", ""name"": ""eriodictyol"", ""accession"": ""@CHEMICAL_eriodictyol""}",719,3,1,abstract,[],lexical_candidate_only,data/raw/discovery_pilot/51e0cf1555b67a873f11ddeef370092171da9a96fac3114dffbf752e60ea5861.json,3a45de7af8b858690bd4afe055a244a80441c18e380efa9a6fddc7206083f6e2
42668073,61,NLRP3,Gene,216799,Nlrp3,"[{""offset"": 732, ""length"": 5}]","{""identifier"": ""216799"", ""type"": ""Gene"", ""ncbi_homologene"": ""3600"", ""valid"": true, ""normalized"": [216799], ""database"": ""ncbi_gene"", ""normalized_id"": 216799, ""biotype"": ""gene"", ""name"": ""Nlrp3"", ""accession"": ""@GENE_NLRP3""}",732,5,1,abstract,[],lexical_candidate_only,data/raw/discovery_pilot/51e0cf1555b67a873f11ddeef370092171da9a96fac3114dffbf752e60ea5861.json,3a45de7af8b858690bd4afe055a244a80441c18e380efa9a6fddc7206083f6e2
42668073,62,ERI,Chemical,MESH:C007619,eriodictyol,"[{""offset"": 832, ""length"": 3}]","{""identifier"": ""MESH:C007619"", ""type"": ""Chemical"", ""valid"": true, ""normalized"": [""C007619""], ""database"": ""ncbi_mesh"", ""normalized_id"": ""C007619"", ""biotype"": ""chemical"", ""name"": ""eriodictyol"", ""accession"": ""@CHEMICAL_eriodictyol""}",832,3,1,abstract,[],lexical_candidate_only,data/raw/discovery_pilot/51e0cf1555b67a873f11ddeef370092171da9a96fac3114dffbf752e60ea5861.json,3a45de7af8b858690bd4afe055a244a80441c18e380efa9a6fddc7206083f6e2
42668073,63,CCK-8,Chemical,MESH:D012844,Sincalide,"[{""offset"": 897, ""length"": 5}]","{""identifier"": ""MESH:D012844"", ""type"": ""Chemical"", ""valid"": true, ""normalized"": [""D012844""], ""database"": ""ncbi_mesh"", ""normalized_id"": ""D012844"", ""biotype"": ""chemical"", ""name"": ""Sincalide"", ""accession"": ""@CHEMICAL_Sincalide""}",897,5,1,abstract,[],lexical_candidate_only,data/raw/discovery_pilot/51e0cf1555b67a873f11ddeef370092171da9a96fac3114dffbf752e60ea5861.json,3a45de7af8b858690bd4afe055a244a80441c18e380efa9a6fddc7206083f6e2
42668073,64,TRAcP,Gene,11433,Acp5,"[{""offset"": 911, ""length"": 5}]","{""identifier"": ""11433"", ""type"": ""Gene"", ""ncbi_homologene"": ""137203"", ""valid"": true, ""normalized"": [11433], ""database"": ""ncbi_gene"", ""normalized_id"": 11433, ""biotype"": ""gene"", ""name"": ""Acp5"", ""accession"": ""@GENE_ACP5""}",911,5,1,abstract,"[""LOCAL:protein:mouse:ACP5""]",lexical_candidate_only,data/raw/discovery_pilot/51e0cf1555b67a873f11ddeef370092171da9a96fac3114dffbf752e60ea5861.json,3a45de7af8b858690bd4afe055a244a80441c18e380efa9a6fddc7206083f6e2
42668073,65,ERI,Chemical,MESH:C007619,eriodictyol,"[{""offset"": 1077, ""length"": 3}]","{""identifier"": ""MESH:C007619"", ""type"": ""Chemical"", ""valid"": true, ""normalized"": [""C007619""], ""database"": ""ncbi_mesh"", ""normalized_id"": ""C007619"", ""biotype"": ""chemical"", ""name"": ""eriodictyol"", ""accession"": ""@CHEMICAL_eriodictyol""}",1077,3,1,abstract,[],lexical_candidate_only,data/raw/discovery_pilot/51e0cf1555b67a873f11ddeef370092171da9a96fac3114dffbf752e60ea5861.json,3a45de7af8b858690bd4afe055a244a80441c18e380efa9a6fddc7206083f6e2
42668073,66,ERI,Chemical,MESH:C007619,eriodictyol,"[{""offset"": 1136, ""length"": 3}]","{""identifier"": ""MESH:C007619"", ""type"": ""Chemical"", ""valid"": true, ""normalized"": [""C007619""], ""database"": ""ncbi_mesh"", ""normalized_id"": ""C007619"", ""biotype"": ""chemical"", ""name"": ""eriodictyol"", ""accession"": ""@CHEMICAL_eriodictyol""}",1136,3,1,abstract,[],lexical_candidate_only,data/raw/discovery_pilot/51e0cf1555b67a873f11ddeef370092171da9a96fac3114dffbf752e60ea5861.json,3a45de7af8b858690bd4afe055a244a80441c18e380efa9a6fddc7206083f6e2
42668073,67,LDHB,Gene,16832,Ldhb,"[{""offset"": 1144, ""length"": 4}]","{""identifier"": ""16832"", ""type"": ""Gene"", ""ncbi_homologene"": ""55647"", ""valid"": true, ""normalized"": [16832], ""database"": ""ncbi_gene"", ""normalized_id"": 16832, ""biotype"": ""gene"", ""name"": ""Ldhb"", ""accession"": ""@GENE_LDHB""}",1144,4,1,abstract,[],lexical_candidate_only,data/raw/discovery_pilot/51e0cf1555b67a873f11ddeef370092171da9a96fac3114dffbf752e60ea5861.json,3a45de7af8b858690bd4afe055a244a80441c18e380efa9a6fddc7206083f6e2
42668073,68,LDHB,Gene,16832,Ldhb,"[{""offset"": 1290, ""length"": 4}]","{""identifier"": ""16832"", ""type"": ""Gene"", ""ncbi_homologene"": ""55647"", ""valid"": true, ""normalized"": [16832], ""database"": ""ncbi_gene"", ""normalized_id"": 16832, ""biotype"": ""gene"", ""name"": ""Ldhb"", ""accession"": ""@GENE_LDHB""}",1290,4,1,abstract,[],lexical_candidate_only,data/raw/discovery_pilot/51e0cf1555b67a873f11ddeef370092171da9a96fac3114dffbf752e60ea5861.json,3a45de7af8b858690bd4afe055a244a80441c18e380efa9a6fddc7206083f6e2
42668073,69,ERI,Chemical,MESH:C007619,eriodictyol,"[{""offset"": 1417, ""length"": 3}]","{""identifier"": ""MESH:C007619"", ""type"": ""Chemical"", ""valid"": true, ""normalized"": [""C007619""], ""database"": ""ncbi_mesh"", ""normalized_id"": ""C007619"", ""biotype"": ""chemical"", ""name"": ""eriodictyol"", ""accession"": ""@CHEMICAL_eriodictyol""}",1417,3,1,abstract,[],lexical_candidate_only,data/raw/discovery_pilot/51e0cf1555b67a873f11ddeef370092171da9a96fac3114dffbf752e60ea5861.json,3a45de7af8b858690bd4afe055a244a80441c18e380efa9a6fddc7206083f6e2
42668073,70,bone loss,Disease,MESH:D001847,Bone Diseases,"[{""offset"": 1438, ""length"": 9}]","{""identifier"": ""MESH:D001847"", ""type"": ""Disease"", ""valid"": true, ""normalized"": [""D001847""], ""database"": ""ncbi_mesh"", ""normalized_id"": ""D001847"", ""biotype"": ""disease"", ""name"": ""Bone Diseases"", ""accession"": ""@DISEASE_Bone_Diseases""}",1438,9,1,abstract,[],lexical_candidate_only,data/raw/discovery_pilot/51e0cf1555b67a873f11ddeef370092171da9a96fac3114dffbf752e60ea5861.json,3a45de7af8b858690bd4afe055a244a80441c18e380efa9a6fddc7206083f6e2
42668073,71,lipopolysaccharide,Chemical,MESH:D008070,Lipopolysaccharides,"[{""offset"": 1477, ""length"": 18}]","{""identifier"": ""MESH:D008070"", ""type"": ""Chemical"", ""valid"": true, ""normalized"": [""D008070""], ""database"": ""ncbi_mesh"", ""normalized_id"": ""D008070"", ""biotype"": ""chemical"", ""name"": ""Lipopolysaccharides"", ""accession"": ""@CHEMICAL_Lipopolysaccharides""}",1477,18,1,abstract,[],lexical_candidate_only,data/raw/discovery_pilot/51e0cf1555b67a873f11ddeef370092171da9a96fac3114dffbf752e60ea5861.json,3a45de7af8b858690bd4afe055a244a80441c18e380efa9a6fddc7206083f6e2
42668073,72,LPS,Chemical,MESH:D008070,Lipopolysaccharides,"[{""offset"": 1497, ""length"": 3}]","{""identifier"": ""MESH:D008070"", ""type"": ""Chemical"", ""valid"": true, ""normalized"": [""D008070""], ""database"": ""ncbi_mesh"", ""normalized_id"": ""D008070"", ""biotype"": ""chemical"", ""name"": ""Lipopolysaccharides"", ""accession"": ""@CHEMICAL_Lipopolysaccharides""}",1497,3,1,abstract,[],lexical_candidate_only,data/raw/discovery_pilot/51e0cf1555b67a873f11ddeef370092171da9a96fac3114dffbf752e60ea5861.json,3a45de7af8b858690bd4afe055a244a80441c18e380efa9a6fddc7206083f6e2
42668073,73,mouse,Species,10090,10090,"[{""offset"": 1510, ""length"": 5}]","{""identifier"": ""10090"", ""type"": ""Species"", ""valid"": true, ""normalized"": [10090], ""database"": ""ncbi_taxonomy"", ""normalized_id"": 10090, ""biotype"": ""species"", ""name"": ""10090"", ""accession"": null}",1510,5,1,abstract,[],lexical_candidate_only,data/raw/discovery_pilot/51e0cf1555b67a873f11ddeef370092171da9a96fac3114dffbf752e60ea5861.json,3a45de7af8b858690bd4afe055a244a80441c18e380efa9a6fddc7206083f6e2
42668073,74,ERI,Chemical,MESH:C007619,eriodictyol,"[{""offset"": 1628, ""length"": 3}]","{""identifier"": ""MESH:C007619"", ""type"": ""Chemical"", ""valid"": true, ""normalized"": [""C007619""], ""database"": ""ncbi_mesh"", ""normalized_id"": ""C007619"", ""biotype"": ""chemical"", ""name"": ""eriodictyol"", ""accession"": ""@CHEMICAL_eriodictyol""}",1628,3,1,abstract,[],lexical_candidate_only,data/raw/discovery_pilot/51e0cf1555b67a873f11ddeef370092171da9a96fac3114dffbf752e60ea5861.json,3a45de7af8b858690bd4afe055a244a80441c18e380efa9a6fddc7206083f6e2
42668073,75,NLRP3,Gene,216799,Nlrp3,"[{""offset"": 1762, ""length"": 5}]","{""identifier"": ""216799"", ""type"": ""Gene"", ""ncbi_homologene"": ""3600"", ""valid"": true, ""normalized"": [216799], ""database"": ""ncbi_gene"", ""normalized_id"": 216799, ""biotype"": ""gene"", ""name"": ""Nlrp3"", ""accession"": ""@GENE_NLRP3""}",1762,5,1,abstract,[],lexical_candidate_only,data/raw/discovery_pilot/51e0cf1555b67a873f11ddeef370092171da9a96fac3114dffbf752e60ea5861.json,3a45de7af8b858690bd4afe055a244a80441c18e380efa9a6fddc7206083f6e2
42668073,76,inflammatory,Disease,MESH:D007249,Inflammation,"[{""offset"": 1768, ""length"": 12}]","{""identifier"": ""MESH:D007249"", ""type"": ""Disease"", ""valid"": true, ""normalized"": [""D007249""], ""database"": ""ncbi_mesh"", ""normalized_id"": ""D007249"", ""biotype"": ""disease"", ""name"": ""Inflammation"", ""accession"": ""@DISEASE_Inflammation""}",1768,12,1,abstract,[],lexical_candidate_only,data/raw/discovery_pilot/51e0cf1555b67a873f11ddeef370092171da9a96fac3114dffbf752e60ea5861.json,3a45de7af8b858690bd4afe055a244a80441c18e380efa9a6fddc7206083f6e2
42668073,77,ERI,Chemical,MESH:C007619,eriodictyol,"[{""offset"": 1807, ""length"": 3}]","{""identifier"": ""MESH:C007619"", ""type"": ""Chemical"", ""valid"": true, ""normalized"": [""C007619""], ""database"": ""ncbi_mesh"", ""normalized_id"": ""C007619"", ""biotype"": ""chemical"", ""name"": ""eriodictyol"", ""accession"": ""@CHEMICAL_eriodictyol""}",1807,3,1,abstract,[],lexical_candidate_only,data/raw/discovery_pilot/51e0cf1555b67a873f11ddeef370092171da9a96fac3114dffbf752e60ea5861.json,3a45de7af8b858690bd4afe055a244a80441c18e380efa9a6fddc7206083f6e2
42668073,78,NLRP3,Gene,216799,Nlrp3,"[{""offset"": 1827, ""length"": 5}]","{""identifier"": ""216799"", ""type"": ""Gene"", ""ncbi_homologene"": ""3600"", ""valid"": true, ""normalized"": [216799], ""database"": ""ncbi_gene"", ""normalized_id"": 216799, ""biotype"": ""gene"", ""name"": ""Nlrp3"", ""accession"": ""@GENE_NLRP3""}",1827,5,1,abstract,[],lexical_candidate_only,data/raw/discovery_pilot/51e0cf1555b67a873f11ddeef370092171da9a96fac3114dffbf752e60ea5861.json,3a45de7af8b858690bd4afe055a244a80441c18e380efa9a6fddc7206083f6e2
42668073,79,reactive oxygen species,Chemical,MESH:D017382,Reactive Oxygen Species,"[{""offset"": 1882, ""length"": 23}]","{""identifier"": ""MESH:D017382"", ""type"": ""Chemical"", ""valid"": true, ""normalized"": [""D017382""], ""database"": ""ncbi_mesh"", ""normalized_id"": ""D017382"", ""biotype"": ""chemical"", ""name"": ""Reactive Oxygen Species"", ""accession"": ""@CHEMICAL_Reactive_Oxygen_Species""}",1882,23,1,abstract,"[""CHEBI:26523""]",lexical_candidate_only,data/raw/discovery_pilot/51e0cf1555b67a873f11ddeef370092171da9a96fac3114dffbf752e60ea5861.json,3a45de7af8b858690bd4afe055a244a80441c18e380efa9a6fddc7206083f6e2
42668073,80,ROS,Chemical,MESH:D017382,Reactive Oxygen Species,"[{""offset"": 1907, ""length"": 3}]","{""identifier"": ""MESH:D017382"", ""type"": ""Chemical"", ""valid"": true, ""normalized"": [""D017382""], ""database"": ""ncbi_mesh"", ""normalized_id"": ""D017382"", ""biotype"": ""chemical"", ""name"": ""Reactive Oxygen Species"", ""accession"": ""@CHEMICAL_Reactive_Oxygen_Species""}",1907,3,1,abstract,"[""CHEBI:26523""]",lexical_candidate_only,data/raw/discovery_pilot/51e0cf1555b67a873f11ddeef370092171da9a96fac3114dffbf752e60ea5861.json,3a45de7af8b858690bd4afe055a244a80441c18e380efa9a6fddc7206083f6e2
42668073,81,ERI,Chemical,MESH:C007619,eriodictyol,"[{""offset"": 1936, ""length"": 3}]","{""identifier"": ""MESH:C007619"", ""type"": ""Chemical"", ""valid"": true, ""normalized"": [""C007619""], ""database"": ""ncbi_mesh"", ""normalized_id"": ""C007619"", ""biotype"": ""chemical"", ""name"": ""eriodictyol"", ""accession"": ""@CHEMICAL_eriodictyol""}",1936,3,1,abstract,[],lexical_candidate_only,data/raw/discovery_pilot/51e0cf1555b67a873f11ddeef370092171da9a96fac3114dffbf752e60ea5861.json,3a45de7af8b858690bd4afe055a244a80441c18e380efa9a6fddc7206083f6e2
42668073,82,LDHB,Gene,16832,Ldhb,"[{""offset"": 1968, ""length"": 4}]","{""identifier"": ""16832"", ""type"": ""Gene"", ""ncbi_homologene"": ""55647"", ""valid"": true, ""normalized"": [16832], ""database"": ""ncbi_gene"", ""normalized_id"": 16832, ""biotype"": ""gene"", ""name"": ""Ldhb"", ""accession"": ""@GENE_LDHB""}",1968,4,1,abstract,[],lexical_candidate_only,data/raw/discovery_pilot/51e0cf1555b67a873f11ddeef370092171da9a96fac3114dffbf752e60ea5861.json,3a45de7af8b858690bd4afe055a244a80441c18e380efa9a6fddc7206083f6e2
42668073,83,LDHB,Gene,16832,Ldhb,"[{""offset"": 2018, ""length"": 4}]","{""identifier"": ""16832"", ""type"": ""Gene"", ""ncbi_homologene"": ""55647"", ""valid"": true, ""normalized"": [16832], ""database"": ""ncbi_gene"", ""normalized_id"": 16832, ""biotype"": ""gene"", ""name"": ""Ldhb"", ""accession"": ""@GENE_LDHB""}",2018,4,1,abstract,[],lexical_candidate_only,data/raw/discovery_pilot/51e0cf1555b67a873f11ddeef370092171da9a96fac3114dffbf752e60ea5861.json,3a45de7af8b858690bd4afe055a244a80441c18e380efa9a6fddc7206083f6e2
42668073,84,ERI,Chemical,MESH:C007619,eriodictyol,"[{""offset"": 2091, ""length"": 3}]","{""identifier"": ""MESH:C007619"", ""type"": ""Chemical"", ""valid"": true, ""normalized"": [""C007619""], ""database"": ""ncbi_mesh"", ""normalized_id"": ""C007619"", ""biotype"": ""chemical"", ""name"": ""eriodictyol"", ""accession"": ""@CHEMICAL_eriodictyol""}",2091,3,1,abstract,[],lexical_candidate_only,data/raw/discovery_pilot/51e0cf1555b67a873f11ddeef370092171da9a96fac3114dffbf752e60ea5861.json,3a45de7af8b858690bd4afe055a244a80441c18e380efa9a6fddc7206083f6e2
42668073,85,LDHB,Gene,16832,Ldhb,"[{""offset"": 2155, ""length"": 4}]","{""identifier"": ""16832"", ""type"": ""Gene"", ""ncbi_homologene"": ""55647"", ""valid"": true, ""normalized"": [16832], ""database"": ""ncbi_gene"", ""normalized_id"": 16832, ""biotype"": ""gene"", ""name"": ""Ldhb"", ""accession"": ""@GENE_LDHB""}",2155,4,1,abstract,[],lexical_candidate_only,data/raw/discovery_pilot/51e0cf1555b67a873f11ddeef370092171da9a96fac3114dffbf752e60ea5861.json,3a45de7af8b858690bd4afe055a244a80441c18e380efa9a6fddc7206083f6e2
42668073,86,ERI,Chemical,MESH:C007619,eriodictyol,"[{""offset"": 2220, ""length"": 3}]","{""identifier"": ""MESH:C007619"", ""type"": ""Chemical"", ""valid"": true, ""normalized"": [""C007619""], ""database"": ""ncbi_mesh"", ""normalized_id"": ""C007619"", ""biotype"": ""chemical"", ""name"": ""eriodictyol"", ""accession"": ""@CHEMICAL_eriodictyol""}",2220,3,1,abstract,[],lexical_candidate_only,data/raw/discovery_pilot/51e0cf1555b67a873f11ddeef370092171da9a96fac3114dffbf752e60ea5861.json,3a45de7af8b858690bd4afe055a244a80441c18e380efa9a6fddc7206083f6e2
42668073,87,bone loss,Disease,MESH:D001847,Bone Diseases,"[{""offset"": 2247, ""length"": 9}]","{""identifier"": ""MESH:D001847"", ""type"": ""Disease"", ""valid"": true, ""normalized"": [""D001847""], ""database"": ""ncbi_mesh"", ""normalized_id"": ""D001847"", ""biotype"": ""disease"", ""name"": ""Bone Diseases"", ""accession"": ""@DISEASE_Bone_Diseases""}",2247,9,1,abstract,[],lexical_candidate_only,data/raw/discovery_pilot/51e0cf1555b67a873f11ddeef370092171da9a96fac3114dffbf752e60ea5861.json,3a45de7af8b858690bd4afe055a244a80441c18e380efa9a6fddc7206083f6e2
42668073,88,LPS,Chemical,MESH:D008070,Lipopolysaccharides,"[{""offset"": 2270, ""length"": 3}]","{""identifier"": ""MESH:D008070"", ""type"": ""Chemical"", ""valid"": true, ""normalized"": [""D008070""], ""database"": ""ncbi_mesh"", ""normalized_id"": ""D008070"", ""biotype"": ""chemical"", ""name"": ""Lipopolysaccharides"", ""accession"": ""@CHEMICAL_Lipopolysaccharides""}",2270,3,1,abstract,[],lexical_candidate_only,data/raw/discovery_pilot/51e0cf1555b67a873f11ddeef370092171da9a96fac3114dffbf752e60ea5861.json,3a45de7af8b858690bd4afe055a244a80441c18e380efa9a6fddc7206083f6e2
42668073,89,mice,Species,10090,10090,"[{""offset"": 2277, ""length"": 4}]","{""identifier"": ""10090"", ""type"": ""Species"", ""valid"": true, ""normalized"": [10090], ""database"": ""ncbi_taxonomy"", ""normalized_id"": 10090, ""biotype"": ""species"", ""name"": ""10090"", ""accession"": null}",2277,4,1,abstract,[],lexical_candidate_only,data/raw/discovery_pilot/51e0cf1555b67a873f11ddeef370092171da9a96fac3114dffbf752e60ea5861.json,3a45de7af8b858690bd4afe055a244a80441c18e380efa9a6fddc7206083f6e2
42668073,90,ERI,Chemical,MESH:C007619,eriodictyol,"[{""offset"": 2336, ""length"": 3}]","{""identifier"": ""MESH:C007619"", ""type"": ""Chemical"", ""valid"": true, ""normalized"": [""C007619""], ""database"": ""ncbi_mesh"", ""normalized_id"": ""C007619"", ""biotype"": ""chemical"", ""name"": ""eriodictyol"", ""accession"": ""@CHEMICAL_eriodictyol""}",2336,3,1,abstract,[],lexical_candidate_only,data/raw/discovery_pilot/51e0cf1555b67a873f11ddeef370092171da9a96fac3114dffbf752e60ea5861.json,3a45de7af8b858690bd4afe055a244a80441c18e380efa9a6fddc7206083f6e2
42668073,91,PINK1,Gene,68943,Pink1,"[{""offset"": 2381, ""length"": 5}]","{""identifier"": ""68943"", ""type"": ""Gene"", ""ncbi_homologene"": ""32672"", ""valid"": true, ""normalized"": [68943], ""database"": ""ncbi_gene"", ""normalized_id"": 68943, ""biotype"": ""gene"", ""name"": ""Pink1"", ""accession"": ""@GENE_PINK1""}",2381,5,1,abstract,[],lexical_candidate_only,data/raw/discovery_pilot/51e0cf1555b67a873f11ddeef370092171da9a96fac3114dffbf752e60ea5861.json,3a45de7af8b858690bd4afe055a244a80441c18e380efa9a6fddc7206083f6e2
42668073,92,NLRP3,Gene,216799,Nlrp3,"[{""offset"": 2429, ""length"": 5}]","{""identifier"": ""216799"", ""type"": ""Gene"", ""ncbi_homologene"": ""3600"", ""valid"": true, ""normalized"": [216799], ""database"": ""ncbi_gene"", ""normalized_id"": 216799, ""biotype"": ""gene"", ""name"": ""Nlrp3"", ""accession"": ""@GENE_NLRP3""}",2429,5,1,abstract,[],lexical_candidate_only,data/raw/discovery_pilot/51e0cf1555b67a873f11ddeef370092171da9a96fac3114dffbf752e60ea5861.json,3a45de7af8b858690bd4afe055a244a80441c18e380efa9a6fddc7206083f6e2
42668073,93,bone loss-related diseases,Disease,MESH:D001847,Bone Diseases,"[{""offset"": 2525, ""length"": 26}]","{""identifier"": ""MESH:D001847"", ""type"": ""Disease"", ""valid"": true, ""normalized"": [""D001847""], ""database"": ""ncbi_mesh"", ""normalized_id"": ""D001847"", ""biotype"": ""disease"", ""name"": ""Bone Diseases"", ""accession"": ""@DISEASE_Bone_Diseases""}",2525,26,1,abstract,[],lexical_candidate_only,data/raw/discovery_pilot/51e0cf1555b67a873f11ddeef370092171da9a96fac3114dffbf752e60ea5861.json,3a45de7af8b858690bd4afe055a244a80441c18e380efa9a6fddc7206083f6e2
42710660,3,B1486,Chemical,-,,"[{""offset"": 0, ""length"": 5}]","{""identifier"": ""-"", ""type"": ""Chemical"", ""valid"": false, ""normalized_id"": null, ""biotype"": ""chemical""}",0,5,0,title,[],lexical_candidate_only,data/raw/discovery_pilot/51e0cf1555b67a873f11ddeef370092171da9a96fac3114dffbf752e60ea5861.json,3a45de7af8b858690bd4afe055a244a80441c18e380efa9a6fddc7206083f6e2
42710660,4,VprBP,Gene,100333081,vprbp,"[{""offset"": 25, ""length"": 5}]","{""identifier"": ""100333081"", ""type"": ""Gene"", ""valid"": true, ""normalized"": [100333081], ""database"": ""ncbi_gene"", ""normalized_id"": 100333081, ""biotype"": ""gene"", ""name"": ""vprbp"", ""accession"": ""@GENE_VPRBP""}",25,5,0,title,[],lexical_candidate_only,data/raw/discovery_pilot/51e0cf1555b67a873f11ddeef370092171da9a96fac3114dffbf752e60ea5861.json,3a45de7af8b858690bd4afe055a244a80441c18e380efa9a6fddc7206083f6e2
42710660,5,osteoclast,Disease,MESH:D001862,Bone Resorption,"[{""offset"": 61, ""length"": 10}]","{""identifier"": ""MESH:D001862"", ""type"": ""Disease"", ""valid"": true, ""normalized"": [""D001862""], ""database"": ""ncbi_mesh"", ""normalized_id"": ""D001862"", ""biotype"": ""disease"", ""name"": ""Bone Resorption"", ""accession"": ""@DISEASE_Bone_Resorption""}",61,10,0,title,[],lexical_candidate_only,data/raw/discovery_pilot/51e0cf1555b67a873f11ddeef370092171da9a96fac3114dffbf752e60ea5861.json,3a45de7af8b858690bd4afe055a244a80441c18e380efa9a6fddc7206083f6e2
42710660,33,osteolytic diseases,Disease,MESH:D004194,Disease,"[{""offset"": 382, ""length"": 19}]","{""identifier"": ""MESH:D004194"", ""type"": ""Disease"", ""valid"": true, ""normalized"": [""D004194""], ""database"": ""ncbi_mesh"", ""normalized_id"": ""D004194"", ""biotype"": ""disease"", ""name"": ""Disease"", ""accession"": ""@DISEASE_Disease""}",382,19,1,abstract,[],lexical_candidate_only,data/raw/discovery_pilot/51e0cf1555b67a873f11ddeef370092171da9a96fac3114dffbf752e60ea5861.json,3a45de7af8b858690bd4afe055a244a80441c18e380efa9a6fddc7206083f6e2
42710660,34,VprBP,Gene,100333081,vprbp,"[{""offset"": 403, ""length"": 5}]","{""identifier"": ""100333081"", ""type"": ""Gene"", ""valid"": true, ""normalized"": [100333081], ""database"": ""ncbi_gene"", ""normalized_id"": 100333081, ""biotype"": ""gene"", ""name"": ""vprbp"", ""accession"": ""@GENE_VPRBP""}",403,5,1,abstract,[],lexical_candidate_only,data/raw/discovery_pilot/51e0cf1555b67a873f11ddeef370092171da9a96fac3114dffbf752e60ea5861.json,3a45de7af8b858690bd4afe055a244a80441c18e380efa9a6fddc7206083f6e2
42710660,35,osteoclast,Disease,MESH:D001862,Bone Resorption,"[{""offset"": 484, ""length"": 10}]","{""identifier"": ""MESH:D001862"", ""type"": ""Disease"", ""valid"": true, ""normalized"": [""D001862""], ""database"": ""ncbi_mesh"", ""normalized_id"": ""D001862"", ""biotype"": ""disease"", ""name"": ""Bone Resorption"", ""accession"": ""@DISEASE_Bone_Resorption""}",484,10,1,abstract,[],lexical_candidate_only,data/raw/discovery_pilot/51e0cf1555b67a873f11ddeef370092171da9a96fac3114dffbf752e60ea5861.json,3a45de7af8b858690bd4afe055a244a80441c18e380efa9a6fddc7206083f6e2
42710660,36,B32B3,Chemical,-,,"[{""offset"": 607, ""length"": 5}]","{""identifier"": ""-"", ""type"": ""Chemical"", ""valid"": false, ""normalized_id"": null, ""biotype"": ""chemical""}",607,5,1,abstract,[],lexical_candidate_only,data/raw/discovery_pilot/51e0cf1555b67a873f11ddeef370092171da9a96fac3114dffbf752e60ea5861.json,3a45de7af8b858690bd4afe055a244a80441c18e380efa9a6fddc7206083f6e2
42710660,37,VprBP,Gene,100333081,vprbp,"[{""offset"": 626, ""length"": 5}]","{""identifier"": ""100333081"", ""type"": ""Gene"", ""valid"": true, ""normalized"": [100333081], ""database"": ""ncbi_gene"", ""normalized_id"": 100333081, ""biotype"": ""gene"", ""name"": ""vprbp"", ""accession"": ""@GENE_VPRBP""}",626,5,1,abstract,[],lexical_candidate_only,data/raw/discovery_pilot/51e0cf1555b67a873f11ddeef370092171da9a96fac3114dffbf752e60ea5861.json,3a45de7af8b858690bd4afe055a244a80441c18e380efa9a6fddc7206083f6e2
42710660,38,osteoclast,Disease,MESH:D001862,Bone Resorption,"[{""offset"": 710, ""length"": 10}]","{""identifier"": ""MESH:D001862"", ""type"": ""Disease"", ""valid"": true, ""normalized"": [""D001862""], ""database"": ""ncbi_mesh"", ""normalized_id"": ""D001862"", ""biotype"": ""disease"", ""name"": ""Bone Resorption"", ""accession"": ""@DISEASE_Bone_Resorption""}",710,10,1,abstract,[],lexical_candidate_only,data/raw/discovery_pilot/51e0cf1555b67a873f11ddeef370092171da9a96fac3114dffbf752e60ea5861.json,3a45de7af8b858690bd4afe055a244a80441c18e380efa9a6fddc7206083f6e2
42710660,39,bone diseases,Disease,MESH:D001847,Bone Diseases,"[{""offset"": 731, ""length"": 13}]","{""identifier"": ""MESH:D001847"", ""type"": ""Disease"", ""valid"": true, ""normalized"": [""D001847""], ""database"": ""ncbi_mesh"", ""normalized_id"": ""D001847"", ""biotype"": ""disease"", ""name"": ""Bone Diseases"", ""accession"": ""@DISEASE_Bone_Diseases""}",731,13,1,abstract,[],lexical_candidate_only,data/raw/discovery_pilot/51e0cf1555b67a873f11ddeef370092171da9a96fac3114dffbf752e60ea5861.json,3a45de7af8b858690bd4afe055a244a80441c18e380efa9a6fddc7206083f6e2
42710660,40,B32B3,Chemical,-,,"[{""offset"": 841, ""length"": 5}]","{""identifier"": ""-"", ""type"": ""Chemical"", ""valid"": false, ""normalized_id"": null, ""biotype"": ""chemical""}",841,5,1,abstract,[],lexical_candidate_only,data/raw/discovery_pilot/51e0cf1555b67a873f11ddeef370092171da9a96fac3114dffbf752e60ea5861.json,3a45de7af8b858690bd4afe055a244a80441c18e380efa9a6fddc7206083f6e2
42710660,41,VprBP,Gene,100333081,vprbp,"[{""offset"": 898, ""length"": 5}]","{""identifier"": ""100333081"", ""type"": ""Gene"", ""valid"": true, ""normalized"": [100333081], ""database"": ""ncbi_gene"", ""normalized_id"": 100333081, ""biotype"": ""gene"", ""name"": ""vprbp"", ""accession"": ""@GENE_VPRBP""}",898,5,1,abstract,[],lexical_candidate_only,data/raw/discovery_pilot/51e0cf1555b67a873f11ddeef370092171da9a96fac3114dffbf752e60ea5861.json,3a45de7af8b858690bd4afe055a244a80441c18e380efa9a6fddc7206083f6e2
42710660,42,B32B3,Chemical,-,,"[{""offset"": 930, ""length"": 5}]","{""identifier"": ""-"", ""type"": ""Chemical"", ""valid"": false, ""normalized_id"": null, ""biotype"": ""chemical""}",930,5,1,abstract,[],lexical_candidate_only,data/raw/discovery_pilot/51e0cf1555b67a873f11ddeef370092171da9a96fac3114dffbf752e60ea5861.json,3a45de7af8b858690bd4afe055a244a80441c18e380efa9a6fddc7206083f6e2
42710660,43,B1486,Chemical,-,,"[{""offset"": 990, ""length"": 5}]","{""identifier"": ""-"", ""type"": ""Chemical"", ""valid"": false, ""normalized_id"": null, ""biotype"": ""chemical""}",990,5,1,abstract,[],lexical_candidate_only,data/raw/discovery_pilot/51e0cf1555b67a873f11ddeef370092171da9a96fac3114dffbf752e60ea5861.json,3a45de7af8b858690bd4afe055a244a80441c18e380efa9a6fddc7206083f6e2
42710660,44,B3703,Chemical,-,,"[{""offset"": 997, ""length"": 5}]","{""identifier"": ""-"", ""type"": ""Chemical"", ""valid"": false, ""normalized_id"": null, ""biotype"": ""chemical""}",997,5,1,abstract,[],lexical_candidate_only,data/raw/discovery_pilot/51e0cf1555b67a873f11ddeef370092171da9a96fac3114dffbf752e60ea5861.json,3a45de7af8b858690bd4afe055a244a80441c18e380efa9a6fddc7206083f6e2
42710660,45,B6756,Chemical,-,,"[{""offset"": 1008, ""length"": 5}]","{""identifier"": ""-"", ""type"": ""Chemical"", ""valid"": false, ""normalized_id"": null, ""biotype"": ""chemical""}",1008,5,1,abstract,[],lexical_candidate_only,data/raw/discovery_pilot/51e0cf1555b67a873f11ddeef370092171da9a96fac3114dffbf752e60ea5861.json,3a45de7af8b858690bd4afe055a244a80441c18e380efa9a6fddc7206083f6e2
42710660,46,RANKL,Gene,100331628,tnfsf11,"[{""offset"": 1096, ""length"": 5}]","{""identifier"": ""100331628"", ""type"": ""Gene"", ""valid"": true, ""normalized"": [100331628], ""database"": ""ncbi_gene"", ""normalized_id"": 100331628, ""biotype"": ""gene"", ""name"": ""tnfsf11"", ""accession"": ""@GENE_TNFSF11""}",1096,5,1,abstract,"[""LOCAL:protein:mouse:TNFSF11""]",lexical_candidate_only,data/raw/discovery_pilot/51e0cf1555b67a873f11ddeef370092171da9a96fac3114dffbf752e60ea5861.json,3a45de7af8b858690bd4afe055a244a80441c18e380efa9a6fddc7206083f6e2
42710660,47,osteoclast,Disease,MESH:D001862,Bone Resorption,"[{""offset"": 1129, ""length"": 10}]","{""identifier"": ""MESH:D001862"", ""type"": ""Disease"", ""valid"": true, ""normalized"": [""D001862""], ""database"": ""ncbi_mesh"", ""normalized_id"": ""D001862"", ""biotype"": ""disease"", ""name"": ""Bone Resorption"", ""accession"": ""@DISEASE_Bone_Resorption""}",1129,10,1,abstract,[],lexical_candidate_only,data/raw/discovery_pilot/51e0cf1555b67a873f11ddeef370092171da9a96fac3114dffbf752e60ea5861.json,3a45de7af8b858690bd4afe055a244a80441c18e380efa9a6fddc7206083f6e2
42710660,48,B1486,Chemical,-,,"[{""offset"": 1267, ""length"": 5}]","{""identifier"": ""-"", ""type"": ""Chemical"", ""valid"": false, ""normalized_id"": null, ""biotype"": ""chemical""}",1267,5,1,abstract,[],lexical_candidate_only,data/raw/discovery_pilot/51e0cf1555b67a873f11ddeef370092171da9a96fac3114dffbf752e60ea5861.json,3a45de7af8b858690bd4afe055a244a80441c18e380efa9a6fddc7206083f6e2
42710660,49,B3703,Chemical,-,,"[{""offset"": 1294, ""length"": 5}]","{""identifier"": ""-"", ""type"": ""Chemical"", ""valid"": false, ""normalized_id"": null, ""biotype"": ""chemical""}",1294,5,1,abstract,[],lexical_candidate_only,data/raw/discovery_pilot/51e0cf1555b67a873f11ddeef370092171da9a96fac3114dffbf752e60ea5861.json,3a45de7af8b858690bd4afe055a244a80441c18e380efa9a6fddc7206083f6e2
42710660,50,B6756,Chemical,-,,"[{""offset"": 1304, ""length"": 5}]","{""identifier"": ""-"", ""type"": ""Chemical"", ""valid"": false, ""normalized_id"": null, ""biotype"": ""chemical""}",1304,5,1,abstract,[],lexical_candidate_only,data/raw/discovery_pilot/51e0cf1555b67a873f11ddeef370092171da9a96fac3114dffbf752e60ea5861.json,3a45de7af8b858690bd4afe055a244a80441c18e380efa9a6fddc7206083f6e2
42710660,51,VprBP,Gene,100333081,vprbp,"[{""offset"": 1323, ""length"": 5}]","{""identifier"": ""100333081"", ""type"": ""Gene"", ""valid"": true, ""normalized"": [100333081], ""database"": ""ncbi_gene"", ""normalized_id"": 100333081, ""biotype"": ""gene"", ""name"": ""vprbp"", ""accession"": ""@GENE_VPRBP""}",1323,5,1,abstract,[],lexical_candidate_only,data/raw/discovery_pilot/51e0cf1555b67a873f11ddeef370092171da9a96fac3114dffbf752e60ea5861.json,3a45de7af8b858690bd4afe055a244a80441c18e380efa9a6fddc7206083f6e2
42710660,52,B1486,Chemical,-,,"[{""offset"": 1423, ""length"": 5}]","{""identifier"": ""-"", ""type"": ""Chemical"", ""valid"": false, ""normalized_id"": null, ""biotype"": ""chemical""}",1423,5,1,abstract,[],lexical_candidate_only,data/raw/discovery_pilot/51e0cf1555b67a873f11ddeef370092171da9a96fac3114dffbf752e60ea5861.json,3a45de7af8b858690bd4afe055a244a80441c18e380efa9a6fddc7206083f6e2
42710660,53,VprBP,Gene,100333081,vprbp,"[{""offset"": 1487, ""length"": 5}]","{""identifier"": ""100333081"", ""type"": ""Gene"", ""valid"": true, ""normalized"": [100333081], ""database"": ""ncbi_gene"", ""normalized_id"": 100333081, ""biotype"": ""gene"", ""name"": ""vprbp"", ""accession"": ""@GENE_VPRBP""}",1487,5,1,abstract,[],lexical_candidate_only,data/raw/discovery_pilot/51e0cf1555b67a873f11ddeef370092171da9a96fac3114dffbf752e60ea5861.json,3a45de7af8b858690bd4afe055a244a80441c18e380efa9a6fddc7206083f6e2
42710660,54,zebrafish,Species,7955,7955,"[{""offset"": 1578, ""length"": 9}]","{""identifier"": ""7955"", ""type"": ""Species"", ""valid"": true, ""normalized"": [7955], ""database"": ""ncbi_taxonomy"", ""normalized_id"": 7955, ""biotype"": ""species"", ""name"": ""7955"", ""accession"": null}",1578,9,1,abstract,[],lexical_candidate_only,data/raw/discovery_pilot/51e0cf1555b67a873f11ddeef370092171da9a96fac3114dffbf752e60ea5861.json,3a45de7af8b858690bd4afe055a244a80441c18e380efa9a6fddc7206083f6e2
42710660,55,mouse,Species,10090,10090,"[{""offset"": 1592, ""length"": 5}]","{""identifier"": ""10090"", ""type"": ""Species"", ""valid"": true, ""normalized"": [10090], ""database"": ""ncbi_taxonomy"", ""normalized_id"": 10090, ""biotype"": ""species"", ""name"": ""10090"", ""accession"": null}",1592,5,1,abstract,[],lexical_candidate_only,data/raw/discovery_pilot/51e0cf1555b67a873f11ddeef370092171da9a96fac3114dffbf752e60ea5861.json,3a45de7af8b858690bd4afe055a244a80441c18e380efa9a6fddc7206083f6e2
42710660,56,B1486,Chemical,-,,"[{""offset"": 1648, ""length"": 5}]","{""identifier"": ""-"", ""type"": ""Chemical"", ""valid"": false, ""normalized_id"": null, ""biotype"": ""chemical""}",1648,5,1,abstract,[],lexical_candidate_only,data/raw/discovery_pilot/51e0cf1555b67a873f11ddeef370092171da9a96fac3114dffbf752e60ea5861.json,3a45de7af8b858690bd4afe055a244a80441c18e380efa9a6fddc7206083f6e2
42710660,57,VprBP,Gene,100333081,vprbp,"[{""offset"": 1696, ""length"": 5}]","{""identifier"": ""100333081"", ""type"": ""Gene"", ""valid"": true, ""normalized"": [100333081], ""database"": ""ncbi_gene"", ""normalized_id"": 100333081, ""biotype"": ""gene"", ""name"": ""vprbp"", ""accession"": ""@GENE_VPRBP""}",1696,5,1,abstract,[],lexical_candidate_only,data/raw/discovery_pilot/51e0cf1555b67a873f11ddeef370092171da9a96fac3114dffbf752e60ea5861.json,3a45de7af8b858690bd4afe055a244a80441c18e380efa9a6fddc7206083f6e2
42710660,58,osteoporosis,Disease,MESH:D010024,Osteoporosis,"[{""offset"": 1783, ""length"": 12}]","{""identifier"": ""MESH:D010024"", ""type"": ""Disease"", ""valid"": true, ""normalized"": [""D010024""], ""database"": ""ncbi_mesh"", ""normalized_id"": ""D010024"", ""biotype"": ""disease"", ""name"": ""Osteoporosis"", ""accession"": ""@DISEASE_Osteoporosis""}",1783,12,1,abstract,[],lexical_candidate_only,data/raw/discovery_pilot/51e0cf1555b67a873f11ddeef370092171da9a96fac3114dffbf752e60ea5861.json,3a45de7af8b858690bd4afe055a244a80441c18e380efa9a6fddc7206083f6e2
42710660,59,osteoclast,Disease,MESH:D001862,Bone Resorption,"[{""offset"": 1819, ""length"": 10}]","{""identifier"": ""MESH:D001862"", ""type"": ""Disease"", ""valid"": true, ""normalized"": [""D001862""], ""database"": ""ncbi_mesh"", ""normalized_id"": ""D001862"", ""biotype"": ""disease"", ""name"": ""Bone Resorption"", ""accession"": ""@DISEASE_Bone_Resorption""}",1819,10,1,abstract,[],lexical_candidate_only,data/raw/discovery_pilot/51e0cf1555b67a873f11ddeef370092171da9a96fac3114dffbf752e60ea5861.json,3a45de7af8b858690bd4afe055a244a80441c18e380efa9a6fddc7206083f6e2
39120025,2,PRMT6,Gene,55170,PRMT6,"[{""offset"": 0, ""length"": 5}]","{""identifier"": ""55170"", ""type"": ""Gene"", ""ncbi_homologene"": ""10024"", ""valid"": true, ""normalized"": [55170], ""database"": ""ncbi_gene"", ""normalized_id"": 55170, ""biotype"": ""gene"", ""name"": ""PRMT6"", ""accession"": ""@GENE_PRMT6""}",0,5,0,title,"[""LOCAL:protein:mouse:PRMT6""]",lexical_candidate_only,data/raw/discovery_pilot/c9f79391b6d9f45d562bfab7fb5011d2038e0b47656c04e8504e4cba18321274.json,c84b99ab3ae0446c40c38dccb8d29a844939c9c07d0da5b3ea09d72ea31bb2cb
39120025,3,Fatty Acid,Chemical,MESH:D005227,Fatty Acids,"[{""offset"": 50, ""length"": 10}]","{""identifier"": ""MESH:D005227"", ""type"": ""Chemical"", ""valid"": true, ""normalized"": [""D005227""], ""database"": ""ncbi_mesh"", ""normalized_id"": ""D005227"", ""biotype"": ""chemical"", ""name"": ""Fatty Acids"", ""accession"": ""@CHEMICAL_Fatty_Acids""}",50,10,0,title,[],lexical_candidate_only,data/raw/discovery_pilot/c9f79391b6d9f45d562bfab7fb5011d2038e0b47656c04e8504e4cba18321274.json,c84b99ab3ae0446c40c38dccb8d29a844939c9c07d0da5b3ea09d72ea31bb2cb
39120025,19,PRMT6,Gene,55170,PRMT6,"[{""offset"": 553, ""length"": 5}]","{""identifier"": ""55170"", ""type"": ""Gene"", ""ncbi_homologene"": ""10024"", ""valid"": true, ""normalized"": [55170], ""database"": ""ncbi_gene"", ""normalized_id"": 55170, ""biotype"": ""gene"", ""name"": ""PRMT6"", ""accession"": ""@GENE_PRMT6""}",553,5,1,abstract,"[""LOCAL:protein:mouse:PRMT6""]",lexical_candidate_only,data/raw/discovery_pilot/c9f79391b6d9f45d562bfab7fb5011d2038e0b47656c04e8504e4cba18321274.json,c84b99ab3ae0446c40c38dccb8d29a844939c9c07d0da5b3ea09d72ea31bb2cb
39120025,20,fatty acids,Chemical,MESH:D005227,Fatty Acids,"[{""offset"": 625, ""length"": 11}]","{""identifier"": ""MESH:D005227"", ""type"": ""Chemical"", ""valid"": true, ""normalized"": [""D005227""], ""database"": ""ncbi_mesh"", ""normalized_id"": ""D005227"", ""biotype"": ""chemical"", ""name"": ""Fatty Acids"", ""accession"": ""@CHEMICAL_Fatty_Acids""}",625,11,1,abstract,[],lexical_candidate_only,data/raw/discovery_pilot/c9f79391b6d9f45d562bfab7fb5011d2038e0b47656c04e8504e4cba18321274.json,c84b99ab3ae0446c40c38dccb8d29a844939c9c07d0da5b3ea09d72ea31bb2cb
39120025,21,Prmt6,Gene,55170,PRMT6,"[{""offset"": 678, ""length"": 5}]","{""identifier"": ""55170"", ""type"": ""Gene"", ""ncbi_homologene"": ""10024"", ""valid"": true, ""normalized"": [55170], ""database"": ""ncbi_gene"", ""normalized_id"": 55170, ""biotype"": ""gene"", ""name"": ""PRMT6"", ""accession"": ""@GENE_PRMT6""}",678,5,1,abstract,"[""LOCAL:protein:mouse:PRMT6""]",lexical_candidate_only,data/raw/discovery_pilot/c9f79391b6d9f45d562bfab7fb5011d2038e0b47656c04e8504e4cba18321274.json,c84b99ab3ae0446c40c38dccb8d29a844939c9c07d0da5b3ea09d72ea31bb2cb
39120025,22,HIF-1alpha,Gene,3091,HIF1A,"[{""offset"": 734, ""length"": 10}]","{""identifier"": ""3091"", ""type"": ""Gene"", ""ncbi_homologene"": ""1171"", ""valid"": true, ""normalized"": [3091], ""database"": ""ncbi_gene"", ""normalized_id"": 3091, ""biotype"": ""gene"", ""name"": ""HIF1A"", ""accession"": ""@GENE_HIF1A""}",734,10,1,abstract,"[""LOCAL:protein:mouse:HIF1A""]",lexical_candidate_only,data/raw/discovery_pilot/c9f79391b6d9f45d562bfab7fb5011d2038e0b47656c04e8504e4cba18321274.json,c84b99ab3ae0446c40c38dccb8d29a844939c9c07d0da5b3ea09d72ea31bb2cb
39120025,23,fatty acid,Chemical,MESH:D005227,Fatty Acids,"[{""offset"": 779, ""length"": 10}]","{""identifier"": ""MESH:D005227"", ""type"": ""Chemical"", ""valid"": true, ""normalized"": [""D005227""], ""database"": ""ncbi_mesh"", ""normalized_id"": ""D005227"", ""biotype"": ""chemical"", ""name"": ""Fatty Acids"", ""accession"": ""@CHEMICAL_Fatty_Acids""}",779,10,1,abstract,[],lexical_candidate_only,data/raw/discovery_pilot/c9f79391b6d9f45d562bfab7fb5011d2038e0b47656c04e8504e4cba18321274.json,c84b99ab3ae0446c40c38dccb8d29a844939c9c07d0da5b3ea09d72ea31bb2cb
39120025,24,PRMT6,Gene,55170,PRMT6,"[{""offset"": 815, ""length"": 5}]","{""identifier"": ""55170"", ""type"": ""Gene"", ""ncbi_homologene"": ""10024"", ""valid"": true, ""normalized"": [55170], ""database"": ""ncbi_gene"", ""normalized_id"": 55170, ""biotype"": ""gene"", ""name"": ""PRMT6"", ""accession"": ""@GENE_PRMT6""}",815,5,1,abstract,"[""LOCAL:protein:mouse:PRMT6""]",lexical_candidate_only,data/raw/discovery_pilot/c9f79391b6d9f45d562bfab7fb5011d2038e0b47656c04e8504e4cba18321274.json,c84b99ab3ae0446c40c38dccb8d29a844939c9c07d0da5b3ea09d72ea31bb2cb
39120025,25,mice,Species,10090,10090,"[{""offset"": 929, ""length"": 4}]","{""identifier"": ""10090"", ""type"": ""Species"", ""valid"": true, ""normalized"": [10090], ""database"": ""ncbi_taxonomy"", ""normalized_id"": 10090, ""biotype"": ""species"", ""name"": ""10090"", ""accession"": null}",929,4,1,abstract,[],lexical_candidate_only,data/raw/discovery_pilot/c9f79391b6d9f45d562bfab7fb5011d2038e0b47656c04e8504e4cba18321274.json,c84b99ab3ae0446c40c38dccb8d29a844939c9c07d0da5b3ea09d72ea31bb2cb
39120025,26,Prmt6,Gene,55170,PRMT6,"[{""offset"": 959, ""length"": 5}]","{""identifier"": ""55170"", ""type"": ""Gene"", ""ncbi_homologene"": ""10024"", ""valid"": true, ""normalized"": [55170], ""database"": ""ncbi_gene"", ""normalized_id"": 55170, ""biotype"": ""gene"", ""name"": ""PRMT6"", ""accession"": ""@GENE_PRMT6""}",959,5,1,abstract,"[""LOCAL:protein:mouse:PRMT6""]",lexical_candidate_only,data/raw/discovery_pilot/c9f79391b6d9f45d562bfab7fb5011d2038e0b47656c04e8504e4cba18321274.json,c84b99ab3ae0446c40c38dccb8d29a844939c9c07d0da5b3ea09d72ea31bb2cb
39120025,27,Ppard,Gene,5467,PPARD,"[{""offset"": 1053, ""length"": 5}]","{""identifier"": ""5467"", ""type"": ""Gene"", ""ncbi_homologene"": ""4544"", ""valid"": true, ""normalized"": [5467], ""database"": ""ncbi_gene"", ""normalized_id"": 5467, ""biotype"": ""gene"", ""name"": ""PPARD"", ""accession"": ""@GENE_PPARD""}",1053,5,1,abstract,"[""LOCAL:protein:mouse:PPARD""]",lexical_candidate_only,data/raw/discovery_pilot/c9f79391b6d9f45d562bfab7fb5011d2038e0b47656c04e8504e4cba18321274.json,c84b99ab3ae0446c40c38dccb8d29a844939c9c07d0da5b3ea09d72ea31bb2cb
39120025,28,Acox3,Gene,8310,ACOX3,"[{""offset"": 1060, ""length"": 5}]","{""identifier"": ""8310"", ""type"": ""Gene"", ""ncbi_homologene"": ""37792"", ""valid"": true, ""normalized"": [8310], ""database"": ""ncbi_gene"", ""normalized_id"": 8310, ""biotype"": ""gene"", ""name"": ""ACOX3"", ""accession"": ""@GENE_ACOX3""}",1060,5,1,abstract,[],lexical_candidate_only,data/raw/discovery_pilot/c9f79391b6d9f45d562bfab7fb5011d2038e0b47656c04e8504e4cba18321274.json,c84b99ab3ae0446c40c38dccb8d29a844939c9c07d0da5b3ea09d72ea31bb2cb
39120025,29,Cpt1a,Gene,1374,CPT1A,"[{""offset"": 1071, ""length"": 5}]","{""identifier"": ""1374"", ""type"": ""Gene"", ""ncbi_homologene"": ""1413"", ""valid"": true, ""normalized"": [1374], ""database"": ""ncbi_gene"", ""normalized_id"": 1374, ""biotype"": ""gene"", ""name"": ""CPT1A"", ""accession"": ""@GENE_CPT1A""}",1071,5,1,abstract,"[""LOCAL:protein:mouse:CPT1A""]",lexical_candidate_only,data/raw/discovery_pilot/c9f79391b6d9f45d562bfab7fb5011d2038e0b47656c04e8504e4cba18321274.json,c84b99ab3ae0446c40c38dccb8d29a844939c9c07d0da5b3ea09d72ea31bb2cb
39120025,30,fatty acid,Chemical,MESH:D005227,Fatty Acids,"[{""offset"": 1114, ""length"": 10}]","{""identifier"": ""MESH:D005227"", ""type"": ""Chemical"", ""valid"": true, ""normalized"": [""D005227""], ""database"": ""ncbi_mesh"", ""normalized_id"": ""D005227"", ""biotype"": ""chemical"", ""name"": ""Fatty Acids"", ""accession"": ""@CHEMICAL_Fatty_Acids""}",1114,10,1,abstract,[],lexical_candidate_only,data/raw/discovery_pilot/c9f79391b6d9f45d562bfab7fb5011d2038e0b47656c04e8504e4cba18321274.json,c84b99ab3ae0446c40c38dccb8d29a844939c9c07d0da5b3ea09d72ea31bb2cb
39120025,31,PRMT6,Gene,55170,PRMT6,"[{""offset"": 1136, ""length"": 5}]","{""identifier"": ""55170"", ""type"": ""Gene"", ""ncbi_homologene"": ""10024"", ""valid"": true, ""normalized"": [55170], ""database"": ""ncbi_gene"", ""normalized_id"": 55170, ""biotype"": ""gene"", ""name"": ""PRMT6"", ""accession"": ""@GENE_PRMT6""}",1136,5,1,abstract,"[""LOCAL:protein:mouse:PRMT6""]",lexical_candidate_only,data/raw/discovery_pilot/c9f79391b6d9f45d562bfab7fb5011d2038e0b47656c04e8504e4cba18321274.json,c84b99ab3ae0446c40c38dccb8d29a844939c9c07d0da5b3ea09d72ea31bb2cb
39120025,32,fatty acid,Chemical,MESH:D005227,Fatty Acids,"[{""offset"": 1214, ""length"": 10}]","{""identifier"": ""MESH:D005227"", ""type"": ""Chemical"", ""valid"": true, ""normalized"": [""D005227""], ""database"": ""ncbi_mesh"", ""normalized_id"": ""D005227"", ""biotype"": ""chemical"", ""name"": ""Fatty Acids"", ""accession"": ""@CHEMICAL_Fatty_Acids""}",1214,10,1,abstract,[],lexical_candidate_only,data/raw/discovery_pilot/c9f79391b6d9f45d562bfab7fb5011d2038e0b47656c04e8504e4cba18321274.json,c84b99ab3ae0446c40c38dccb8d29a844939c9c07d0da5b3ea09d72ea31bb2cb
39120025,33,PRMT6,Gene,55170,PRMT6,"[{""offset"": 1299, ""length"": 5}]","{""identifier"": ""55170"", ""type"": ""Gene"", ""ncbi_homologene"": ""10024"", ""valid"": true, ""normalized"": [55170], ""database"": ""ncbi_gene"", ""normalized_id"": 55170, ""biotype"": ""gene"", ""name"": ""PRMT6"", ""accession"": ""@GENE_PRMT6""}",1299,5,1,abstract,"[""LOCAL:protein:mouse:PRMT6""]",lexical_candidate_only,data/raw/discovery_pilot/c9f79391b6d9f45d562bfab7fb5011d2038e0b47656c04e8504e4cba18321274.json,c84b99ab3ae0446c40c38dccb8d29a844939c9c07d0da5b3ea09d72ea31bb2cb
41661386,15,inflammatory,Disease,MESH:D007249,Inflammation,"[{""offset"": 682, ""length"": 12}]","{""identifier"": ""MESH:D007249"", ""type"": ""Disease"", ""valid"": true, ""normalized"": [""D007249""], ""database"": ""ncbi_mesh"", ""normalized_id"": ""D007249"", ""biotype"": ""disease"", ""name"": ""Inflammation"", ""accession"": ""@DISEASE_Inflammation""}",682,12,1,abstract,[],lexical_candidate_only,data/raw/discovery_pilot/c9f79391b6d9f45d562bfab7fb5011d2038e0b47656c04e8504e4cba18321274.json,c84b99ab3ae0446c40c38dccb8d29a844939c9c07d0da5b3ea09d72ea31bb2cb
41661386,16,glucose,Chemical,MESH:D005947,Glucose,"[{""offset"": 778, ""length"": 7}]","{""identifier"": ""MESH:D005947"", ""type"": ""Chemical"", ""valid"": true, ""normalized"": [""D005947""], ""database"": ""ncbi_mesh"", ""normalized_id"": ""D005947"", ""biotype"": ""chemical"", ""name"": ""Glucose"", ""accession"": ""@CHEMICAL_Glucose""}",778,7,1,abstract,"[""CHEBI:17234""]",lexical_candidate_only,data/raw/discovery_pilot/c9f79391b6d9f45d562bfab7fb5011d2038e0b47656c04e8504e4cba18321274.json,c84b99ab3ae0446c40c38dccb8d29a844939c9c07d0da5b3ea09d72ea31bb2cb
41661386,17,amino acids,Chemical,MESH:D000596,Amino Acids,"[{""offset"": 787, ""length"": 11}]","{""identifier"": ""MESH:D000596"", ""type"": ""Chemical"", ""valid"": true, ""normalized"": [""D000596""], ""database"": ""ncbi_mesh"", ""normalized_id"": ""D000596"", ""biotype"": ""chemical"", ""name"": ""Amino Acids"", ""accession"": ""@CHEMICAL_Amino_Acids""}",787,11,1,abstract,[],lexical_candidate_only,data/raw/discovery_pilot/c9f79391b6d9f45d562bfab7fb5011d2038e0b47656c04e8504e4cba18321274.json,c84b99ab3ae0446c40c38dccb8d29a844939c9c07d0da5b3ea09d72ea31bb2cb
41661386,18,lipids,Chemical,MESH:D008055,Lipids,"[{""offset"": 804, ""length"": 6}]","{""identifier"": ""MESH:D008055"", ""type"": ""Chemical"", ""valid"": true, ""normalized"": [""D008055""], ""database"": ""ncbi_mesh"", ""normalized_id"": ""D008055"", ""biotype"": ""chemical"", ""name"": ""Lipids"", ""accession"": ""@CHEMICAL_Lipids""}",804,6,1,abstract,[],lexical_candidate_only,data/raw/discovery_pilot/c9f79391b6d9f45d562bfab7fb5011d2038e0b47656c04e8504e4cba18321274.json,c84b99ab3ae0446c40c38dccb8d29a844939c9c07d0da5b3ea09d72ea31bb2cb
41661386,19,succinate,Chemical,MESH:D019802,Succinic Acid,"[{""offset"": 862, ""length"": 9}]","{""identifier"": ""MESH:D019802"", ""type"": ""Chemical"", ""valid"": true, ""normalized"": [""D019802""], ""database"": ""ncbi_mesh"", ""normalized_id"": ""D019802"", ""biotype"": ""chemical"", ""name"": ""Succinic Acid"", ""accession"": ""@CHEMICAL_Succinic_Acid""}",862,9,1,abstract,"[""CHEBI:15741""]",lexical_candidate_only,data/raw/discovery_pilot/c9f79391b6d9f45d562bfab7fb5011d2038e0b47656c04e8504e4cba18321274.json,c84b99ab3ae0446c40c38dccb8d29a844939c9c07d0da5b3ea09d72ea31bb2cb
41661386,20,itaconate,Chemical,MESH:C005229,itaconic acid,"[{""offset"": 873, ""length"": 9}]","{""identifier"": ""MESH:C005229"", ""type"": ""Chemical"", ""valid"": true, ""normalized"": [""C005229""], ""database"": ""ncbi_mesh"", ""normalized_id"": ""C005229"", ""biotype"": ""chemical"", ""name"": ""itaconic acid"", ""accession"": ""@CHEMICAL_itaconic_acid""}",873,9,1,abstract,"[""CHEBI:30805""]",lexical_candidate_only,data/raw/discovery_pilot/c9f79391b6d9f45d562bfab7fb5011d2038e0b47656c04e8504e4cba18321274.json,c84b99ab3ae0446c40c38dccb8d29a844939c9c07d0da5b3ea09d72ea31bb2cb
41661386,21,alpha-ketoglutarate,Chemical,MESH:D007656,Ketoglutaric Acids,"[{""offset"": 884, ""length"": 19}]","{""identifier"": ""MESH:D007656"", ""type"": ""Chemical"", ""valid"": true, ""normalized"": [""D007656""], ""database"": ""ncbi_mesh"", ""normalized_id"": ""D007656"", ""biotype"": ""chemical"", ""name"": ""Ketoglutaric Acids"", ""accession"": ""@CHEMICAL_Ketoglutaric_Acids""}",884,19,1,abstract,[],lexical_candidate_only,data/raw/discovery_pilot/c9f79391b6d9f45d562bfab7fb5011d2038e0b47656c04e8504e4cba18321274.json,c84b99ab3ae0446c40c38dccb8d29a844939c9c07d0da5b3ea09d72ea31bb2cb
41661386,22,alphaKG,Chemical,MESH:D007656,Ketoglutaric Acids,"[{""offset"": 905, ""length"": 7}]","{""identifier"": ""MESH:D007656"", ""type"": ""Chemical"", ""valid"": true, ""normalized"": [""D007656""], ""database"": ""ncbi_mesh"", ""normalized_id"": ""D007656"", ""biotype"": ""chemical"", ""name"": ""Ketoglutaric Acids"", ""accession"": ""@CHEMICAL_Ketoglutaric_Acids""}",905,7,1,abstract,"[""CHEBI:30915""]",lexical_candidate_only,data/raw/discovery_pilot/c9f79391b6d9f45d562bfab7fb5011d2038e0b47656c04e8504e4cba18321274.json,c84b99ab3ae0446c40c38dccb8d29a844939c9c07d0da5b3ea09d72ea31bb2cb
41661386,23,S-adenosylmethionine,Chemical,MESH:D012436,S-Adenosylmethionine,"[{""offset"": 915, ""length"": 20}]","{""identifier"": ""MESH:D012436"", ""type"": ""Chemical"", ""valid"": true, ""normalized"": [""D012436""], ""database"": ""ncbi_mesh"", ""normalized_id"": ""D012436"", ""biotype"": ""chemical"", ""name"": ""S-Adenosylmethionine"", ""accession"": ""@CHEMICAL_S_Adenosylmethionine""}",915,20,1,abstract,[],lexical_candidate_only,data/raw/discovery_pilot/c9f79391b6d9f45d562bfab7fb5011d2038e0b47656c04e8504e4cba18321274.json,c84b99ab3ae0446c40c38dccb8d29a844939c9c07d0da5b3ea09d72ea31bb2cb
41661386,24,SAM,Chemical,MESH:D012436,S-Adenosylmethionine,"[{""offset"": 937, ""length"": 3}]","{""identifier"": ""MESH:D012436"", ""type"": ""Chemical"", ""valid"": true, ""normalized"": [""D012436""], ""database"": ""ncbi_mesh"", ""normalized_id"": ""D012436"", ""biotype"": ""chemical"", ""name"": ""S-Adenosylmethionine"", ""accession"": ""@CHEMICAL_S_Adenosylmethionine""}",937,3,1,abstract,[],lexical_candidate_only,data/raw/discovery_pilot/c9f79391b6d9f45d562bfab7fb5011d2038e0b47656c04e8504e4cba18321274.json,c84b99ab3ae0446c40c38dccb8d29a844939c9c07d0da5b3ea09d72ea31bb2cb
41661386,25,acetyl-CoA,Chemical,MESH:D000105,Acetyl Coenzyme A,"[{""offset"": 947, ""length"": 10}]","{""identifier"": ""MESH:D000105"", ""type"": ""Chemical"", ""valid"": true, ""normalized"": [""D000105""], ""database"": ""ncbi_mesh"", ""normalized_id"": ""D000105"", ""biotype"": ""chemical"", ""name"": ""Acetyl Coenzyme A"", ""accession"": ""@CHEMICAL_Acetyl_Coenzyme_A""}",947,10,1,abstract,"[""CHEBI:15351""]",lexical_candidate_only,data/raw/discovery_pilot/c9f79391b6d9f45d562bfab7fb5011d2038e0b47656c04e8504e4cba18321274.json,c84b99ab3ae0446c40c38dccb8d29a844939c9c07d0da5b3ea09d72ea31bb2cb
41661386,26,CPT1,Gene,1374,CPT1A,"[{""offset"": 1128, ""length"": 4}]","{""identifier"": ""1374"", ""type"": ""Gene"", ""ncbi_homologene"": ""1413"", ""valid"": true, ""normalized"": [1374], ""database"": ""ncbi_gene"", ""normalized_id"": 1374, ""biotype"": ""gene"", ""name"": ""CPT1A"", ""accession"": ""@GENE_CPT1A""}",1128,4,1,abstract,"[""LOCAL:protein:mouse:CPT1A""]",lexical_candidate_only,data/raw/discovery_pilot/c9f79391b6d9f45d562bfab7fb5011d2038e0b47656c04e8504e4cba18321274.json,c84b99ab3ae0446c40c38dccb8d29a844939c9c07d0da5b3ea09d72ea31bb2cb
41661386,27,NFATc1,Gene,4772,NFATC1,"[{""offset"": 1172, ""length"": 6}]","{""identifier"": ""4772"", ""type"": ""Gene"", ""ncbi_homologene"": ""32336"", ""valid"": true, ""normalized"": [4772], ""database"": ""ncbi_gene"", ""normalized_id"": 4772, ""biotype"": ""gene"", ""name"": ""NFATC1"", ""accession"": ""@GENE_NFATC1""}",1172,6,1,abstract,"[""LOCAL:protein:mouse:NFATC1""]",lexical_candidate_only,data/raw/discovery_pilot/c9f79391b6d9f45d562bfab7fb5011d2038e0b47656c04e8504e4cba18321274.json,c84b99ab3ae0446c40c38dccb8d29a844939c9c07d0da5b3ea09d72ea31bb2cb
41661386,28,inflammatory,Disease,MESH:D007249,Inflammation,"[{""offset"": 1230, ""length"": 12}]","{""identifier"": ""MESH:D007249"", ""type"": ""Disease"", ""valid"": true, ""normalized"": [""D007249""], ""database"": ""ncbi_mesh"", ""normalized_id"": ""D007249"", ""biotype"": ""disease"", ""name"": ""Inflammation"", ""accession"": ""@DISEASE_Inflammation""}",1230,12,1,abstract,[],lexical_candidate_only,data/raw/discovery_pilot/c9f79391b6d9f45d562bfab7fb5011d2038e0b47656c04e8504e4cba18321274.json,c84b99ab3ae0446c40c38dccb8d29a844939c9c07d0da5b3ea09d72ea31bb2cb
41661386,29,bone diseases,Disease,MESH:D001847,Bone Diseases,"[{""offset"": 1530, ""length"": 13}]","{""identifier"": ""MESH:D001847"", ""type"": ""Disease"", ""valid"": true, ""normalized"": [""D001847""], ""database"": ""ncbi_mesh"", ""normalized_id"": ""D001847"", ""biotype"": ""disease"", ""name"": ""Bone Diseases"", ""accession"": ""@DISEASE_Bone_Diseases""}",1530,13,1,abstract,[],lexical_candidate_only,data/raw/discovery_pilot/c9f79391b6d9f45d562bfab7fb5011d2038e0b47656c04e8504e4cba18321274.json,c84b99ab3ae0446c40c38dccb8d29a844939c9c07d0da5b3ea09d72ea31bb2cb
41885644,3,Four-Octyl Itaconate,Chemical,-,,"[{""offset"": 0, ""length"": 20}]","{""identifier"": ""-"", ""type"": ""Chemical"", ""valid"": false, ""normalized_id"": null, ""biotype"": ""chemical""}",0,20,0,title,[],lexical_candidate_only,data/raw/discovery_pilot/c9f79391b6d9f45d562bfab7fb5011d2038e0b47656c04e8504e4cba18321274.json,c84b99ab3ae0446c40c38dccb8d29a844939c9c07d0da5b3ea09d72ea31bb2cb
41885644,4,Enterococcus faecalis,Species,1351,1351,"[{""offset"": 32, ""length"": 21}]","{""identifier"": ""1351"", ""type"": ""Species"", ""valid"": true, ""normalized"": [1351], ""database"": ""ncbi_taxonomy"", ""normalized_id"": 1351, ""biotype"": ""species"", ""name"": ""1351"", ""accession"": null}",32,21,0,title,[],lexical_candidate_only,data/raw/discovery_pilot/c9f79391b6d9f45d562bfab7fb5011d2038e0b47656c04e8504e4cba18321274.json,c84b99ab3ae0446c40c38dccb8d29a844939c9c07d0da5b3ea09d72ea31bb2cb
41885644,5,Apical Periodontitis,Disease,MESH:D010485,Periapical Periodontitis,"[{""offset"": 62, ""length"": 20}]","{""identifier"": ""MESH:D010485"", ""type"": ""Disease"", ""valid"": true, ""normalized"": [""D010485""], ""database"": ""ncbi_mesh"", ""normalized_id"": ""D010485"", ""biotype"": ""disease"", ""name"": ""Periapical Periodontitis"", ""accession"": ""@DISEASE_Periapical_Periodontitis""}",62,20,0,title,[],lexical_candidate_only,data/raw/discovery_pilot/c9f79391b6d9f45d562bfab7fb5011d2038e0b47656c04e8504e4cba18321274.json,c84b99ab3ae0446c40c38dccb8d29a844939c9c07d0da5b3ea09d72ea31bb2cb
41885644,45,Enterococcus faecalis,Species,1351,1351,"[{""offset"": 130, ""length"": 21}]","{""identifier"": ""1351"", ""type"": ""Species"", ""valid"": true, ""normalized"": [1351], ""database"": ""ncbi_taxonomy"", ""normalized_id"": 1351, ""biotype"": ""species"", ""name"": ""1351"", ""accession"": null}",130,21,1,abstract,[],lexical_candidate_only,data/raw/discovery_pilot/c9f79391b6d9f45d562bfab7fb5011d2038e0b47656c04e8504e4cba18321274.json,c84b99ab3ae0446c40c38dccb8d29a844939c9c07d0da5b3ea09d72ea31bb2cb
41885644,46,inflammation,Disease,MESH:D007249,Inflammation,"[{""offset"": 191, ""length"": 12}]","{""identifier"": ""MESH:D007249"", ""type"": ""Disease"", ""valid"": true, ""normalized"": [""D007249""], ""database"": ""ncbi_mesh"", ""normalized_id"": ""D007249"", ""biotype"": ""disease"", ""name"": ""Inflammation"", ""accession"": ""@DISEASE_Inflammation""}",191,12,1,abstract,[],lexical_candidate_only,data/raw/discovery_pilot/c9f79391b6d9f45d562bfab7fb5011d2038e0b47656c04e8504e4cba18321274.json,c84b99ab3ae0446c40c38dccb8d29a844939c9c07d0da5b3ea09d72ea31bb2cb
41885644,47,4-Octyl itaconate,Chemical,MESH:C000708109,4-octyl itaconate,"[{""offset"": 230, ""length"": 17}]","{""identifier"": ""MESH:C000708109"", ""type"": ""Chemical"", ""valid"": true, ""normalized"": [""C000708109""], ""database"": ""ncbi_mesh"", ""normalized_id"": ""C000708109"", ""biotype"": ""chemical"", ""name"": ""4-octyl itaconate"", ""accession"": ""@CHEMICAL_4_octyl_itaconate""}",230,17,1,abstract,[],lexical_candidate_only,data/raw/discovery_pilot/c9f79391b6d9f45d562bfab7fb5011d2038e0b47656c04e8504e4cba18321274.json,c84b99ab3ae0446c40c38dccb8d29a844939c9c07d0da5b3ea09d72ea31bb2cb
41885644,48,4-OI,Chemical,MESH:C000708109,4-octyl itaconate,"[{""offset"": 249, ""length"": 4}]","{""identifier"": ""MESH:C000708109"", ""type"": ""Chemical"", ""valid"": true, ""normalized"": [""C000708109""], ""database"": ""ncbi_mesh"", ""normalized_id"": ""C000708109"", ""biotype"": ""chemical"", ""name"": ""4-octyl itaconate"", ""accession"": ""@CHEMICAL_4_octyl_itaconate""}",249,4,1,abstract,[],lexical_candidate_only,data/raw/discovery_pilot/c9f79391b6d9f45d562bfab7fb5011d2038e0b47656c04e8504e4cba18321274.json,c84b99ab3ae0446c40c38dccb8d29a844939c9c07d0da5b3ea09d72ea31bb2cb
41885644,49,itaconate,Chemical,MESH:C005229,itaconic acid,"[{""offset"": 272, ""length"": 9}]","{""identifier"": ""MESH:C005229"", ""type"": ""Chemical"", ""valid"": true, ""normalized"": [""C005229""], ""database"": ""ncbi_mesh"", ""normalized_id"": ""C005229"", ""biotype"": ""chemical"", ""name"": ""itaconic acid"", ""accession"": ""@CHEMICAL_itaconic_acid""}",272,9,1,abstract,"[""CHEBI:30805""]",lexical_candidate_only,data/raw/discovery_pilot/c9f79391b6d9f45d562bfab7fb5011d2038e0b47656c04e8504e4cba18321274.json,c84b99ab3ae0446c40c38dccb8d29a844939c9c07d0da5b3ea09d72ea31bb2cb
41885644,50,4-OI,Chemical,MESH:C000708109,4-octyl itaconate,"[{""offset"": 406, ""length"": 4}]","{""identifier"": ""MESH:C000708109"", ""type"": ""Chemical"", ""valid"": true, ""normalized"": [""C000708109""], ""database"": ""ncbi_mesh"", ""normalized_id"": ""C000708109"", ""biotype"": ""chemical"", ""name"": ""4-octyl itaconate"", ""accession"": ""@CHEMICAL_4_octyl_itaconate""}",406,4,1,abstract,[],lexical_candidate_only,data/raw/discovery_pilot/c9f79391b6d9f45d562bfab7fb5011d2038e0b47656c04e8504e4cba18321274.json,c84b99ab3ae0446c40c38dccb8d29a844939c9c07d0da5b3ea09d72ea31bb2cb
41885644,51,apical periodontitis,Disease,MESH:D010485,Periapical Periodontitis,"[{""offset"": 414, ""length"": 20}]","{""identifier"": ""MESH:D010485"", ""type"": ""Disease"", ""valid"": true, ""normalized"": [""D010485""], ""database"": ""ncbi_mesh"", ""normalized_id"": ""D010485"", ""biotype"": ""disease"", ""name"": ""Periapical Periodontitis"", ""accession"": ""@DISEASE_Periapical_Periodontitis""}",414,20,1,abstract,[],lexical_candidate_only,data/raw/discovery_pilot/c9f79391b6d9f45d562bfab7fb5011d2038e0b47656c04e8504e4cba18321274.json,c84b99ab3ae0446c40c38dccb8d29a844939c9c07d0da5b3ea09d72ea31bb2cb
41885644,52,E. faecalis,Species,1351,1351,"[{""offset"": 474, ""length"": 11}]","{""identifier"": ""1351"", ""type"": ""Species"", ""valid"": true, ""normalized"": [1351], ""database"": ""ncbi_taxonomy"", ""normalized_id"": 1351, ""biotype"": ""species"", ""name"": ""1351"", ""accession"": null}",474,11,1,abstract,[],lexical_candidate_only,data/raw/discovery_pilot/c9f79391b6d9f45d562bfab7fb5011d2038e0b47656c04e8504e4cba18321274.json,c84b99ab3ae0446c40c38dccb8d29a844939c9c07d0da5b3ea09d72ea31bb2cb
41885644,53,4-OI,Chemical,MESH:C000708109,4-octyl itaconate,"[{""offset"": 541, ""length"": 4}]","{""identifier"": ""MESH:C000708109"", ""type"": ""Chemical"", ""valid"": true, ""normalized"": [""C000708109""], ""database"": ""ncbi_mesh"", ""normalized_id"": ""C000708109"", ""biotype"": ""chemical"", ""name"": ""4-octyl itaconate"", ""accession"": ""@CHEMICAL_4_octyl_itaconate""}",541,4,1,abstract,[],lexical_candidate_only,data/raw/discovery_pilot/c9f79391b6d9f45d562bfab7fb5011d2038e0b47656c04e8504e4cba18321274.json,c84b99ab3ae0446c40c38dccb8d29a844939c9c07d0da5b3ea09d72ea31bb2cb
41885644,54,E. faecalis,Species,1351,1351,"[{""offset"": 562, ""length"": 11}]","{""identifier"": ""1351"", ""type"": ""Species"", ""valid"": true, ""normalized"": [1351], ""database"": ""ncbi_taxonomy"", ""normalized_id"": 1351, ""biotype"": ""species"", ""name"": ""1351"", ""accession"": null}",562,11,1,abstract,[],lexical_candidate_only,data/raw/discovery_pilot/c9f79391b6d9f45d562bfab7fb5011d2038e0b47656c04e8504e4cba18321274.json,c84b99ab3ae0446c40c38dccb8d29a844939c9c07d0da5b3ea09d72ea31bb2cb
41885644,55,apical periodontitis,Disease,MESH:D010485,Periapical Periodontitis,"[{""offset"": 582, ""length"": 20}]","{""identifier"": ""MESH:D010485"", ""type"": ""Disease"", ""valid"": true, ""normalized"": [""D010485""], ""database"": ""ncbi_mesh"", ""normalized_id"": ""D010485"", ""biotype"": ""disease"", ""name"": ""Periapical Periodontitis"", ""accession"": ""@DISEASE_Periapical_Periodontitis""}",582,20,1,abstract,[],lexical_candidate_only,data/raw/discovery_pilot/c9f79391b6d9f45d562bfab7fb5011d2038e0b47656c04e8504e4cba18321274.json,c84b99ab3ae0446c40c38dccb8d29a844939c9c07d0da5b3ea09d72ea31bb2cb
41885644,56,apical periodontitis,Disease,MESH:D010485,Periapical Periodontitis,"[{""offset"": 666, ""length"": 20}]","{""identifier"": ""MESH:D010485"", ""type"": ""Disease"", ""valid"": true, ""normalized"": [""D010485""], ""database"": ""ncbi_mesh"", ""normalized_id"": ""D010485"", ""biotype"": ""disease"", ""name"": ""Periapical Periodontitis"", ""accession"": ""@DISEASE_Periapical_Periodontitis""}",666,20,1,abstract,[],lexical_candidate_only,data/raw/discovery_pilot/c9f79391b6d9f45d562bfab7fb5011d2038e0b47656c04e8504e4cba18321274.json,c84b99ab3ae0446c40c38dccb8d29a844939c9c07d0da5b3ea09d72ea31bb2cb
41885644,57,mice,Species,10090,10090,"[{""offset"": 706, ""length"": 4}]","{""identifier"": ""10090"", ""type"": ""Species"", ""valid"": true, ""normalized"": [10090], ""database"": ""ncbi_taxonomy"", ""normalized_id"": 10090, ""biotype"": ""species"", ""name"": ""10090"", ""accession"": null}",706,4,1,abstract,[],lexical_candidate_only,data/raw/discovery_pilot/c9f79391b6d9f45d562bfab7fb5011d2038e0b47656c04e8504e4cba18321274.json,c84b99ab3ae0446c40c38dccb8d29a844939c9c07d0da5b3ea09d72ea31bb2cb
41885644,58,infection,Disease,MESH:D007239,Infections,"[{""offset"": 748, ""length"": 9}]","{""identifier"": ""MESH:D007239"", ""type"": ""Disease"", ""valid"": true, ""normalized"": [""D007239""], ""database"": ""ncbi_mesh"", ""normalized_id"": ""D007239"", ""biotype"": ""disease"", ""name"": ""Infections"", ""accession"": ""@DISEASE_Infections""}",748,9,1,abstract,[],lexical_candidate_only,data/raw/discovery_pilot/c9f79391b6d9f45d562bfab7fb5011d2038e0b47656c04e8504e4cba18321274.json,c84b99ab3ae0446c40c38dccb8d29a844939c9c07d0da5b3ea09d72ea31bb2cb
41885644,59,E. faecalis,Species,1351,1351,"[{""offset"": 763, ""length"": 11}]","{""identifier"": ""1351"", ""type"": ""Species"", ""valid"": true, ""normalized"": [1351], ""database"": ""ncbi_taxonomy"", ""normalized_id"": 1351, ""biotype"": ""species"", ""name"": ""1351"", ""accession"": null}",763,11,1,abstract,[],lexical_candidate_only,data/raw/discovery_pilot/c9f79391b6d9f45d562bfab7fb5011d2038e0b47656c04e8504e4cba18321274.json,c84b99ab3ae0446c40c38dccb8d29a844939c9c07d0da5b3ea09d72ea31bb2cb
41885644,60,4-OI,Chemical,MESH:C000708109,4-octyl itaconate,"[{""offset"": 776, ""length"": 4}]","{""identifier"": ""MESH:C000708109"", ""type"": ""Chemical"", ""valid"": true, ""normalized"": [""C000708109""], ""database"": ""ncbi_mesh"", ""normalized_id"": ""C000708109"", ""biotype"": ""chemical"", ""name"": ""4-octyl itaconate"", ""accession"": ""@CHEMICAL_4_octyl_itaconate""}",776,4,1,abstract,[],lexical_candidate_only,data/raw/discovery_pilot/c9f79391b6d9f45d562bfab7fb5011d2038e0b47656c04e8504e4cba18321274.json,c84b99ab3ae0446c40c38dccb8d29a844939c9c07d0da5b3ea09d72ea31bb2cb
41885644,61,Periapical bone destruction,Disease,MESH:D010483,Periapical Diseases,"[{""offset"": 822, ""length"": 27}]","{""identifier"": ""MESH:D010483"", ""type"": ""Disease"", ""valid"": true, ""normalized"": [""D010483""], ""database"": ""ncbi_mesh"", ""normalized_id"": ""D010483"", ""biotype"": ""disease"", ""name"": ""Periapical Diseases"", ""accession"": ""@DISEASE_Periapical_Diseases""}",822,27,1,abstract,[],lexical_candidate_only,data/raw/discovery_pilot/c9f79391b6d9f45d562bfab7fb5011d2038e0b47656c04e8504e4cba18321274.json,c84b99ab3ae0446c40c38dccb8d29a844939c9c07d0da5b3ea09d72ea31bb2cb
41885644,62,periapical inflammation,Disease,MESH:D007249,Inflammation,"[{""offset"": 851, ""length"": 23}]","{""identifier"": ""MESH:D007249"", ""type"": ""Disease"", ""valid"": true, ""normalized"": [""D007249""], ""database"": ""ncbi_mesh"", ""normalized_id"": ""D007249"", ""biotype"": ""disease"", ""name"": ""Inflammation"", ""accession"": ""@DISEASE_Inflammation""}",851,23,1,abstract,[],lexical_candidate_only,data/raw/discovery_pilot/c9f79391b6d9f45d562bfab7fb5011d2038e0b47656c04e8504e4cba18321274.json,c84b99ab3ae0446c40c38dccb8d29a844939c9c07d0da5b3ea09d72ea31bb2cb
41885644,63,4-OI,Chemical,MESH:C000708109,4-octyl itaconate,"[{""offset"": 969, ""length"": 4}]","{""identifier"": ""MESH:C000708109"", ""type"": ""Chemical"", ""valid"": true, ""normalized"": [""C000708109""], ""database"": ""ncbi_mesh"", ""normalized_id"": ""C000708109"", ""biotype"": ""chemical"", ""name"": ""4-octyl itaconate"", ""accession"": ""@CHEMICAL_4_octyl_itaconate""}",969,4,1,abstract,[],lexical_candidate_only,data/raw/discovery_pilot/c9f79391b6d9f45d562bfab7fb5011d2038e0b47656c04e8504e4cba18321274.json,c84b99ab3ae0446c40c38dccb8d29a844939c9c07d0da5b3ea09d72ea31bb2cb
41885644,64,E. faecalis,Species,1351,1351,"[{""offset"": 1001, ""length"": 11}]","{""identifier"": ""1351"", ""type"": ""Species"", ""valid"": true, ""normalized"": [1351], ""database"": ""ncbi_taxonomy"", ""normalized_id"": 1351, ""biotype"": ""species"", ""name"": ""1351"", ""accession"": null}",1001,11,1,abstract,[],lexical_candidate_only,data/raw/discovery_pilot/c9f79391b6d9f45d562bfab7fb5011d2038e0b47656c04e8504e4cba18321274.json,c84b99ab3ae0446c40c38dccb8d29a844939c9c07d0da5b3ea09d72ea31bb2cb
41885644,65,4-OI,Chemical,MESH:C000708109,4-octyl itaconate,"[{""offset"": 1365, ""length"": 4}]","{""identifier"": ""MESH:C000708109"", ""type"": ""Chemical"", ""valid"": true, ""normalized"": [""C000708109""], ""database"": ""ncbi_mesh"", ""normalized_id"": ""C000708109"", ""biotype"": ""chemical"", ""name"": ""4-octyl itaconate"", ""accession"": ""@CHEMICAL_4_octyl_itaconate""}",1365,4,1,abstract,[],lexical_candidate_only,data/raw/discovery_pilot/c9f79391b6d9f45d562bfab7fb5011d2038e0b47656c04e8504e4cba18321274.json,c84b99ab3ae0446c40c38dccb8d29a844939c9c07d0da5b3ea09d72ea31bb2cb
41885644,66,4-OI,Chemical,MESH:C000708109,4-octyl itaconate,"[{""offset"": 1436, ""length"": 4}]","{""identifier"": ""MESH:C000708109"", ""type"": ""Chemical"", ""valid"": true, ""normalized"": [""C000708109""], ""database"": ""ncbi_mesh"", ""normalized_id"": ""C000708109"", ""biotype"": ""chemical"", ""name"": ""4-octyl itaconate"", ""accession"": ""@CHEMICAL_4_octyl_itaconate""}",1436,4,1,abstract,[],lexical_candidate_only,data/raw/discovery_pilot/c9f79391b6d9f45d562bfab7fb5011d2038e0b47656c04e8504e4cba18321274.json,c84b99ab3ae0446c40c38dccb8d29a844939c9c07d0da5b3ea09d72ea31bb2cb
41885644,67,periapical bone destruction,Disease,MESH:D010483,Periapical Diseases,"[{""offset"": 1459, ""length"": 27}]","{""identifier"": ""MESH:D010483"", ""type"": ""Disease"", ""valid"": true, ""normalized"": [""D010483""], ""database"": ""ncbi_mesh"", ""normalized_id"": ""D010483"", ""biotype"": ""disease"", ""name"": ""Periapical Diseases"", ""accession"": ""@DISEASE_Periapical_Diseases""}",1459,27,1,abstract,[],lexical_candidate_only,data/raw/discovery_pilot/c9f79391b6d9f45d562bfab7fb5011d2038e0b47656c04e8504e4cba18321274.json,c84b99ab3ae0446c40c38dccb8d29a844939c9c07d0da5b3ea09d72ea31bb2cb
41885644,68,periapical inflammation,Disease,MESH:D007249,Inflammation,"[{""offset"": 1491, ""length"": 23}]","{""identifier"": ""MESH:D007249"", ""type"": ""Disease"", ""valid"": true, ""normalized"": [""D007249""], ""database"": ""ncbi_mesh"", ""normalized_id"": ""D007249"", ""biotype"": ""disease"", ""name"": ""Inflammation"", ""accession"": ""@DISEASE_Inflammation""}",1491,23,1,abstract,[],lexical_candidate_only,data/raw/discovery_pilot/c9f79391b6d9f45d562bfab7fb5011d2038e0b47656c04e8504e4cba18321274.json,c84b99ab3ae0446c40c38dccb8d29a844939c9c07d0da5b3ea09d72ea31bb2cb
41885644,69,mouse,Species,10090,10090,"[{""offset"": 1522, ""length"": 5}]","{""identifier"": ""10090"", ""type"": ""Species"", ""valid"": true, ""normalized"": [10090], ""database"": ""ncbi_taxonomy"", ""normalized_id"": 10090, ""biotype"": ""species"", ""name"": ""10090"", ""accession"": null}",1522,5,1,abstract,[],lexical_candidate_only,data/raw/discovery_pilot/c9f79391b6d9f45d562bfab7fb5011d2038e0b47656c04e8504e4cba18321274.json,c84b99ab3ae0446c40c38dccb8d29a844939c9c07d0da5b3ea09d72ea31bb2cb
41885644,70,E. faecalis,Species,1351,1351,"[{""offset"": 1537, ""length"": 11}]","{""identifier"": ""1351"", ""type"": ""Species"", ""valid"": true, ""normalized"": [1351], ""database"": ""ncbi_taxonomy"", ""normalized_id"": 1351, ""biotype"": ""species"", ""name"": ""1351"", ""accession"": null}",1537,11,1,abstract,[],lexical_candidate_only,data/raw/discovery_pilot/c9f79391b6d9f45d562bfab7fb5011d2038e0b47656c04e8504e4cba18321274.json,c84b99ab3ae0446c40c38dccb8d29a844939c9c07d0da5b3ea09d72ea31bb2cb
41885644,71,apical periodontitis,Disease,MESH:D010485,Periapical Periodontitis,"[{""offset"": 1557, ""length"": 20}]","{""identifier"": ""MESH:D010485"", ""type"": ""Disease"", ""valid"": true, ""normalized"": [""D010485""], ""database"": ""ncbi_mesh"", ""normalized_id"": ""D010485"", ""biotype"": ""disease"", ""name"": ""Periapical Periodontitis"", ""accession"": ""@DISEASE_Periapical_Periodontitis""}",1557,20,1,abstract,[],lexical_candidate_only,data/raw/discovery_pilot/c9f79391b6d9f45d562bfab7fb5011d2038e0b47656c04e8504e4cba18321274.json,c84b99ab3ae0446c40c38dccb8d29a844939c9c07d0da5b3ea09d72ea31bb2cb
41885644,72,4-OI,Chemical,MESH:C000708109,4-octyl itaconate,"[{""offset"": 1589, ""length"": 4}]","{""identifier"": ""MESH:C000708109"", ""type"": ""Chemical"", ""valid"": true, ""normalized"": [""C000708109""], ""database"": ""ncbi_mesh"", ""normalized_id"": ""C000708109"", ""biotype"": ""chemical"", ""name"": ""4-octyl itaconate"", ""accession"": ""@CHEMICAL_4_octyl_itaconate""}",1589,4,1,abstract,[],lexical_candidate_only,data/raw/discovery_pilot/c9f79391b6d9f45d562bfab7fb5011d2038e0b47656c04e8504e4cba18321274.json,c84b99ab3ae0446c40c38dccb8d29a844939c9c07d0da5b3ea09d72ea31bb2cb
41885644,73,E. faecalis,Species,1351,1351,"[{""offset"": 1721, ""length"": 11}]","{""identifier"": ""1351"", ""type"": ""Species"", ""valid"": true, ""normalized"": [1351], ""database"": ""ncbi_taxonomy"", ""normalized_id"": 1351, ""biotype"": ""species"", ""name"": ""1351"", ""accession"": null}",1721,11,1,abstract,[],lexical_candidate_only,data/raw/discovery_pilot/c9f79391b6d9f45d562bfab7fb5011d2038e0b47656c04e8504e4cba18321274.json,c84b99ab3ae0446c40c38dccb8d29a844939c9c07d0da5b3ea09d72ea31bb2cb
41885644,74,4-OI,Chemical,MESH:C000708109,4-octyl itaconate,"[{""offset"": 1772, ""length"": 4}]","{""identifier"": ""MESH:C000708109"", ""type"": ""Chemical"", ""valid"": true, ""normalized"": [""C000708109""], ""database"": ""ncbi_mesh"", ""normalized_id"": ""C000708109"", ""biotype"": ""chemical"", ""name"": ""4-octyl itaconate"", ""accession"": ""@CHEMICAL_4_octyl_itaconate""}",1772,4,1,abstract,[],lexical_candidate_only,data/raw/discovery_pilot/c9f79391b6d9f45d562bfab7fb5011d2038e0b47656c04e8504e4cba18321274.json,c84b99ab3ae0446c40c38dccb8d29a844939c9c07d0da5b3ea09d72ea31bb2cb
41885644,75,E. faecalis,Species,1351,1351,"[{""offset"": 1904, ""length"": 11}]","{""identifier"": ""1351"", ""type"": ""Species"", ""valid"": true, ""normalized"": [1351], ""database"": ""ncbi_taxonomy"", ""normalized_id"": 1351, ""biotype"": ""species"", ""name"": ""1351"", ""accession"": null}",1904,11,1,abstract,[],lexical_candidate_only,data/raw/discovery_pilot/c9f79391b6d9f45d562bfab7fb5011d2038e0b47656c04e8504e4cba18321274.json,c84b99ab3ae0446c40c38dccb8d29a844939c9c07d0da5b3ea09d72ea31bb2cb
41885644,76,4-OI,Chemical,MESH:C000708109,4-octyl itaconate,"[{""offset"": 2001, ""length"": 4}]","{""identifier"": ""MESH:C000708109"", ""type"": ""Chemical"", ""valid"": true, ""normalized"": [""C000708109""], ""database"": ""ncbi_mesh"", ""normalized_id"": ""C000708109"", ""biotype"": ""chemical"", ""name"": ""4-octyl itaconate"", ""accession"": ""@CHEMICAL_4_octyl_itaconate""}",2001,4,1,abstract,[],lexical_candidate_only,data/raw/discovery_pilot/c9f79391b6d9f45d562bfab7fb5011d2038e0b47656c04e8504e4cba18321274.json,c84b99ab3ae0446c40c38dccb8d29a844939c9c07d0da5b3ea09d72ea31bb2cb
41885644,77,4-OI,Chemical,MESH:C000708109,4-octyl itaconate,"[{""offset"": 2058, ""length"": 4}]","{""identifier"": ""MESH:C000708109"", ""type"": ""Chemical"", ""valid"": true, ""normalized"": [""C000708109""], ""database"": ""ncbi_mesh"", ""normalized_id"": ""C000708109"", ""biotype"": ""chemical"", ""name"": ""4-octyl itaconate"", ""accession"": ""@CHEMICAL_4_octyl_itaconate""}",2058,4,1,abstract,[],lexical_candidate_only,data/raw/discovery_pilot/c9f79391b6d9f45d562bfab7fb5011d2038e0b47656c04e8504e4cba18321274.json,c84b99ab3ae0446c40c38dccb8d29a844939c9c07d0da5b3ea09d72ea31bb2cb
41885644,78,E. faecalis,Species,1351,1351,"[{""offset"": 2072, ""length"": 11}]","{""identifier"": ""1351"", ""type"": ""Species"", ""valid"": true, ""normalized"": [1351], ""database"": ""ncbi_taxonomy"", ""normalized_id"": 1351, ""biotype"": ""species"", ""name"": ""1351"", ""accession"": null}",2072,11,1,abstract,[],lexical_candidate_only,data/raw/discovery_pilot/c9f79391b6d9f45d562bfab7fb5011d2038e0b47656c04e8504e4cba18321274.json,c84b99ab3ae0446c40c38dccb8d29a844939c9c07d0da5b3ea09d72ea31bb2cb
41885644,79,apical periodontitis,Disease,MESH:D010485,Periapical Periodontitis,"[{""offset"": 2204, ""length"": 20}]","{""identifier"": ""MESH:D010485"", ""type"": ""Disease"", ""valid"": true, ""normalized"": [""D010485""], ""database"": ""ncbi_mesh"", ""normalized_id"": ""D010485"", ""biotype"": ""disease"", ""name"": ""Periapical Periodontitis"", ""accession"": ""@DISEASE_Periapical_Periodontitis""}",2204,20,1,abstract,[],lexical_candidate_only,data/raw/discovery_pilot/c9f79391b6d9f45d562bfab7fb5011d2038e0b47656c04e8504e4cba18321274.json,c84b99ab3ae0446c40c38dccb8d29a844939c9c07d0da5b3ea09d72ea31bb2cb
41885644,80,mice,Species,10090,10090,"[{""offset"": 2228, ""length"": 4}]","{""identifier"": ""10090"", ""type"": ""Species"", ""valid"": true, ""normalized"": [10090], ""database"": ""ncbi_taxonomy"", ""normalized_id"": 10090, ""biotype"": ""species"", ""name"": ""10090"", ""accession"": null}",2228,4,1,abstract,[],lexical_candidate_only,data/raw/discovery_pilot/c9f79391b6d9f45d562bfab7fb5011d2038e0b47656c04e8504e4cba18321274.json,c84b99ab3ae0446c40c38dccb8d29a844939c9c07d0da5b3ea09d72ea31bb2cb
41885644,81,4-OI,Chemical,MESH:C000708109,4-octyl itaconate,"[{""offset"": 2262, ""length"": 4}]","{""identifier"": ""MESH:C000708109"", ""type"": ""Chemical"", ""valid"": true, ""normalized"": [""C000708109""], ""database"": ""ncbi_mesh"", ""normalized_id"": ""C000708109"", ""biotype"": ""chemical"", ""name"": ""4-octyl itaconate"", ""accession"": ""@CHEMICAL_4_octyl_itaconate""}",2262,4,1,abstract,[],lexical_candidate_only,data/raw/discovery_pilot/c9f79391b6d9f45d562bfab7fb5011d2038e0b47656c04e8504e4cba18321274.json,c84b99ab3ae0446c40c38dccb8d29a844939c9c07d0da5b3ea09d72ea31bb2cb
41885644,82,E. faecalis,Species,1351,1351,"[{""offset"": 2371, ""length"": 11}]","{""identifier"": ""1351"", ""type"": ""Species"", ""valid"": true, ""normalized"": [1351], ""database"": ""ncbi_taxonomy"", ""normalized_id"": 1351, ""biotype"": ""species"", ""name"": ""1351"", ""accession"": null}",2371,11,1,abstract,[],lexical_candidate_only,data/raw/discovery_pilot/c9f79391b6d9f45d562bfab7fb5011d2038e0b47656c04e8504e4cba18321274.json,c84b99ab3ae0446c40c38dccb8d29a844939c9c07d0da5b3ea09d72ea31bb2cb
41885644,83,apical periodontitis,Disease,MESH:D010485,Periapical Periodontitis,"[{""offset"": 2402, ""length"": 20}]","{""identifier"": ""MESH:D010485"", ""type"": ""Disease"", ""valid"": true, ""normalized"": [""D010485""], ""database"": ""ncbi_mesh"", ""normalized_id"": ""D010485"", ""biotype"": ""disease"", ""name"": ""Periapical Periodontitis"", ""accession"": ""@DISEASE_Periapical_Periodontitis""}",2402,20,1,abstract,[],lexical_candidate_only,data/raw/discovery_pilot/c9f79391b6d9f45d562bfab7fb5011d2038e0b47656c04e8504e4cba18321274.json,c84b99ab3ae0446c40c38dccb8d29a844939c9c07d0da5b3ea09d72ea31bb2cb
42062580,2,Hydroxysafflor yellow A,Chemical,MESH:C085278,hydroxysafflor yellow A,"[{""offset"": 0, ""length"": 23}]","{""identifier"": ""MESH:C085278"", ""type"": ""Chemical"", ""valid"": true, ""normalized"": [""C085278""], ""database"": ""ncbi_mesh"", ""normalized_id"": ""C085278"", ""biotype"": ""chemical"", ""name"": ""hydroxysafflor yellow A"", ""accession"": ""@CHEMICAL_hydroxysafflor_yellow_A""}",0,23,0,title,[],lexical_candidate_only,data/raw/discovery_pilot/c9f79391b6d9f45d562bfab7fb5011d2038e0b47656c04e8504e4cba18321274.json,c84b99ab3ae0446c40c38dccb8d29a844939c9c07d0da5b3ea09d72ea31bb2cb
42062580,3,bone loss,Disease,MESH:D001847,Bone Diseases,"[{""offset"": 54, ""length"": 9}]","{""identifier"": ""MESH:D001847"", ""type"": ""Disease"", ""valid"": true, ""normalized"": [""D001847""], ""database"": ""ncbi_mesh"", ""normalized_id"": ""D001847"", ""biotype"": ""disease"", ""name"": ""Bone Diseases"", ""accession"": ""@DISEASE_Bone_Diseases""}",54,9,0,title,[],lexical_candidate_only,data/raw/discovery_pilot/c9f79391b6d9f45d562bfab7fb5011d2038e0b47656c04e8504e4cba18321274.json,c84b99ab3ae0446c40c38dccb8d29a844939c9c07d0da5b3ea09d72ea31bb2cb
42062580,19,Osteoporosis,Disease,MESH:D010024,Osteoporosis,"[{""offset"": 140, ""length"": 12}]","{""identifier"": ""MESH:D010024"", ""type"": ""Disease"", ""valid"": true, ""normalized"": [""D010024""], ""database"": ""ncbi_mesh"", ""normalized_id"": ""D010024"", ""biotype"": ""disease"", ""name"": ""Osteoporosis"", ""accession"": ""@DISEASE_Osteoporosis""}",140,12,1,abstract,[],lexical_candidate_only,data/raw/discovery_pilot/c9f79391b6d9f45d562bfab7fb5011d2038e0b47656c04e8504e4cba18321274.json,c84b99ab3ae0446c40c38dccb8d29a844939c9c07d0da5b3ea09d72ea31bb2cb
42062580,20,OP,Disease,MESH:D010024,Osteoporosis,"[{""offset"": 154, ""length"": 2}]","{""identifier"": ""MESH:D010024"", ""type"": ""Disease"", ""valid"": true, ""normalized"": [""D010024""], ""database"": ""ncbi_mesh"", ""normalized_id"": ""D010024"", ""biotype"": ""disease"", ""name"": ""Osteoporosis"", ""accession"": ""@DISEASE_Osteoporosis""}",154,2,1,abstract,[],lexical_candidate_only,data/raw/discovery_pilot/c9f79391b6d9f45d562bfab7fb5011d2038e0b47656c04e8504e4cba18321274.json,c84b99ab3ae0446c40c38dccb8d29a844939c9c07d0da5b3ea09d72ea31bb2cb
42062580,21,metabolic bone disorder,Disease,MESH:D001851,Bone Diseases Metabolic,"[{""offset"": 180, ""length"": 23}]","{""identifier"": ""MESH:D001851"", ""type"": ""Disease"", ""valid"": true, ""normalized"": [""D001851""], ""database"": ""ncbi_mesh"", ""normalized_id"": ""D001851"", ""biotype"": ""disease"", ""name"": ""Bone Diseases Metabolic"", ""accession"": ""@DISEASE_Bone_Diseases_Metabolic""}",180,23,1,abstract,[],lexical_candidate_only,data/raw/discovery_pilot/c9f79391b6d9f45d562bfab7fb5011d2038e0b47656c04e8504e4cba18321274.json,c84b99ab3ae0446c40c38dccb8d29a844939c9c07d0da5b3ea09d72ea31bb2cb
42062580,22,osteoporosis,Disease,MESH:D010024,Osteoporosis,"[{""offset"": 279, ""length"": 12}]","{""identifier"": ""MESH:D010024"", ""type"": ""Disease"", ""valid"": true, ""normalized"": [""D010024""], ""database"": ""ncbi_mesh"", ""normalized_id"": ""D010024"", ""biotype"": ""disease"", ""name"": ""Osteoporosis"", ""accession"": ""@DISEASE_Osteoporosis""}",279,12,1,abstract,[],lexical_candidate_only,data/raw/discovery_pilot/c9f79391b6d9f45d562bfab7fb5011d2038e0b47656c04e8504e4cba18321274.json,c84b99ab3ae0446c40c38dccb8d29a844939c9c07d0da5b3ea09d72ea31bb2cb
42062580,23,Hydroxysafflor yellow A,Chemical,MESH:C085278,hydroxysafflor yellow A,"[{""offset"": 361, ""length"": 23}]","{""identifier"": ""MESH:C085278"", ""type"": ""Chemical"", ""valid"": true, ""normalized"": [""C085278""], ""database"": ""ncbi_mesh"", ""normalized_id"": ""C085278"", ""biotype"": ""chemical"", ""name"": ""hydroxysafflor yellow A"", ""accession"": ""@CHEMICAL_hydroxysafflor_yellow_A""}",361,23,1,abstract,[],lexical_candidate_only,data/raw/discovery_pilot/c9f79391b6d9f45d562bfab7fb5011d2038e0b47656c04e8504e4cba18321274.json,c84b99ab3ae0446c40c38dccb8d29a844939c9c07d0da5b3ea09d72ea31bb2cb
42062580,24,HSYA,Chemical,MESH:C085278,hydroxysafflor yellow A,"[{""offset"": 386, ""length"": 4}]","{""identifier"": ""MESH:C085278"", ""type"": ""Chemical"", ""valid"": true, ""normalized"": [""C085278""], ""database"": ""ncbi_mesh"", ""normalized_id"": ""C085278"", ""biotype"": ""chemical"", ""name"": ""hydroxysafflor yellow A"", ""accession"": ""@CHEMICAL_hydroxysafflor_yellow_A""}",386,4,1,abstract,[],lexical_candidate_only,data/raw/discovery_pilot/c9f79391b6d9f45d562bfab7fb5011d2038e0b47656c04e8504e4cba18321274.json,c84b99ab3ae0446c40c38dccb8d29a844939c9c07d0da5b3ea09d72ea31bb2cb
42062580,25,flavonoid,Chemical,MESH:D005419,Flavonoids,"[{""offset"": 395, ""length"": 9}]","{""identifier"": ""MESH:D005419"", ""type"": ""Chemical"", ""valid"": true, ""normalized"": [""D005419""], ""database"": ""ncbi_mesh"", ""normalized_id"": ""D005419"", ""biotype"": ""chemical"", ""name"": ""Flavonoids"", ""accession"": ""@CHEMICAL_Flavonoids""}",395,9,1,abstract,[],lexical_candidate_only,data/raw/discovery_pilot/c9f79391b6d9f45d562bfab7fb5011d2038e0b47656c04e8504e4cba18321274.json,c84b99ab3ae0446c40c38dccb8d29a844939c9c07d0da5b3ea09d72ea31bb2cb
42062580,26,HSYA,Chemical,MESH:C085278,hydroxysafflor yellow A,"[{""offset"": 523, ""length"": 4}]","{""identifier"": ""MESH:C085278"", ""type"": ""Chemical"", ""valid"": true, ""normalized"": [""C085278""], ""database"": ""ncbi_mesh"", ""normalized_id"": ""C085278"", ""biotype"": ""chemical"", ""name"": ""hydroxysafflor yellow A"", ""accession"": ""@CHEMICAL_hydroxysafflor_yellow_A""}",523,4,1,abstract,[],lexical_candidate_only,data/raw/discovery_pilot/c9f79391b6d9f45d562bfab7fb5011d2038e0b47656c04e8504e4cba18321274.json,c84b99ab3ae0446c40c38dccb8d29a844939c9c07d0da5b3ea09d72ea31bb2cb
42062580,27,calcium,Chemical,MESH:D002118,Calcium,"[{""offset"": 609, ""length"": 7}]","{""identifier"": ""MESH:D002118"", ""type"": ""Chemical"", ""valid"": true, ""normalized"": [""D002118""], ""database"": ""ncbi_mesh"", ""normalized_id"": ""D002118"", ""biotype"": ""chemical"", ""name"": ""Calcium"", ""accession"": ""@CHEMICAL_Calcium""}",609,7,1,abstract,"[""CHEBI:29108""]",lexical_candidate_only,data/raw/discovery_pilot/c9f79391b6d9f45d562bfab7fb5011d2038e0b47656c04e8504e4cba18321274.json,c84b99ab3ae0446c40c38dccb8d29a844939c9c07d0da5b3ea09d72ea31bb2cb
42062580,28,HSYA,Chemical,MESH:C085278,hydroxysafflor yellow A,"[{""offset"": 636, ""length"": 4}]","{""identifier"": ""MESH:C085278"", ""type"": ""Chemical"", ""valid"": true, ""normalized"": [""C085278""], ""database"": ""ncbi_mesh"", ""normalized_id"": ""C085278"", ""biotype"": ""chemical"", ""name"": ""hydroxysafflor yellow A"", ""accession"": ""@CHEMICAL_hydroxysafflor_yellow_A""}",636,4,1,abstract,[],lexical_candidate_only,data/raw/discovery_pilot/c9f79391b6d9f45d562bfab7fb5011d2038e0b47656c04e8504e4cba18321274.json,c84b99ab3ae0446c40c38dccb8d29a844939c9c07d0da5b3ea09d72ea31bb2cb
42062580,29,HSYA,Chemical,MESH:C085278,hydroxysafflor yellow A,"[{""offset"": 790, ""length"": 4}]","{""identifier"": ""MESH:C085278"", ""type"": ""Chemical"", ""valid"": true, ""normalized"": [""C085278""], ""database"": ""ncbi_mesh"", ""normalized_id"": ""C085278"", ""biotype"": ""chemical"", ""name"": ""hydroxysafflor yellow A"", ""accession"": ""@CHEMICAL_hydroxysafflor_yellow_A""}",790,4,1,abstract,[],lexical_candidate_only,data/raw/discovery_pilot/c9f79391b6d9f45d562bfab7fb5011d2038e0b47656c04e8504e4cba18321274.json,c84b99ab3ae0446c40c38dccb8d29a844939c9c07d0da5b3ea09d72ea31bb2cb
42062580,30,osteoporosis,Disease,MESH:D010024,Osteoporosis,"[{""offset"": 896, ""length"": 12}]","{""identifier"": ""MESH:D010024"", ""type"": ""Disease"", ""valid"": true, ""normalized"": [""D010024""], ""database"": ""ncbi_mesh"", ""normalized_id"": ""D010024"", ""biotype"": ""disease"", ""name"": ""Osteoporosis"", ""accession"": ""@DISEASE_Osteoporosis""}",896,12,1,abstract,[],lexical_candidate_only,data/raw/discovery_pilot/c9f79391b6d9f45d562bfab7fb5011d2038e0b47656c04e8504e4cba18321274.json,c84b99ab3ae0446c40c38dccb8d29a844939c9c07d0da5b3ea09d72ea31bb2cb
42062580,31,HSYA,Chemical,MESH:C085278,hydroxysafflor yellow A,"[{""offset"": 939, ""length"": 4}]","{""identifier"": ""MESH:C085278"", ""type"": ""Chemical"", ""valid"": true, ""normalized"": [""C085278""], ""database"": ""ncbi_mesh"", ""normalized_id"": ""C085278"", ""biotype"": ""chemical"", ""name"": ""hydroxysafflor yellow A"", ""accession"": ""@CHEMICAL_hydroxysafflor_yellow_A""}",939,4,1,abstract,[],lexical_candidate_only,data/raw/discovery_pilot/c9f79391b6d9f45d562bfab7fb5011d2038e0b47656c04e8504e4cba18321274.json,c84b99ab3ae0446c40c38dccb8d29a844939c9c07d0da5b3ea09d72ea31bb2cb
42062580,32,bone loss,Disease,MESH:D001847,Bone Diseases,"[{""offset"": 954, ""length"": 9}]","{""identifier"": ""MESH:D001847"", ""type"": ""Disease"", ""valid"": true, ""normalized"": [""D001847""], ""database"": ""ncbi_mesh"", ""normalized_id"": ""D001847"", ""biotype"": ""disease"", ""name"": ""Bone Diseases"", ""accession"": ""@DISEASE_Bone_Diseases""}",954,9,1,abstract,[],lexical_candidate_only,data/raw/discovery_pilot/c9f79391b6d9f45d562bfab7fb5011d2038e0b47656c04e8504e4cba18321274.json,c84b99ab3ae0446c40c38dccb8d29a844939c9c07d0da5b3ea09d72ea31bb2cb
42062580,33,OP,Disease,MESH:D010024,Osteoporosis,"[{""offset"": 967, ""length"": 2}]","{""identifier"": ""MESH:D010024"", ""type"": ""Disease"", ""valid"": true, ""normalized"": [""D010024""], ""database"": ""ncbi_mesh"", ""normalized_id"": ""D010024"", ""biotype"": ""disease"", ""name"": ""Osteoporosis"", ""accession"": ""@DISEASE_Osteoporosis""}",967,2,1,abstract,[],lexical_candidate_only,data/raw/discovery_pilot/c9f79391b6d9f45d562bfab7fb5011d2038e0b47656c04e8504e4cba18321274.json,c84b99ab3ae0446c40c38dccb8d29a844939c9c07d0da5b3ea09d72ea31bb2cb
42375095,2,Isoschaftoside,Chemical,MESH:C515113,isoschaftoside,"[{""offset"": 0, ""length"": 14}]","{""identifier"": ""MESH:C515113"", ""type"": ""Chemical"", ""valid"": true, ""normalized"": [""C515113""], ""database"": ""ncbi_mesh"", ""normalized_id"": ""C515113"", ""biotype"": ""chemical"", ""name"": ""isoschaftoside"", ""accession"": ""@CHEMICAL_isoschaftoside""}",0,14,0,title,[],lexical_candidate_only,data/raw/discovery_pilot/c9f79391b6d9f45d562bfab7fb5011d2038e0b47656c04e8504e4cba18321274.json,c84b99ab3ae0446c40c38dccb8d29a844939c9c07d0da5b3ea09d72ea31bb2cb
42375095,3,NF-kappaB,Gene,4790,NFKB1,"[{""offset"": 62, ""length"": 9}]","{""identifier"": ""4790"", ""type"": ""Gene"", ""ncbi_homologene"": ""2971"", ""valid"": true, ""normalized"": [4790], ""database"": ""ncbi_gene"", ""normalized_id"": 4790, ""biotype"": ""gene"", ""name"": ""NFKB1"", ""accession"": ""@GENE_NFKB1""}",62,9,0,title,"[""LOCAL:protein:mouse:NFKB1""]",lexical_candidate_only,data/raw/discovery_pilot/c9f79391b6d9f45d562bfab7fb5011d2038e0b47656c04e8504e4cba18321274.json,c84b99ab3ae0446c40c38dccb8d29a844939c9c07d0da5b3ea09d72ea31bb2cb
42375095,26,bone-related disorders,Disease,MESH:D001847,Bone Diseases,"[{""offset"": 281, ""length"": 22}]","{""identifier"": ""MESH:D001847"", ""type"": ""Disease"", ""valid"": true, ""normalized"": [""D001847""], ""database"": ""ncbi_mesh"", ""normalized_id"": ""D001847"", ""biotype"": ""disease"", ""name"": ""Bone Diseases"", ""accession"": ""@DISEASE_Bone_Diseases""}",281,22,1,abstract,[],lexical_candidate_only,data/raw/discovery_pilot/c9f79391b6d9f45d562bfab7fb5011d2038e0b47656c04e8504e4cba18321274.json,c84b99ab3ae0446c40c38dccb8d29a844939c9c07d0da5b3ea09d72ea31bb2cb
42375095,27,M-CSF,Gene,1435,CSF1,"[{""offset"": 427, ""length"": 5}]","{""identifier"": ""1435"", ""type"": ""Gene"", ""ncbi_homologene"": ""7282"", ""valid"": true, ""normalized"": [1435], ""database"": ""ncbi_gene"", ""normalized_id"": 1435, ""biotype"": ""gene"", ""name"": ""CSF1"", ""accession"": ""@GENE_CSF1""}",427,5,1,abstract,"[""LOCAL:protein:mouse:CSF1""]",lexical_candidate_only,data/raw/discovery_pilot/c9f79391b6d9f45d562bfab7fb5011d2038e0b47656c04e8504e4cba18321274.json,c84b99ab3ae0446c40c38dccb8d29a844939c9c07d0da5b3ea09d72ea31bb2cb
42375095,28,RANKL,Gene,8600,TNFSF11,"[{""offset"": 437, ""length"": 5}]","{""identifier"": ""8600"", ""type"": ""Gene"", ""ncbi_homologene"": ""2744"", ""valid"": true, ""normalized"": [8600], ""database"": ""ncbi_gene"", ""normalized_id"": 8600, ""biotype"": ""gene"", ""name"": ""TNFSF11"", ""accession"": ""@GENE_TNFSF11""}",437,5,1,abstract,"[""LOCAL:protein:mouse:TNFSF11""]",lexical_candidate_only,data/raw/discovery_pilot/c9f79391b6d9f45d562bfab7fb5011d2038e0b47656c04e8504e4cba18321274.json,c84b99ab3ae0446c40c38dccb8d29a844939c9c07d0da5b3ea09d72ea31bb2cb
42375095,29,RANKL,Gene,8600,TNFSF11,"[{""offset"": 511, ""length"": 5}]","{""identifier"": ""8600"", ""type"": ""Gene"", ""ncbi_homologene"": ""2744"", ""valid"": true, ""normalized"": [8600], ""database"": ""ncbi_gene"", ""normalized_id"": 8600, ""biotype"": ""gene"", ""name"": ""TNFSF11"", ""accession"": ""@GENE_TNFSF11""}",511,5,1,abstract,"[""LOCAL:protein:mouse:TNFSF11""]",lexical_candidate_only,data/raw/discovery_pilot/c9f79391b6d9f45d562bfab7fb5011d2038e0b47656c04e8504e4cba18321274.json,c84b99ab3ae0446c40c38dccb8d29a844939c9c07d0da5b3ea09d72ea31bb2cb
42375095,30,NF-kappaB,Gene,4790,NFKB1,"[{""offset"": 539, ""length"": 9}]","{""identifier"": ""4790"", ""type"": ""Gene"", ""ncbi_homologene"": ""2971"", ""valid"": true, ""normalized"": [4790], ""database"": ""ncbi_gene"", ""normalized_id"": 4790, ""biotype"": ""gene"", ""name"": ""NFKB1"", ""accession"": ""@GENE_NFKB1""}",539,9,1,abstract,"[""LOCAL:protein:mouse:NFKB1""]",lexical_candidate_only,data/raw/discovery_pilot/c9f79391b6d9f45d562bfab7fb5011d2038e0b47656c04e8504e4cba18321274.json,c84b99ab3ae0446c40c38dccb8d29a844939c9c07d0da5b3ea09d72ea31bb2cb
42375095,31,RANKL,Gene,8600,TNFSF11,"[{""offset"": 665, ""length"": 5}]","{""identifier"": ""8600"", ""type"": ""Gene"", ""ncbi_homologene"": ""2744"", ""valid"": true, ""normalized"": [8600], ""database"": ""ncbi_gene"", ""normalized_id"": 8600, ""biotype"": ""gene"", ""name"": ""TNFSF11"", ""accession"": ""@GENE_TNFSF11""}",665,5,1,abstract,"[""LOCAL:protein:mouse:TNFSF11""]",lexical_candidate_only,data/raw/discovery_pilot/c9f79391b6d9f45d562bfab7fb5011d2038e0b47656c04e8504e4cba18321274.json,c84b99ab3ae0446c40c38dccb8d29a844939c9c07d0da5b3ea09d72ea31bb2cb
42375095,32,NF-kappaB,Gene,4790,NFKB1,"[{""offset"": 732, ""length"": 9}]","{""identifier"": ""4790"", ""type"": ""Gene"", ""ncbi_homologene"": ""2971"", ""valid"": true, ""normalized"": [4790], ""database"": ""ncbi_gene"", ""normalized_id"": 4790, ""biotype"": ""gene"", ""name"": ""NFKB1"", ""accession"": ""@GENE_NFKB1""}",732,9,1,abstract,"[""LOCAL:protein:mouse:NFKB1""]",lexical_candidate_only,data/raw/discovery_pilot/c9f79391b6d9f45d562bfab7fb5011d2038e0b47656c04e8504e4cba18321274.json,c84b99ab3ae0446c40c38dccb8d29a844939c9c07d0da5b3ea09d72ea31bb2cb
42375095,33,RANKL,Gene,8600,TNFSF11,"[{""offset"": 754, ""length"": 5}]","{""identifier"": ""8600"", ""type"": ""Gene"", ""ncbi_homologene"": ""2744"", ""valid"": true, ""normalized"": [8600], ""database"": ""ncbi_gene"", ""normalized_id"": 8600, ""biotype"": ""gene"", ""name"": ""TNFSF11"", ""accession"": ""@GENE_TNFSF11""}",754,5,1,abstract,"[""LOCAL:protein:mouse:TNFSF11""]",lexical_candidate_only,data/raw/discovery_pilot/c9f79391b6d9f45d562bfab7fb5011d2038e0b47656c04e8504e4cba18321274.json,c84b99ab3ae0446c40c38dccb8d29a844939c9c07d0da5b3ea09d72ea31bb2cb
42375095,34,Isoschaftoside,Chemical,MESH:C515113,isoschaftoside,"[{""offset"": 841, ""length"": 14}]","{""identifier"": ""MESH:C515113"", ""type"": ""Chemical"", ""valid"": true, ""normalized"": [""C515113""], ""database"": ""ncbi_mesh"", ""normalized_id"": ""C515113"", ""biotype"": ""chemical"", ""name"": ""isoschaftoside"", ""accession"": ""@CHEMICAL_isoschaftoside""}",841,14,1,abstract,[],lexical_candidate_only,data/raw/discovery_pilot/c9f79391b6d9f45d562bfab7fb5011d2038e0b47656c04e8504e4cba18321274.json,c84b99ab3ae0446c40c38dccb8d29a844939c9c07d0da5b3ea09d72ea31bb2cb
42375095,35,ISH,Chemical,MESH:C515113,isoschaftoside,"[{""offset"": 857, ""length"": 3}]","{""identifier"": ""MESH:C515113"", ""type"": ""Chemical"", ""valid"": true, ""normalized"": [""C515113""], ""database"": ""ncbi_mesh"", ""normalized_id"": ""C515113"", ""biotype"": ""chemical"", ""name"": ""isoschaftoside"", ""accession"": ""@CHEMICAL_isoschaftoside""}",857,3,1,abstract,[],lexical_candidate_only,data/raw/discovery_pilot/c9f79391b6d9f45d562bfab7fb5011d2038e0b47656c04e8504e4cba18321274.json,c84b99ab3ae0446c40c38dccb8d29a844939c9c07d0da5b3ea09d72ea31bb2cb
42375095,36,C-glycosyl flavonoid,Chemical,-,,"[{""offset"": 865, ""length"": 20}]","{""identifier"": ""-"", ""type"": ""Chemical"", ""valid"": false, ""normalized_id"": null, ""biotype"": ""chemical""}",865,20,1,abstract,[],lexical_candidate_only,data/raw/discovery_pilot/c9f79391b6d9f45d562bfab7fb5011d2038e0b47656c04e8504e4cba18321274.json,c84b99ab3ae0446c40c38dccb8d29a844939c9c07d0da5b3ea09d72ea31bb2cb
42375095,37,Viola yedoensis,Species,316493,316493,"[{""offset"": 908, ""length"": 15}]","{""identifier"": ""316493"", ""type"": ""Species"", ""valid"": true, ""normalized"": [316493], ""database"": ""ncbi_taxonomy"", ""normalized_id"": 316493, ""biotype"": ""species"", ""name"": ""316493"", ""accession"": null}",908,15,1,abstract,[],lexical_candidate_only,data/raw/discovery_pilot/c9f79391b6d9f45d562bfab7fb5011d2038e0b47656c04e8504e4cba18321274.json,c84b99ab3ae0446c40c38dccb8d29a844939c9c07d0da5b3ea09d72ea31bb2cb
42375095,38,Viola yedoensis,Species,316493,316493,"[{""offset"": 934, ""length"": 15}]","{""identifier"": ""316493"", ""type"": ""Species"", ""valid"": true, ""normalized"": [316493], ""database"": ""ncbi_taxonomy"", ""normalized_id"": 316493, ""biotype"": ""species"", ""name"": ""316493"", ""accession"": null}",934,15,1,abstract,[],lexical_candidate_only,data/raw/discovery_pilot/c9f79391b6d9f45d562bfab7fb5011d2038e0b47656c04e8504e4cba18321274.json,c84b99ab3ae0446c40c38dccb8d29a844939c9c07d0da5b3ea09d72ea31bb2cb
42375095,39,inflammation,Disease,MESH:D007249,Inflammation,"[{""offset"": 988, ""length"": 12}]","{""identifier"": ""MESH:D007249"", ""type"": ""Disease"", ""valid"": true, ""normalized"": [""D007249""], ""database"": ""ncbi_mesh"", ""normalized_id"": ""D007249"", ""biotype"": ""disease"", ""name"": ""Inflammation"", ""accession"": ""@DISEASE_Inflammation""}",988,12,1,abstract,[],lexical_candidate_only,data/raw/discovery_pilot/c9f79391b6d9f45d562bfab7fb5011d2038e0b47656c04e8504e4cba18321274.json,c84b99ab3ae0446c40c38dccb8d29a844939c9c07d0da5b3ea09d72ea31bb2cb
42375095,40,ISH,Chemical,MESH:C515113,isoschaftoside,"[{""offset"": 1115, ""length"": 3}]","{""identifier"": ""MESH:C515113"", ""type"": ""Chemical"", ""valid"": true, ""normalized"": [""C515113""], ""database"": ""ncbi_mesh"", ""normalized_id"": ""C515113"", ""biotype"": ""chemical"", ""name"": ""isoschaftoside"", ""accession"": ""@CHEMICAL_isoschaftoside""}",1115,3,1,abstract,[],lexical_candidate_only,data/raw/discovery_pilot/c9f79391b6d9f45d562bfab7fb5011d2038e0b47656c04e8504e4cba18321274.json,c84b99ab3ae0446c40c38dccb8d29a844939c9c07d0da5b3ea09d72ea31bb2cb
42375095,41,ISH,Chemical,MESH:C515113,isoschaftoside,"[{""offset"": 1218, ""length"": 3}]","{""identifier"": ""MESH:C515113"", ""type"": ""Chemical"", ""valid"": true, ""normalized"": [""C515113""], ""database"": ""ncbi_mesh"", ""normalized_id"": ""C515113"", ""biotype"": ""chemical"", ""name"": ""isoschaftoside"", ""accession"": ""@CHEMICAL_isoschaftoside""}",1218,3,1,abstract,[],lexical_candidate_only,data/raw/discovery_pilot/c9f79391b6d9f45d562bfab7fb5011d2038e0b47656c04e8504e4cba18321274.json,c84b99ab3ae0446c40c38dccb8d29a844939c9c07d0da5b3ea09d72ea31bb2cb
42375095,42,ISH,Chemical,MESH:C515113,isoschaftoside,"[{""offset"": 1272, ""length"": 3}]","{""identifier"": ""MESH:C515113"", ""type"": ""Chemical"", ""valid"": true, ""normalized"": [""C515113""], ""database"": ""ncbi_mesh"", ""normalized_id"": ""C515113"", ""biotype"": ""chemical"", ""name"": ""isoschaftoside"", ""accession"": ""@CHEMICAL_isoschaftoside""}",1272,3,1,abstract,[],lexical_candidate_only,data/raw/discovery_pilot/c9f79391b6d9f45d562bfab7fb5011d2038e0b47656c04e8504e4cba18321274.json,c84b99ab3ae0446c40c38dccb8d29a844939c9c07d0da5b3ea09d72ea31bb2cb
42375095,43,RANKL,Gene,8600,TNFSF11,"[{""offset"": 1287, ""length"": 5}]","{""identifier"": ""8600"", ""type"": ""Gene"", ""ncbi_homologene"": ""2744"", ""valid"": true, ""normalized"": [8600], ""database"": ""ncbi_gene"", ""normalized_id"": 8600, ""biotype"": ""gene"", ""name"": ""TNFSF11"", ""accession"": ""@GENE_TNFSF11""}",1287,5,1,abstract,"[""LOCAL:protein:mouse:TNFSF11""]",lexical_candidate_only,data/raw/discovery_pilot/c9f79391b6d9f45d562bfab7fb5011d2038e0b47656c04e8504e4cba18321274.json,c84b99ab3ae0446c40c38dccb8d29a844939c9c07d0da5b3ea09d72ea31bb2cb
42375095,44,NF-kappaB,Gene,4790,NFKB1,"[{""offset"": 1315, ""length"": 9}]","{""identifier"": ""4790"", ""type"": ""Gene"", ""ncbi_homologene"": ""2971"", ""valid"": true, ""normalized"": [4790], ""database"": ""ncbi_gene"", ""normalized_id"": 4790, ""biotype"": ""gene"", ""name"": ""NFKB1"", ""accession"": ""@GENE_NFKB1""}",1315,9,1,abstract,"[""LOCAL:protein:mouse:NFKB1""]",lexical_candidate_only,data/raw/discovery_pilot/c9f79391b6d9f45d562bfab7fb5011d2038e0b47656c04e8504e4cba18321274.json,c84b99ab3ae0446c40c38dccb8d29a844939c9c07d0da5b3ea09d72ea31bb2cb
42375095,45,ISH,Chemical,MESH:C515113,isoschaftoside,"[{""offset"": 1345, ""length"": 3}]","{""identifier"": ""MESH:C515113"", ""type"": ""Chemical"", ""valid"": true, ""normalized"": [""C515113""], ""database"": ""ncbi_mesh"", ""normalized_id"": ""C515113"", ""biotype"": ""chemical"", ""name"": ""isoschaftoside"", ""accession"": ""@CHEMICAL_isoschaftoside""}",1345,3,1,abstract,[],lexical_candidate_only,data/raw/discovery_pilot/c9f79391b6d9f45d562bfab7fb5011d2038e0b47656c04e8504e4cba18321274.json,c84b99ab3ae0446c40c38dccb8d29a844939c9c07d0da5b3ea09d72ea31bb2cb
42375095,46,RANKL,Gene,8600,TNFSF11,"[{""offset"": 1411, ""length"": 5}]","{""identifier"": ""8600"", ""type"": ""Gene"", ""ncbi_homologene"": ""2744"", ""valid"": true, ""normalized"": [8600], ""database"": ""ncbi_gene"", ""normalized_id"": 8600, ""biotype"": ""gene"", ""name"": ""TNFSF11"", ""accession"": ""@GENE_TNFSF11""}",1411,5,1,abstract,"[""LOCAL:protein:mouse:TNFSF11""]",lexical_candidate_only,data/raw/discovery_pilot/c9f79391b6d9f45d562bfab7fb5011d2038e0b47656c04e8504e4cba18321274.json,c84b99ab3ae0446c40c38dccb8d29a844939c9c07d0da5b3ea09d72ea31bb2cb
42375095,47,M-CSF,Gene,1435,CSF1,"[{""offset"": 1421, ""length"": 5}]","{""identifier"": ""1435"", ""type"": ""Gene"", ""ncbi_homologene"": ""7282"", ""valid"": true, ""normalized"": [1435], ""database"": ""ncbi_gene"", ""normalized_id"": 1435, ""biotype"": ""gene"", ""name"": ""CSF1"", ""accession"": ""@GENE_CSF1""}",1421,5,1,abstract,"[""LOCAL:protein:mouse:CSF1""]",lexical_candidate_only,data/raw/discovery_pilot/c9f79391b6d9f45d562bfab7fb5011d2038e0b47656c04e8504e4cba18321274.json,c84b99ab3ae0446c40c38dccb8d29a844939c9c07d0da5b3ea09d72ea31bb2cb
42381997,1,osteoporosis,Disease,MESH:D010024,Osteoporosis,"[{""offset"": 123, ""length"": 12}]","{""identifier"": ""MESH:D010024"", ""type"": ""Disease"", ""valid"": true, ""normalized"": [""D010024""], ""database"": ""ncbi_mesh"", ""normalized_id"": ""D010024"", ""biotype"": ""disease"", ""name"": ""Osteoporosis"", ""accession"": ""@DISEASE_Osteoporosis""}",123,12,0,title,[],lexical_candidate_only,data/raw/discovery_pilot/c9f79391b6d9f45d562bfab7fb5011d2038e0b47656c04e8504e4cba18321274.json,c84b99ab3ae0446c40c38dccb8d29a844939c9c07d0da5b3ea09d72ea31bb2cb
42381997,38,postmenopausal osteoporosis,Disease,MESH:D010024,Osteoporosis,"[{""offset"": 222, ""length"": 27}]","{""identifier"": ""MESH:D010024"", ""type"": ""Disease"", ""valid"": true, ""normalized"": [""D010024""], ""database"": ""ncbi_mesh"", ""normalized_id"": ""D010024"", ""biotype"": ""disease"", ""name"": ""Osteoporosis"", ""accession"": ""@DISEASE_Osteoporosis""}",222,27,1,abstract,[],lexical_candidate_only,data/raw/discovery_pilot/c9f79391b6d9f45d562bfab7fb5011d2038e0b47656c04e8504e4cba18321274.json,c84b99ab3ae0446c40c38dccb8d29a844939c9c07d0da5b3ea09d72ea31bb2cb
42381997,39,OVX,Disease,,,"[{""offset"": 463, ""length"": 3}]","{""type"": ""Disease"", ""valid"": false, ""normalized_id"": null, ""biotype"": ""disease""}",463,3,1,abstract,[],lexical_candidate_only,data/raw/discovery_pilot/c9f79391b6d9f45d562bfab7fb5011d2038e0b47656c04e8504e4cba18321274.json,c84b99ab3ae0446c40c38dccb8d29a844939c9c07d0da5b3ea09d72ea31bb2cb
42381997,40,mouse,Species,10090,10090,"[{""offset"": 468, ""length"": 5}]","{""identifier"": ""10090"", ""type"": ""Species"", ""valid"": true, ""normalized"": [10090], ""database"": ""ncbi_taxonomy"", ""normalized_id"": 10090, ""biotype"": ""species"", ""name"": ""10090"", ""accession"": null}",468,5,1,abstract,[],lexical_candidate_only,data/raw/discovery_pilot/c9f79391b6d9f45d562bfab7fb5011d2038e0b47656c04e8504e4cba18321274.json,c84b99ab3ae0446c40c38dccb8d29a844939c9c07d0da5b3ea09d72ea31bb2cb
42381997,41,osteoporosis,Disease,MESH:D010024,Osteoporosis,"[{""offset"": 504, ""length"": 12}]","{""identifier"": ""MESH:D010024"", ""type"": ""Disease"", ""valid"": true, ""normalized"": [""D010024""], ""database"": ""ncbi_mesh"", ""normalized_id"": ""D010024"", ""biotype"": ""disease"", ""name"": ""Osteoporosis"", ""accession"": ""@DISEASE_Osteoporosis""}",504,12,1,abstract,[],lexical_candidate_only,data/raw/discovery_pilot/c9f79391b6d9f45d562bfab7fb5011d2038e0b47656c04e8504e4cba18321274.json,c84b99ab3ae0446c40c38dccb8d29a844939c9c07d0da5b3ea09d72ea31bb2cb
42381997,42,lactate,Chemical,MESH:D019344,Lactic Acid,"[{""offset"": 545, ""length"": 7}]","{""identifier"": ""MESH:D019344"", ""type"": ""Chemical"", ""valid"": true, ""normalized"": [""D019344""], ""database"": ""ncbi_mesh"", ""normalized_id"": ""D019344"", ""biotype"": ""chemical"", ""name"": ""Lactic Acid"", ""accession"": ""@CHEMICAL_Lactic_Acid""}",545,7,1,abstract,"[""CHEBI:16651""]",lexical_candidate_only,data/raw/discovery_pilot/c9f79391b6d9f45d562bfab7fb5011d2038e0b47656c04e8504e4cba18321274.json,c84b99ab3ae0446c40c38dccb8d29a844939c9c07d0da5b3ea09d72ea31bb2cb
42381997,43,lactate,Chemical,MESH:D019344,Lactic Acid,"[{""offset"": 685, ""length"": 7}]","{""identifier"": ""MESH:D019344"", ""type"": ""Chemical"", ""valid"": true, ""normalized"": [""D019344""], ""database"": ""ncbi_mesh"", ""normalized_id"": ""D019344"", ""biotype"": ""chemical"", ""name"": ""Lactic Acid"", ""accession"": ""@CHEMICAL_Lactic_Acid""}",685,7,1,abstract,"[""CHEBI:16651""]",lexical_candidate_only,data/raw/discovery_pilot/c9f79391b6d9f45d562bfab7fb5011d2038e0b47656c04e8504e4cba18321274.json,c84b99ab3ae0446c40c38dccb8d29a844939c9c07d0da5b3ea09d72ea31bb2cb
42381997,44,sodium lactate,Chemical,MESH:D019354,Sodium Lactate,"[{""offset"": 767, ""length"": 14}]","{""identifier"": ""MESH:D019354"", ""type"": ""Chemical"", ""valid"": true, ""normalized"": [""D019354""], ""database"": ""ncbi_mesh"", ""normalized_id"": ""D019354"", ""biotype"": ""chemical"", ""name"": ""Sodium Lactate"", ""accession"": ""@CHEMICAL_Sodium_Lactate""}",767,14,1,abstract,[],lexical_candidate_only,data/raw/discovery_pilot/c9f79391b6d9f45d562bfab7fb5011d2038e0b47656c04e8504e4cba18321274.json,c84b99ab3ae0446c40c38dccb8d29a844939c9c07d0da5b3ea09d72ea31bb2cb
42381997,45,NaLac,Chemical,-,,"[{""offset"": 783, ""length"": 5}]","{""identifier"": ""-"", ""type"": ""Chemical"", ""valid"": false, ""normalized_id"": null, ""biotype"": ""chemical""}",783,5,1,abstract,[],lexical_candidate_only,data/raw/discovery_pilot/c9f79391b6d9f45d562bfab7fb5011d2038e0b47656c04e8504e4cba18321274.json,c84b99ab3ae0446c40c38dccb8d29a844939c9c07d0da5b3ea09d72ea31bb2cb
42381997,46,cathepsin K,Gene,13038,Ctsk,"[{""offset"": 920, ""length"": 11}]","{""identifier"": ""13038"", ""type"": ""Gene"", ""ncbi_homologene"": ""68053"", ""valid"": true, ""normalized"": [13038], ""database"": ""ncbi_gene"", ""normalized_id"": 13038, ""biotype"": ""gene"", ""name"": ""Ctsk"", ""accession"": ""@GENE_CTSK""}",920,11,1,abstract,"[""LOCAL:protein:mouse:CTSK""]",lexical_candidate_only,data/raw/discovery_pilot/c9f79391b6d9f45d562bfab7fb5011d2038e0b47656c04e8504e4cba18321274.json,c84b99ab3ae0446c40c38dccb8d29a844939c9c07d0da5b3ea09d72ea31bb2cb
42381997,47,Ctsk,Gene,13038,Ctsk,"[{""offset"": 933, ""length"": 4}]","{""identifier"": ""13038"", ""type"": ""Gene"", ""ncbi_homologene"": ""68053"", ""valid"": true, ""normalized"": [13038], ""database"": ""ncbi_gene"", ""normalized_id"": 13038, ""biotype"": ""gene"", ""name"": ""Ctsk"", ""accession"": ""@GENE_CTSK""}",933,4,1,abstract,"[""LOCAL:protein:mouse:CTSK""]",lexical_candidate_only,data/raw/discovery_pilot/c9f79391b6d9f45d562bfab7fb5011d2038e0b47656c04e8504e4cba18321274.json,c84b99ab3ae0446c40c38dccb8d29a844939c9c07d0da5b3ea09d72ea31bb2cb
42381997,48,matrix metalloproteinase 9,Gene,17395,Mmp9,"[{""offset"": 940, ""length"": 26}]","{""identifier"": ""17395"", ""type"": ""Gene"", ""ncbi_homologene"": ""3659"", ""valid"": true, ""normalized"": [17395], ""database"": ""ncbi_gene"", ""normalized_id"": 17395, ""biotype"": ""gene"", ""name"": ""Mmp9"", ""accession"": ""@GENE_MMP9""}",940,26,1,abstract,"[""LOCAL:protein:mouse:MMP9""]",lexical_candidate_only,data/raw/discovery_pilot/c9f79391b6d9f45d562bfab7fb5011d2038e0b47656c04e8504e4cba18321274.json,c84b99ab3ae0446c40c38dccb8d29a844939c9c07d0da5b3ea09d72ea31bb2cb
42381997,49,Mmp9,Gene,17395,Mmp9,"[{""offset"": 968, ""length"": 4}]","{""identifier"": ""17395"", ""type"": ""Gene"", ""ncbi_homologene"": ""3659"", ""valid"": true, ""normalized"": [17395], ""database"": ""ncbi_gene"", ""normalized_id"": 17395, ""biotype"": ""gene"", ""name"": ""Mmp9"", ""accession"": ""@GENE_MMP9""}",968,4,1,abstract,"[""LOCAL:protein:mouse:MMP9""]",lexical_candidate_only,data/raw/discovery_pilot/c9f79391b6d9f45d562bfab7fb5011d2038e0b47656c04e8504e4cba18321274.json,c84b99ab3ae0446c40c38dccb8d29a844939c9c07d0da5b3ea09d72ea31bb2cb
42381997,50,matrix metalloproteinase 12,Gene,17381,Mmp12,"[{""offset"": 979, ""length"": 27}]","{""identifier"": ""17381"", ""type"": ""Gene"", ""ncbi_homologene"": ""20547"", ""valid"": true, ""normalized"": [17381], ""database"": ""ncbi_gene"", ""normalized_id"": 17381, ""biotype"": ""gene"", ""name"": ""Mmp12"", ""accession"": ""@GENE_MMP12""}",979,27,1,abstract,[],lexical_candidate_only,data/raw/discovery_pilot/c9f79391b6d9f45d562bfab7fb5011d2038e0b47656c04e8504e4cba18321274.json,c84b99ab3ae0446c40c38dccb8d29a844939c9c07d0da5b3ea09d72ea31bb2cb
42381997,51,Mmp12,Gene,17381,Mmp12,"[{""offset"": 1008, ""length"": 5}]","{""identifier"": ""17381"", ""type"": ""Gene"", ""ncbi_homologene"": ""20547"", ""valid"": true, ""normalized"": [17381], ""database"": ""ncbi_gene"", ""normalized_id"": 17381, ""biotype"": ""gene"", ""name"": ""Mmp12"", ""accession"": ""@GENE_MMP12""}",1008,5,1,abstract,[],lexical_candidate_only,data/raw/discovery_pilot/c9f79391b6d9f45d562bfab7fb5011d2038e0b47656c04e8504e4cba18321274.json,c84b99ab3ae0446c40c38dccb8d29a844939c9c07d0da5b3ea09d72ea31bb2cb
42381997,52,lactate,Chemical,MESH:D019344,Lactic Acid,"[{""offset"": 1236, ""length"": 7}]","{""identifier"": ""MESH:D019344"", ""type"": ""Chemical"", ""valid"": true, ""normalized"": [""D019344""], ""database"": ""ncbi_mesh"", ""normalized_id"": ""D019344"", ""biotype"": ""chemical"", ""name"": ""Lactic Acid"", ""accession"": ""@CHEMICAL_Lactic_Acid""}",1236,7,1,abstract,"[""CHEBI:16651""]",lexical_candidate_only,data/raw/discovery_pilot/c9f79391b6d9f45d562bfab7fb5011d2038e0b47656c04e8504e4cba18321274.json,c84b99ab3ae0446c40c38dccb8d29a844939c9c07d0da5b3ea09d72ea31bb2cb
42381997,53,OVX,Disease,,,"[{""offset"": 1305, ""length"": 3}]","{""type"": ""Disease"", ""valid"": false, ""normalized_id"": null, ""biotype"": ""disease""}",1305,3,1,abstract,[],lexical_candidate_only,data/raw/discovery_pilot/c9f79391b6d9f45d562bfab7fb5011d2038e0b47656c04e8504e4cba18321274.json,c84b99ab3ae0446c40c38dccb8d29a844939c9c07d0da5b3ea09d72ea31bb2cb
42381997,54,lactate,Chemical,MESH:D019344,Lactic Acid,"[{""offset"": 1361, ""length"": 7}]","{""identifier"": ""MESH:D019344"", ""type"": ""Chemical"", ""valid"": true, ""normalized"": [""D019344""], ""database"": ""ncbi_mesh"", ""normalized_id"": ""D019344"", ""biotype"": ""chemical"", ""name"": ""Lactic Acid"", ""accession"": ""@CHEMICAL_Lactic_Acid""}",1361,7,1,abstract,"[""CHEBI:16651""]",lexical_candidate_only,data/raw/discovery_pilot/c9f79391b6d9f45d562bfab7fb5011d2038e0b47656c04e8504e4cba18321274.json,c84b99ab3ae0446c40c38dccb8d29a844939c9c07d0da5b3ea09d72ea31bb2cb
42381997,55,sodium lactate,Chemical,MESH:D019354,Sodium Lactate,"[{""offset"": 1389, ""length"": 14}]","{""identifier"": ""MESH:D019354"", ""type"": ""Chemical"", ""valid"": true, ""normalized"": [""D019354""], ""database"": ""ncbi_mesh"", ""normalized_id"": ""D019354"", ""biotype"": ""chemical"", ""name"": ""Sodium Lactate"", ""accession"": ""@CHEMICAL_Sodium_Lactate""}",1389,14,1,abstract,[],lexical_candidate_only,data/raw/discovery_pilot/c9f79391b6d9f45d562bfab7fb5011d2038e0b47656c04e8504e4cba18321274.json,c84b99ab3ae0446c40c38dccb8d29a844939c9c07d0da5b3ea09d72ea31bb2cb
42381997,56,OVX,Disease,,,"[{""offset"": 1464, ""length"": 3}]","{""type"": ""Disease"", ""valid"": false, ""normalized_id"": null, ""biotype"": ""disease""}",1464,3,1,abstract,[],lexical_candidate_only,data/raw/discovery_pilot/c9f79391b6d9f45d562bfab7fb5011d2038e0b47656c04e8504e4cba18321274.json,c84b99ab3ae0446c40c38dccb8d29a844939c9c07d0da5b3ea09d72ea31bb2cb
42381997,57,bone loss,Disease,MESH:D001847,Bone Diseases,"[{""offset"": 1476, ""length"": 9}]","{""identifier"": ""MESH:D001847"", ""type"": ""Disease"", ""valid"": true, ""normalized"": [""D001847""], ""database"": ""ncbi_mesh"", ""normalized_id"": ""D001847"", ""biotype"": ""disease"", ""name"": ""Bone Diseases"", ""accession"": ""@DISEASE_Bone_Diseases""}",1476,9,1,abstract,[],lexical_candidate_only,data/raw/discovery_pilot/c9f79391b6d9f45d562bfab7fb5011d2038e0b47656c04e8504e4cba18321274.json,c84b99ab3ae0446c40c38dccb8d29a844939c9c07d0da5b3ea09d72ea31bb2cb
42381997,58,lactate,Chemical,MESH:D019344,Lactic Acid,"[{""offset"": 1504, ""length"": 7}]","{""identifier"": ""MESH:D019344"", ""type"": ""Chemical"", ""valid"": true, ""normalized"": [""D019344""], ""database"": ""ncbi_mesh"", ""normalized_id"": ""D019344"", ""biotype"": ""chemical"", ""name"": ""Lactic Acid"", ""accession"": ""@CHEMICAL_Lactic_Acid""}",1504,7,1,abstract,"[""CHEBI:16651""]",lexical_candidate_only,data/raw/discovery_pilot/c9f79391b6d9f45d562bfab7fb5011d2038e0b47656c04e8504e4cba18321274.json,c84b99ab3ae0446c40c38dccb8d29a844939c9c07d0da5b3ea09d72ea31bb2cb
42381997,59,Ctsk,Gene,13038,Ctsk,"[{""offset"": 1661, ""length"": 4}]","{""identifier"": ""13038"", ""type"": ""Gene"", ""ncbi_homologene"": ""68053"", ""valid"": true, ""normalized"": [13038], ""database"": ""ncbi_gene"", ""normalized_id"": 13038, ""biotype"": ""gene"", ""name"": ""Ctsk"", ""accession"": ""@GENE_CTSK""}",1661,4,1,abstract,"[""LOCAL:protein:mouse:CTSK""]",lexical_candidate_only,data/raw/discovery_pilot/c9f79391b6d9f45d562bfab7fb5011d2038e0b47656c04e8504e4cba18321274.json,c84b99ab3ae0446c40c38dccb8d29a844939c9c07d0da5b3ea09d72ea31bb2cb
42381997,60,Mmp9,Gene,17395,Mmp9,"[{""offset"": 1667, ""length"": 4}]","{""identifier"": ""17395"", ""type"": ""Gene"", ""ncbi_homologene"": ""3659"", ""valid"": true, ""normalized"": [17395], ""database"": ""ncbi_gene"", ""normalized_id"": 17395, ""biotype"": ""gene"", ""name"": ""Mmp9"", ""accession"": ""@GENE_MMP9""}",1667,4,1,abstract,"[""LOCAL:protein:mouse:MMP9""]",lexical_candidate_only,data/raw/discovery_pilot/c9f79391b6d9f45d562bfab7fb5011d2038e0b47656c04e8504e4cba18321274.json,c84b99ab3ae0446c40c38dccb8d29a844939c9c07d0da5b3ea09d72ea31bb2cb
42381997,61,Mmp12,Gene,17381,Mmp12,"[{""offset"": 1677, ""length"": 5}]","{""identifier"": ""17381"", ""type"": ""Gene"", ""ncbi_homologene"": ""20547"", ""valid"": true, ""normalized"": [17381], ""database"": ""ncbi_gene"", ""normalized_id"": 17381, ""biotype"": ""gene"", ""name"": ""Mmp12"", ""accession"": ""@GENE_MMP12""}",1677,5,1,abstract,[],lexical_candidate_only,data/raw/discovery_pilot/c9f79391b6d9f45d562bfab7fb5011d2038e0b47656c04e8504e4cba18321274.json,c84b99ab3ae0446c40c38dccb8d29a844939c9c07d0da5b3ea09d72ea31bb2cb
42381997,62,sirtuin 6,Gene,50721,Sirt6,"[{""offset"": 1788, ""length"": 9}]","{""identifier"": ""50721"", ""type"": ""Gene"", ""ncbi_homologene"": ""6924"", ""valid"": true, ""normalized"": [50721], ""database"": ""ncbi_gene"", ""normalized_id"": 50721, ""biotype"": ""gene"", ""name"": ""Sirt6"", ""accession"": ""@GENE_SIRT6""}",1788,9,1,abstract,"[""LOCAL:protein:mouse:SIRT6""]",lexical_candidate_only,data/raw/discovery_pilot/c9f79391b6d9f45d562bfab7fb5011d2038e0b47656c04e8504e4cba18321274.json,c84b99ab3ae0446c40c38dccb8d29a844939c9c07d0da5b3ea09d72ea31bb2cb
42381997,63,SIRT6,Gene,50721,Sirt6,"[{""offset"": 1799, ""length"": 5}]","{""identifier"": ""50721"", ""type"": ""Gene"", ""ncbi_homologene"": ""6924"", ""valid"": true, ""normalized"": [50721], ""database"": ""ncbi_gene"", ""normalized_id"": 50721, ""biotype"": ""gene"", ""name"": ""Sirt6"", ""accession"": ""@GENE_SIRT6""}",1799,5,1,abstract,"[""LOCAL:protein:mouse:SIRT6""]",lexical_candidate_only,data/raw/discovery_pilot/c9f79391b6d9f45d562bfab7fb5011d2038e0b47656c04e8504e4cba18321274.json,c84b99ab3ae0446c40c38dccb8d29a844939c9c07d0da5b3ea09d72ea31bb2cb
42381997,64,Lactate,Chemical,MESH:D019344,Lactic Acid,"[{""offset"": 1866, ""length"": 7}]","{""identifier"": ""MESH:D019344"", ""type"": ""Chemical"", ""valid"": true, ""normalized"": [""D019344""], ""database"": ""ncbi_mesh"", ""normalized_id"": ""D019344"", ""biotype"": ""chemical"", ""name"": ""Lactic Acid"", ""accession"": ""@CHEMICAL_Lactic_Acid""}",1866,7,1,abstract,"[""CHEBI:16651""]",lexical_candidate_only,data/raw/discovery_pilot/c9f79391b6d9f45d562bfab7fb5011d2038e0b47656c04e8504e4cba18321274.json,c84b99ab3ae0446c40c38dccb8d29a844939c9c07d0da5b3ea09d72ea31bb2cb
42381997,65,osteoporosis,Disease,MESH:D010024,Osteoporosis,"[{""offset"": 1927, ""length"": 12}]","{""identifier"": ""MESH:D010024"", ""type"": ""Disease"", ""valid"": true, ""normalized"": [""D010024""], ""database"": ""ncbi_mesh"", ""normalized_id"": ""D010024"", ""biotype"": ""disease"", ""name"": ""Osteoporosis"", ""accession"": ""@DISEASE_Osteoporosis""}",1927,12,1,abstract,[],lexical_candidate_only,data/raw/discovery_pilot/c9f79391b6d9f45d562bfab7fb5011d2038e0b47656c04e8504e4cba18321274.json,c84b99ab3ae0446c40c38dccb8d29a844939c9c07d0da5b3ea09d72ea31bb2cb
42381997,66,Ctsk,Gene,13038,Ctsk,"[{""offset"": 2028, ""length"": 4}]","{""identifier"": ""13038"", ""type"": ""Gene"", ""ncbi_homologene"": ""68053"", ""valid"": true, ""normalized"": [13038], ""database"": ""ncbi_gene"", ""normalized_id"": 13038, ""biotype"": ""gene"", ""name"": ""Ctsk"", ""accession"": ""@GENE_CTSK""}",2028,4,1,abstract,"[""LOCAL:protein:mouse:CTSK""]",lexical_candidate_only,data/raw/discovery_pilot/c9f79391b6d9f45d562bfab7fb5011d2038e0b47656c04e8504e4cba18321274.json,c84b99ab3ae0446c40c38dccb8d29a844939c9c07d0da5b3ea09d72ea31bb2cb
42381997,67,Mmp9,Gene,17395,Mmp9,"[{""offset"": 2034, ""length"": 4}]","{""identifier"": ""17395"", ""type"": ""Gene"", ""ncbi_homologene"": ""3659"", ""valid"": true, ""normalized"": [17395], ""database"": ""ncbi_gene"", ""normalized_id"": 17395, ""biotype"": ""gene"", ""name"": ""Mmp9"", ""accession"": ""@GENE_MMP9""}",2034,4,1,abstract,"[""LOCAL:protein:mouse:MMP9""]",lexical_candidate_only,data/raw/discovery_pilot/c9f79391b6d9f45d562bfab7fb5011d2038e0b47656c04e8504e4cba18321274.json,c84b99ab3ae0446c40c38dccb8d29a844939c9c07d0da5b3ea09d72ea31bb2cb
42381997,68,Mmp12,Gene,17381,Mmp12,"[{""offset"": 2044, ""length"": 5}]","{""identifier"": ""17381"", ""type"": ""Gene"", ""ncbi_homologene"": ""20547"", ""valid"": true, ""normalized"": [17381], ""database"": ""ncbi_gene"", ""normalized_id"": 17381, ""biotype"": ""gene"", ""name"": ""Mmp12"", ""accession"": ""@GENE_MMP12""}",2044,5,1,abstract,[],lexical_candidate_only,data/raw/discovery_pilot/c9f79391b6d9f45d562bfab7fb5011d2038e0b47656c04e8504e4cba18321274.json,c84b99ab3ae0446c40c38dccb8d29a844939c9c07d0da5b3ea09d72ea31bb2cb
42381997,69,SIRT6,Gene,50721,Sirt6,"[{""offset"": 2131, ""length"": 5}]","{""identifier"": ""50721"", ""type"": ""Gene"", ""ncbi_homologene"": ""6924"", ""valid"": true, ""normalized"": [50721], ""database"": ""ncbi_gene"", ""normalized_id"": 50721, ""biotype"": ""gene"", ""name"": ""Sirt6"", ""accession"": ""@GENE_SIRT6""}",2131,5,1,abstract,"[""LOCAL:protein:mouse:SIRT6""]",lexical_candidate_only,data/raw/discovery_pilot/c9f79391b6d9f45d562bfab7fb5011d2038e0b47656c04e8504e4cba18321274.json,c84b99ab3ae0446c40c38dccb8d29a844939c9c07d0da5b3ea09d72ea31bb2cb
42381997,70,lactate,Chemical,MESH:D019344,Lactic Acid,"[{""offset"": 2250, ""length"": 7}]","{""identifier"": ""MESH:D019344"", ""type"": ""Chemical"", ""valid"": true, ""normalized"": [""D019344""], ""database"": ""ncbi_mesh"", ""normalized_id"": ""D019344"", ""biotype"": ""chemical"", ""name"": ""Lactic Acid"", ""accession"": ""@CHEMICAL_Lactic_Acid""}",2250,7,1,abstract,"[""CHEBI:16651""]",lexical_candidate_only,data/raw/discovery_pilot/c9f79391b6d9f45d562bfab7fb5011d2038e0b47656c04e8504e4cba18321274.json,c84b99ab3ae0446c40c38dccb8d29a844939c9c07d0da5b3ea09d72ea31bb2cb
42381997,71,lactate,Chemical,MESH:D019344,Lactic Acid,"[{""offset"": 2323, ""length"": 7}]","{""identifier"": ""MESH:D019344"", ""type"": ""Chemical"", ""valid"": true, ""normalized"": [""D019344""], ""database"": ""ncbi_mesh"", ""normalized_id"": ""D019344"", ""biotype"": ""chemical"", ""name"": ""Lactic Acid"", ""accession"": ""@CHEMICAL_Lactic_Acid""}",2323,7,1,abstract,"[""CHEBI:16651""]",lexical_candidate_only,data/raw/discovery_pilot/c9f79391b6d9f45d562bfab7fb5011d2038e0b47656c04e8504e4cba18321274.json,c84b99ab3ae0446c40c38dccb8d29a844939c9c07d0da5b3ea09d72ea31bb2cb
42381997,72,lactate,Chemical,MESH:D019344,Lactic Acid,"[{""offset"": 2344, ""length"": 7}]","{""identifier"": ""MESH:D019344"", ""type"": ""Chemical"", ""valid"": true, ""normalized"": [""D019344""], ""database"": ""ncbi_mesh"", ""normalized_id"": ""D019344"", ""biotype"": ""chemical"", ""name"": ""Lactic Acid"", ""accession"": ""@CHEMICAL_Lactic_Acid""}",2344,7,1,abstract,"[""CHEBI:16651""]",lexical_candidate_only,data/raw/discovery_pilot/c9f79391b6d9f45d562bfab7fb5011d2038e0b47656c04e8504e4cba18321274.json,c84b99ab3ae0446c40c38dccb8d29a844939c9c07d0da5b3ea09d72ea31bb2cb
42381997,73,postmenopausal osteoporosis,Disease,MESH:D010024,Osteoporosis,"[{""offset"": 2416, ""length"": 27}]","{""identifier"": ""MESH:D010024"", ""type"": ""Disease"", ""valid"": true, ""normalized"": [""D010024""], ""database"": ""ncbi_mesh"", ""normalized_id"": ""D010024"", ""biotype"": ""disease"", ""name"": ""Osteoporosis"", ""accession"": ""@DISEASE_Osteoporosis""}",2416,27,1,abstract,[],lexical_candidate_only,data/raw/discovery_pilot/c9f79391b6d9f45d562bfab7fb5011d2038e0b47656c04e8504e4cba18321274.json,c84b99ab3ae0446c40c38dccb8d29a844939c9c07d0da5b3ea09d72ea31bb2cb
42564269,4,TNF-alpha,Gene,7124,TNF,"[{""offset"": 0, ""length"": 9}]","{""identifier"": ""7124"", ""type"": ""Gene"", ""ncbi_homologene"": ""496"", ""valid"": true, ""normalized"": [7124], ""database"": ""ncbi_gene"", ""normalized_id"": 7124, ""biotype"": ""gene"", ""name"": ""TNF"", ""accession"": ""@GENE_TNF""}",0,9,0,title,"[""LOCAL:protein:mouse:TNF""]",lexical_candidate_only,data/raw/discovery_pilot/c9f79391b6d9f45d562bfab7fb5011d2038e0b47656c04e8504e4cba18321274.json,c84b99ab3ae0446c40c38dccb8d29a844939c9c07d0da5b3ea09d72ea31bb2cb
42564269,5,adalimumab,Chemical,MESH:D000068879,Adalimumab,"[{""offset"": 24, ""length"": 10}]","{""identifier"": ""MESH:D000068879"", ""type"": ""Chemical"", ""valid"": true, ""normalized"": [""D000068879""], ""database"": ""ncbi_mesh"", ""normalized_id"": ""D000068879"", ""biotype"": ""chemical"", ""name"": ""Adalimumab"", ""accession"": ""@CHEMICAL_Adalimumab""}",24,10,0,title,[],lexical_candidate_only,data/raw/discovery_pilot/c9f79391b6d9f45d562bfab7fb5011d2038e0b47656c04e8504e4cba18321274.json,c84b99ab3ae0446c40c38dccb8d29a844939c9c07d0da5b3ea09d72ea31bb2cb
42564269,6,rheumatoid arthritis,Disease,MESH:D001172,Arthritis Rheumatoid,"[{""offset"": 63, ""length"": 20}]","{""identifier"": ""MESH:D001172"", ""type"": ""Disease"", ""valid"": true, ""normalized"": [""D001172""], ""database"": ""ncbi_mesh"", ""normalized_id"": ""D001172"", ""biotype"": ""disease"", ""name"": ""Arthritis Rheumatoid"", ""accession"": ""@DISEASE_Arthritis_Rheumatoid""}",63,20,0,title,[],lexical_candidate_only,data/raw/discovery_pilot/c9f79391b6d9f45d562bfab7fb5011d2038e0b47656c04e8504e4cba18321274.json,c84b99ab3ae0446c40c38dccb8d29a844939c9c07d0da5b3ea09d72ea31bb2cb
42564269,7,inflammatory,Disease,MESH:D007249,Inflammation,"[{""offset"": 112, ""length"": 12}]","{""identifier"": ""MESH:D007249"", ""type"": ""Disease"", ""valid"": true, ""normalized"": [""D007249""], ""database"": ""ncbi_mesh"", ""normalized_id"": ""D007249"", ""biotype"": ""disease"", ""name"": ""Inflammation"", ""accession"": ""@DISEASE_Inflammation""}",112,12,0,title,[],lexical_candidate_only,data/raw/discovery_pilot/c9f79391b6d9f45d562bfab7fb5011d2038e0b47656c04e8504e4cba18321274.json,c84b99ab3ae0446c40c38dccb8d29a844939c9c07d0da5b3ea09d72ea31bb2cb
42564269,43,TNF,Gene,7124,TNF,"[{""offset"": 233, ""length"": 3}]","{""identifier"": ""7124"", ""type"": ""Gene"", ""ncbi_homologene"": ""496"", ""valid"": true, ""normalized"": [7124], ""database"": ""ncbi_gene"", ""normalized_id"": 7124, ""biotype"": ""gene"", ""name"": ""TNF"", ""accession"": ""@GENE_TNF""}",233,3,1,abstract,"[""LOCAL:protein:mouse:TNF""]",lexical_candidate_only,data/raw/discovery_pilot/c9f79391b6d9f45d562bfab7fb5011d2038e0b47656c04e8504e4cba18321274.json,c84b99ab3ae0446c40c38dccb8d29a844939c9c07d0da5b3ea09d72ea31bb2cb
42564269,44,adalimumab,Chemical,MESH:D000068879,Adalimumab,"[{""offset"": 246, ""length"": 10}]","{""identifier"": ""MESH:D000068879"", ""type"": ""Chemical"", ""valid"": true, ""normalized"": [""D000068879""], ""database"": ""ncbi_mesh"", ""normalized_id"": ""D000068879"", ""biotype"": ""chemical"", ""name"": ""Adalimumab"", ""accession"": ""@CHEMICAL_Adalimumab""}",246,10,1,abstract,[],lexical_candidate_only,data/raw/discovery_pilot/c9f79391b6d9f45d562bfab7fb5011d2038e0b47656c04e8504e4cba18321274.json,c84b99ab3ae0446c40c38dccb8d29a844939c9c07d0da5b3ea09d72ea31bb2cb
42564269,45,rheumatoid arthritis,Disease,MESH:D001172,Arthritis Rheumatoid,"[{""offset"": 260, ""length"": 20}]","{""identifier"": ""MESH:D001172"", ""type"": ""Disease"", ""valid"": true, ""normalized"": [""D001172""], ""database"": ""ncbi_mesh"", ""normalized_id"": ""D001172"", ""biotype"": ""disease"", ""name"": ""Arthritis Rheumatoid"", ""accession"": ""@DISEASE_Arthritis_Rheumatoid""}",260,20,1,abstract,[],lexical_candidate_only,data/raw/discovery_pilot/c9f79391b6d9f45d562bfab7fb5011d2038e0b47656c04e8504e4cba18321274.json,c84b99ab3ae0446c40c38dccb8d29a844939c9c07d0da5b3ea09d72ea31bb2cb
42564269,46,RA,Disease,MESH:D001172,Arthritis Rheumatoid,"[{""offset"": 282, ""length"": 2}]","{""identifier"": ""MESH:D001172"", ""type"": ""Disease"", ""valid"": true, ""normalized"": [""D001172""], ""database"": ""ncbi_mesh"", ""normalized_id"": ""D001172"", ""biotype"": ""disease"", ""name"": ""Arthritis Rheumatoid"", ""accession"": ""@DISEASE_Arthritis_Rheumatoid""}",282,2,1,abstract,[],lexical_candidate_only,data/raw/discovery_pilot/c9f79391b6d9f45d562bfab7fb5011d2038e0b47656c04e8504e4cba18321274.json,c84b99ab3ae0446c40c38dccb8d29a844939c9c07d0da5b3ea09d72ea31bb2cb
42564269,47,patients,Species,9606,9606,"[{""offset"": 411, ""length"": 8}]","{""identifier"": ""9606"", ""type"": ""Species"", ""valid"": true, ""normalized"": [9606], ""database"": ""ncbi_taxonomy"", ""normalized_id"": 9606, ""biotype"": ""species"", ""name"": ""9606"", ""accession"": null}",411,8,1,abstract,[],lexical_candidate_only,data/raw/discovery_pilot/c9f79391b6d9f45d562bfab7fb5011d2038e0b47656c04e8504e4cba18321274.json,c84b99ab3ae0446c40c38dccb8d29a844939c9c07d0da5b3ea09d72ea31bb2cb
42564269,48,RA,Disease,MESH:D001172,Arthritis Rheumatoid,"[{""offset"": 425, ""length"": 2}]","{""identifier"": ""MESH:D001172"", ""type"": ""Disease"", ""valid"": true, ""normalized"": [""D001172""], ""database"": ""ncbi_mesh"", ""normalized_id"": ""D001172"", ""biotype"": ""disease"", ""name"": ""Arthritis Rheumatoid"", ""accession"": ""@DISEASE_Arthritis_Rheumatoid""}",425,2,1,abstract,[],lexical_candidate_only,data/raw/discovery_pilot/c9f79391b6d9f45d562bfab7fb5011d2038e0b47656c04e8504e4cba18321274.json,c84b99ab3ae0446c40c38dccb8d29a844939c9c07d0da5b3ea09d72ea31bb2cb
42564269,49,adalimumab,Chemical,MESH:D000068879,Adalimumab,"[{""offset"": 481, ""length"": 10}]","{""identifier"": ""MESH:D000068879"", ""type"": ""Chemical"", ""valid"": true, ""normalized"": [""D000068879""], ""database"": ""ncbi_mesh"", ""normalized_id"": ""D000068879"", ""biotype"": ""chemical"", ""name"": ""Adalimumab"", ""accession"": ""@CHEMICAL_Adalimumab""}",481,10,1,abstract,[],lexical_candidate_only,data/raw/discovery_pilot/c9f79391b6d9f45d562bfab7fb5011d2038e0b47656c04e8504e4cba18321274.json,c84b99ab3ae0446c40c38dccb8d29a844939c9c07d0da5b3ea09d72ea31bb2cb
42564269,50,CD163,Gene,9332,CD163,"[{""offset"": 518, ""length"": 5}]","{""identifier"": ""9332"", ""type"": ""Gene"", ""ncbi_homologene"": ""128811"", ""valid"": true, ""normalized"": [9332], ""database"": ""ncbi_gene"", ""normalized_id"": 9332, ""biotype"": ""gene"", ""name"": ""CD163"", ""accession"": ""@GENE_CD163""}",518,5,1,abstract,[],lexical_candidate_only,data/raw/discovery_pilot/c9f79391b6d9f45d562bfab7fb5011d2038e0b47656c04e8504e4cba18321274.json,c84b99ab3ae0446c40c38dccb8d29a844939c9c07d0da5b3ea09d72ea31bb2cb
42564269,51,osteoprotegerin,Gene,4982,TNFRSF11B,"[{""offset"": 574, ""length"": 15}]","{""identifier"": ""4982"", ""type"": ""Gene"", ""ncbi_homologene"": ""1912"", ""valid"": true, ""normalized"": [4982], ""database"": ""ncbi_gene"", ""normalized_id"": 4982, ""biotype"": ""gene"", ""name"": ""TNFRSF11B"", ""accession"": ""@GENE_TNFRSF11B""}",574,15,1,abstract,"[""LOCAL:protein:mouse:TNFRSF11B""]",lexical_candidate_only,data/raw/discovery_pilot/c9f79391b6d9f45d562bfab7fb5011d2038e0b47656c04e8504e4cba18321274.json,c84b99ab3ae0446c40c38dccb8d29a844939c9c07d0da5b3ea09d72ea31bb2cb
42564269,52,OPG,Gene,4982,TNFRSF11B,"[{""offset"": 591, ""length"": 3}]","{""identifier"": ""4982"", ""type"": ""Gene"", ""ncbi_homologene"": ""1912"", ""valid"": true, ""normalized"": [4982], ""database"": ""ncbi_gene"", ""normalized_id"": 4982, ""biotype"": ""gene"", ""name"": ""TNFRSF11B"", ""accession"": ""@GENE_TNFRSF11B""}",591,3,1,abstract,"[""LOCAL:protein:mouse:TNFRSF11B""]",lexical_candidate_only,data/raw/discovery_pilot/c9f79391b6d9f45d562bfab7fb5011d2038e0b47656c04e8504e4cba18321274.json,c84b99ab3ae0446c40c38dccb8d29a844939c9c07d0da5b3ea09d72ea31bb2cb
42564269,53,receptor activator of nuclear factor kappaB,Gene,8792,TNFRSF11A,"[{""offset"": 597, ""length"": 43}]","{""identifier"": ""8792"", ""type"": ""Gene"", ""ncbi_homologene"": ""2848"", ""valid"": true, ""normalized"": [8792], ""database"": ""ncbi_gene"", ""normalized_id"": 8792, ""biotype"": ""gene"", ""name"": ""TNFRSF11A"", ""accession"": ""@GENE_TNFRSF11A""}",597,43,1,abstract,"[""LOCAL:protein:mouse:TNFRSF11A""]",lexical_candidate_only,data/raw/discovery_pilot/c9f79391b6d9f45d562bfab7fb5011d2038e0b47656c04e8504e4cba18321274.json,c84b99ab3ae0446c40c38dccb8d29a844939c9c07d0da5b3ea09d72ea31bb2cb
42564269,54,RANK,Gene,8792,TNFRSF11A,"[{""offset"": 642, ""length"": 4}]","{""identifier"": ""8792"", ""type"": ""Gene"", ""ncbi_homologene"": ""2848"", ""valid"": true, ""normalized"": [8792], ""database"": ""ncbi_gene"", ""normalized_id"": 8792, ""biotype"": ""gene"", ""name"": ""TNFRSF11A"", ""accession"": ""@GENE_TNFRSF11A""}",642,4,1,abstract,"[""LOCAL:protein:mouse:TNFRSF11A""]",lexical_candidate_only,data/raw/discovery_pilot/c9f79391b6d9f45d562bfab7fb5011d2038e0b47656c04e8504e4cba18321274.json,c84b99ab3ae0446c40c38dccb8d29a844939c9c07d0da5b3ea09d72ea31bb2cb
42564269,55,RANKL,Gene,8600,TNFSF11,"[{""offset"": 665, ""length"": 5}]","{""identifier"": ""8600"", ""type"": ""Gene"", ""ncbi_homologene"": ""2744"", ""valid"": true, ""normalized"": [8600], ""database"": ""ncbi_gene"", ""normalized_id"": 8600, ""biotype"": ""gene"", ""name"": ""TNFSF11"", ""accession"": ""@GENE_TNFSF11""}",665,5,1,abstract,"[""LOCAL:protein:mouse:TNFSF11""]",lexical_candidate_only,data/raw/discovery_pilot/c9f79391b6d9f45d562bfab7fb5011d2038e0b47656c04e8504e4cba18321274.json,c84b99ab3ae0446c40c38dccb8d29a844939c9c07d0da5b3ea09d72ea31bb2cb
42564269,56,adalimumab,Chemical,MESH:D000068879,Adalimumab,"[{""offset"": 735, ""length"": 10}]","{""identifier"": ""MESH:D000068879"", ""type"": ""Chemical"", ""valid"": true, ""normalized"": [""D000068879""], ""database"": ""ncbi_mesh"", ""normalized_id"": ""D000068879"", ""biotype"": ""chemical"", ""name"": ""Adalimumab"", ""accession"": ""@CHEMICAL_Adalimumab""}",735,10,1,abstract,[],lexical_candidate_only,data/raw/discovery_pilot/c9f79391b6d9f45d562bfab7fb5011d2038e0b47656c04e8504e4cba18321274.json,c84b99ab3ae0446c40c38dccb8d29a844939c9c07d0da5b3ea09d72ea31bb2cb
42564269,57,RANKL,Gene,8600,TNFSF11,"[{""offset"": 749, ""length"": 5}]","{""identifier"": ""8600"", ""type"": ""Gene"", ""ncbi_homologene"": ""2744"", ""valid"": true, ""normalized"": [8600], ""database"": ""ncbi_gene"", ""normalized_id"": 8600, ""biotype"": ""gene"", ""name"": ""TNFSF11"", ""accession"": ""@GENE_TNFSF11""}",749,5,1,abstract,"[""LOCAL:protein:mouse:TNFSF11""]",lexical_candidate_only,data/raw/discovery_pilot/c9f79391b6d9f45d562bfab7fb5011d2038e0b47656c04e8504e4cba18321274.json,c84b99ab3ae0446c40c38dccb8d29a844939c9c07d0da5b3ea09d72ea31bb2cb
42564269,58,OPG,Gene,4982,TNFRSF11B,"[{""offset"": 759, ""length"": 3}]","{""identifier"": ""4982"", ""type"": ""Gene"", ""ncbi_homologene"": ""1912"", ""valid"": true, ""normalized"": [4982], ""database"": ""ncbi_gene"", ""normalized_id"": 4982, ""biotype"": ""gene"", ""name"": ""TNFRSF11B"", ""accession"": ""@GENE_TNFRSF11B""}",759,3,1,abstract,"[""LOCAL:protein:mouse:TNFRSF11B""]",lexical_candidate_only,data/raw/discovery_pilot/c9f79391b6d9f45d562bfab7fb5011d2038e0b47656c04e8504e4cba18321274.json,c84b99ab3ae0446c40c38dccb8d29a844939c9c07d0da5b3ea09d72ea31bb2cb
42564269,59,TNF-alpha,Gene,7124,TNF,"[{""offset"": 794, ""length"": 9}]","{""identifier"": ""7124"", ""type"": ""Gene"", ""ncbi_homologene"": ""496"", ""valid"": true, ""normalized"": [7124], ""database"": ""ncbi_gene"", ""normalized_id"": 7124, ""biotype"": ""gene"", ""name"": ""TNF"", ""accession"": ""@GENE_TNF""}",794,9,1,abstract,"[""LOCAL:protein:mouse:TNF""]",lexical_candidate_only,data/raw/discovery_pilot/c9f79391b6d9f45d562bfab7fb5011d2038e0b47656c04e8504e4cba18321274.json,c84b99ab3ae0446c40c38dccb8d29a844939c9c07d0da5b3ea09d72ea31bb2cb
42564269,60,CD14,Gene,929,CD14,"[{""offset"": 913, ""length"": 4}]","{""identifier"": ""929"", ""type"": ""Gene"", ""ncbi_homologene"": ""493"", ""valid"": true, ""normalized"": [929], ""database"": ""ncbi_gene"", ""normalized_id"": 929, ""biotype"": ""gene"", ""name"": ""CD14"", ""accession"": ""@GENE_CD14""}",913,4,1,abstract,[],lexical_candidate_only,data/raw/discovery_pilot/c9f79391b6d9f45d562bfab7fb5011d2038e0b47656c04e8504e4cba18321274.json,c84b99ab3ae0446c40c38dccb8d29a844939c9c07d0da5b3ea09d72ea31bb2cb
42564269,61,RANKL,Gene,8600,TNFSF11,"[{""offset"": 962, ""length"": 5}]","{""identifier"": ""8600"", ""type"": ""Gene"", ""ncbi_homologene"": ""2744"", ""valid"": true, ""normalized"": [8600], ""database"": ""ncbi_gene"", ""normalized_id"": 8600, ""biotype"": ""gene"", ""name"": ""TNFSF11"", ""accession"": ""@GENE_TNFSF11""}",962,5,1,abstract,"[""LOCAL:protein:mouse:TNFSF11""]",lexical_candidate_only,data/raw/discovery_pilot/c9f79391b6d9f45d562bfab7fb5011d2038e0b47656c04e8504e4cba18321274.json,c84b99ab3ae0446c40c38dccb8d29a844939c9c07d0da5b3ea09d72ea31bb2cb
42564269,62,M-CSF,Gene,1435,CSF1,"[{""offset"": 972, ""length"": 5}]","{""identifier"": ""1435"", ""type"": ""Gene"", ""ncbi_homologene"": ""7282"", ""valid"": true, ""normalized"": [1435], ""database"": ""ncbi_gene"", ""normalized_id"": 1435, ""biotype"": ""gene"", ""name"": ""CSF1"", ""accession"": ""@GENE_CSF1""}",972,5,1,abstract,"[""LOCAL:protein:mouse:CSF1""]",lexical_candidate_only,data/raw/discovery_pilot/c9f79391b6d9f45d562bfab7fb5011d2038e0b47656c04e8504e4cba18321274.json,c84b99ab3ae0446c40c38dccb8d29a844939c9c07d0da5b3ea09d72ea31bb2cb
42564269,63,Adalimumab,Chemical,MESH:D000068879,Adalimumab,"[{""offset"": 988, ""length"": 10}]","{""identifier"": ""MESH:D000068879"", ""type"": ""Chemical"", ""valid"": true, ""normalized"": [""D000068879""], ""database"": ""ncbi_mesh"", ""normalized_id"": ""D000068879"", ""biotype"": ""chemical"", ""name"": ""Adalimumab"", ""accession"": ""@CHEMICAL_Adalimumab""}",988,10,1,abstract,[],lexical_candidate_only,data/raw/discovery_pilot/c9f79391b6d9f45d562bfab7fb5011d2038e0b47656c04e8504e4cba18321274.json,c84b99ab3ae0446c40c38dccb8d29a844939c9c07d0da5b3ea09d72ea31bb2cb
42564269,64,CD163,Gene,9332,CD163,"[{""offset"": 1175, ""length"": 5}]","{""identifier"": ""9332"", ""type"": ""Gene"", ""ncbi_homologene"": ""128811"", ""valid"": true, ""normalized"": [9332], ""database"": ""ncbi_gene"", ""normalized_id"": 9332, ""biotype"": ""gene"", ""name"": ""CD163"", ""accession"": ""@GENE_CD163""}",1175,5,1,abstract,[],lexical_candidate_only,data/raw/discovery_pilot/c9f79391b6d9f45d562bfab7fb5011d2038e0b47656c04e8504e4cba18321274.json,c84b99ab3ae0446c40c38dccb8d29a844939c9c07d0da5b3ea09d72ea31bb2cb
42564269,65,RANKL,Gene,8600,TNFSF11,"[{""offset"": 1238, ""length"": 5}]","{""identifier"": ""8600"", ""type"": ""Gene"", ""ncbi_homologene"": ""2744"", ""valid"": true, ""normalized"": [8600], ""database"": ""ncbi_gene"", ""normalized_id"": 8600, ""biotype"": ""gene"", ""name"": ""TNFSF11"", ""accession"": ""@GENE_TNFSF11""}",1238,5,1,abstract,"[""LOCAL:protein:mouse:TNFSF11""]",lexical_candidate_only,data/raw/discovery_pilot/c9f79391b6d9f45d562bfab7fb5011d2038e0b47656c04e8504e4cba18321274.json,c84b99ab3ae0446c40c38dccb8d29a844939c9c07d0da5b3ea09d72ea31bb2cb
42564269,66,OPG,Gene,4982,TNFRSF11B,"[{""offset"": 1244, ""length"": 3}]","{""identifier"": ""4982"", ""type"": ""Gene"", ""ncbi_homologene"": ""1912"", ""valid"": true, ""normalized"": [4982], ""database"": ""ncbi_gene"", ""normalized_id"": 4982, ""biotype"": ""gene"", ""name"": ""TNFRSF11B"", ""accession"": ""@GENE_TNFRSF11B""}",1244,3,1,abstract,"[""LOCAL:protein:mouse:TNFRSF11B""]",lexical_candidate_only,data/raw/discovery_pilot/c9f79391b6d9f45d562bfab7fb5011d2038e0b47656c04e8504e4cba18321274.json,c84b99ab3ae0446c40c38dccb8d29a844939c9c07d0da5b3ea09d72ea31bb2cb
42564269,67,OPG,Gene,4982,TNFRSF11B,"[{""offset"": 1314, ""length"": 3}]","{""identifier"": ""4982"", ""type"": ""Gene"", ""ncbi_homologene"": ""1912"", ""valid"": true, ""normalized"": [4982], ""database"": ""ncbi_gene"", ""normalized_id"": 4982, ""biotype"": ""gene"", ""name"": ""TNFRSF11B"", ""accession"": ""@GENE_TNFRSF11B""}",1314,3,1,abstract,"[""LOCAL:protein:mouse:TNFRSF11B""]",lexical_candidate_only,data/raw/discovery_pilot/c9f79391b6d9f45d562bfab7fb5011d2038e0b47656c04e8504e4cba18321274.json,c84b99ab3ae0446c40c38dccb8d29a844939c9c07d0da5b3ea09d72ea31bb2cb
42564269,68,adalimumab,Chemical,MESH:D000068879,Adalimumab,"[{""offset"": 1359, ""length"": 10}]","{""identifier"": ""MESH:D000068879"", ""type"": ""Chemical"", ""valid"": true, ""normalized"": [""D000068879""], ""database"": ""ncbi_mesh"", ""normalized_id"": ""D000068879"", ""biotype"": ""chemical"", ""name"": ""Adalimumab"", ""accession"": ""@CHEMICAL_Adalimumab""}",1359,10,1,abstract,[],lexical_candidate_only,data/raw/discovery_pilot/c9f79391b6d9f45d562bfab7fb5011d2038e0b47656c04e8504e4cba18321274.json,c84b99ab3ae0446c40c38dccb8d29a844939c9c07d0da5b3ea09d72ea31bb2cb
42564269,69,RANKL,Gene,8600,TNFSF11,"[{""offset"": 1394, ""length"": 5}]","{""identifier"": ""8600"", ""type"": ""Gene"", ""ncbi_homologene"": ""2744"", ""valid"": true, ""normalized"": [8600], ""database"": ""ncbi_gene"", ""normalized_id"": 8600, ""biotype"": ""gene"", ""name"": ""TNFSF11"", ""accession"": ""@GENE_TNFSF11""}",1394,5,1,abstract,"[""LOCAL:protein:mouse:TNFSF11""]",lexical_candidate_only,data/raw/discovery_pilot/c9f79391b6d9f45d562bfab7fb5011d2038e0b47656c04e8504e4cba18321274.json,c84b99ab3ae0446c40c38dccb8d29a844939c9c07d0da5b3ea09d72ea31bb2cb
42564269,70,RANKL,Gene,8600,TNFSF11,"[{""offset"": 1419, ""length"": 5}]","{""identifier"": ""8600"", ""type"": ""Gene"", ""ncbi_homologene"": ""2744"", ""valid"": true, ""normalized"": [8600], ""database"": ""ncbi_gene"", ""normalized_id"": 8600, ""biotype"": ""gene"", ""name"": ""TNFSF11"", ""accession"": ""@GENE_TNFSF11""}",1419,5,1,abstract,"[""LOCAL:protein:mouse:TNFSF11""]",lexical_candidate_only,data/raw/discovery_pilot/c9f79391b6d9f45d562bfab7fb5011d2038e0b47656c04e8504e4cba18321274.json,c84b99ab3ae0446c40c38dccb8d29a844939c9c07d0da5b3ea09d72ea31bb2cb
42564269,71,OPG,Gene,4982,TNFRSF11B,"[{""offset"": 1426, ""length"": 3}]","{""identifier"": ""4982"", ""type"": ""Gene"", ""ncbi_homologene"": ""1912"", ""valid"": true, ""normalized"": [4982], ""database"": ""ncbi_gene"", ""normalized_id"": 4982, ""biotype"": ""gene"", ""name"": ""TNFRSF11B"", ""accession"": ""@GENE_TNFRSF11B""}",1426,3,1,abstract,"[""LOCAL:protein:mouse:TNFRSF11B""]",lexical_candidate_only,data/raw/discovery_pilot/c9f79391b6d9f45d562bfab7fb5011d2038e0b47656c04e8504e4cba18321274.json,c84b99ab3ae0446c40c38dccb8d29a844939c9c07d0da5b3ea09d72ea31bb2cb
42564269,72,TNF-alpha,Gene,7124,TNF,"[{""offset"": 1439, ""length"": 9}]","{""identifier"": ""7124"", ""type"": ""Gene"", ""ncbi_homologene"": ""496"", ""valid"": true, ""normalized"": [7124], ""database"": ""ncbi_gene"", ""normalized_id"": 7124, ""biotype"": ""gene"", ""name"": ""TNF"", ""accession"": ""@GENE_TNF""}",1439,9,1,abstract,"[""LOCAL:protein:mouse:TNF""]",lexical_candidate_only,data/raw/discovery_pilot/c9f79391b6d9f45d562bfab7fb5011d2038e0b47656c04e8504e4cba18321274.json,c84b99ab3ae0446c40c38dccb8d29a844939c9c07d0da5b3ea09d72ea31bb2cb
42564269,73,adalimumab,Chemical,MESH:D000068879,Adalimumab,"[{""offset"": 1546, ""length"": 10}]","{""identifier"": ""MESH:D000068879"", ""type"": ""Chemical"", ""valid"": true, ""normalized"": [""D000068879""], ""database"": ""ncbi_mesh"", ""normalized_id"": ""D000068879"", ""biotype"": ""chemical"", ""name"": ""Adalimumab"", ""accession"": ""@CHEMICAL_Adalimumab""}",1546,10,1,abstract,[],lexical_candidate_only,data/raw/discovery_pilot/c9f79391b6d9f45d562bfab7fb5011d2038e0b47656c04e8504e4cba18321274.json,c84b99ab3ae0446c40c38dccb8d29a844939c9c07d0da5b3ea09d72ea31bb2cb
42564269,74,RANKL,Gene,8600,TNFSF11,"[{""offset"": 1668, ""length"": 5}]","{""identifier"": ""8600"", ""type"": ""Gene"", ""ncbi_homologene"": ""2744"", ""valid"": true, ""normalized"": [8600], ""database"": ""ncbi_gene"", ""normalized_id"": 8600, ""biotype"": ""gene"", ""name"": ""TNFSF11"", ""accession"": ""@GENE_TNFSF11""}",1668,5,1,abstract,"[""LOCAL:protein:mouse:TNFSF11""]",lexical_candidate_only,data/raw/discovery_pilot/c9f79391b6d9f45d562bfab7fb5011d2038e0b47656c04e8504e4cba18321274.json,c84b99ab3ae0446c40c38dccb8d29a844939c9c07d0da5b3ea09d72ea31bb2cb
42564269,75,Adalimumab,Chemical,MESH:D000068879,Adalimumab,"[{""offset"": 1698, ""length"": 10}]","{""identifier"": ""MESH:D000068879"", ""type"": ""Chemical"", ""valid"": true, ""normalized"": [""D000068879""], ""database"": ""ncbi_mesh"", ""normalized_id"": ""D000068879"", ""biotype"": ""chemical"", ""name"": ""Adalimumab"", ""accession"": ""@CHEMICAL_Adalimumab""}",1698,10,1,abstract,[],lexical_candidate_only,data/raw/discovery_pilot/c9f79391b6d9f45d562bfab7fb5011d2038e0b47656c04e8504e4cba18321274.json,c84b99ab3ae0446c40c38dccb8d29a844939c9c07d0da5b3ea09d72ea31bb2cb
42564269,76,TNF-alpha,Gene,7124,TNF,"[{""offset"": 1870, ""length"": 9}]","{""identifier"": ""7124"", ""type"": ""Gene"", ""ncbi_homologene"": ""496"", ""valid"": true, ""normalized"": [7124], ""database"": ""ncbi_gene"", ""normalized_id"": 7124, ""biotype"": ""gene"", ""name"": ""TNF"", ""accession"": ""@GENE_TNF""}",1870,9,1,abstract,"[""LOCAL:protein:mouse:TNF""]",lexical_candidate_only,data/raw/discovery_pilot/c9f79391b6d9f45d562bfab7fb5011d2038e0b47656c04e8504e4cba18321274.json,c84b99ab3ae0446c40c38dccb8d29a844939c9c07d0da5b3ea09d72ea31bb2cb
42564269,77,inflammation,Disease,MESH:D007249,Inflammation,"[{""offset"": 1907, ""length"": 12}]","{""identifier"": ""MESH:D007249"", ""type"": ""Disease"", ""valid"": true, ""normalized"": [""D007249""], ""database"": ""ncbi_mesh"", ""normalized_id"": ""D007249"", ""biotype"": ""disease"", ""name"": ""Inflammation"", ""accession"": ""@DISEASE_Inflammation""}",1907,12,1,abstract,[],lexical_candidate_only,data/raw/discovery_pilot/c9f79391b6d9f45d562bfab7fb5011d2038e0b47656c04e8504e4cba18321274.json,c84b99ab3ae0446c40c38dccb8d29a844939c9c07d0da5b3ea09d72ea31bb2cb
42597306,1,osteoporosis,Disease,MESH:D010024,Osteoporosis,"[{""offset"": 84, ""length"": 12}]","{""identifier"": ""MESH:D010024"", ""type"": ""Disease"", ""valid"": true, ""normalized"": [""D010024""], ""database"": ""ncbi_mesh"", ""normalized_id"": ""D010024"", ""biotype"": ""disease"", ""name"": ""Osteoporosis"", ""accession"": ""@DISEASE_Osteoporosis""}",84,12,0,title,[],lexical_candidate_only,data/raw/discovery_pilot/c9f79391b6d9f45d562bfab7fb5011d2038e0b47656c04e8504e4cba18321274.json,c84b99ab3ae0446c40c38dccb8d29a844939c9c07d0da5b3ea09d72ea31bb2cb
42597306,11,Osteoporosis,Disease,MESH:D010024,Osteoporosis,"[{""offset"": 106, ""length"": 12}]","{""identifier"": ""MESH:D010024"", ""type"": ""Disease"", ""valid"": true, ""normalized"": [""D010024""], ""database"": ""ncbi_mesh"", ""normalized_id"": ""D010024"", ""biotype"": ""disease"", ""name"": ""Osteoporosis"", ""accession"": ""@DISEASE_Osteoporosis""}",106,12,1,abstract,[],lexical_candidate_only,data/raw/discovery_pilot/c9f79391b6d9f45d562bfab7fb5011d2038e0b47656c04e8504e4cba18321274.json,c84b99ab3ae0446c40c38dccb8d29a844939c9c07d0da5b3ea09d72ea31bb2cb
42597306,12,OP,Disease,MESH:D010024,Osteoporosis,"[{""offset"": 120, ""length"": 2}]","{""identifier"": ""MESH:D010024"", ""type"": ""Disease"", ""valid"": true, ""normalized"": [""D010024""], ""database"": ""ncbi_mesh"", ""normalized_id"": ""D010024"", ""biotype"": ""disease"", ""name"": ""Osteoporosis"", ""accession"": ""@DISEASE_Osteoporosis""}",120,2,1,abstract,[],lexical_candidate_only,data/raw/discovery_pilot/c9f79391b6d9f45d562bfab7fb5011d2038e0b47656c04e8504e4cba18321274.json,c84b99ab3ae0446c40c38dccb8d29a844939c9c07d0da5b3ea09d72ea31bb2cb
42597306,13,systemic degenerative skeletal disorder,Disease,MESH:D019636,Neurodegenerative Diseases,"[{""offset"": 129, ""length"": 39}]","{""identifier"": ""MESH:D019636"", ""type"": ""Disease"", ""valid"": true, ""normalized"": [""D019636""], ""database"": ""ncbi_mesh"", ""normalized_id"": ""D019636"", ""biotype"": ""disease"", ""name"": ""Neurodegenerative Diseases"", ""accession"": ""@DISEASE_Neurodegenerative_Diseases""}",129,39,1,abstract,[],lexical_candidate_only,data/raw/discovery_pilot/c9f79391b6d9f45d562bfab7fb5011d2038e0b47656c04e8504e4cba18321274.json,c84b99ab3ae0446c40c38dccb8d29a844939c9c07d0da5b3ea09d72ea31bb2cb
42597306,14,osteoclast hyperactivity,Disease,MESH:D001862,Bone Resorption,"[{""offset"": 708, ""length"": 24}]","{""identifier"": ""MESH:D001862"", ""type"": ""Disease"", ""valid"": true, ""normalized"": [""D001862""], ""database"": ""ncbi_mesh"", ""normalized_id"": ""D001862"", ""biotype"": ""disease"", ""name"": ""Bone Resorption"", ""accession"": ""@DISEASE_Bone_Resorption""}",708,24,1,abstract,[],lexical_candidate_only,data/raw/discovery_pilot/c9f79391b6d9f45d562bfab7fb5011d2038e0b47656c04e8504e4cba18321274.json,c84b99ab3ae0446c40c38dccb8d29a844939c9c07d0da5b3ea09d72ea31bb2cb
42597306,15,bone loss,Disease,MESH:D001847,Bone Diseases,"[{""offset"": 763, ""length"": 9}]","{""identifier"": ""MESH:D001847"", ""type"": ""Disease"", ""valid"": true, ""normalized"": [""D001847""], ""database"": ""ncbi_mesh"", ""normalized_id"": ""D001847"", ""biotype"": ""disease"", ""name"": ""Bone Diseases"", ""accession"": ""@DISEASE_Bone_Diseases""}",763,9,1,abstract,[],lexical_candidate_only,data/raw/discovery_pilot/c9f79391b6d9f45d562bfab7fb5011d2038e0b47656c04e8504e4cba18321274.json,c84b99ab3ae0446c40c38dccb8d29a844939c9c07d0da5b3ea09d72ea31bb2cb
42597306,16,osteoporosis,Disease,MESH:D010024,Osteoporosis,"[{""offset"": 1125, ""length"": 12}]","{""identifier"": ""MESH:D010024"", ""type"": ""Disease"", ""valid"": true, ""normalized"": [""D010024""], ""database"": ""ncbi_mesh"", ""normalized_id"": ""D010024"", ""biotype"": ""disease"", ""name"": ""Osteoporosis"", ""accession"": ""@DISEASE_Osteoporosis""}",1125,12,1,abstract,[],lexical_candidate_only,data/raw/discovery_pilot/c9f79391b6d9f45d562bfab7fb5011d2038e0b47656c04e8504e4cba18321274.json,c84b99ab3ae0446c40c38dccb8d29a844939c9c07d0da5b3ea09d72ea31bb2cb
42597306,17,osteoporosis,Disease,MESH:D010024,Osteoporosis,"[{""offset"": 1294, ""length"": 12}]","{""identifier"": ""MESH:D010024"", ""type"": ""Disease"", ""valid"": true, ""normalized"": [""D010024""], ""database"": ""ncbi_mesh"", ""normalized_id"": ""D010024"", ""biotype"": ""disease"", ""name"": ""Osteoporosis"", ""accession"": ""@DISEASE_Osteoporosis""}",1294,12,1,abstract,[],lexical_candidate_only,data/raw/discovery_pilot/c9f79391b6d9f45d562bfab7fb5011d2038e0b47656c04e8504e4cba18321274.json,c84b99ab3ae0446c40c38dccb8d29a844939c9c07d0da5b3ea09d72ea31bb2cb
42597306,18,osteoporosis,Disease,MESH:D010024,Osteoporosis,"[{""offset"": 1430, ""length"": 12}]","{""identifier"": ""MESH:D010024"", ""type"": ""Disease"", ""valid"": true, ""normalized"": [""D010024""], ""database"": ""ncbi_mesh"", ""normalized_id"": ""D010024"", ""biotype"": ""disease"", ""name"": ""Osteoporosis"", ""accession"": ""@DISEASE_Osteoporosis""}",1430,12,1,abstract,[],lexical_candidate_only,data/raw/discovery_pilot/c9f79391b6d9f45d562bfab7fb5011d2038e0b47656c04e8504e4cba18321274.json,c84b99ab3ae0446c40c38dccb8d29a844939c9c07d0da5b3ea09d72ea31bb2cb
42597306,19,osteoporosis,Disease,MESH:D010024,Osteoporosis,"[{""offset"": 1685, ""length"": 12}]","{""identifier"": ""MESH:D010024"", ""type"": ""Disease"", ""valid"": true, ""normalized"": [""D010024""], ""database"": ""ncbi_mesh"", ""normalized_id"": ""D010024"", ""biotype"": ""disease"", ""name"": ""Osteoporosis"", ""accession"": ""@DISEASE_Osteoporosis""}",1685,12,1,abstract,[],lexical_candidate_only,data/raw/discovery_pilot/c9f79391b6d9f45d562bfab7fb5011d2038e0b47656c04e8504e4cba18321274.json,c84b99ab3ae0446c40c38dccb8d29a844939c9c07d0da5b3ea09d72ea31bb2cb
42609618,1,human,Species,9606,9606,"[{""offset"": 75, ""length"": 5}]","{""identifier"": ""9606"", ""type"": ""Species"", ""valid"": true, ""normalized"": [9606], ""database"": ""ncbi_taxonomy"", ""normalized_id"": 9606, ""biotype"": ""species"", ""name"": ""9606"", ""accession"": null}",75,5,0,title,[],lexical_candidate_only,data/raw/discovery_pilot/c9f79391b6d9f45d562bfab7fb5011d2038e0b47656c04e8504e4cba18321274.json,c84b99ab3ae0446c40c38dccb8d29a844939c9c07d0da5b3ea09d72ea31bb2cb
42609618,19,5-methylcytosine,Chemical,MESH:D044503,5-Methylcytosine,"[{""offset"": 353, ""length"": 16}]","{""identifier"": ""MESH:D044503"", ""type"": ""Chemical"", ""valid"": true, ""normalized"": [""D044503""], ""database"": ""ncbi_mesh"", ""normalized_id"": ""D044503"", ""biotype"": ""chemical"", ""name"": ""5-Methylcytosine"", ""accession"": ""@CHEMICAL_5_Methylcytosine""}",353,16,1,abstract,[],lexical_candidate_only,data/raw/discovery_pilot/c9f79391b6d9f45d562bfab7fb5011d2038e0b47656c04e8504e4cba18321274.json,c84b99ab3ae0446c40c38dccb8d29a844939c9c07d0da5b3ea09d72ea31bb2cb
42609618,20,5mC,Chemical,MESH:D044503,5-Methylcytosine,"[{""offset"": 371, ""length"": 3}]","{""identifier"": ""MESH:D044503"", ""type"": ""Chemical"", ""valid"": true, ""normalized"": [""D044503""], ""database"": ""ncbi_mesh"", ""normalized_id"": ""D044503"", ""biotype"": ""chemical"", ""name"": ""5-Methylcytosine"", ""accession"": ""@CHEMICAL_5_Methylcytosine""}",371,3,1,abstract,[],lexical_candidate_only,data/raw/discovery_pilot/c9f79391b6d9f45d562bfab7fb5011d2038e0b47656c04e8504e4cba18321274.json,c84b99ab3ae0446c40c38dccb8d29a844939c9c07d0da5b3ea09d72ea31bb2cb
42609618,21,5-hydroxymethylcytosine,Chemical,MESH:C011865,5-hydroxymethylcytosine,"[{""offset"": 379, ""length"": 23}]","{""identifier"": ""MESH:C011865"", ""type"": ""Chemical"", ""valid"": true, ""normalized"": [""C011865""], ""database"": ""ncbi_mesh"", ""normalized_id"": ""C011865"", ""biotype"": ""chemical"", ""name"": ""5-hydroxymethylcytosine"", ""accession"": ""@CHEMICAL_5_hydroxymethylcytosine""}",379,23,1,abstract,[],lexical_candidate_only,data/raw/discovery_pilot/c9f79391b6d9f45d562bfab7fb5011d2038e0b47656c04e8504e4cba18321274.json,c84b99ab3ae0446c40c38dccb8d29a844939c9c07d0da5b3ea09d72ea31bb2cb
42609618,22,5hmC,Chemical,MESH:C011865,5-hydroxymethylcytosine,"[{""offset"": 404, ""length"": 4}]","{""identifier"": ""MESH:C011865"", ""type"": ""Chemical"", ""valid"": true, ""normalized"": [""C011865""], ""database"": ""ncbi_mesh"", ""normalized_id"": ""C011865"", ""biotype"": ""chemical"", ""name"": ""5-hydroxymethylcytosine"", ""accession"": ""@CHEMICAL_5_hydroxymethylcytosine""}",404,4,1,abstract,[],lexical_candidate_only,data/raw/discovery_pilot/c9f79391b6d9f45d562bfab7fb5011d2038e0b47656c04e8504e4cba18321274.json,c84b99ab3ae0446c40c38dccb8d29a844939c9c07d0da5b3ea09d72ea31bb2cb
42609618,23,m5C,Chemical,-,,"[{""offset"": 504, ""length"": 3}]","{""identifier"": ""-"", ""type"": ""Chemical"", ""valid"": false, ""normalized_id"": null, ""biotype"": ""chemical""}",504,3,1,abstract,[],lexical_candidate_only,data/raw/discovery_pilot/c9f79391b6d9f45d562bfab7fb5011d2038e0b47656c04e8504e4cba18321274.json,c84b99ab3ae0446c40c38dccb8d29a844939c9c07d0da5b3ea09d72ea31bb2cb
42609618,24,inflammation,Disease,MESH:D007249,Inflammation,"[{""offset"": 724, ""length"": 12}]","{""identifier"": ""MESH:D007249"", ""type"": ""Disease"", ""valid"": true, ""normalized"": [""D007249""], ""database"": ""ncbi_mesh"", ""normalized_id"": ""D007249"", ""biotype"": ""disease"", ""name"": ""Inflammation"", ""accession"": ""@DISEASE_Inflammation""}",724,12,1,abstract,[],lexical_candidate_only,data/raw/discovery_pilot/c9f79391b6d9f45d562bfab7fb5011d2038e0b47656c04e8504e4cba18321274.json,c84b99ab3ae0446c40c38dccb8d29a844939c9c07d0da5b3ea09d72ea31bb2cb
42609618,25,human,Species,9606,9606,"[{""offset"": 833, ""length"": 5}]","{""identifier"": ""9606"", ""type"": ""Species"", ""valid"": true, ""normalized"": [9606], ""database"": ""ncbi_taxonomy"", ""normalized_id"": 9606, ""biotype"": ""species"", ""name"": ""9606"", ""accession"": null}",833,5,1,abstract,[],lexical_candidate_only,data/raw/discovery_pilot/c9f79391b6d9f45d562bfab7fb5011d2038e0b47656c04e8504e4cba18321274.json,c84b99ab3ae0446c40c38dccb8d29a844939c9c07d0da5b3ea09d72ea31bb2cb
42609618,26,hematological malignancies,Disease,MESH:D019337,Hematologic Neoplasms,"[{""offset"": 863, ""length"": 26}]","{""identifier"": ""MESH:D019337"", ""type"": ""Disease"", ""valid"": true, ""normalized"": [""D019337""], ""database"": ""ncbi_mesh"", ""normalized_id"": ""D019337"", ""biotype"": ""disease"", ""name"": ""Hematologic Neoplasms"", ""accession"": ""@DISEASE_Hematologic_Neoplasms""}",863,26,1,abstract,[],lexical_candidate_only,data/raw/discovery_pilot/c9f79391b6d9f45d562bfab7fb5011d2038e0b47656c04e8504e4cba18321274.json,c84b99ab3ae0446c40c38dccb8d29a844939c9c07d0da5b3ea09d72ea31bb2cb
42609618,27,solid tumors,Disease,MESH:D009369,Neoplasms,"[{""offset"": 891, ""length"": 12}]","{""identifier"": ""MESH:D009369"", ""type"": ""Disease"", ""valid"": true, ""normalized"": [""D009369""], ""database"": ""ncbi_mesh"", ""normalized_id"": ""D009369"", ""biotype"": ""disease"", ""name"": ""Neoplasms"", ""accession"": ""@DISEASE_Neoplasms""}",891,12,1,abstract,[],lexical_candidate_only,data/raw/discovery_pilot/c9f79391b6d9f45d562bfab7fb5011d2038e0b47656c04e8504e4cba18321274.json,c84b99ab3ae0446c40c38dccb8d29a844939c9c07d0da5b3ea09d72ea31bb2cb
42609618,28,inflammatory disorders,Disease,MESH:D007249,Inflammation,"[{""offset"": 905, ""length"": 22}]","{""identifier"": ""MESH:D007249"", ""type"": ""Disease"", ""valid"": true, ""normalized"": [""D007249""], ""database"": ""ncbi_mesh"", ""normalized_id"": ""D007249"", ""biotype"": ""disease"", ""name"": ""Inflammation"", ""accession"": ""@DISEASE_Inflammation""}",905,22,1,abstract,[],lexical_candidate_only,data/raw/discovery_pilot/c9f79391b6d9f45d562bfab7fb5011d2038e0b47656c04e8504e4cba18321274.json,c84b99ab3ae0446c40c38dccb8d29a844939c9c07d0da5b3ea09d72ea31bb2cb
42609618,29,cardiovascular diseases,Disease,MESH:D002318,Cardiovascular Diseases,"[{""offset"": 929, ""length"": 23}]","{""identifier"": ""MESH:D002318"", ""type"": ""Disease"", ""valid"": true, ""normalized"": [""D002318""], ""database"": ""ncbi_mesh"", ""normalized_id"": ""D002318"", ""biotype"": ""disease"", ""name"": ""Cardiovascular Diseases"", ""accession"": ""@DISEASE_Cardiovascular_Diseases""}",929,23,1,abstract,[],lexical_candidate_only,data/raw/discovery_pilot/c9f79391b6d9f45d562bfab7fb5011d2038e0b47656c04e8504e4cba18321274.json,c84b99ab3ae0446c40c38dccb8d29a844939c9c07d0da5b3ea09d72ea31bb2cb
42609618,30,CVD,Disease,MESH:D002318,Cardiovascular Diseases,"[{""offset"": 954, ""length"": 3}]","{""identifier"": ""MESH:D002318"", ""type"": ""Disease"", ""valid"": true, ""normalized"": [""D002318""], ""database"": ""ncbi_mesh"", ""normalized_id"": ""D002318"", ""biotype"": ""disease"", ""name"": ""Cardiovascular Diseases"", ""accession"": ""@DISEASE_Cardiovascular_Diseases""}",954,3,1,abstract,[],lexical_candidate_only,data/raw/discovery_pilot/c9f79391b6d9f45d562bfab7fb5011d2038e0b47656c04e8504e4cba18321274.json,c84b99ab3ae0446c40c38dccb8d29a844939c9c07d0da5b3ea09d72ea31bb2cb
42609618,31,metabolic abnormalities,Disease,MESH:D008659,Metabolic Diseases,"[{""offset"": 960, ""length"": 23}]","{""identifier"": ""MESH:D008659"", ""type"": ""Disease"", ""valid"": true, ""normalized"": [""D008659""], ""database"": ""ncbi_mesh"", ""normalized_id"": ""D008659"", ""biotype"": ""disease"", ""name"": ""Metabolic Diseases"", ""accession"": ""@DISEASE_Metabolic_Diseases""}",960,23,1,abstract,[],lexical_candidate_only,data/raw/discovery_pilot/c9f79391b6d9f45d562bfab7fb5011d2038e0b47656c04e8504e4cba18321274.json,c84b99ab3ae0446c40c38dccb8d29a844939c9c07d0da5b3ea09d72ea31bb2cb
42609618,32,neurological conditions,Disease,MESH:D019636,Neurodegenerative Diseases,"[{""offset"": 989, ""length"": 23}]","{""identifier"": ""MESH:D019636"", ""type"": ""Disease"", ""valid"": true, ""normalized"": [""D019636""], ""database"": ""ncbi_mesh"", ""normalized_id"": ""D019636"", ""biotype"": ""disease"", ""name"": ""Neurodegenerative Diseases"", ""accession"": ""@DISEASE_Neurodegenerative_Diseases""}",989,23,1,abstract,[],lexical_candidate_only,data/raw/discovery_pilot/c9f79391b6d9f45d562bfab7fb5011d2038e0b47656c04e8504e4cba18321274.json,c84b99ab3ae0446c40c38dccb8d29a844939c9c07d0da5b3ea09d72ea31bb2cb
42609618,33,tumor,Disease,MESH:D009369,Neoplasms,"[{""offset"": 1081, ""length"": 5}]","{""identifier"": ""MESH:D009369"", ""type"": ""Disease"", ""valid"": true, ""normalized"": [""D009369""], ""database"": ""ncbi_mesh"", ""normalized_id"": ""D009369"", ""biotype"": ""disease"", ""name"": ""Neoplasms"", ""accession"": ""@DISEASE_Neoplasms""}",1081,5,1,abstract,[],lexical_candidate_only,data/raw/discovery_pilot/c9f79391b6d9f45d562bfab7fb5011d2038e0b47656c04e8504e4cba18321274.json,c84b99ab3ae0446c40c38dccb8d29a844939c9c07d0da5b3ea09d72ea31bb2cb
42609618,34,myeloid malignancies,Disease,MESH:D009369,Neoplasms,"[{""offset"": 1101, ""length"": 20}]","{""identifier"": ""MESH:D009369"", ""type"": ""Disease"", ""valid"": true, ""normalized"": [""D009369""], ""database"": ""ncbi_mesh"", ""normalized_id"": ""D009369"", ""biotype"": ""disease"", ""name"": ""Neoplasms"", ""accession"": ""@DISEASE_Neoplasms""}",1101,20,1,abstract,[],lexical_candidate_only,data/raw/discovery_pilot/c9f79391b6d9f45d562bfab7fb5011d2038e0b47656c04e8504e4cba18321274.json,c84b99ab3ae0446c40c38dccb8d29a844939c9c07d0da5b3ea09d72ea31bb2cb
42609618,35,solid tumors,Disease,MESH:D009369,Neoplasms,"[{""offset"": 1180, ""length"": 12}]","{""identifier"": ""MESH:D009369"", ""type"": ""Disease"", ""valid"": true, ""normalized"": [""D009369""], ""database"": ""ncbi_mesh"", ""normalized_id"": ""D009369"", ""biotype"": ""disease"", ""name"": ""Neoplasms"", ""accession"": ""@DISEASE_Neoplasms""}",1180,12,1,abstract,[],lexical_candidate_only,data/raw/discovery_pilot/c9f79391b6d9f45d562bfab7fb5011d2038e0b47656c04e8504e4cba18321274.json,c84b99ab3ae0446c40c38dccb8d29a844939c9c07d0da5b3ea09d72ea31bb2cb
42686875,1,Murine,Species,10090,10090,"[{""offset"": 150, ""length"": 6}]","{""identifier"": ""10090"", ""type"": ""Species"", ""valid"": true, ""normalized"": [10090], ""database"": ""ncbi_taxonomy"", ""normalized_id"": 10090, ""biotype"": ""species"", ""name"": ""10090"", ""accession"": null}",150,6,0,title,[],lexical_candidate_only,data/raw/discovery_pilot/c9f79391b6d9f45d562bfab7fb5011d2038e0b47656c04e8504e4cba18321274.json,c84b99ab3ae0446c40c38dccb8d29a844939c9c07d0da5b3ea09d72ea31bb2cb
38964754,1,Acod1,Gene,730249,ACOD1,"[{""offset"": 0, ""length"": 5}]","{""identifier"": ""730249"", ""type"": ""Gene"", ""ncbi_homologene"": ""35405"", ""valid"": true, ""normalized"": [730249], ""database"": ""ncbi_gene"", ""normalized_id"": 730249, ""biotype"": ""gene"", ""name"": ""ACOD1"", ""accession"": ""@GENE_ACOD1""}",0,5,0,title,"[""LOCAL:protein:mouse:ACOD1""]",lexical_candidate_only,data/raw/discovery_pilot/58dd0e1dea8df1a4f01dc61643f37fbe81bc0129e5c3437585f5fc2e87c34ad9.json,70f9aa98c6008210a69fa09f9932f15b17227af94ba00b8c2d9f0e354cd2d1c5
38964754,36,aconitate decarboxylase 1,Gene,730249,ACOD1,"[{""offset"": 287, ""length"": 25}]","{""identifier"": ""730249"", ""type"": ""Gene"", ""ncbi_homologene"": ""35405"", ""valid"": true, ""normalized"": [730249], ""database"": ""ncbi_gene"", ""normalized_id"": 730249, ""biotype"": ""gene"", ""name"": ""ACOD1"", ""accession"": ""@GENE_ACOD1""}",287,25,1,abstract,"[""LOCAL:protein:mouse:ACOD1""]",lexical_candidate_only,data/raw/discovery_pilot/58dd0e1dea8df1a4f01dc61643f37fbe81bc0129e5c3437585f5fc2e87c34ad9.json,70f9aa98c6008210a69fa09f9932f15b17227af94ba00b8c2d9f0e354cd2d1c5
38964754,37,Acod1,Gene,730249,ACOD1,"[{""offset"": 314, ""length"": 5}]","{""identifier"": ""730249"", ""type"": ""Gene"", ""ncbi_homologene"": ""35405"", ""valid"": true, ""normalized"": [730249], ""database"": ""ncbi_gene"", ""normalized_id"": 730249, ""biotype"": ""gene"", ""name"": ""ACOD1"", ""accession"": ""@GENE_ACOD1""}",314,5,1,abstract,"[""LOCAL:protein:mouse:ACOD1""]",lexical_candidate_only,data/raw/discovery_pilot/58dd0e1dea8df1a4f01dc61643f37fbe81bc0129e5c3437585f5fc2e87c34ad9.json,70f9aa98c6008210a69fa09f9932f15b17227af94ba00b8c2d9f0e354cd2d1c5
38964754,38,Acod1,Gene,730249,ACOD1,"[{""offset"": 495, ""length"": 5}]","{""identifier"": ""730249"", ""type"": ""Gene"", ""ncbi_homologene"": ""35405"", ""valid"": true, ""normalized"": [730249], ""database"": ""ncbi_gene"", ""normalized_id"": 730249, ""biotype"": ""gene"", ""name"": ""ACOD1"", ""accession"": ""@GENE_ACOD1""}",495,5,1,abstract,"[""LOCAL:protein:mouse:ACOD1""]",lexical_candidate_only,data/raw/discovery_pilot/58dd0e1dea8df1a4f01dc61643f37fbe81bc0129e5c3437585f5fc2e87c34ad9.json,70f9aa98c6008210a69fa09f9932f15b17227af94ba00b8c2d9f0e354cd2d1c5
38964754,39,itaconate,Chemical,MESH:C005229,itaconic acid,"[{""offset"": 520, ""length"": 9}]","{""identifier"": ""MESH:C005229"", ""type"": ""Chemical"", ""valid"": true, ""normalized"": [""C005229""], ""database"": ""ncbi_mesh"", ""normalized_id"": ""C005229"", ""biotype"": ""chemical"", ""name"": ""itaconic acid"", ""accession"": ""@CHEMICAL_itaconic_acid""}",520,9,1,abstract,"[""CHEBI:30805""]",lexical_candidate_only,data/raw/discovery_pilot/58dd0e1dea8df1a4f01dc61643f37fbe81bc0129e5c3437585f5fc2e87c34ad9.json,70f9aa98c6008210a69fa09f9932f15b17227af94ba00b8c2d9f0e354cd2d1c5
38964754,40,Itaconate,Chemical,MESH:C005229,itaconic acid,"[{""offset"": 605, ""length"": 9}]","{""identifier"": ""MESH:C005229"", ""type"": ""Chemical"", ""valid"": true, ""normalized"": [""C005229""], ""database"": ""ncbi_mesh"", ""normalized_id"": ""C005229"", ""biotype"": ""chemical"", ""name"": ""itaconic acid"", ""accession"": ""@CHEMICAL_itaconic_acid""}",605,9,1,abstract,"[""CHEBI:30805""]",lexical_candidate_only,data/raw/discovery_pilot/58dd0e1dea8df1a4f01dc61643f37fbe81bc0129e5c3437585f5fc2e87c34ad9.json,70f9aa98c6008210a69fa09f9932f15b17227af94ba00b8c2d9f0e354cd2d1c5
38964754,41,human,Species,9606,9606,"[{""offset"": 639, ""length"": 5}]","{""identifier"": ""9606"", ""type"": ""Species"", ""valid"": true, ""normalized"": [9606], ""database"": ""ncbi_taxonomy"", ""normalized_id"": 9606, ""biotype"": ""species"", ""name"": ""9606"", ""accession"": null}",639,5,1,abstract,[],lexical_candidate_only,data/raw/discovery_pilot/58dd0e1dea8df1a4f01dc61643f37fbe81bc0129e5c3437585f5fc2e87c34ad9.json,70f9aa98c6008210a69fa09f9932f15b17227af94ba00b8c2d9f0e354cd2d1c5
38964754,42,patients,Species,9606,9606,"[{""offset"": 691, ""length"": 8}]","{""identifier"": ""9606"", ""type"": ""Species"", ""valid"": true, ""normalized"": [9606], ""database"": ""ncbi_taxonomy"", ""normalized_id"": 9606, ""biotype"": ""species"", ""name"": ""9606"", ""accession"": null}",691,8,1,abstract,[],lexical_candidate_only,data/raw/discovery_pilot/58dd0e1dea8df1a4f01dc61643f37fbe81bc0129e5c3437585f5fc2e87c34ad9.json,70f9aa98c6008210a69fa09f9932f15b17227af94ba00b8c2d9f0e354cd2d1c5
38964754,43,Human,Species,9606,9606,"[{""offset"": 751, ""length"": 5}]","{""identifier"": ""9606"", ""type"": ""Species"", ""valid"": true, ""normalized"": [9606], ""database"": ""ncbi_taxonomy"", ""normalized_id"": 9606, ""biotype"": ""species"", ""name"": ""9606"", ""accession"": null}",751,5,1,abstract,[],lexical_candidate_only,data/raw/discovery_pilot/58dd0e1dea8df1a4f01dc61643f37fbe81bc0129e5c3437585f5fc2e87c34ad9.json,70f9aa98c6008210a69fa09f9932f15b17227af94ba00b8c2d9f0e354cd2d1c5
38964754,44,murine,Species,10090,10090,"[{""offset"": 761, ""length"": 6}]","{""identifier"": ""10090"", ""type"": ""Species"", ""valid"": true, ""normalized"": [10090], ""database"": ""ncbi_taxonomy"", ""normalized_id"": 10090, ""biotype"": ""species"", ""name"": ""10090"", ""accession"": null}",761,6,1,abstract,[],lexical_candidate_only,data/raw/discovery_pilot/58dd0e1dea8df1a4f01dc61643f37fbe81bc0129e5c3437585f5fc2e87c34ad9.json,70f9aa98c6008210a69fa09f9932f15b17227af94ba00b8c2d9f0e354cd2d1c5
38964754,45,itaconate,Chemical,MESH:C005229,itaconic acid,"[{""offset"": 802, ""length"": 9}]","{""identifier"": ""MESH:C005229"", ""type"": ""Chemical"", ""valid"": true, ""normalized"": [""C005229""], ""database"": ""ncbi_mesh"", ""normalized_id"": ""C005229"", ""biotype"": ""chemical"", ""name"": ""itaconic acid"", ""accession"": ""@CHEMICAL_itaconic_acid""}",802,9,1,abstract,"[""CHEBI:30805""]",lexical_candidate_only,data/raw/discovery_pilot/58dd0e1dea8df1a4f01dc61643f37fbe81bc0129e5c3437585f5fc2e87c34ad9.json,70f9aa98c6008210a69fa09f9932f15b17227af94ba00b8c2d9f0e354cd2d1c5
38964754,46,4-octyl-itaconate,Chemical,MESH:C000708109,4-octyl itaconate,"[{""offset"": 823, ""length"": 17}]","{""identifier"": ""MESH:C000708109"", ""type"": ""Chemical"", ""valid"": true, ""normalized"": [""C000708109""], ""database"": ""ncbi_mesh"", ""normalized_id"": ""C000708109"", ""biotype"": ""chemical"", ""name"": ""4-octyl itaconate"", ""accession"": ""@CHEMICAL_4_octyl_itaconate""}",823,17,1,abstract,[],lexical_candidate_only,data/raw/discovery_pilot/58dd0e1dea8df1a4f01dc61643f37fbe81bc0129e5c3437585f5fc2e87c34ad9.json,70f9aa98c6008210a69fa09f9932f15b17227af94ba00b8c2d9f0e354cd2d1c5
38964754,47,4-OI,Chemical,MESH:C000708109,4-octyl itaconate,"[{""offset"": 842, ""length"": 4}]","{""identifier"": ""MESH:C000708109"", ""type"": ""Chemical"", ""valid"": true, ""normalized"": [""C000708109""], ""database"": ""ncbi_mesh"", ""normalized_id"": ""C000708109"", ""biotype"": ""chemical"", ""name"": ""4-octyl itaconate"", ""accession"": ""@CHEMICAL_4_octyl_itaconate""}",842,4,1,abstract,[],lexical_candidate_only,data/raw/discovery_pilot/58dd0e1dea8df1a4f01dc61643f37fbe81bc0129e5c3437585f5fc2e87c34ad9.json,70f9aa98c6008210a69fa09f9932f15b17227af94ba00b8c2d9f0e354cd2d1c5
38964754,48,Acod1,Gene,16365,Acod1,"[{""offset"": 884, ""length"": 5}]","{""identifier"": ""16365"", ""type"": ""Gene"", ""ncbi_homologene"": ""35405"", ""valid"": true, ""normalized"": [16365], ""database"": ""ncbi_gene"", ""normalized_id"": 16365, ""biotype"": ""gene"", ""name"": ""Acod1"", ""accession"": ""@GENE_ACOD1""}",884,5,1,abstract,"[""LOCAL:protein:mouse:ACOD1""]",lexical_candidate_only,data/raw/discovery_pilot/58dd0e1dea8df1a4f01dc61643f37fbe81bc0129e5c3437585f5fc2e87c34ad9.json,70f9aa98c6008210a69fa09f9932f15b17227af94ba00b8c2d9f0e354cd2d1c5
38964754,49,4-OI,Chemical,MESH:C000708109,4-octyl itaconate,"[{""offset"": 905, ""length"": 4}]","{""identifier"": ""MESH:C000708109"", ""type"": ""Chemical"", ""valid"": true, ""normalized"": [""C000708109""], ""database"": ""ncbi_mesh"", ""normalized_id"": ""C000708109"", ""biotype"": ""chemical"", ""name"": ""4-octyl itaconate"", ""accession"": ""@CHEMICAL_4_octyl_itaconate""}",905,4,1,abstract,[],lexical_candidate_only,data/raw/discovery_pilot/58dd0e1dea8df1a4f01dc61643f37fbe81bc0129e5c3437585f5fc2e87c34ad9.json,70f9aa98c6008210a69fa09f9932f15b17227af94ba00b8c2d9f0e354cd2d1c5
38964754,50,mice,Species,10090,10090,"[{""offset"": 939, ""length"": 4}]","{""identifier"": ""10090"", ""type"": ""Species"", ""valid"": true, ""normalized"": [10090], ""database"": ""ncbi_taxonomy"", ""normalized_id"": 10090, ""biotype"": ""species"", ""name"": ""10090"", ""accession"": null}",939,4,1,abstract,[],lexical_candidate_only,data/raw/discovery_pilot/58dd0e1dea8df1a4f01dc61643f37fbe81bc0129e5c3437585f5fc2e87c34ad9.json,70f9aa98c6008210a69fa09f9932f15b17227af94ba00b8c2d9f0e354cd2d1c5
38964754,51,K/BxN,Chemical,-,,"[{""offset"": 950, ""length"": 5}]","{""identifier"": ""-"", ""type"": ""Chemical"", ""valid"": false, ""normalized_id"": null, ""biotype"": ""chemical""}",950,5,1,abstract,[],lexical_candidate_only,data/raw/discovery_pilot/58dd0e1dea8df1a4f01dc61643f37fbe81bc0129e5c3437585f5fc2e87c34ad9.json,70f9aa98c6008210a69fa09f9932f15b17227af94ba00b8c2d9f0e354cd2d1c5
38964754,52,human,Species,9606,9606,"[{""offset"": 984, ""length"": 5}]","{""identifier"": ""9606"", ""type"": ""Species"", ""valid"": true, ""normalized"": [9606], ""database"": ""ncbi_taxonomy"", ""normalized_id"": 9606, ""biotype"": ""species"", ""name"": ""9606"", ""accession"": null}",984,5,1,abstract,[],lexical_candidate_only,data/raw/discovery_pilot/58dd0e1dea8df1a4f01dc61643f37fbe81bc0129e5c3437585f5fc2e87c34ad9.json,70f9aa98c6008210a69fa09f9932f15b17227af94ba00b8c2d9f0e354cd2d1c5
38964754,53,TNF,Gene,7124,TNF,"[{""offset"": 990, ""length"": 3}]","{""identifier"": ""7124"", ""type"": ""Gene"", ""ncbi_homologene"": ""496"", ""valid"": true, ""normalized"": [7124], ""database"": ""ncbi_gene"", ""normalized_id"": 7124, ""biotype"": ""gene"", ""name"": ""TNF"", ""accession"": ""@GENE_TNF""}",990,3,1,abstract,"[""LOCAL:protein:mouse:TNF""]",lexical_candidate_only,data/raw/discovery_pilot/58dd0e1dea8df1a4f01dc61643f37fbe81bc0129e5c3437585f5fc2e87c34ad9.json,70f9aa98c6008210a69fa09f9932f15b17227af94ba00b8c2d9f0e354cd2d1c5
38964754,54,mice,Species,10090,10090,"[{""offset"": 1014, ""length"": 4}]","{""identifier"": ""10090"", ""type"": ""Species"", ""valid"": true, ""normalized"": [10090], ""database"": ""ncbi_taxonomy"", ""normalized_id"": 10090, ""biotype"": ""species"", ""name"": ""10090"", ""accession"": null}",1014,4,1,abstract,[],lexical_candidate_only,data/raw/discovery_pilot/58dd0e1dea8df1a4f01dc61643f37fbe81bc0129e5c3437585f5fc2e87c34ad9.json,70f9aa98c6008210a69fa09f9932f15b17227af94ba00b8c2d9f0e354cd2d1c5
38964754,55,Acod1,Gene,730249,ACOD1,"[{""offset"": 1148, ""length"": 5}]","{""identifier"": ""730249"", ""type"": ""Gene"", ""ncbi_homologene"": ""35405"", ""valid"": true, ""normalized"": [730249], ""database"": ""ncbi_gene"", ""normalized_id"": 730249, ""biotype"": ""gene"", ""name"": ""ACOD1"", ""accession"": ""@GENE_ACOD1""}",1148,5,1,abstract,"[""LOCAL:protein:mouse:ACOD1""]",lexical_candidate_only,data/raw/discovery_pilot/58dd0e1dea8df1a4f01dc61643f37fbe81bc0129e5c3437585f5fc2e87c34ad9.json,70f9aa98c6008210a69fa09f9932f15b17227af94ba00b8c2d9f0e354cd2d1c5
38964754,56,itaconate,Chemical,MESH:C005229,itaconic acid,"[{""offset"": 1168, ""length"": 9}]","{""identifier"": ""MESH:C005229"", ""type"": ""Chemical"", ""valid"": true, ""normalized"": [""C005229""], ""database"": ""ncbi_mesh"", ""normalized_id"": ""C005229"", ""biotype"": ""chemical"", ""name"": ""itaconic acid"", ""accession"": ""@CHEMICAL_itaconic_acid""}",1168,9,1,abstract,"[""CHEBI:30805""]",lexical_candidate_only,data/raw/discovery_pilot/58dd0e1dea8df1a4f01dc61643f37fbe81bc0129e5c3437585f5fc2e87c34ad9.json,70f9aa98c6008210a69fa09f9932f15b17227af94ba00b8c2d9f0e354cd2d1c5
38964754,57,Acod1,Gene,16365,Acod1,"[{""offset"": 1365, ""length"": 5}]","{""identifier"": ""16365"", ""type"": ""Gene"", ""ncbi_homologene"": ""35405"", ""valid"": true, ""normalized"": [16365], ""database"": ""ncbi_gene"", ""normalized_id"": 16365, ""biotype"": ""gene"", ""name"": ""Acod1"", ""accession"": ""@GENE_ACOD1""}",1365,5,1,abstract,"[""LOCAL:protein:mouse:ACOD1""]",lexical_candidate_only,data/raw/discovery_pilot/58dd0e1dea8df1a4f01dc61643f37fbe81bc0129e5c3437585f5fc2e87c34ad9.json,70f9aa98c6008210a69fa09f9932f15b17227af94ba00b8c2d9f0e354cd2d1c5
38964754,58,Itaconate,Chemical,MESH:C005229,itaconic acid,"[{""offset"": 1427, ""length"": 9}]","{""identifier"": ""MESH:C005229"", ""type"": ""Chemical"", ""valid"": true, ""normalized"": [""C005229""], ""database"": ""ncbi_mesh"", ""normalized_id"": ""C005229"", ""biotype"": ""chemical"", ""name"": ""itaconic acid"", ""accession"": ""@CHEMICAL_itaconic_acid""}",1427,9,1,abstract,"[""CHEBI:30805""]",lexical_candidate_only,data/raw/discovery_pilot/58dd0e1dea8df1a4f01dc61643f37fbe81bc0129e5c3437585f5fc2e87c34ad9.json,70f9aa98c6008210a69fa09f9932f15b17227af94ba00b8c2d9f0e354cd2d1c5
38964754,59,patients,Species,9606,9606,"[{""offset"": 1458, ""length"": 8}]","{""identifier"": ""9606"", ""type"": ""Species"", ""valid"": true, ""normalized"": [9606], ""database"": ""ncbi_taxonomy"", ""normalized_id"": 9606, ""biotype"": ""species"", ""name"": ""9606"", ""accession"": null}",1458,8,1,abstract,[],lexical_candidate_only,data/raw/discovery_pilot/58dd0e1dea8df1a4f01dc61643f37fbe81bc0129e5c3437585f5fc2e87c34ad9.json,70f9aa98c6008210a69fa09f9932f15b17227af94ba00b8c2d9f0e354cd2d1c5
38964754,60,Acod1,Gene,16365,Acod1,"[{""offset"": 1524, ""length"": 5}]","{""identifier"": ""16365"", ""type"": ""Gene"", ""ncbi_homologene"": ""35405"", ""valid"": true, ""normalized"": [16365], ""database"": ""ncbi_gene"", ""normalized_id"": 16365, ""biotype"": ""gene"", ""name"": ""Acod1"", ""accession"": ""@GENE_ACOD1""}",1524,5,1,abstract,"[""LOCAL:protein:mouse:ACOD1""]",lexical_candidate_only,data/raw/discovery_pilot/58dd0e1dea8df1a4f01dc61643f37fbe81bc0129e5c3437585f5fc2e87c34ad9.json,70f9aa98c6008210a69fa09f9932f15b17227af94ba00b8c2d9f0e354cd2d1c5
38964754,61,mice,Species,10090,10090,"[{""offset"": 1540, ""length"": 4}]","{""identifier"": ""10090"", ""type"": ""Species"", ""valid"": true, ""normalized"": [10090], ""database"": ""ncbi_taxonomy"", ""normalized_id"": 10090, ""biotype"": ""species"", ""name"": ""10090"", ""accession"": null}",1540,4,1,abstract,[],lexical_candidate_only,data/raw/discovery_pilot/58dd0e1dea8df1a4f01dc61643f37fbe81bc0129e5c3437585f5fc2e87c34ad9.json,70f9aa98c6008210a69fa09f9932f15b17227af94ba00b8c2d9f0e354cd2d1c5
38964754,62,4-OI,Chemical,MESH:C000708109,4-octyl itaconate,"[{""offset"": 1633, ""length"": 4}]","{""identifier"": ""MESH:C000708109"", ""type"": ""Chemical"", ""valid"": true, ""normalized"": [""C000708109""], ""database"": ""ncbi_mesh"", ""normalized_id"": ""C000708109"", ""biotype"": ""chemical"", ""name"": ""4-octyl itaconate"", ""accession"": ""@CHEMICAL_4_octyl_itaconate""}",1633,4,1,abstract,[],lexical_candidate_only,data/raw/discovery_pilot/58dd0e1dea8df1a4f01dc61643f37fbe81bc0129e5c3437585f5fc2e87c34ad9.json,70f9aa98c6008210a69fa09f9932f15b17227af94ba00b8c2d9f0e354cd2d1c5
38964754,63,human,Species,9606,9606,"[{""offset"": 1704, ""length"": 5}]","{""identifier"": ""9606"", ""type"": ""Species"", ""valid"": true, ""normalized"": [9606], ""database"": ""ncbi_taxonomy"", ""normalized_id"": 9606, ""biotype"": ""species"", ""name"": ""9606"", ""accession"": null}",1704,5,1,abstract,[],lexical_candidate_only,data/raw/discovery_pilot/58dd0e1dea8df1a4f01dc61643f37fbe81bc0129e5c3437585f5fc2e87c34ad9.json,70f9aa98c6008210a69fa09f9932f15b17227af94ba00b8c2d9f0e354cd2d1c5
38964754,64,murine,Species,10090,10090,"[{""offset"": 1714, ""length"": 6}]","{""identifier"": ""10090"", ""type"": ""Species"", ""valid"": true, ""normalized"": [10090], ""database"": ""ncbi_taxonomy"", ""normalized_id"": 10090, ""biotype"": ""species"", ""name"": ""10090"", ""accession"": null}",1714,6,1,abstract,[],lexical_candidate_only,data/raw/discovery_pilot/58dd0e1dea8df1a4f01dc61643f37fbe81bc0129e5c3437585f5fc2e87c34ad9.json,70f9aa98c6008210a69fa09f9932f15b17227af94ba00b8c2d9f0e354cd2d1c5
38964754,65,Acod1,Gene,730249,ACOD1,"[{""offset"": 1775, ""length"": 5}]","{""identifier"": ""730249"", ""type"": ""Gene"", ""ncbi_homologene"": ""35405"", ""valid"": true, ""normalized"": [730249], ""database"": ""ncbi_gene"", ""normalized_id"": 730249, ""biotype"": ""gene"", ""name"": ""ACOD1"", ""accession"": ""@GENE_ACOD1""}",1775,5,1,abstract,"[""LOCAL:protein:mouse:ACOD1""]",lexical_candidate_only,data/raw/discovery_pilot/58dd0e1dea8df1a4f01dc61643f37fbe81bc0129e5c3437585f5fc2e87c34ad9.json,70f9aa98c6008210a69fa09f9932f15b17227af94ba00b8c2d9f0e354cd2d1c5
38964754,66,reactive oxygen species,Chemical,MESH:D017382,Reactive Oxygen Species,"[{""offset"": 1881, ""length"": 23}]","{""identifier"": ""MESH:D017382"", ""type"": ""Chemical"", ""valid"": true, ""normalized"": [""D017382""], ""database"": ""ncbi_mesh"", ""normalized_id"": ""D017382"", ""biotype"": ""chemical"", ""name"": ""Reactive Oxygen Species"", ""accession"": ""@CHEMICAL_Reactive_Oxygen_Species""}",1881,23,1,abstract,"[""CHEBI:26523""]",lexical_candidate_only,data/raw/discovery_pilot/58dd0e1dea8df1a4f01dc61643f37fbe81bc0129e5c3437585f5fc2e87c34ad9.json,70f9aa98c6008210a69fa09f9932f15b17227af94ba00b8c2d9f0e354cd2d1c5
38964754,67,Hif1alpha,Gene,15251,Hif1a,"[{""offset"": 1909, ""length"": 9}]","{""identifier"": ""15251"", ""type"": ""Gene"", ""ncbi_homologene"": ""1171"", ""valid"": true, ""normalized"": [15251], ""database"": ""ncbi_gene"", ""normalized_id"": 15251, ""biotype"": ""gene"", ""name"": ""Hif1a"", ""accession"": ""@GENE_HIF1A""}",1909,9,1,abstract,"[""LOCAL:protein:mouse:HIF1A""]",lexical_candidate_only,data/raw/discovery_pilot/58dd0e1dea8df1a4f01dc61643f37fbe81bc0129e5c3437585f5fc2e87c34ad9.json,70f9aa98c6008210a69fa09f9932f15b17227af94ba00b8c2d9f0e354cd2d1c5
38964754,68,Acod1,Gene,730249,ACOD1,"[{""offset"": 1973, ""length"": 5}]","{""identifier"": ""730249"", ""type"": ""Gene"", ""ncbi_homologene"": ""35405"", ""valid"": true, ""normalized"": [730249], ""database"": ""ncbi_gene"", ""normalized_id"": 730249, ""biotype"": ""gene"", ""name"": ""ACOD1"", ""accession"": ""@GENE_ACOD1""}",1973,5,1,abstract,"[""LOCAL:protein:mouse:ACOD1""]",lexical_candidate_only,data/raw/discovery_pilot/58dd0e1dea8df1a4f01dc61643f37fbe81bc0129e5c3437585f5fc2e87c34ad9.json,70f9aa98c6008210a69fa09f9932f15b17227af94ba00b8c2d9f0e354cd2d1c5
38964754,69,itaconate,Chemical,MESH:C005229,itaconic acid,"[{""offset"": 1983, ""length"": 9}]","{""identifier"": ""MESH:C005229"", ""type"": ""Chemical"", ""valid"": true, ""normalized"": [""C005229""], ""database"": ""ncbi_mesh"", ""normalized_id"": ""C005229"", ""biotype"": ""chemical"", ""name"": ""itaconic acid"", ""accession"": ""@CHEMICAL_itaconic_acid""}",1983,9,1,abstract,"[""CHEBI:30805""]",lexical_candidate_only,data/raw/discovery_pilot/58dd0e1dea8df1a4f01dc61643f37fbe81bc0129e5c3437585f5fc2e87c34ad9.json,70f9aa98c6008210a69fa09f9932f15b17227af94ba00b8c2d9f0e354cd2d1c5
38986577,1,Itaconate,Chemical,MESH:C005229,itaconic acid,"[{""offset"": 0, ""length"": 9}]","{""identifier"": ""MESH:C005229"", ""type"": ""Chemical"", ""valid"": true, ""normalized"": [""C005229""], ""database"": ""ncbi_mesh"", ""normalized_id"": ""C005229"", ""biotype"": ""chemical"", ""name"": ""itaconic acid"", ""accession"": ""@CHEMICAL_itaconic_acid""}",0,9,0,title,"[""CHEBI:30805""]",lexical_candidate_only,data/raw/discovery_pilot/58dd0e1dea8df1a4f01dc61643f37fbe81bc0129e5c3437585f5fc2e87c34ad9.json,70f9aa98c6008210a69fa09f9932f15b17227af94ba00b8c2d9f0e354cd2d1c5
38986577,21,Alizarin red,Chemical,MESH:C010078,alizarin,"[{""offset"": 643, ""length"": 12}]","{""identifier"": ""MESH:C010078"", ""type"": ""Chemical"", ""valid"": true, ""normalized"": [""C010078""], ""database"": ""ncbi_mesh"", ""normalized_id"": ""C010078"", ""biotype"": ""chemical"", ""name"": ""alizarin"", ""accession"": ""@CHEMICAL_alizarin""}",643,12,1,abstract,[],lexical_candidate_only,data/raw/discovery_pilot/58dd0e1dea8df1a4f01dc61643f37fbe81bc0129e5c3437585f5fc2e87c34ad9.json,70f9aa98c6008210a69fa09f9932f15b17227af94ba00b8c2d9f0e354cd2d1c5
38986577,22,immunoresponsive gene 1,Gene,16365,Acod1,"[{""offset"": 666, ""length"": 23}]","{""identifier"": ""16365"", ""type"": ""Gene"", ""ncbi_homologene"": ""35405"", ""valid"": true, ""normalized"": [16365], ""database"": ""ncbi_gene"", ""normalized_id"": 16365, ""biotype"": ""gene"", ""name"": ""Acod1"", ""accession"": ""@GENE_ACOD1""}",666,23,1,abstract,"[""LOCAL:protein:mouse:ACOD1""]",lexical_candidate_only,data/raw/discovery_pilot/58dd0e1dea8df1a4f01dc61643f37fbe81bc0129e5c3437585f5fc2e87c34ad9.json,70f9aa98c6008210a69fa09f9932f15b17227af94ba00b8c2d9f0e354cd2d1c5
38986577,23,Irg1,Gene,16365,Acod1,"[{""offset"": 691, ""length"": 4}]","{""identifier"": ""16365"", ""type"": ""Gene"", ""ncbi_homologene"": ""35405"", ""valid"": true, ""normalized"": [16365], ""database"": ""ncbi_gene"", ""normalized_id"": 16365, ""biotype"": ""gene"", ""name"": ""Acod1"", ""accession"": ""@GENE_ACOD1""}",691,4,1,abstract,"[""LOCAL:protein:mouse:ACOD1""]",lexical_candidate_only,data/raw/discovery_pilot/58dd0e1dea8df1a4f01dc61643f37fbe81bc0129e5c3437585f5fc2e87c34ad9.json,70f9aa98c6008210a69fa09f9932f15b17227af94ba00b8c2d9f0e354cd2d1c5
38986577,24,mice,Species,10090,10090,"[{""offset"": 707, ""length"": 4}]","{""identifier"": ""10090"", ""type"": ""Species"", ""valid"": true, ""normalized"": [10090], ""database"": ""ncbi_taxonomy"", ""normalized_id"": 10090, ""biotype"": ""species"", ""name"": ""10090"", ""accession"": null}",707,4,1,abstract,[],lexical_candidate_only,data/raw/discovery_pilot/58dd0e1dea8df1a4f01dc61643f37fbe81bc0129e5c3437585f5fc2e87c34ad9.json,70f9aa98c6008210a69fa09f9932f15b17227af94ba00b8c2d9f0e354cd2d1c5
38986577,25,tricarboxylic acid,Chemical,MESH:D014233,Tricarboxylic Acids,"[{""offset"": 929, ""length"": 18}]","{""identifier"": ""MESH:D014233"", ""type"": ""Chemical"", ""valid"": true, ""normalized"": [""D014233""], ""database"": ""ncbi_mesh"", ""normalized_id"": ""D014233"", ""biotype"": ""chemical"", ""name"": ""Tricarboxylic Acids"", ""accession"": ""@CHEMICAL_Tricarboxylic_Acids""}",929,18,1,abstract,[],lexical_candidate_only,data/raw/discovery_pilot/58dd0e1dea8df1a4f01dc61643f37fbe81bc0129e5c3437585f5fc2e87c34ad9.json,70f9aa98c6008210a69fa09f9932f15b17227af94ba00b8c2d9f0e354cd2d1c5
38986577,26,glucose,Chemical,MESH:D005947,Glucose,"[{""offset"": 993, ""length"": 7}]","{""identifier"": ""MESH:D005947"", ""type"": ""Chemical"", ""valid"": true, ""normalized"": [""D005947""], ""database"": ""ncbi_mesh"", ""normalized_id"": ""D005947"", ""biotype"": ""chemical"", ""name"": ""Glucose"", ""accession"": ""@CHEMICAL_Glucose""}",993,7,1,abstract,"[""CHEBI:17234""]",lexical_candidate_only,data/raw/discovery_pilot/58dd0e1dea8df1a4f01dc61643f37fbe81bc0129e5c3437585f5fc2e87c34ad9.json,70f9aa98c6008210a69fa09f9932f15b17227af94ba00b8c2d9f0e354cd2d1c5
38986577,27,glutamine,Chemical,MESH:D005973,Glutamine,"[{""offset"": 1005, ""length"": 9}]","{""identifier"": ""MESH:D005973"", ""type"": ""Chemical"", ""valid"": true, ""normalized"": [""D005973""], ""database"": ""ncbi_mesh"", ""normalized_id"": ""D005973"", ""biotype"": ""chemical"", ""name"": ""Glutamine"", ""accession"": ""@CHEMICAL_Glutamine""}",1005,9,1,abstract,"[""CHEBI:18050""]",lexical_candidate_only,data/raw/discovery_pilot/58dd0e1dea8df1a4f01dc61643f37fbe81bc0129e5c3437585f5fc2e87c34ad9.json,70f9aa98c6008210a69fa09f9932f15b17227af94ba00b8c2d9f0e354cd2d1c5
38986577,28,Irg1,Gene,16365,Acod1,"[{""offset"": 1072, ""length"": 4}]","{""identifier"": ""16365"", ""type"": ""Gene"", ""ncbi_homologene"": ""35405"", ""valid"": true, ""normalized"": [16365], ""database"": ""ncbi_gene"", ""normalized_id"": 16365, ""biotype"": ""gene"", ""name"": ""Acod1"", ""accession"": ""@GENE_ACOD1""}",1072,4,1,abstract,"[""LOCAL:protein:mouse:ACOD1""]",lexical_candidate_only,data/raw/discovery_pilot/58dd0e1dea8df1a4f01dc61643f37fbe81bc0129e5c3437585f5fc2e87c34ad9.json,70f9aa98c6008210a69fa09f9932f15b17227af94ba00b8c2d9f0e354cd2d1c5
38986577,29,itaconate,Chemical,MESH:C005229,itaconic acid,"[{""offset"": 1095, ""length"": 9}]","{""identifier"": ""MESH:C005229"", ""type"": ""Chemical"", ""valid"": true, ""normalized"": [""C005229""], ""database"": ""ncbi_mesh"", ""normalized_id"": ""C005229"", ""biotype"": ""chemical"", ""name"": ""itaconic acid"", ""accession"": ""@CHEMICAL_itaconic_acid""}",1095,9,1,abstract,"[""CHEBI:30805""]",lexical_candidate_only,data/raw/discovery_pilot/58dd0e1dea8df1a4f01dc61643f37fbe81bc0129e5c3437585f5fc2e87c34ad9.json,70f9aa98c6008210a69fa09f9932f15b17227af94ba00b8c2d9f0e354cd2d1c5
38986577,30,IRG1,Gene,16365,Acod1,"[{""offset"": 1171, ""length"": 4}]","{""identifier"": ""16365"", ""type"": ""Gene"", ""ncbi_homologene"": ""35405"", ""valid"": true, ""normalized"": [16365], ""database"": ""ncbi_gene"", ""normalized_id"": 16365, ""biotype"": ""gene"", ""name"": ""Acod1"", ""accession"": ""@GENE_ACOD1""}",1171,4,1,abstract,"[""LOCAL:protein:mouse:ACOD1""]",lexical_candidate_only,data/raw/discovery_pilot/58dd0e1dea8df1a4f01dc61643f37fbe81bc0129e5c3437585f5fc2e87c34ad9.json,70f9aa98c6008210a69fa09f9932f15b17227af94ba00b8c2d9f0e354cd2d1c5
38986577,31,itaconate,Chemical,MESH:C005229,itaconic acid,"[{""offset"": 1176, ""length"": 9}]","{""identifier"": ""MESH:C005229"", ""type"": ""Chemical"", ""valid"": true, ""normalized"": [""C005229""], ""database"": ""ncbi_mesh"", ""normalized_id"": ""C005229"", ""biotype"": ""chemical"", ""name"": ""itaconic acid"", ""accession"": ""@CHEMICAL_itaconic_acid""}",1176,9,1,abstract,"[""CHEBI:30805""]",lexical_candidate_only,data/raw/discovery_pilot/58dd0e1dea8df1a4f01dc61643f37fbe81bc0129e5c3437585f5fc2e87c34ad9.json,70f9aa98c6008210a69fa09f9932f15b17227af94ba00b8c2d9f0e354cd2d1c5
38986577,32,itaconate,Chemical,MESH:C005229,itaconic acid,"[{""offset"": 1274, ""length"": 9}]","{""identifier"": ""MESH:C005229"", ""type"": ""Chemical"", ""valid"": true, ""normalized"": [""C005229""], ""database"": ""ncbi_mesh"", ""normalized_id"": ""C005229"", ""biotype"": ""chemical"", ""name"": ""itaconic acid"", ""accession"": ""@CHEMICAL_itaconic_acid""}",1274,9,1,abstract,"[""CHEBI:30805""]",lexical_candidate_only,data/raw/discovery_pilot/58dd0e1dea8df1a4f01dc61643f37fbe81bc0129e5c3437585f5fc2e87c34ad9.json,70f9aa98c6008210a69fa09f9932f15b17227af94ba00b8c2d9f0e354cd2d1c5
38986577,33,human,Species,9606,9606,"[{""offset"": 1358, ""length"": 5}]","{""identifier"": ""9606"", ""type"": ""Species"", ""valid"": true, ""normalized"": [9606], ""database"": ""ncbi_taxonomy"", ""normalized_id"": 9606, ""biotype"": ""species"", ""name"": ""9606"", ""accession"": null}",1358,5,1,abstract,[],lexical_candidate_only,data/raw/discovery_pilot/58dd0e1dea8df1a4f01dc61643f37fbe81bc0129e5c3437585f5fc2e87c34ad9.json,70f9aa98c6008210a69fa09f9932f15b17227af94ba00b8c2d9f0e354cd2d1c5
38986577,34,murine,Species,10090,10090,"[{""offset"": 1368, ""length"": 6}]","{""identifier"": ""10090"", ""type"": ""Species"", ""valid"": true, ""normalized"": [10090], ""database"": ""ncbi_taxonomy"", ""normalized_id"": 10090, ""biotype"": ""species"", ""name"": ""10090"", ""accession"": null}",1368,6,1,abstract,[],lexical_candidate_only,data/raw/discovery_pilot/58dd0e1dea8df1a4f01dc61643f37fbe81bc0129e5c3437585f5fc2e87c34ad9.json,70f9aa98c6008210a69fa09f9932f15b17227af94ba00b8c2d9f0e354cd2d1c5
38986577,35,itaconate,Chemical,MESH:C005229,itaconic acid,"[{""offset"": 1520, ""length"": 9}]","{""identifier"": ""MESH:C005229"", ""type"": ""Chemical"", ""valid"": true, ""normalized"": [""C005229""], ""database"": ""ncbi_mesh"", ""normalized_id"": ""C005229"", ""biotype"": ""chemical"", ""name"": ""itaconic acid"", ""accession"": ""@CHEMICAL_itaconic_acid""}",1520,9,1,abstract,"[""CHEBI:30805""]",lexical_candidate_only,data/raw/discovery_pilot/58dd0e1dea8df1a4f01dc61643f37fbe81bc0129e5c3437585f5fc2e87c34ad9.json,70f9aa98c6008210a69fa09f9932f15b17227af94ba00b8c2d9f0e354cd2d1c5
38986577,36,mice,Species,10090,10090,"[{""offset"": 1590, ""length"": 4}]","{""identifier"": ""10090"", ""type"": ""Species"", ""valid"": true, ""normalized"": [10090], ""database"": ""ncbi_taxonomy"", ""normalized_id"": 10090, ""biotype"": ""species"", ""name"": ""10090"", ""accession"": null}",1590,4,1,abstract,[],lexical_candidate_only,data/raw/discovery_pilot/58dd0e1dea8df1a4f01dc61643f37fbe81bc0129e5c3437585f5fc2e87c34ad9.json,70f9aa98c6008210a69fa09f9932f15b17227af94ba00b8c2d9f0e354cd2d1c5
38986577,37,Irg1,Gene,16365,Acod1,"[{""offset"": 1608, ""length"": 4}]","{""identifier"": ""16365"", ""type"": ""Gene"", ""ncbi_homologene"": ""35405"", ""valid"": true, ""normalized"": [16365], ""database"": ""ncbi_gene"", ""normalized_id"": 16365, ""biotype"": ""gene"", ""name"": ""Acod1"", ""accession"": ""@GENE_ACOD1""}",1608,4,1,abstract,"[""LOCAL:protein:mouse:ACOD1""]",lexical_candidate_only,data/raw/discovery_pilot/58dd0e1dea8df1a4f01dc61643f37fbe81bc0129e5c3437585f5fc2e87c34ad9.json,70f9aa98c6008210a69fa09f9932f15b17227af94ba00b8c2d9f0e354cd2d1c5
38986577,38,mice,Species,10090,10090,"[{""offset"": 1623, ""length"": 4}]","{""identifier"": ""10090"", ""type"": ""Species"", ""valid"": true, ""normalized"": [10090], ""database"": ""ncbi_taxonomy"", ""normalized_id"": 10090, ""biotype"": ""species"", ""name"": ""10090"", ""accession"": null}",1623,4,1,abstract,[],lexical_candidate_only,data/raw/discovery_pilot/58dd0e1dea8df1a4f01dc61643f37fbe81bc0129e5c3437585f5fc2e87c34ad9.json,70f9aa98c6008210a69fa09f9932f15b17227af94ba00b8c2d9f0e354cd2d1c5
38986577,39,itaconate,Chemical,MESH:C005229,itaconic acid,"[{""offset"": 1763, ""length"": 9}]","{""identifier"": ""MESH:C005229"", ""type"": ""Chemical"", ""valid"": true, ""normalized"": [""C005229""], ""database"": ""ncbi_mesh"", ""normalized_id"": ""C005229"", ""biotype"": ""chemical"", ""name"": ""itaconic acid"", ""accession"": ""@CHEMICAL_itaconic_acid""}",1763,9,1,abstract,"[""CHEBI:30805""]",lexical_candidate_only,data/raw/discovery_pilot/58dd0e1dea8df1a4f01dc61643f37fbe81bc0129e5c3437585f5fc2e87c34ad9.json,70f9aa98c6008210a69fa09f9932f15b17227af94ba00b8c2d9f0e354cd2d1c5
40930719,2,PHGDH,Gene,236539,Phgdh,"[{""offset"": 0, ""length"": 5}]","{""identifier"": ""236539"", ""type"": ""Gene"", ""ncbi_homologene"": ""39318"", ""valid"": true, ""normalized"": [236539], ""database"": ""ncbi_gene"", ""normalized_id"": 236539, ""biotype"": ""gene"", ""name"": ""Phgdh"", ""accession"": ""@GENE_PHGDH""}",0,5,0,title,"[""LOCAL:protein:mouse:PHGDH""]",lexical_candidate_only,data/raw/discovery_pilot/58dd0e1dea8df1a4f01dc61643f37fbe81bc0129e5c3437585f5fc2e87c34ad9.json,70f9aa98c6008210a69fa09f9932f15b17227af94ba00b8c2d9f0e354cd2d1c5
40930719,3,TGF-beta,Gene,21803,Tgfb1,"[{""offset"": 111, ""length"": 8}]","{""identifier"": ""21803"", ""type"": ""Gene"", ""ncbi_homologene"": ""540"", ""valid"": true, ""normalized"": [21803], ""database"": ""ncbi_gene"", ""normalized_id"": 21803, ""biotype"": ""gene"", ""name"": ""Tgfb1"", ""accession"": ""@GENE_TGFB1""}",111,8,0,title,[],lexical_candidate_only,data/raw/discovery_pilot/58dd0e1dea8df1a4f01dc61643f37fbe81bc0129e5c3437585f5fc2e87c34ad9.json,70f9aa98c6008210a69fa09f9932f15b17227af94ba00b8c2d9f0e354cd2d1c5
40930719,17,phosphoglycerate dehydrogenase,Gene,236539,Phgdh,"[{""offset"": 245, ""length"": 30}]","{""identifier"": ""236539"", ""type"": ""Gene"", ""ncbi_homologene"": ""39318"", ""valid"": true, ""normalized"": [236539], ""database"": ""ncbi_gene"", ""normalized_id"": 236539, ""biotype"": ""gene"", ""name"": ""Phgdh"", ""accession"": ""@GENE_PHGDH""}",245,30,1,abstract,"[""LOCAL:protein:mouse:PHGDH""]",lexical_candidate_only,data/raw/discovery_pilot/58dd0e1dea8df1a4f01dc61643f37fbe81bc0129e5c3437585f5fc2e87c34ad9.json,70f9aa98c6008210a69fa09f9932f15b17227af94ba00b8c2d9f0e354cd2d1c5
40930719,18,PHGDH,Gene,236539,Phgdh,"[{""offset"": 277, ""length"": 5}]","{""identifier"": ""236539"", ""type"": ""Gene"", ""ncbi_homologene"": ""39318"", ""valid"": true, ""normalized"": [236539], ""database"": ""ncbi_gene"", ""normalized_id"": 236539, ""biotype"": ""gene"", ""name"": ""Phgdh"", ""accession"": ""@GENE_PHGDH""}",277,5,1,abstract,"[""LOCAL:protein:mouse:PHGDH""]",lexical_candidate_only,data/raw/discovery_pilot/58dd0e1dea8df1a4f01dc61643f37fbe81bc0129e5c3437585f5fc2e87c34ad9.json,70f9aa98c6008210a69fa09f9932f15b17227af94ba00b8c2d9f0e354cd2d1c5
40930719,19,PHGDH,Gene,236539,Phgdh,"[{""offset"": 400, ""length"": 5}]","{""identifier"": ""236539"", ""type"": ""Gene"", ""ncbi_homologene"": ""39318"", ""valid"": true, ""normalized"": [236539], ""database"": ""ncbi_gene"", ""normalized_id"": 236539, ""biotype"": ""gene"", ""name"": ""Phgdh"", ""accession"": ""@GENE_PHGDH""}",400,5,1,abstract,"[""LOCAL:protein:mouse:PHGDH""]",lexical_candidate_only,data/raw/discovery_pilot/58dd0e1dea8df1a4f01dc61643f37fbe81bc0129e5c3437585f5fc2e87c34ad9.json,70f9aa98c6008210a69fa09f9932f15b17227af94ba00b8c2d9f0e354cd2d1c5
40930719,20,mice,Species,10090,10090,"[{""offset"": 504, ""length"": 4}]","{""identifier"": ""10090"", ""type"": ""Species"", ""valid"": true, ""normalized"": [10090], ""database"": ""ncbi_taxonomy"", ""normalized_id"": 10090, ""biotype"": ""species"", ""name"": ""10090"", ""accession"": null}",504,4,1,abstract,[],lexical_candidate_only,data/raw/discovery_pilot/58dd0e1dea8df1a4f01dc61643f37fbe81bc0129e5c3437585f5fc2e87c34ad9.json,70f9aa98c6008210a69fa09f9932f15b17227af94ba00b8c2d9f0e354cd2d1c5
40930719,21,NCT-503,Chemical,MESH:C000719287,NCT-503,"[{""offset"": 532, ""length"": 7}]","{""identifier"": ""MESH:C000719287"", ""type"": ""Chemical"", ""valid"": true, ""normalized"": [""C000719287""], ""database"": ""ncbi_mesh"", ""normalized_id"": ""C000719287"", ""biotype"": ""chemical"", ""name"": ""NCT-503"", ""accession"": ""@CHEMICAL_NCT_503""}",532,7,1,abstract,[],lexical_candidate_only,data/raw/discovery_pilot/58dd0e1dea8df1a4f01dc61643f37fbe81bc0129e5c3437585f5fc2e87c34ad9.json,70f9aa98c6008210a69fa09f9932f15b17227af94ba00b8c2d9f0e354cd2d1c5
40930719,22,PHGDH,Gene,236539,Phgdh,"[{""offset"": 577, ""length"": 5}]","{""identifier"": ""236539"", ""type"": ""Gene"", ""ncbi_homologene"": ""39318"", ""valid"": true, ""normalized"": [236539], ""database"": ""ncbi_gene"", ""normalized_id"": 236539, ""biotype"": ""gene"", ""name"": ""Phgdh"", ""accession"": ""@GENE_PHGDH""}",577,5,1,abstract,"[""LOCAL:protein:mouse:PHGDH""]",lexical_candidate_only,data/raw/discovery_pilot/58dd0e1dea8df1a4f01dc61643f37fbe81bc0129e5c3437585f5fc2e87c34ad9.json,70f9aa98c6008210a69fa09f9932f15b17227af94ba00b8c2d9f0e354cd2d1c5
40930719,23,NCT-503,Chemical,MESH:C000719287,NCT-503,"[{""offset"": 643, ""length"": 7}]","{""identifier"": ""MESH:C000719287"", ""type"": ""Chemical"", ""valid"": true, ""normalized"": [""C000719287""], ""database"": ""ncbi_mesh"", ""normalized_id"": ""C000719287"", ""biotype"": ""chemical"", ""name"": ""NCT-503"", ""accession"": ""@CHEMICAL_NCT_503""}",643,7,1,abstract,[],lexical_candidate_only,data/raw/discovery_pilot/58dd0e1dea8df1a4f01dc61643f37fbe81bc0129e5c3437585f5fc2e87c34ad9.json,70f9aa98c6008210a69fa09f9932f15b17227af94ba00b8c2d9f0e354cd2d1c5
40930719,24,PHGDH,Gene,236539,Phgdh,"[{""offset"": 690, ""length"": 5}]","{""identifier"": ""236539"", ""type"": ""Gene"", ""ncbi_homologene"": ""39318"", ""valid"": true, ""normalized"": [236539], ""database"": ""ncbi_gene"", ""normalized_id"": 236539, ""biotype"": ""gene"", ""name"": ""Phgdh"", ""accession"": ""@GENE_PHGDH""}",690,5,1,abstract,"[""LOCAL:protein:mouse:PHGDH""]",lexical_candidate_only,data/raw/discovery_pilot/58dd0e1dea8df1a4f01dc61643f37fbe81bc0129e5c3437585f5fc2e87c34ad9.json,70f9aa98c6008210a69fa09f9932f15b17227af94ba00b8c2d9f0e354cd2d1c5
40930719,25,TGF-beta,Gene,21803,Tgfb1,"[{""offset"": 725, ""length"": 8}]","{""identifier"": ""21803"", ""type"": ""Gene"", ""ncbi_homologene"": ""540"", ""valid"": true, ""normalized"": [21803], ""database"": ""ncbi_gene"", ""normalized_id"": 21803, ""biotype"": ""gene"", ""name"": ""Tgfb1"", ""accession"": ""@GENE_TGFB1""}",725,8,1,abstract,[],lexical_candidate_only,data/raw/discovery_pilot/58dd0e1dea8df1a4f01dc61643f37fbe81bc0129e5c3437585f5fc2e87c34ad9.json,70f9aa98c6008210a69fa09f9932f15b17227af94ba00b8c2d9f0e354cd2d1c5
40930719,26,PHGDH,Gene,236539,Phgdh,"[{""offset"": 761, ""length"": 5}]","{""identifier"": ""236539"", ""type"": ""Gene"", ""ncbi_homologene"": ""39318"", ""valid"": true, ""normalized"": [236539], ""database"": ""ncbi_gene"", ""normalized_id"": 236539, ""biotype"": ""gene"", ""name"": ""Phgdh"", ""accession"": ""@GENE_PHGDH""}",761,5,1,abstract,"[""LOCAL:protein:mouse:PHGDH""]",lexical_candidate_only,data/raw/discovery_pilot/58dd0e1dea8df1a4f01dc61643f37fbe81bc0129e5c3437585f5fc2e87c34ad9.json,70f9aa98c6008210a69fa09f9932f15b17227af94ba00b8c2d9f0e354cd2d1c5
40930719,27,mice,Species,10090,10090,"[{""offset"": 857, ""length"": 4}]","{""identifier"": ""10090"", ""type"": ""Species"", ""valid"": true, ""normalized"": [10090], ""database"": ""ncbi_taxonomy"", ""normalized_id"": 10090, ""biotype"": ""species"", ""name"": ""10090"", ""accession"": null}",857,4,1,abstract,[],lexical_candidate_only,data/raw/discovery_pilot/58dd0e1dea8df1a4f01dc61643f37fbe81bc0129e5c3437585f5fc2e87c34ad9.json,70f9aa98c6008210a69fa09f9932f15b17227af94ba00b8c2d9f0e354cd2d1c5
40930719,28,myocardial infarction,Disease,MESH:D009203,Myocardial Infarction,"[{""offset"": 872, ""length"": 21}]","{""identifier"": ""MESH:D009203"", ""type"": ""Disease"", ""valid"": true, ""normalized"": [""D009203""], ""database"": ""ncbi_mesh"", ""normalized_id"": ""D009203"", ""biotype"": ""disease"", ""name"": ""Myocardial Infarction"", ""accession"": ""@DISEASE_Myocardial_Infarction""}",872,21,1,abstract,[],lexical_candidate_only,data/raw/discovery_pilot/58dd0e1dea8df1a4f01dc61643f37fbe81bc0129e5c3437585f5fc2e87c34ad9.json,70f9aa98c6008210a69fa09f9932f15b17227af94ba00b8c2d9f0e354cd2d1c5
40930719,29,PHGDH,Gene,236539,Phgdh,"[{""offset"": 936, ""length"": 5}]","{""identifier"": ""236539"", ""type"": ""Gene"", ""ncbi_homologene"": ""39318"", ""valid"": true, ""normalized"": [236539], ""database"": ""ncbi_gene"", ""normalized_id"": 236539, ""biotype"": ""gene"", ""name"": ""Phgdh"", ""accession"": ""@GENE_PHGDH""}",936,5,1,abstract,"[""LOCAL:protein:mouse:PHGDH""]",lexical_candidate_only,data/raw/discovery_pilot/58dd0e1dea8df1a4f01dc61643f37fbe81bc0129e5c3437585f5fc2e87c34ad9.json,70f9aa98c6008210a69fa09f9932f15b17227af94ba00b8c2d9f0e354cd2d1c5
41703110,1,Bone Resorption-Related Diseases,Disease,MESH:D001862,Bone Resorption,"[{""offset"": 40, ""length"": 32}]","{""identifier"": ""MESH:D001862"", ""type"": ""Disease"", ""valid"": true, ""normalized"": [""D001862""], ""database"": ""ncbi_mesh"", ""normalized_id"": ""D001862"", ""biotype"": ""disease"", ""name"": ""Bone Resorption"", ""accession"": ""@DISEASE_Bone_Resorption""}",40,32,0,title,[],lexical_candidate_only,data/raw/discovery_pilot/58dd0e1dea8df1a4f01dc61643f37fbe81bc0129e5c3437585f5fc2e87c34ad9.json,70f9aa98c6008210a69fa09f9932f15b17227af94ba00b8c2d9f0e354cd2d1c5
41703110,19,bone resorption-related diseases,Disease,MESH:D001862,Bone Resorption,"[{""offset"": 194, ""length"": 32}]","{""identifier"": ""MESH:D001862"", ""type"": ""Disease"", ""valid"": true, ""normalized"": [""D001862""], ""database"": ""ncbi_mesh"", ""normalized_id"": ""D001862"", ""biotype"": ""disease"", ""name"": ""Bone Resorption"", ""accession"": ""@DISEASE_Bone_Resorption""}",194,32,1,abstract,[],lexical_candidate_only,data/raw/discovery_pilot/58dd0e1dea8df1a4f01dc61643f37fbe81bc0129e5c3437585f5fc2e87c34ad9.json,70f9aa98c6008210a69fa09f9932f15b17227af94ba00b8c2d9f0e354cd2d1c5
41703110,20,bone resorption-related diseases,Disease,MESH:D001862,Bone Resorption,"[{""offset"": 508, ""length"": 32}]","{""identifier"": ""MESH:D001862"", ""type"": ""Disease"", ""valid"": true, ""normalized"": [""D001862""], ""database"": ""ncbi_mesh"", ""normalized_id"": ""D001862"", ""biotype"": ""disease"", ""name"": ""Bone Resorption"", ""accession"": ""@DISEASE_Bone_Resorption""}",508,32,1,abstract,[],lexical_candidate_only,data/raw/discovery_pilot/58dd0e1dea8df1a4f01dc61643f37fbe81bc0129e5c3437585f5fc2e87c34ad9.json,70f9aa98c6008210a69fa09f9932f15b17227af94ba00b8c2d9f0e354cd2d1c5
41703110,21,bone resorption,Disease,MESH:D001862,Bone Resorption,"[{""offset"": 605, ""length"": 15}]","{""identifier"": ""MESH:D001862"", ""type"": ""Disease"", ""valid"": true, ""normalized"": [""D001862""], ""database"": ""ncbi_mesh"", ""normalized_id"": ""D001862"", ""biotype"": ""disease"", ""name"": ""Bone Resorption"", ""accession"": ""@DISEASE_Bone_Resorption""}",605,15,1,abstract,[],lexical_candidate_only,data/raw/discovery_pilot/58dd0e1dea8df1a4f01dc61643f37fbe81bc0129e5c3437585f5fc2e87c34ad9.json,70f9aa98c6008210a69fa09f9932f15b17227af94ba00b8c2d9f0e354cd2d1c5
41703110,22,bone resorption,Disease,MESH:D001862,Bone Resorption,"[{""offset"": 940, ""length"": 15}]","{""identifier"": ""MESH:D001862"", ""type"": ""Disease"", ""valid"": true, ""normalized"": [""D001862""], ""database"": ""ncbi_mesh"", ""normalized_id"": ""D001862"", ""biotype"": ""disease"", ""name"": ""Bone Resorption"", ""accession"": ""@DISEASE_Bone_Resorption""}",940,15,1,abstract,[],lexical_candidate_only,data/raw/discovery_pilot/58dd0e1dea8df1a4f01dc61643f37fbe81bc0129e5c3437585f5fc2e87c34ad9.json,70f9aa98c6008210a69fa09f9932f15b17227af94ba00b8c2d9f0e354cd2d1c5
41703110,23,osteoprotegerin,Gene,4982,TNFRSF11B,"[{""offset"": 1020, ""length"": 15}]","{""identifier"": ""4982"", ""type"": ""Gene"", ""ncbi_homologene"": ""1912"", ""valid"": true, ""normalized"": [4982], ""database"": ""ncbi_gene"", ""normalized_id"": 4982, ""biotype"": ""gene"", ""name"": ""TNFRSF11B"", ""accession"": ""@GENE_TNFRSF11B""}",1020,15,1,abstract,"[""LOCAL:protein:mouse:TNFRSF11B""]",lexical_candidate_only,data/raw/discovery_pilot/58dd0e1dea8df1a4f01dc61643f37fbe81bc0129e5c3437585f5fc2e87c34ad9.json,70f9aa98c6008210a69fa09f9932f15b17227af94ba00b8c2d9f0e354cd2d1c5
41703110,24,OPG,Gene,4982,TNFRSF11B,"[{""offset"": 1037, ""length"": 3}]","{""identifier"": ""4982"", ""type"": ""Gene"", ""ncbi_homologene"": ""1912"", ""valid"": true, ""normalized"": [4982], ""database"": ""ncbi_gene"", ""normalized_id"": 4982, ""biotype"": ""gene"", ""name"": ""TNFRSF11B"", ""accession"": ""@GENE_TNFRSF11B""}",1037,3,1,abstract,"[""LOCAL:protein:mouse:TNFRSF11B""]",lexical_candidate_only,data/raw/discovery_pilot/58dd0e1dea8df1a4f01dc61643f37fbe81bc0129e5c3437585f5fc2e87c34ad9.json,70f9aa98c6008210a69fa09f9932f15b17227af94ba00b8c2d9f0e354cd2d1c5
41703110,25,inflammatory,Disease,MESH:D007249,Inflammation,"[{""offset"": 1074, ""length"": 12}]","{""identifier"": ""MESH:D007249"", ""type"": ""Disease"", ""valid"": true, ""normalized"": [""D007249""], ""database"": ""ncbi_mesh"", ""normalized_id"": ""D007249"", ""biotype"": ""disease"", ""name"": ""Inflammation"", ""accession"": ""@DISEASE_Inflammation""}",1074,12,1,abstract,[],lexical_candidate_only,data/raw/discovery_pilot/58dd0e1dea8df1a4f01dc61643f37fbe81bc0129e5c3437585f5fc2e87c34ad9.json,70f9aa98c6008210a69fa09f9932f15b17227af94ba00b8c2d9f0e354cd2d1c5
41703110,26,receptor activator of nuclear factor-kB ligand,Gene,8600,TNFSF11,"[{""offset"": 1098, ""length"": 46}]","{""identifier"": ""8600"", ""type"": ""Gene"", ""ncbi_homologene"": ""2744"", ""valid"": true, ""normalized"": [8600], ""database"": ""ncbi_gene"", ""normalized_id"": 8600, ""biotype"": ""gene"", ""name"": ""TNFSF11"", ""accession"": ""@GENE_TNFSF11""}",1098,46,1,abstract,"[""LOCAL:protein:mouse:TNFSF11""]",lexical_candidate_only,data/raw/discovery_pilot/58dd0e1dea8df1a4f01dc61643f37fbe81bc0129e5c3437585f5fc2e87c34ad9.json,70f9aa98c6008210a69fa09f9932f15b17227af94ba00b8c2d9f0e354cd2d1c5
41703110,27,RANKL,Gene,8600,TNFSF11,"[{""offset"": 1146, ""length"": 5}]","{""identifier"": ""8600"", ""type"": ""Gene"", ""ncbi_homologene"": ""2744"", ""valid"": true, ""normalized"": [8600], ""database"": ""ncbi_gene"", ""normalized_id"": 8600, ""biotype"": ""gene"", ""name"": ""TNFSF11"", ""accession"": ""@GENE_TNFSF11""}",1146,5,1,abstract,"[""LOCAL:protein:mouse:TNFSF11""]",lexical_candidate_only,data/raw/discovery_pilot/58dd0e1dea8df1a4f01dc61643f37fbe81bc0129e5c3437585f5fc2e87c34ad9.json,70f9aa98c6008210a69fa09f9932f15b17227af94ba00b8c2d9f0e354cd2d1c5
41703110,28,alkaline phosphatase,Gene,250,ALPP,"[{""offset"": 1272, ""length"": 20}]","{""identifier"": ""250"", ""type"": ""Gene"", ""ncbi_homologene"": ""122414"", ""valid"": true, ""normalized"": [250], ""database"": ""ncbi_gene"", ""normalized_id"": 250, ""biotype"": ""gene"", ""name"": ""ALPP"", ""accession"": ""@GENE_ALPP""}",1272,20,1,abstract,[],lexical_candidate_only,data/raw/discovery_pilot/58dd0e1dea8df1a4f01dc61643f37fbe81bc0129e5c3437585f5fc2e87c34ad9.json,70f9aa98c6008210a69fa09f9932f15b17227af94ba00b8c2d9f0e354cd2d1c5
41703110,29,ALP,Gene,250,ALPP,"[{""offset"": 1294, ""length"": 3}]","{""identifier"": ""250"", ""type"": ""Gene"", ""ncbi_homologene"": ""122414"", ""valid"": true, ""normalized"": [250], ""database"": ""ncbi_gene"", ""normalized_id"": 250, ""biotype"": ""gene"", ""name"": ""ALPP"", ""accession"": ""@GENE_ALPP""}",1294,3,1,abstract,[],lexical_candidate_only,data/raw/discovery_pilot/58dd0e1dea8df1a4f01dc61643f37fbe81bc0129e5c3437585f5fc2e87c34ad9.json,70f9aa98c6008210a69fa09f9932f15b17227af94ba00b8c2d9f0e354cd2d1c5
41703110,30,runt-related transcription factor 2,Gene,860,RUNX2,"[{""offset"": 1300, ""length"": 35}]","{""identifier"": ""860"", ""type"": ""Gene"", ""ncbi_homologene"": ""68389"", ""valid"": true, ""normalized"": [860], ""database"": ""ncbi_gene"", ""normalized_id"": 860, ""biotype"": ""gene"", ""name"": ""RUNX2"", ""accession"": ""@GENE_RUNX2""}",1300,35,1,abstract,[],lexical_candidate_only,data/raw/discovery_pilot/58dd0e1dea8df1a4f01dc61643f37fbe81bc0129e5c3437585f5fc2e87c34ad9.json,70f9aa98c6008210a69fa09f9932f15b17227af94ba00b8c2d9f0e354cd2d1c5
41703110,31,Runx2,Gene,860,RUNX2,"[{""offset"": 1337, ""length"": 5}]","{""identifier"": ""860"", ""type"": ""Gene"", ""ncbi_homologene"": ""68389"", ""valid"": true, ""normalized"": [860], ""database"": ""ncbi_gene"", ""normalized_id"": 860, ""biotype"": ""gene"", ""name"": ""RUNX2"", ""accession"": ""@GENE_RUNX2""}",1337,5,1,abstract,[],lexical_candidate_only,data/raw/discovery_pilot/58dd0e1dea8df1a4f01dc61643f37fbe81bc0129e5c3437585f5fc2e87c34ad9.json,70f9aa98c6008210a69fa09f9932f15b17227af94ba00b8c2d9f0e354cd2d1c5
41703110,32,osteocalcin,Gene,632,BGLAP,"[{""offset"": 1349, ""length"": 11}]","{""identifier"": ""632"", ""type"": ""Gene"", ""ncbi_homologene"": ""104130"", ""valid"": true, ""normalized"": [632], ""database"": ""ncbi_gene"", ""normalized_id"": 632, ""biotype"": ""gene"", ""name"": ""BGLAP"", ""accession"": ""@GENE_BGLAP""}",1349,11,1,abstract,[],lexical_candidate_only,data/raw/discovery_pilot/58dd0e1dea8df1a4f01dc61643f37fbe81bc0129e5c3437585f5fc2e87c34ad9.json,70f9aa98c6008210a69fa09f9932f15b17227af94ba00b8c2d9f0e354cd2d1c5
41703110,33,OCN,Gene,632,BGLAP,"[{""offset"": 1362, ""length"": 3}]","{""identifier"": ""632"", ""type"": ""Gene"", ""ncbi_homologene"": ""104130"", ""valid"": true, ""normalized"": [632], ""database"": ""ncbi_gene"", ""normalized_id"": 632, ""biotype"": ""gene"", ""name"": ""BGLAP"", ""accession"": ""@GENE_BGLAP""}",1362,3,1,abstract,[],lexical_candidate_only,data/raw/discovery_pilot/58dd0e1dea8df1a4f01dc61643f37fbe81bc0129e5c3437585f5fc2e87c34ad9.json,70f9aa98c6008210a69fa09f9932f15b17227af94ba00b8c2d9f0e354cd2d1c5
41703110,34,bone resorption-related diseases,Disease,MESH:D001862,Bone Resorption,"[{""offset"": 1440, ""length"": 32}]","{""identifier"": ""MESH:D001862"", ""type"": ""Disease"", ""valid"": true, ""normalized"": [""D001862""], ""database"": ""ncbi_mesh"", ""normalized_id"": ""D001862"", ""biotype"": ""disease"", ""name"": ""Bone Resorption"", ""accession"": ""@DISEASE_Bone_Resorption""}",1440,32,1,abstract,[],lexical_candidate_only,data/raw/discovery_pilot/58dd0e1dea8df1a4f01dc61643f37fbe81bc0129e5c3437585f5fc2e87c34ad9.json,70f9aa98c6008210a69fa09f9932f15b17227af94ba00b8c2d9f0e354cd2d1c5
41703110,35,humans,Species,9606,9606,"[{""offset"": 1640, ""length"": 6}]","{""identifier"": ""9606"", ""type"": ""Species"", ""valid"": true, ""normalized"": [9606], ""database"": ""ncbi_taxonomy"", ""normalized_id"": 9606, ""biotype"": ""species"", ""name"": ""9606"", ""accession"": null}",1640,6,1,abstract,[],lexical_candidate_only,data/raw/discovery_pilot/58dd0e1dea8df1a4f01dc61643f37fbe81bc0129e5c3437585f5fc2e87c34ad9.json,70f9aa98c6008210a69fa09f9932f15b17227af94ba00b8c2d9f0e354cd2d1c5
41989515,2,Nell-1,Gene,338352,Nell1,"[{""offset"": 0, ""length"": 6}]","{""identifier"": ""338352"", ""type"": ""Gene"", ""ncbi_homologene"": ""4486"", ""valid"": true, ""normalized"": [338352], ""database"": ""ncbi_gene"", ""normalized_id"": 338352, ""biotype"": ""gene"", ""name"": ""Nell1"", ""accession"": ""@GENE_NELL1""}",0,6,0,title,[],lexical_candidate_only,data/raw/discovery_pilot/58dd0e1dea8df1a4f01dc61643f37fbe81bc0129e5c3437585f5fc2e87c34ad9.json,70f9aa98c6008210a69fa09f9932f15b17227af94ba00b8c2d9f0e354cd2d1c5
41989515,3,apical periodontitis,Disease,MESH:D010485,Periapical Periodontitis,"[{""offset"": 66, ""length"": 20}]","{""identifier"": ""MESH:D010485"", ""type"": ""Disease"", ""valid"": true, ""normalized"": [""D010485""], ""database"": ""ncbi_mesh"", ""normalized_id"": ""D010485"", ""biotype"": ""disease"", ""name"": ""Periapical Periodontitis"", ""accession"": ""@DISEASE_Periapical_Periodontitis""}",66,20,0,title,[],lexical_candidate_only,data/raw/discovery_pilot/58dd0e1dea8df1a4f01dc61643f37fbe81bc0129e5c3437585f5fc2e87c34ad9.json,70f9aa98c6008210a69fa09f9932f15b17227af94ba00b8c2d9f0e354cd2d1c5
41989515,27,Apical periodontitis,Disease,MESH:D010485,Periapical Periodontitis,"[{""offset"": 88, ""length"": 20}]","{""identifier"": ""MESH:D010485"", ""type"": ""Disease"", ""valid"": true, ""normalized"": [""D010485""], ""database"": ""ncbi_mesh"", ""normalized_id"": ""D010485"", ""biotype"": ""disease"", ""name"": ""Periapical Periodontitis"", ""accession"": ""@DISEASE_Periapical_Periodontitis""}",88,20,1,abstract,[],lexical_candidate_only,data/raw/discovery_pilot/58dd0e1dea8df1a4f01dc61643f37fbe81bc0129e5c3437585f5fc2e87c34ad9.json,70f9aa98c6008210a69fa09f9932f15b17227af94ba00b8c2d9f0e354cd2d1c5
41989515,28,AP,Disease,MESH:D010485,Periapical Periodontitis,"[{""offset"": 110, ""length"": 2}]","{""identifier"": ""MESH:D010485"", ""type"": ""Disease"", ""valid"": true, ""normalized"": [""D010485""], ""database"": ""ncbi_mesh"", ""normalized_id"": ""D010485"", ""biotype"": ""disease"", ""name"": ""Periapical Periodontitis"", ""accession"": ""@DISEASE_Periapical_Periodontitis""}",110,2,1,abstract,[],lexical_candidate_only,data/raw/discovery_pilot/58dd0e1dea8df1a4f01dc61643f37fbe81bc0129e5c3437585f5fc2e87c34ad9.json,70f9aa98c6008210a69fa09f9932f15b17227af94ba00b8c2d9f0e354cd2d1c5
41989515,29,Nell-1,Gene,338352,Nell1,"[{""offset"": 193, ""length"": 6}]","{""identifier"": ""338352"", ""type"": ""Gene"", ""ncbi_homologene"": ""4486"", ""valid"": true, ""normalized"": [338352], ""database"": ""ncbi_gene"", ""normalized_id"": 338352, ""biotype"": ""gene"", ""name"": ""Nell1"", ""accession"": ""@GENE_NELL1""}",193,6,1,abstract,[],lexical_candidate_only,data/raw/discovery_pilot/58dd0e1dea8df1a4f01dc61643f37fbe81bc0129e5c3437585f5fc2e87c34ad9.json,70f9aa98c6008210a69fa09f9932f15b17227af94ba00b8c2d9f0e354cd2d1c5
41989515,30,AP,Disease,MESH:D010485,Periapical Periodontitis,"[{""offset"": 291, ""length"": 2}]","{""identifier"": ""MESH:D010485"", ""type"": ""Disease"", ""valid"": true, ""normalized"": [""D010485""], ""database"": ""ncbi_mesh"", ""normalized_id"": ""D010485"", ""biotype"": ""disease"", ""name"": ""Periapical Periodontitis"", ""accession"": ""@DISEASE_Periapical_Periodontitis""}",291,2,1,abstract,[],lexical_candidate_only,data/raw/discovery_pilot/58dd0e1dea8df1a4f01dc61643f37fbe81bc0129e5c3437585f5fc2e87c34ad9.json,70f9aa98c6008210a69fa09f9932f15b17227af94ba00b8c2d9f0e354cd2d1c5
41989515,31,Nell-1,Gene,338352,Nell1,"[{""offset"": 365, ""length"": 6}]","{""identifier"": ""338352"", ""type"": ""Gene"", ""ncbi_homologene"": ""4486"", ""valid"": true, ""normalized"": [338352], ""database"": ""ncbi_gene"", ""normalized_id"": 338352, ""biotype"": ""gene"", ""name"": ""Nell1"", ""accession"": ""@GENE_NELL1""}",365,6,1,abstract,[],lexical_candidate_only,data/raw/discovery_pilot/58dd0e1dea8df1a4f01dc61643f37fbe81bc0129e5c3437585f5fc2e87c34ad9.json,70f9aa98c6008210a69fa09f9932f15b17227af94ba00b8c2d9f0e354cd2d1c5
41989515,32,apical periodontitis,Disease,MESH:D010485,Periapical Periodontitis,"[{""offset"": 425, ""length"": 20}]","{""identifier"": ""MESH:D010485"", ""type"": ""Disease"", ""valid"": true, ""normalized"": [""D010485""], ""database"": ""ncbi_mesh"", ""normalized_id"": ""D010485"", ""biotype"": ""disease"", ""name"": ""Periapical Periodontitis"", ""accession"": ""@DISEASE_Periapical_Periodontitis""}",425,20,1,abstract,[],lexical_candidate_only,data/raw/discovery_pilot/58dd0e1dea8df1a4f01dc61643f37fbe81bc0129e5c3437585f5fc2e87c34ad9.json,70f9aa98c6008210a69fa09f9932f15b17227af94ba00b8c2d9f0e354cd2d1c5
41989515,33,Nell-1,Gene,338352,Nell1,"[{""offset"": 475, ""length"": 6}]","{""identifier"": ""338352"", ""type"": ""Gene"", ""ncbi_homologene"": ""4486"", ""valid"": true, ""normalized"": [338352], ""database"": ""ncbi_gene"", ""normalized_id"": 338352, ""biotype"": ""gene"", ""name"": ""Nell1"", ""accession"": ""@GENE_NELL1""}",475,6,1,abstract,[],lexical_candidate_only,data/raw/discovery_pilot/58dd0e1dea8df1a4f01dc61643f37fbe81bc0129e5c3437585f5fc2e87c34ad9.json,70f9aa98c6008210a69fa09f9932f15b17227af94ba00b8c2d9f0e354cd2d1c5
41989515,34,beta-catenin,Gene,12387,Ctnnb1,"[{""offset"": 532, ""length"": 12}]","{""identifier"": ""12387"", ""type"": ""Gene"", ""ncbi_homologene"": ""1434"", ""valid"": true, ""normalized"": [12387], ""database"": ""ncbi_gene"", ""normalized_id"": 12387, ""biotype"": ""gene"", ""name"": ""Ctnnb1"", ""accession"": ""@GENE_CTNNB1""}",532,12,1,abstract,[],lexical_candidate_only,data/raw/discovery_pilot/58dd0e1dea8df1a4f01dc61643f37fbe81bc0129e5c3437585f5fc2e87c34ad9.json,70f9aa98c6008210a69fa09f9932f15b17227af94ba00b8c2d9f0e354cd2d1c5
41989515,35,Nell-1,Gene,338352,Nell1,"[{""offset"": 601, ""length"": 6}]","{""identifier"": ""338352"", ""type"": ""Gene"", ""ncbi_homologene"": ""4486"", ""valid"": true, ""normalized"": [338352], ""database"": ""ncbi_gene"", ""normalized_id"": 338352, ""biotype"": ""gene"", ""name"": ""Nell1"", ""accession"": ""@GENE_NELL1""}",601,6,1,abstract,[],lexical_candidate_only,data/raw/discovery_pilot/58dd0e1dea8df1a4f01dc61643f37fbe81bc0129e5c3437585f5fc2e87c34ad9.json,70f9aa98c6008210a69fa09f9932f15b17227af94ba00b8c2d9f0e354cd2d1c5
41989515,36,TRAP,Gene,20832,Ssr4,"[{""offset"": 655, ""length"": 4}]","{""identifier"": ""20832"", ""type"": ""Gene"", ""ncbi_homologene"": ""4573"", ""valid"": true, ""normalized"": [20832], ""database"": ""ncbi_gene"", ""normalized_id"": 20832, ""biotype"": ""gene"", ""name"": ""Ssr4"", ""accession"": ""@GENE_SSR4""}",655,4,1,abstract,"[""LOCAL:protein:mouse:ACP5""]",lexical_candidate_only,data/raw/discovery_pilot/58dd0e1dea8df1a4f01dc61643f37fbe81bc0129e5c3437585f5fc2e87c34ad9.json,70f9aa98c6008210a69fa09f9932f15b17227af94ba00b8c2d9f0e354cd2d1c5
41989515,37,rat,Species,10116,10116,"[{""offset"": 703, ""length"": 3}]","{""identifier"": ""10116"", ""type"": ""Species"", ""valid"": true, ""normalized"": [10116], ""database"": ""ncbi_taxonomy"", ""normalized_id"": 10116, ""biotype"": ""species"", ""name"": ""10116"", ""accession"": null}",703,3,1,abstract,[],lexical_candidate_only,data/raw/discovery_pilot/58dd0e1dea8df1a4f01dc61643f37fbe81bc0129e5c3437585f5fc2e87c34ad9.json,70f9aa98c6008210a69fa09f9932f15b17227af94ba00b8c2d9f0e354cd2d1c5
41989515,38,apical periodontitis,Disease,MESH:D010485,Periapical Periodontitis,"[{""offset"": 716, ""length"": 20}]","{""identifier"": ""MESH:D010485"", ""type"": ""Disease"", ""valid"": true, ""normalized"": [""D010485""], ""database"": ""ncbi_mesh"", ""normalized_id"": ""D010485"", ""biotype"": ""disease"", ""name"": ""Periapical Periodontitis"", ""accession"": ""@DISEASE_Periapical_Periodontitis""}",716,20,1,abstract,[],lexical_candidate_only,data/raw/discovery_pilot/58dd0e1dea8df1a4f01dc61643f37fbe81bc0129e5c3437585f5fc2e87c34ad9.json,70f9aa98c6008210a69fa09f9932f15b17227af94ba00b8c2d9f0e354cd2d1c5
41989515,39,Nell-1,Gene,338352,Nell1,"[{""offset"": 781, ""length"": 6}]","{""identifier"": ""338352"", ""type"": ""Gene"", ""ncbi_homologene"": ""4486"", ""valid"": true, ""normalized"": [338352], ""database"": ""ncbi_gene"", ""normalized_id"": 338352, ""biotype"": ""gene"", ""name"": ""Nell1"", ""accession"": ""@GENE_NELL1""}",781,6,1,abstract,[],lexical_candidate_only,data/raw/discovery_pilot/58dd0e1dea8df1a4f01dc61643f37fbe81bc0129e5c3437585f5fc2e87c34ad9.json,70f9aa98c6008210a69fa09f9932f15b17227af94ba00b8c2d9f0e354cd2d1c5
41989515,40,IWR-1,Chemical,-,,"[{""offset"": 818, ""length"": 5}]","{""identifier"": ""-"", ""type"": ""Chemical"", ""valid"": false, ""normalized_id"": null, ""biotype"": ""chemical""}",818,5,1,abstract,[],lexical_candidate_only,data/raw/discovery_pilot/58dd0e1dea8df1a4f01dc61643f37fbe81bc0129e5c3437585f5fc2e87c34ad9.json,70f9aa98c6008210a69fa09f9932f15b17227af94ba00b8c2d9f0e354cd2d1c5
41989515,41,TRAP,Gene,20832,Ssr4,"[{""offset"": 901, ""length"": 4}]","{""identifier"": ""20832"", ""type"": ""Gene"", ""ncbi_homologene"": ""4573"", ""valid"": true, ""normalized"": [20832], ""database"": ""ncbi_gene"", ""normalized_id"": 20832, ""biotype"": ""gene"", ""name"": ""Ssr4"", ""accession"": ""@GENE_SSR4""}",901,4,1,abstract,"[""LOCAL:protein:mouse:ACP5""]",lexical_candidate_only,data/raw/discovery_pilot/58dd0e1dea8df1a4f01dc61643f37fbe81bc0129e5c3437585f5fc2e87c34ad9.json,70f9aa98c6008210a69fa09f9932f15b17227af94ba00b8c2d9f0e354cd2d1c5
41989515,42,TRAP,Gene,20832,Ssr4,"[{""offset"": 916, ""length"": 4}]","{""identifier"": ""20832"", ""type"": ""Gene"", ""ncbi_homologene"": ""4573"", ""valid"": true, ""normalized"": [20832], ""database"": ""ncbi_gene"", ""normalized_id"": 20832, ""biotype"": ""gene"", ""name"": ""Ssr4"", ""accession"": ""@GENE_SSR4""}",916,4,1,abstract,"[""LOCAL:protein:mouse:ACP5""]",lexical_candidate_only,data/raw/discovery_pilot/58dd0e1dea8df1a4f01dc61643f37fbe81bc0129e5c3437585f5fc2e87c34ad9.json,70f9aa98c6008210a69fa09f9932f15b17227af94ba00b8c2d9f0e354cd2d1c5
41989515,43,Nell-1,Gene,338352,Nell1,"[{""offset"": 966, ""length"": 6}]","{""identifier"": ""338352"", ""type"": ""Gene"", ""ncbi_homologene"": ""4486"", ""valid"": true, ""normalized"": [338352], ""database"": ""ncbi_gene"", ""normalized_id"": 338352, ""biotype"": ""gene"", ""name"": ""Nell1"", ""accession"": ""@GENE_NELL1""}",966,6,1,abstract,[],lexical_candidate_only,data/raw/discovery_pilot/58dd0e1dea8df1a4f01dc61643f37fbe81bc0129e5c3437585f5fc2e87c34ad9.json,70f9aa98c6008210a69fa09f9932f15b17227af94ba00b8c2d9f0e354cd2d1c5
41989515,44,IWR-1,Chemical,-,,"[{""offset"": 1079, ""length"": 5}]","{""identifier"": ""-"", ""type"": ""Chemical"", ""valid"": false, ""normalized_id"": null, ""biotype"": ""chemical""}",1079,5,1,abstract,[],lexical_candidate_only,data/raw/discovery_pilot/58dd0e1dea8df1a4f01dc61643f37fbe81bc0129e5c3437585f5fc2e87c34ad9.json,70f9aa98c6008210a69fa09f9932f15b17227af94ba00b8c2d9f0e354cd2d1c5
41989515,45,Nell-1,Gene,338352,Nell1,"[{""offset"": 1086, ""length"": 6}]","{""identifier"": ""338352"", ""type"": ""Gene"", ""ncbi_homologene"": ""4486"", ""valid"": true, ""normalized"": [338352], ""database"": ""ncbi_gene"", ""normalized_id"": 338352, ""biotype"": ""gene"", ""name"": ""Nell1"", ""accession"": ""@GENE_NELL1""}",1086,6,1,abstract,[],lexical_candidate_only,data/raw/discovery_pilot/58dd0e1dea8df1a4f01dc61643f37fbe81bc0129e5c3437585f5fc2e87c34ad9.json,70f9aa98c6008210a69fa09f9932f15b17227af94ba00b8c2d9f0e354cd2d1c5
41989515,46,Nell-1,Gene,338352,Nell1,"[{""offset"": 1274, ""length"": 6}]","{""identifier"": ""338352"", ""type"": ""Gene"", ""ncbi_homologene"": ""4486"", ""valid"": true, ""normalized"": [338352], ""database"": ""ncbi_gene"", ""normalized_id"": 338352, ""biotype"": ""gene"", ""name"": ""Nell1"", ""accession"": ""@GENE_NELL1""}",1274,6,1,abstract,[],lexical_candidate_only,data/raw/discovery_pilot/58dd0e1dea8df1a4f01dc61643f37fbe81bc0129e5c3437585f5fc2e87c34ad9.json,70f9aa98c6008210a69fa09f9932f15b17227af94ba00b8c2d9f0e354cd2d1c5
41989515,47,apical periodontitis,Disease,MESH:D010485,Periapical Periodontitis,"[{""offset"": 1352, ""length"": 20}]","{""identifier"": ""MESH:D010485"", ""type"": ""Disease"", ""valid"": true, ""normalized"": [""D010485""], ""database"": ""ncbi_mesh"", ""normalized_id"": ""D010485"", ""biotype"": ""disease"", ""name"": ""Periapical Periodontitis"", ""accession"": ""@DISEASE_Periapical_Periodontitis""}",1352,20,1,abstract,[],lexical_candidate_only,data/raw/discovery_pilot/58dd0e1dea8df1a4f01dc61643f37fbe81bc0129e5c3437585f5fc2e87c34ad9.json,70f9aa98c6008210a69fa09f9932f15b17227af94ba00b8c2d9f0e354cd2d1c5
41989515,48,Nell-1,Gene,338352,Nell1,"[{""offset"": 1400, ""length"": 6}]","{""identifier"": ""338352"", ""type"": ""Gene"", ""ncbi_homologene"": ""4486"", ""valid"": true, ""normalized"": [338352], ""database"": ""ncbi_gene"", ""normalized_id"": 338352, ""biotype"": ""gene"", ""name"": ""Nell1"", ""accession"": ""@GENE_NELL1""}",1400,6,1,abstract,[],lexical_candidate_only,data/raw/discovery_pilot/58dd0e1dea8df1a4f01dc61643f37fbe81bc0129e5c3437585f5fc2e87c34ad9.json,70f9aa98c6008210a69fa09f9932f15b17227af94ba00b8c2d9f0e354cd2d1c5
41989515,49,apical periodontitis,Disease,MESH:D010485,Periapical Periodontitis,"[{""offset"": 1447, ""length"": 20}]","{""identifier"": ""MESH:D010485"", ""type"": ""Disease"", ""valid"": true, ""normalized"": [""D010485""], ""database"": ""ncbi_mesh"", ""normalized_id"": ""D010485"", ""biotype"": ""disease"", ""name"": ""Periapical Periodontitis"", ""accession"": ""@DISEASE_Periapical_Periodontitis""}",1447,20,1,abstract,[],lexical_candidate_only,data/raw/discovery_pilot/58dd0e1dea8df1a4f01dc61643f37fbe81bc0129e5c3437585f5fc2e87c34ad9.json,70f9aa98c6008210a69fa09f9932f15b17227af94ba00b8c2d9f0e354cd2d1c5
42390226,3,Titanium,Chemical,MESH:D014025,Titanium,"[{""offset"": 28, ""length"": 8}]","{""identifier"": ""MESH:D014025"", ""type"": ""Chemical"", ""valid"": true, ""normalized"": [""D014025""], ""database"": ""ncbi_mesh"", ""normalized_id"": ""D014025"", ""biotype"": ""chemical"", ""name"": ""Titanium"", ""accession"": ""@CHEMICAL_Titanium""}",28,8,0,title,[],lexical_candidate_only,data/raw/discovery_pilot/58dd0e1dea8df1a4f01dc61643f37fbe81bc0129e5c3437585f5fc2e87c34ad9.json,70f9aa98c6008210a69fa09f9932f15b17227af94ba00b8c2d9f0e354cd2d1c5
42390226,4,Osteolysis,Disease,MESH:D010014,Osteolysis,"[{""offset"": 57, ""length"": 10}]","{""identifier"": ""MESH:D010014"", ""type"": ""Disease"", ""valid"": true, ""normalized"": [""D010014""], ""database"": ""ncbi_mesh"", ""normalized_id"": ""D010014"", ""biotype"": ""disease"", ""name"": ""Osteolysis"", ""accession"": ""@DISEASE_Osteolysis""}",57,10,0,title,[],lexical_candidate_only,data/raw/discovery_pilot/58dd0e1dea8df1a4f01dc61643f37fbe81bc0129e5c3437585f5fc2e87c34ad9.json,70f9aa98c6008210a69fa09f9932f15b17227af94ba00b8c2d9f0e354cd2d1c5
42390226,5,Nrf2,Gene,4780,NFE2L2,"[{""offset"": 81, ""length"": 4}]","{""identifier"": ""4780"", ""type"": ""Gene"", ""ncbi_homologene"": ""2412"", ""valid"": true, ""normalized"": [4780], ""database"": ""ncbi_gene"", ""normalized_id"": 4780, ""biotype"": ""gene"", ""name"": ""NFE2L2"", ""accession"": ""@GENE_NFE2L2""}",81,4,0,title,[],lexical_candidate_only,data/raw/discovery_pilot/58dd0e1dea8df1a4f01dc61643f37fbe81bc0129e5c3437585f5fc2e87c34ad9.json,70f9aa98c6008210a69fa09f9932f15b17227af94ba00b8c2d9f0e354cd2d1c5
42390226,20,periprosthetic osteolysis,Disease,MESH:D057068,Periprosthetic Fractures,"[{""offset"": 217, ""length"": 25}]","{""identifier"": ""MESH:D057068"", ""type"": ""Disease"", ""valid"": true, ""normalized"": [""D057068""], ""database"": ""ncbi_mesh"", ""normalized_id"": ""D057068"", ""biotype"": ""disease"", ""name"": ""Periprosthetic Fractures"", ""accession"": ""@DISEASE_Periprosthetic_Fractures""}",217,25,1,abstract,[],lexical_candidate_only,data/raw/discovery_pilot/58dd0e1dea8df1a4f01dc61643f37fbe81bc0129e5c3437585f5fc2e87c34ad9.json,70f9aa98c6008210a69fa09f9932f15b17227af94ba00b8c2d9f0e354cd2d1c5
42390226,21,PPO,Disease,MESH:D057068,Periprosthetic Fractures,"[{""offset"": 244, ""length"": 3}]","{""identifier"": ""MESH:D057068"", ""type"": ""Disease"", ""valid"": true, ""normalized"": [""D057068""], ""database"": ""ncbi_mesh"", ""normalized_id"": ""D057068"", ""biotype"": ""disease"", ""name"": ""Periprosthetic Fractures"", ""accession"": ""@DISEASE_Periprosthetic_Fractures""}",244,3,1,abstract,[],lexical_candidate_only,data/raw/discovery_pilot/58dd0e1dea8df1a4f01dc61643f37fbe81bc0129e5c3437585f5fc2e87c34ad9.json,70f9aa98c6008210a69fa09f9932f15b17227af94ba00b8c2d9f0e354cd2d1c5
42390226,22,Paeoniflorin,Chemical,MESH:C015423,peoniflorin,"[{""offset"": 354, ""length"": 12}]","{""identifier"": ""MESH:C015423"", ""type"": ""Chemical"", ""valid"": true, ""normalized"": [""C015423""], ""database"": ""ncbi_mesh"", ""normalized_id"": ""C015423"", ""biotype"": ""chemical"", ""name"": ""peoniflorin"", ""accession"": ""@CHEMICAL_peoniflorin""}",354,12,1,abstract,[],lexical_candidate_only,data/raw/discovery_pilot/58dd0e1dea8df1a4f01dc61643f37fbe81bc0129e5c3437585f5fc2e87c34ad9.json,70f9aa98c6008210a69fa09f9932f15b17227af94ba00b8c2d9f0e354cd2d1c5
42390226,23,inflammatory,Disease,MESH:D007249,Inflammation,"[{""offset"": 464, ""length"": 12}]","{""identifier"": ""MESH:D007249"", ""type"": ""Disease"", ""valid"": true, ""normalized"": [""D007249""], ""database"": ""ncbi_mesh"", ""normalized_id"": ""D007249"", ""biotype"": ""disease"", ""name"": ""Inflammation"", ""accession"": ""@DISEASE_Inflammation""}",464,12,1,abstract,[],lexical_candidate_only,data/raw/discovery_pilot/58dd0e1dea8df1a4f01dc61643f37fbe81bc0129e5c3437585f5fc2e87c34ad9.json,70f9aa98c6008210a69fa09f9932f15b17227af94ba00b8c2d9f0e354cd2d1c5
42390226,24,titanium,Chemical,MESH:D014025,Titanium,"[{""offset"": 672, ""length"": 8}]","{""identifier"": ""MESH:D014025"", ""type"": ""Chemical"", ""valid"": true, ""normalized"": [""D014025""], ""database"": ""ncbi_mesh"", ""normalized_id"": ""D014025"", ""biotype"": ""chemical"", ""name"": ""Titanium"", ""accession"": ""@CHEMICAL_Titanium""}",672,8,1,abstract,[],lexical_candidate_only,data/raw/discovery_pilot/58dd0e1dea8df1a4f01dc61643f37fbe81bc0129e5c3437585f5fc2e87c34ad9.json,70f9aa98c6008210a69fa09f9932f15b17227af94ba00b8c2d9f0e354cd2d1c5
42390226,25,bone erosion,Disease,MESH:D014077,Tooth Erosion,"[{""offset"": 698, ""length"": 12}]","{""identifier"": ""MESH:D014077"", ""type"": ""Disease"", ""valid"": true, ""normalized"": [""D014077""], ""database"": ""ncbi_mesh"", ""normalized_id"": ""D014077"", ""biotype"": ""disease"", ""name"": ""Tooth Erosion"", ""accession"": ""@DISEASE_Tooth_Erosion""}",698,12,1,abstract,[],lexical_candidate_only,data/raw/discovery_pilot/58dd0e1dea8df1a4f01dc61643f37fbe81bc0129e5c3437585f5fc2e87c34ad9.json,70f9aa98c6008210a69fa09f9932f15b17227af94ba00b8c2d9f0e354cd2d1c5
42390226,26,RANKL,Gene,8600,TNFSF11,"[{""offset"": 929, ""length"": 5}]","{""identifier"": ""8600"", ""type"": ""Gene"", ""ncbi_homologene"": ""2744"", ""valid"": true, ""normalized"": [8600], ""database"": ""ncbi_gene"", ""normalized_id"": 8600, ""biotype"": ""gene"", ""name"": ""TNFSF11"", ""accession"": ""@GENE_TNFSF11""}",929,5,1,abstract,"[""LOCAL:protein:mouse:TNFSF11""]",lexical_candidate_only,data/raw/discovery_pilot/58dd0e1dea8df1a4f01dc61643f37fbe81bc0129e5c3437585f5fc2e87c34ad9.json,70f9aa98c6008210a69fa09f9932f15b17227af94ba00b8c2d9f0e354cd2d1c5
42390226,27,Nrf2,Gene,4780,NFE2L2,"[{""offset"": 1068, ""length"": 4}]","{""identifier"": ""4780"", ""type"": ""Gene"", ""ncbi_homologene"": ""2412"", ""valid"": true, ""normalized"": [4780], ""database"": ""ncbi_gene"", ""normalized_id"": 4780, ""biotype"": ""gene"", ""name"": ""NFE2L2"", ""accession"": ""@GENE_NFE2L2""}",1068,4,1,abstract,[],lexical_candidate_only,data/raw/discovery_pilot/58dd0e1dea8df1a4f01dc61643f37fbe81bc0129e5c3437585f5fc2e87c34ad9.json,70f9aa98c6008210a69fa09f9932f15b17227af94ba00b8c2d9f0e354cd2d1c5
42390226,28,titanium,Chemical,MESH:D014025,Titanium,"[{""offset"": 1148, ""length"": 8}]","{""identifier"": ""MESH:D014025"", ""type"": ""Chemical"", ""valid"": true, ""normalized"": [""D014025""], ""database"": ""ncbi_mesh"", ""normalized_id"": ""D014025"", ""biotype"": ""chemical"", ""name"": ""Titanium"", ""accession"": ""@CHEMICAL_Titanium""}",1148,8,1,abstract,[],lexical_candidate_only,data/raw/discovery_pilot/58dd0e1dea8df1a4f01dc61643f37fbe81bc0129e5c3437585f5fc2e87c34ad9.json,70f9aa98c6008210a69fa09f9932f15b17227af94ba00b8c2d9f0e354cd2d1c5
42390226,29,bone loss,Disease,MESH:D001847,Bone Diseases,"[{""offset"": 1174, ""length"": 9}]","{""identifier"": ""MESH:D001847"", ""type"": ""Disease"", ""valid"": true, ""normalized"": [""D001847""], ""database"": ""ncbi_mesh"", ""normalized_id"": ""D001847"", ""biotype"": ""disease"", ""name"": ""Bone Diseases"", ""accession"": ""@DISEASE_Bone_Diseases""}",1174,9,1,abstract,[],lexical_candidate_only,data/raw/discovery_pilot/58dd0e1dea8df1a4f01dc61643f37fbe81bc0129e5c3437585f5fc2e87c34ad9.json,70f9aa98c6008210a69fa09f9932f15b17227af94ba00b8c2d9f0e354cd2d1c5
42390226,30,titanium,Chemical,MESH:D014025,Titanium,"[{""offset"": 1272, ""length"": 8}]","{""identifier"": ""MESH:D014025"", ""type"": ""Chemical"", ""valid"": true, ""normalized"": [""D014025""], ""database"": ""ncbi_mesh"", ""normalized_id"": ""D014025"", ""biotype"": ""chemical"", ""name"": ""Titanium"", ""accession"": ""@CHEMICAL_Titanium""}",1272,8,1,abstract,[],lexical_candidate_only,data/raw/discovery_pilot/58dd0e1dea8df1a4f01dc61643f37fbe81bc0129e5c3437585f5fc2e87c34ad9.json,70f9aa98c6008210a69fa09f9932f15b17227af94ba00b8c2d9f0e354cd2d1c5
42390226,31,osteolysis,Disease,MESH:D010014,Osteolysis,"[{""offset"": 1298, ""length"": 10}]","{""identifier"": ""MESH:D010014"", ""type"": ""Disease"", ""valid"": true, ""normalized"": [""D010014""], ""database"": ""ncbi_mesh"", ""normalized_id"": ""D010014"", ""biotype"": ""disease"", ""name"": ""Osteolysis"", ""accession"": ""@DISEASE_Osteolysis""}",1298,10,1,abstract,[],lexical_candidate_only,data/raw/discovery_pilot/58dd0e1dea8df1a4f01dc61643f37fbe81bc0129e5c3437585f5fc2e87c34ad9.json,70f9aa98c6008210a69fa09f9932f15b17227af94ba00b8c2d9f0e354cd2d1c5
42390226,32,bone erosion,Disease,MESH:D014077,Tooth Erosion,"[{""offset"": 1348, ""length"": 12}]","{""identifier"": ""MESH:D014077"", ""type"": ""Disease"", ""valid"": true, ""normalized"": [""D014077""], ""database"": ""ncbi_mesh"", ""normalized_id"": ""D014077"", ""biotype"": ""disease"", ""name"": ""Tooth Erosion"", ""accession"": ""@DISEASE_Tooth_Erosion""}",1348,12,1,abstract,[],lexical_candidate_only,data/raw/discovery_pilot/58dd0e1dea8df1a4f01dc61643f37fbe81bc0129e5c3437585f5fc2e87c34ad9.json,70f9aa98c6008210a69fa09f9932f15b17227af94ba00b8c2d9f0e354cd2d1c5
42390226,33,PPO,Disease,MESH:D057068,Periprosthetic Fractures,"[{""offset"": 1420, ""length"": 3}]","{""identifier"": ""MESH:D057068"", ""type"": ""Disease"", ""valid"": true, ""normalized"": [""D057068""], ""database"": ""ncbi_mesh"", ""normalized_id"": ""D057068"", ""biotype"": ""disease"", ""name"": ""Periprosthetic Fractures"", ""accession"": ""@DISEASE_Periprosthetic_Fractures""}",1420,3,1,abstract,[],lexical_candidate_only,data/raw/discovery_pilot/58dd0e1dea8df1a4f01dc61643f37fbe81bc0129e5c3437585f5fc2e87c34ad9.json,70f9aa98c6008210a69fa09f9932f15b17227af94ba00b8c2d9f0e354cd2d1c5
42402178,2,Nrg4,Gene,83961,Nrg4,"[{""offset"": 30, ""length"": 4}]","{""identifier"": ""83961"", ""type"": ""Gene"", ""ncbi_homologene"": ""12921"", ""valid"": true, ""normalized"": [83961], ""database"": ""ncbi_gene"", ""normalized_id"": 83961, ""biotype"": ""gene"", ""name"": ""Nrg4"", ""accession"": ""@GENE_NRG4""}",30,4,0,title,[],lexical_candidate_only,data/raw/discovery_pilot/58dd0e1dea8df1a4f01dc61643f37fbe81bc0129e5c3437585f5fc2e87c34ad9.json,70f9aa98c6008210a69fa09f9932f15b17227af94ba00b8c2d9f0e354cd2d1c5
42402178,3,Bone Loss,Disease,MESH:D001847,Bone Diseases,"[{""offset"": 44, ""length"": 9}]","{""identifier"": ""MESH:D001847"", ""type"": ""Disease"", ""valid"": true, ""normalized"": [""D001847""], ""database"": ""ncbi_mesh"", ""normalized_id"": ""D001847"", ""biotype"": ""disease"", ""name"": ""Bone Diseases"", ""accession"": ""@DISEASE_Bone_Diseases""}",44,9,0,title,[],lexical_candidate_only,data/raw/discovery_pilot/58dd0e1dea8df1a4f01dc61643f37fbe81bc0129e5c3437585f5fc2e87c34ad9.json,70f9aa98c6008210a69fa09f9932f15b17227af94ba00b8c2d9f0e354cd2d1c5
42402178,29,Mouse,Species,10090,10090,"[{""offset"": 416, ""length"": 5}]","{""identifier"": ""10090"", ""type"": ""Species"", ""valid"": true, ""normalized"": [10090], ""database"": ""ncbi_taxonomy"", ""normalized_id"": 10090, ""biotype"": ""species"", ""name"": ""10090"", ""accession"": null}",416,5,1,abstract,[],lexical_candidate_only,data/raw/discovery_pilot/58dd0e1dea8df1a4f01dc61643f37fbe81bc0129e5c3437585f5fc2e87c34ad9.json,70f9aa98c6008210a69fa09f9932f15b17227af94ba00b8c2d9f0e354cd2d1c5
42402178,30,Neuregulin 4,Gene,83961,Nrg4,"[{""offset"": 475, ""length"": 12}]","{""identifier"": ""83961"", ""type"": ""Gene"", ""ncbi_homologene"": ""12921"", ""valid"": true, ""normalized"": [83961], ""database"": ""ncbi_gene"", ""normalized_id"": 83961, ""biotype"": ""gene"", ""name"": ""Nrg4"", ""accession"": ""@GENE_NRG4""}",475,12,1,abstract,[],lexical_candidate_only,data/raw/discovery_pilot/58dd0e1dea8df1a4f01dc61643f37fbe81bc0129e5c3437585f5fc2e87c34ad9.json,70f9aa98c6008210a69fa09f9932f15b17227af94ba00b8c2d9f0e354cd2d1c5
42402178,31,Nrg4,Gene,83961,Nrg4,"[{""offset"": 489, ""length"": 4}]","{""identifier"": ""83961"", ""type"": ""Gene"", ""ncbi_homologene"": ""12921"", ""valid"": true, ""normalized"": [83961], ""database"": ""ncbi_gene"", ""normalized_id"": 83961, ""biotype"": ""gene"", ""name"": ""Nrg4"", ""accession"": ""@GENE_NRG4""}",489,4,1,abstract,[],lexical_candidate_only,data/raw/discovery_pilot/58dd0e1dea8df1a4f01dc61643f37fbe81bc0129e5c3437585f5fc2e87c34ad9.json,70f9aa98c6008210a69fa09f9932f15b17227af94ba00b8c2d9f0e354cd2d1c5
42402178,32,Nrg4,Gene,83961,Nrg4,"[{""offset"": 505, ""length"": 4}]","{""identifier"": ""83961"", ""type"": ""Gene"", ""ncbi_homologene"": ""12921"", ""valid"": true, ""normalized"": [83961], ""database"": ""ncbi_gene"", ""normalized_id"": 83961, ""biotype"": ""gene"", ""name"": ""Nrg4"", ""accession"": ""@GENE_NRG4""}",505,4,1,abstract,[],lexical_candidate_only,data/raw/discovery_pilot/58dd0e1dea8df1a4f01dc61643f37fbe81bc0129e5c3437585f5fc2e87c34ad9.json,70f9aa98c6008210a69fa09f9932f15b17227af94ba00b8c2d9f0e354cd2d1c5
42402178,33,Nrg4,Gene,83961,Nrg4,"[{""offset"": 586, ""length"": 4}]","{""identifier"": ""83961"", ""type"": ""Gene"", ""ncbi_homologene"": ""12921"", ""valid"": true, ""normalized"": [83961], ""database"": ""ncbi_gene"", ""normalized_id"": 83961, ""biotype"": ""gene"", ""name"": ""Nrg4"", ""accession"": ""@GENE_NRG4""}",586,4,1,abstract,[],lexical_candidate_only,data/raw/discovery_pilot/58dd0e1dea8df1a4f01dc61643f37fbe81bc0129e5c3437585f5fc2e87c34ad9.json,70f9aa98c6008210a69fa09f9932f15b17227af94ba00b8c2d9f0e354cd2d1c5
42402178,34,Nrg4,Gene,83961,Nrg4,"[{""offset"": 674, ""length"": 4}]","{""identifier"": ""83961"", ""type"": ""Gene"", ""ncbi_homologene"": ""12921"", ""valid"": true, ""normalized"": [83961], ""database"": ""ncbi_gene"", ""normalized_id"": 83961, ""biotype"": ""gene"", ""name"": ""Nrg4"", ""accession"": ""@GENE_NRG4""}",674,4,1,abstract,[],lexical_candidate_only,data/raw/discovery_pilot/58dd0e1dea8df1a4f01dc61643f37fbe81bc0129e5c3437585f5fc2e87c34ad9.json,70f9aa98c6008210a69fa09f9932f15b17227af94ba00b8c2d9f0e354cd2d1c5
42402178,35,Nrg4,Gene,83961,Nrg4,"[{""offset"": 769, ""length"": 4}]","{""identifier"": ""83961"", ""type"": ""Gene"", ""ncbi_homologene"": ""12921"", ""valid"": true, ""normalized"": [83961], ""database"": ""ncbi_gene"", ""normalized_id"": 83961, ""biotype"": ""gene"", ""name"": ""Nrg4"", ""accession"": ""@GENE_NRG4""}",769,4,1,abstract,[],lexical_candidate_only,data/raw/discovery_pilot/58dd0e1dea8df1a4f01dc61643f37fbe81bc0129e5c3437585f5fc2e87c34ad9.json,70f9aa98c6008210a69fa09f9932f15b17227af94ba00b8c2d9f0e354cd2d1c5
42402178,36,OVX,Disease,,,"[{""offset"": 812, ""length"": 3}]","{""type"": ""Disease"", ""valid"": false, ""normalized_id"": null, ""biotype"": ""disease""}",812,3,1,abstract,[],lexical_candidate_only,data/raw/discovery_pilot/58dd0e1dea8df1a4f01dc61643f37fbe81bc0129e5c3437585f5fc2e87c34ad9.json,70f9aa98c6008210a69fa09f9932f15b17227af94ba00b8c2d9f0e354cd2d1c5
42402178,37,osteoporotic,Disease,MESH:D058866,Osteoporotic Fractures,"[{""offset"": 825, ""length"": 12}]","{""identifier"": ""MESH:D058866"", ""type"": ""Disease"", ""valid"": true, ""normalized"": [""D058866""], ""database"": ""ncbi_mesh"", ""normalized_id"": ""D058866"", ""biotype"": ""disease"", ""name"": ""Osteoporotic Fractures"", ""accession"": ""@DISEASE_Osteoporotic_Fractures""}",825,12,1,abstract,[],lexical_candidate_only,data/raw/discovery_pilot/58dd0e1dea8df1a4f01dc61643f37fbe81bc0129e5c3437585f5fc2e87c34ad9.json,70f9aa98c6008210a69fa09f9932f15b17227af94ba00b8c2d9f0e354cd2d1c5
42402178,38,mice,Species,10090,10090,"[{""offset"": 838, ""length"": 4}]","{""identifier"": ""10090"", ""type"": ""Species"", ""valid"": true, ""normalized"": [10090], ""database"": ""ncbi_taxonomy"", ""normalized_id"": 10090, ""biotype"": ""species"", ""name"": ""10090"", ""accession"": null}",838,4,1,abstract,[],lexical_candidate_only,data/raw/discovery_pilot/58dd0e1dea8df1a4f01dc61643f37fbe81bc0129e5c3437585f5fc2e87c34ad9.json,70f9aa98c6008210a69fa09f9932f15b17227af94ba00b8c2d9f0e354cd2d1c5
42402178,39,Nrg4,Gene,83961,Nrg4,"[{""offset"": 895, ""length"": 4}]","{""identifier"": ""83961"", ""type"": ""Gene"", ""ncbi_homologene"": ""12921"", ""valid"": true, ""normalized"": [83961], ""database"": ""ncbi_gene"", ""normalized_id"": 83961, ""biotype"": ""gene"", ""name"": ""Nrg4"", ""accession"": ""@GENE_NRG4""}",895,4,1,abstract,[],lexical_candidate_only,data/raw/discovery_pilot/58dd0e1dea8df1a4f01dc61643f37fbe81bc0129e5c3437585f5fc2e87c34ad9.json,70f9aa98c6008210a69fa09f9932f15b17227af94ba00b8c2d9f0e354cd2d1c5
42402178,40,bone loss,Disease,MESH:D001847,Bone Diseases,"[{""offset"": 998, ""length"": 9}]","{""identifier"": ""MESH:D001847"", ""type"": ""Disease"", ""valid"": true, ""normalized"": [""D001847""], ""database"": ""ncbi_mesh"", ""normalized_id"": ""D001847"", ""biotype"": ""disease"", ""name"": ""Bone Diseases"", ""accession"": ""@DISEASE_Bone_Diseases""}",998,9,1,abstract,[],lexical_candidate_only,data/raw/discovery_pilot/58dd0e1dea8df1a4f01dc61643f37fbe81bc0129e5c3437585f5fc2e87c34ad9.json,70f9aa98c6008210a69fa09f9932f15b17227af94ba00b8c2d9f0e354cd2d1c5
42402178,41,mice,Species,10090,10090,"[{""offset"": 1011, ""length"": 4}]","{""identifier"": ""10090"", ""type"": ""Species"", ""valid"": true, ""normalized"": [10090], ""database"": ""ncbi_taxonomy"", ""normalized_id"": 10090, ""biotype"": ""species"", ""name"": ""10090"", ""accession"": null}",1011,4,1,abstract,[],lexical_candidate_only,data/raw/discovery_pilot/58dd0e1dea8df1a4f01dc61643f37fbe81bc0129e5c3437585f5fc2e87c34ad9.json,70f9aa98c6008210a69fa09f9932f15b17227af94ba00b8c2d9f0e354cd2d1c5
42402178,42,Nrg4,Gene,83961,Nrg4,"[{""offset"": 1083, ""length"": 4}]","{""identifier"": ""83961"", ""type"": ""Gene"", ""ncbi_homologene"": ""12921"", ""valid"": true, ""normalized"": [83961], ""database"": ""ncbi_gene"", ""normalized_id"": 83961, ""biotype"": ""gene"", ""name"": ""Nrg4"", ""accession"": ""@GENE_NRG4""}",1083,4,1,abstract,[],lexical_candidate_only,data/raw/discovery_pilot/58dd0e1dea8df1a4f01dc61643f37fbe81bc0129e5c3437585f5fc2e87c34ad9.json,70f9aa98c6008210a69fa09f9932f15b17227af94ba00b8c2d9f0e354cd2d1c5
42402178,43,mice,Species,10090,10090,"[{""offset"": 1091, ""length"": 4}]","{""identifier"": ""10090"", ""type"": ""Species"", ""valid"": true, ""normalized"": [10090], ""database"": ""ncbi_taxonomy"", ""normalized_id"": 10090, ""biotype"": ""species"", ""name"": ""10090"", ""accession"": null}",1091,4,1,abstract,[],lexical_candidate_only,data/raw/discovery_pilot/58dd0e1dea8df1a4f01dc61643f37fbe81bc0129e5c3437585f5fc2e87c34ad9.json,70f9aa98c6008210a69fa09f9932f15b17227af94ba00b8c2d9f0e354cd2d1c5
42402178,44,Nrg4,Gene,83961,Nrg4,"[{""offset"": 1107, ""length"": 4}]","{""identifier"": ""83961"", ""type"": ""Gene"", ""ncbi_homologene"": ""12921"", ""valid"": true, ""normalized"": [83961], ""database"": ""ncbi_gene"", ""normalized_id"": 83961, ""biotype"": ""gene"", ""name"": ""Nrg4"", ""accession"": ""@GENE_NRG4""}",1107,4,1,abstract,[],lexical_candidate_only,data/raw/discovery_pilot/58dd0e1dea8df1a4f01dc61643f37fbe81bc0129e5c3437585f5fc2e87c34ad9.json,70f9aa98c6008210a69fa09f9932f15b17227af94ba00b8c2d9f0e354cd2d1c5
42402178,45,NF-kappaB,Gene,18033,Nfkb1,"[{""offset"": 1187, ""length"": 9}]","{""identifier"": ""18033"", ""type"": ""Gene"", ""ncbi_homologene"": ""2971"", ""valid"": true, ""normalized"": [18033], ""database"": ""ncbi_gene"", ""normalized_id"": 18033, ""biotype"": ""gene"", ""name"": ""Nfkb1"", ""accession"": ""@GENE_NFKB1""}",1187,9,1,abstract,"[""LOCAL:protein:mouse:NFKB1""]",lexical_candidate_only,data/raw/discovery_pilot/58dd0e1dea8df1a4f01dc61643f37fbe81bc0129e5c3437585f5fc2e87c34ad9.json,70f9aa98c6008210a69fa09f9932f15b17227af94ba00b8c2d9f0e354cd2d1c5
42402178,46,inflammatory,Disease,MESH:D007249,Inflammation,"[{""offset"": 1197, ""length"": 12}]","{""identifier"": ""MESH:D007249"", ""type"": ""Disease"", ""valid"": true, ""normalized"": [""D007249""], ""database"": ""ncbi_mesh"", ""normalized_id"": ""D007249"", ""biotype"": ""disease"", ""name"": ""Inflammation"", ""accession"": ""@DISEASE_Inflammation""}",1197,12,1,abstract,[],lexical_candidate_only,data/raw/discovery_pilot/58dd0e1dea8df1a4f01dc61643f37fbe81bc0129e5c3437585f5fc2e87c34ad9.json,70f9aa98c6008210a69fa09f9932f15b17227af94ba00b8c2d9f0e354cd2d1c5
42402178,47,Nrg4,Gene,83961,Nrg4,"[{""offset"": 1364, ""length"": 4}]","{""identifier"": ""83961"", ""type"": ""Gene"", ""ncbi_homologene"": ""12921"", ""valid"": true, ""normalized"": [83961], ""database"": ""ncbi_gene"", ""normalized_id"": 83961, ""biotype"": ""gene"", ""name"": ""Nrg4"", ""accession"": ""@GENE_NRG4""}",1364,4,1,abstract,[],lexical_candidate_only,data/raw/discovery_pilot/58dd0e1dea8df1a4f01dc61643f37fbe81bc0129e5c3437585f5fc2e87c34ad9.json,70f9aa98c6008210a69fa09f9932f15b17227af94ba00b8c2d9f0e354cd2d1c5
42402178,48,bone loss,Disease,MESH:D001847,Bone Diseases,"[{""offset"": 1402, ""length"": 9}]","{""identifier"": ""MESH:D001847"", ""type"": ""Disease"", ""valid"": true, ""normalized"": [""D001847""], ""database"": ""ncbi_mesh"", ""normalized_id"": ""D001847"", ""biotype"": ""disease"", ""name"": ""Bone Diseases"", ""accession"": ""@DISEASE_Bone_Diseases""}",1402,9,1,abstract,[],lexical_candidate_only,data/raw/discovery_pilot/58dd0e1dea8df1a4f01dc61643f37fbe81bc0129e5c3437585f5fc2e87c34ad9.json,70f9aa98c6008210a69fa09f9932f15b17227af94ba00b8c2d9f0e354cd2d1c5
42402178,49,OVX,Disease,,,"[{""offset"": 1415, ""length"": 3}]","{""type"": ""Disease"", ""valid"": false, ""normalized_id"": null, ""biotype"": ""disease""}",1415,3,1,abstract,[],lexical_candidate_only,data/raw/discovery_pilot/58dd0e1dea8df1a4f01dc61643f37fbe81bc0129e5c3437585f5fc2e87c34ad9.json,70f9aa98c6008210a69fa09f9932f15b17227af94ba00b8c2d9f0e354cd2d1c5
42402178,50,osteoporotic,Disease,MESH:D058866,Osteoporotic Fractures,"[{""offset"": 1427, ""length"": 12}]","{""identifier"": ""MESH:D058866"", ""type"": ""Disease"", ""valid"": true, ""normalized"": [""D058866""], ""database"": ""ncbi_mesh"", ""normalized_id"": ""D058866"", ""biotype"": ""disease"", ""name"": ""Osteoporotic Fractures"", ""accession"": ""@DISEASE_Osteoporotic_Fractures""}",1427,12,1,abstract,[],lexical_candidate_only,data/raw/discovery_pilot/58dd0e1dea8df1a4f01dc61643f37fbe81bc0129e5c3437585f5fc2e87c34ad9.json,70f9aa98c6008210a69fa09f9932f15b17227af94ba00b8c2d9f0e354cd2d1c5
42402178,51,mice,Species,10090,10090,"[{""offset"": 1440, ""length"": 4}]","{""identifier"": ""10090"", ""type"": ""Species"", ""valid"": true, ""normalized"": [10090], ""database"": ""ncbi_taxonomy"", ""normalized_id"": 10090, ""biotype"": ""species"", ""name"": ""10090"", ""accession"": null}",1440,4,1,abstract,[],lexical_candidate_only,data/raw/discovery_pilot/58dd0e1dea8df1a4f01dc61643f37fbe81bc0129e5c3437585f5fc2e87c34ad9.json,70f9aa98c6008210a69fa09f9932f15b17227af94ba00b8c2d9f0e354cd2d1c5
42402178,52,Nrg4,Gene,83961,Nrg4,"[{""offset"": 1490, ""length"": 4}]","{""identifier"": ""83961"", ""type"": ""Gene"", ""ncbi_homologene"": ""12921"", ""valid"": true, ""normalized"": [83961], ""database"": ""ncbi_gene"", ""normalized_id"": 83961, ""biotype"": ""gene"", ""name"": ""Nrg4"", ""accession"": ""@GENE_NRG4""}",1490,4,1,abstract,[],lexical_candidate_only,data/raw/discovery_pilot/58dd0e1dea8df1a4f01dc61643f37fbe81bc0129e5c3437585f5fc2e87c34ad9.json,70f9aa98c6008210a69fa09f9932f15b17227af94ba00b8c2d9f0e354cd2d1c5
42402178,53,bone loss disorders,Disease,MESH:D001847,Bone Diseases,"[{""offset"": 1589, ""length"": 19}]","{""identifier"": ""MESH:D001847"", ""type"": ""Disease"", ""valid"": true, ""normalized"": [""D001847""], ""database"": ""ncbi_mesh"", ""normalized_id"": ""D001847"", ""biotype"": ""disease"", ""name"": ""Bone Diseases"", ""accession"": ""@DISEASE_Bone_Diseases""}",1589,19,1,abstract,[],lexical_candidate_only,data/raw/discovery_pilot/58dd0e1dea8df1a4f01dc61643f37fbe81bc0129e5c3437585f5fc2e87c34ad9.json,70f9aa98c6008210a69fa09f9932f15b17227af94ba00b8c2d9f0e354cd2d1c5
42509761,2,Periodontitis,Disease,MESH:D010518,Periodontitis,"[{""offset"": 32, ""length"": 13}]","{""identifier"": ""MESH:D010518"", ""type"": ""Disease"", ""valid"": true, ""normalized"": [""D010518""], ""database"": ""ncbi_mesh"", ""normalized_id"": ""D010518"", ""biotype"": ""disease"", ""name"": ""Periodontitis"", ""accession"": ""@DISEASE_Periodontitis""}",32,13,0,title,[],lexical_candidate_only,data/raw/discovery_pilot/58dd0e1dea8df1a4f01dc61643f37fbe81bc0129e5c3437585f5fc2e87c34ad9.json,70f9aa98c6008210a69fa09f9932f15b17227af94ba00b8c2d9f0e354cd2d1c5
42509761,3,Inflammation,Disease,MESH:D007249,Inflammation,"[{""offset"": 78, ""length"": 12}]","{""identifier"": ""MESH:D007249"", ""type"": ""Disease"", ""valid"": true, ""normalized"": [""D007249""], ""database"": ""ncbi_mesh"", ""normalized_id"": ""D007249"", ""biotype"": ""disease"", ""name"": ""Inflammation"", ""accession"": ""@DISEASE_Inflammation""}",78,12,0,title,[],lexical_candidate_only,data/raw/discovery_pilot/58dd0e1dea8df1a4f01dc61643f37fbe81bc0129e5c3437585f5fc2e87c34ad9.json,70f9aa98c6008210a69fa09f9932f15b17227af94ba00b8c2d9f0e354cd2d1c5
42509761,16,Periodontitis,Disease,MESH:D010518,Periodontitis,"[{""offset"": 134, ""length"": 13}]","{""identifier"": ""MESH:D010518"", ""type"": ""Disease"", ""valid"": true, ""normalized"": [""D010518""], ""database"": ""ncbi_mesh"", ""normalized_id"": ""D010518"", ""biotype"": ""disease"", ""name"": ""Periodontitis"", ""accession"": ""@DISEASE_Periodontitis""}",134,13,1,abstract,[],lexical_candidate_only,data/raw/discovery_pilot/58dd0e1dea8df1a4f01dc61643f37fbe81bc0129e5c3437585f5fc2e87c34ad9.json,70f9aa98c6008210a69fa09f9932f15b17227af94ba00b8c2d9f0e354cd2d1c5
42509761,17,inflammatory disease,Disease,MESH:D007249,Inflammation,"[{""offset"": 161, ""length"": 20}]","{""identifier"": ""MESH:D007249"", ""type"": ""Disease"", ""valid"": true, ""normalized"": [""D007249""], ""database"": ""ncbi_mesh"", ""normalized_id"": ""D007249"", ""biotype"": ""disease"", ""name"": ""Inflammation"", ""accession"": ""@DISEASE_Inflammation""}",161,20,1,abstract,[],lexical_candidate_only,data/raw/discovery_pilot/58dd0e1dea8df1a4f01dc61643f37fbe81bc0129e5c3437585f5fc2e87c34ad9.json,70f9aa98c6008210a69fa09f9932f15b17227af94ba00b8c2d9f0e354cd2d1c5
42509761,18,inflammatory,Disease,MESH:D007249,Inflammation,"[{""offset"": 718, ""length"": 12}]","{""identifier"": ""MESH:D007249"", ""type"": ""Disease"", ""valid"": true, ""normalized"": [""D007249""], ""database"": ""ncbi_mesh"", ""normalized_id"": ""D007249"", ""biotype"": ""disease"", ""name"": ""Inflammation"", ""accession"": ""@DISEASE_Inflammation""}",718,12,1,abstract,[],lexical_candidate_only,data/raw/discovery_pilot/58dd0e1dea8df1a4f01dc61643f37fbe81bc0129e5c3437585f5fc2e87c34ad9.json,70f9aa98c6008210a69fa09f9932f15b17227af94ba00b8c2d9f0e354cd2d1c5
42509761,19,inflammatory,Disease,MESH:D007249,Inflammation,"[{""offset"": 814, ""length"": 12}]","{""identifier"": ""MESH:D007249"", ""type"": ""Disease"", ""valid"": true, ""normalized"": [""D007249""], ""database"": ""ncbi_mesh"", ""normalized_id"": ""D007249"", ""biotype"": ""disease"", ""name"": ""Inflammation"", ""accession"": ""@DISEASE_Inflammation""}",814,12,1,abstract,[],lexical_candidate_only,data/raw/discovery_pilot/58dd0e1dea8df1a4f01dc61643f37fbe81bc0129e5c3437585f5fc2e87c34ad9.json,70f9aa98c6008210a69fa09f9932f15b17227af94ba00b8c2d9f0e354cd2d1c5
42509761,20,transforming growth factor beta,Gene,7040,TGFB1,"[{""offset"": 940, ""length"": 31}]","{""identifier"": ""7040"", ""type"": ""Gene"", ""ncbi_homologene"": ""540"", ""valid"": true, ""normalized"": [7040], ""database"": ""ncbi_gene"", ""normalized_id"": 7040, ""biotype"": ""gene"", ""name"": ""TGFB1"", ""accession"": ""@GENE_TGFB1""}",940,31,1,abstract,[],lexical_candidate_only,data/raw/discovery_pilot/58dd0e1dea8df1a4f01dc61643f37fbe81bc0129e5c3437585f5fc2e87c34ad9.json,70f9aa98c6008210a69fa09f9932f15b17227af94ba00b8c2d9f0e354cd2d1c5
42509761,21,TGF-beta,Gene,7040,TGFB1,"[{""offset"": 973, ""length"": 8}]","{""identifier"": ""7040"", ""type"": ""Gene"", ""ncbi_homologene"": ""540"", ""valid"": true, ""normalized"": [7040], ""database"": ""ncbi_gene"", ""normalized_id"": 7040, ""biotype"": ""gene"", ""name"": ""TGFB1"", ""accession"": ""@GENE_TGFB1""}",973,8,1,abstract,[],lexical_candidate_only,data/raw/discovery_pilot/58dd0e1dea8df1a4f01dc61643f37fbe81bc0129e5c3437585f5fc2e87c34ad9.json,70f9aa98c6008210a69fa09f9932f15b17227af94ba00b8c2d9f0e354cd2d1c5
42509761,22,inflammatory,Disease,MESH:D007249,Inflammation,"[{""offset"": 995, ""length"": 12}]","{""identifier"": ""MESH:D007249"", ""type"": ""Disease"", ""valid"": true, ""normalized"": [""D007249""], ""database"": ""ncbi_mesh"", ""normalized_id"": ""D007249"", ""biotype"": ""disease"", ""name"": ""Inflammation"", ""accession"": ""@DISEASE_Inflammation""}",995,12,1,abstract,[],lexical_candidate_only,data/raw/discovery_pilot/58dd0e1dea8df1a4f01dc61643f37fbe81bc0129e5c3437585f5fc2e87c34ad9.json,70f9aa98c6008210a69fa09f9932f15b17227af94ba00b8c2d9f0e354cd2d1c5
42509761,23,Receptor activator of nuclear factor kappa B ligand,Gene,8600,TNFSF11,"[{""offset"": 1199, ""length"": 51}]","{""identifier"": ""8600"", ""type"": ""Gene"", ""ncbi_homologene"": ""2744"", ""valid"": true, ""normalized"": [8600], ""database"": ""ncbi_gene"", ""normalized_id"": 8600, ""biotype"": ""gene"", ""name"": ""TNFSF11"", ""accession"": ""@GENE_TNFSF11""}",1199,51,1,abstract,"[""LOCAL:protein:mouse:TNFSF11""]",lexical_candidate_only,data/raw/discovery_pilot/58dd0e1dea8df1a4f01dc61643f37fbe81bc0129e5c3437585f5fc2e87c34ad9.json,70f9aa98c6008210a69fa09f9932f15b17227af94ba00b8c2d9f0e354cd2d1c5
42509761,24,RANKL,Gene,8600,TNFSF11,"[{""offset"": 1252, ""length"": 5}]","{""identifier"": ""8600"", ""type"": ""Gene"", ""ncbi_homologene"": ""2744"", ""valid"": true, ""normalized"": [8600], ""database"": ""ncbi_gene"", ""normalized_id"": 8600, ""biotype"": ""gene"", ""name"": ""TNFSF11"", ""accession"": ""@GENE_TNFSF11""}",1252,5,1,abstract,"[""LOCAL:protein:mouse:TNFSF11""]",lexical_candidate_only,data/raw/discovery_pilot/58dd0e1dea8df1a4f01dc61643f37fbe81bc0129e5c3437585f5fc2e87c34ad9.json,70f9aa98c6008210a69fa09f9932f15b17227af94ba00b8c2d9f0e354cd2d1c5
42509761,25,beta1 integrin,Gene,3688,ITGB1,"[{""offset"": 1329, ""length"": 14}]","{""identifier"": ""3688"", ""type"": ""Gene"", ""ncbi_homologene"": ""22999"", ""valid"": true, ""normalized"": [3688], ""database"": ""ncbi_gene"", ""normalized_id"": 3688, ""biotype"": ""gene"", ""name"": ""ITGB1"", ""accession"": ""@GENE_ITGB1""}",1329,14,1,abstract,[],lexical_candidate_only,data/raw/discovery_pilot/58dd0e1dea8df1a4f01dc61643f37fbe81bc0129e5c3437585f5fc2e87c34ad9.json,70f9aa98c6008210a69fa09f9932f15b17227af94ba00b8c2d9f0e354cd2d1c5
42509761,26,periodontitis,Disease,MESH:D010518,Periodontitis,"[{""offset"": 1681, ""length"": 13}]","{""identifier"": ""MESH:D010518"", ""type"": ""Disease"", ""valid"": true, ""normalized"": [""D010518""], ""database"": ""ncbi_mesh"", ""normalized_id"": ""D010518"", ""biotype"": ""disease"", ""name"": ""Periodontitis"", ""accession"": ""@DISEASE_Periodontitis""}",1681,13,1,abstract,[],lexical_candidate_only,data/raw/discovery_pilot/58dd0e1dea8df1a4f01dc61643f37fbe81bc0129e5c3437585f5fc2e87c34ad9.json,70f9aa98c6008210a69fa09f9932f15b17227af94ba00b8c2d9f0e354cd2d1c5
42509761,27,inflammation,Disease,MESH:D007249,Inflammation,"[{""offset"": 1765, ""length"": 12}]","{""identifier"": ""MESH:D007249"", ""type"": ""Disease"", ""valid"": true, ""normalized"": [""D007249""], ""database"": ""ncbi_mesh"", ""normalized_id"": ""D007249"", ""biotype"": ""disease"", ""name"": ""Inflammation"", ""accession"": ""@DISEASE_Inflammation""}",1765,12,1,abstract,[],lexical_candidate_only,data/raw/discovery_pilot/58dd0e1dea8df1a4f01dc61643f37fbe81bc0129e5c3437585f5fc2e87c34ad9.json,70f9aa98c6008210a69fa09f9932f15b17227af94ba00b8c2d9f0e354cd2d1c5
42515798,3,Geranylgeraniol,Chemical,MESH:C017338,geranylgeraniol,"[{""offset"": 0, ""length"": 15}]","{""identifier"": ""MESH:C017338"", ""type"": ""Chemical"", ""valid"": true, ""normalized"": [""C017338""], ""database"": ""ncbi_mesh"", ""normalized_id"": ""C017338"", ""biotype"": ""chemical"", ""name"": ""geranylgeraniol"", ""accession"": ""@CHEMICAL_geranylgeraniol""}",0,15,0,title,[],lexical_candidate_only,data/raw/discovery_pilot/58dd0e1dea8df1a4f01dc61643f37fbe81bc0129e5c3437585f5fc2e87c34ad9.json,70f9aa98c6008210a69fa09f9932f15b17227af94ba00b8c2d9f0e354cd2d1c5
42515798,4,Mevalonate,Chemical,MESH:D008798,Mevalonic Acid,"[{""offset"": 34, ""length"": 10}]","{""identifier"": ""MESH:D008798"", ""type"": ""Chemical"", ""valid"": true, ""normalized"": [""D008798""], ""database"": ""ncbi_mesh"", ""normalized_id"": ""D008798"", ""biotype"": ""chemical"", ""name"": ""Mevalonic Acid"", ""accession"": ""@CHEMICAL_Mevalonic_Acid""}",34,10,0,title,[],lexical_candidate_only,data/raw/discovery_pilot/58dd0e1dea8df1a4f01dc61643f37fbe81bc0129e5c3437585f5fc2e87c34ad9.json,70f9aa98c6008210a69fa09f9932f15b17227af94ba00b8c2d9f0e354cd2d1c5
42515798,5,Osteoporosis,Disease,MESH:D010024,Osteoporosis,"[{""offset"": 130, ""length"": 12}]","{""identifier"": ""MESH:D010024"", ""type"": ""Disease"", ""valid"": true, ""normalized"": [""D010024""], ""database"": ""ncbi_mesh"", ""normalized_id"": ""D010024"", ""biotype"": ""disease"", ""name"": ""Osteoporosis"", ""accession"": ""@DISEASE_Osteoporosis""}",130,12,0,title,[],lexical_candidate_only,data/raw/discovery_pilot/58dd0e1dea8df1a4f01dc61643f37fbe81bc0129e5c3437585f5fc2e87c34ad9.json,70f9aa98c6008210a69fa09f9932f15b17227af94ba00b8c2d9f0e354cd2d1c5
42515798,45,Geranylgeraniol,Chemical,MESH:C017338,geranylgeraniol,"[{""offset"": 174, ""length"": 15}]","{""identifier"": ""MESH:C017338"", ""type"": ""Chemical"", ""valid"": true, ""normalized"": [""C017338""], ""database"": ""ncbi_mesh"", ""normalized_id"": ""C017338"", ""biotype"": ""chemical"", ""name"": ""geranylgeraniol"", ""accession"": ""@CHEMICAL_geranylgeraniol""}",174,15,1,abstract,[],lexical_candidate_only,data/raw/discovery_pilot/58dd0e1dea8df1a4f01dc61643f37fbe81bc0129e5c3437585f5fc2e87c34ad9.json,70f9aa98c6008210a69fa09f9932f15b17227af94ba00b8c2d9f0e354cd2d1c5
42515798,46,GGOH,Chemical,-,,"[{""offset"": 191, ""length"": 4}]","{""identifier"": ""-"", ""type"": ""Chemical"", ""valid"": false, ""normalized_id"": null, ""biotype"": ""chemical""}",191,4,1,abstract,[],lexical_candidate_only,data/raw/discovery_pilot/58dd0e1dea8df1a4f01dc61643f37fbe81bc0129e5c3437585f5fc2e87c34ad9.json,70f9aa98c6008210a69fa09f9932f15b17227af94ba00b8c2d9f0e354cd2d1c5
42515798,47,isoprenoid,Chemical,MESH:D013729,Terpenes,"[{""offset"": 201, ""length"": 10}]","{""identifier"": ""MESH:D013729"", ""type"": ""Chemical"", ""valid"": true, ""normalized"": [""D013729""], ""database"": ""ncbi_mesh"", ""normalized_id"": ""D013729"", ""biotype"": ""chemical"", ""name"": ""Terpenes"", ""accession"": ""@CHEMICAL_Terpenes""}",201,10,1,abstract,[],lexical_candidate_only,data/raw/discovery_pilot/58dd0e1dea8df1a4f01dc61643f37fbe81bc0129e5c3437585f5fc2e87c34ad9.json,70f9aa98c6008210a69fa09f9932f15b17227af94ba00b8c2d9f0e354cd2d1c5
42515798,48,mevalonate,Chemical,MESH:D008798,Mevalonic Acid,"[{""offset"": 232, ""length"": 10}]","{""identifier"": ""MESH:D008798"", ""type"": ""Chemical"", ""valid"": true, ""normalized"": [""D008798""], ""database"": ""ncbi_mesh"", ""normalized_id"": ""D008798"", ""biotype"": ""chemical"", ""name"": ""Mevalonic Acid"", ""accession"": ""@CHEMICAL_Mevalonic_Acid""}",232,10,1,abstract,[],lexical_candidate_only,data/raw/discovery_pilot/58dd0e1dea8df1a4f01dc61643f37fbe81bc0129e5c3437585f5fc2e87c34ad9.json,70f9aa98c6008210a69fa09f9932f15b17227af94ba00b8c2d9f0e354cd2d1c5
42515798,49,toxicity,Disease,MESH:D064420,Drug-Related Side Effects and Adverse Reactions,"[{""offset"": 332, ""length"": 8}]","{""identifier"": ""MESH:D064420"", ""type"": ""Disease"", ""valid"": true, ""normalized"": [""D064420""], ""database"": ""ncbi_mesh"", ""normalized_id"": ""D064420"", ""biotype"": ""disease"", ""name"": ""Drug-Related Side Effects and Adverse Reactions"", ""accession"": ""@DISEASE_Drug_Related_Side_Effects_and_Adverse_Reactions""}",332,8,1,abstract,[],lexical_candidate_only,data/raw/discovery_pilot/58dd0e1dea8df1a4f01dc61643f37fbe81bc0129e5c3437585f5fc2e87c34ad9.json,70f9aa98c6008210a69fa09f9932f15b17227af94ba00b8c2d9f0e354cd2d1c5
42515798,50,nitrogen,Chemical,MESH:D009584,Nitrogen,"[{""offset"": 352, ""length"": 8}]","{""identifier"": ""MESH:D009584"", ""type"": ""Chemical"", ""valid"": true, ""normalized"": [""D009584""], ""database"": ""ncbi_mesh"", ""normalized_id"": ""D009584"", ""biotype"": ""chemical"", ""name"": ""Nitrogen"", ""accession"": ""@CHEMICAL_Nitrogen""}",352,8,1,abstract,[],lexical_candidate_only,data/raw/discovery_pilot/58dd0e1dea8df1a4f01dc61643f37fbe81bc0129e5c3437585f5fc2e87c34ad9.json,70f9aa98c6008210a69fa09f9932f15b17227af94ba00b8c2d9f0e354cd2d1c5
42515798,51,bisphosphonates,Chemical,MESH:D004164,Diphosphonates,"[{""offset"": 372, ""length"": 15}]","{""identifier"": ""MESH:D004164"", ""type"": ""Chemical"", ""valid"": true, ""normalized"": [""D004164""], ""database"": ""ncbi_mesh"", ""normalized_id"": ""D004164"", ""biotype"": ""chemical"", ""name"": ""Diphosphonates"", ""accession"": ""@CHEMICAL_Diphosphonates""}",372,15,1,abstract,[],lexical_candidate_only,data/raw/discovery_pilot/58dd0e1dea8df1a4f01dc61643f37fbe81bc0129e5c3437585f5fc2e87c34ad9.json,70f9aa98c6008210a69fa09f9932f15b17227af94ba00b8c2d9f0e354cd2d1c5
42515798,52,N-BPs,Chemical,-,,"[{""offset"": 389, ""length"": 5}]","{""identifier"": ""-"", ""type"": ""Chemical"", ""valid"": false, ""normalized_id"": null, ""biotype"": ""chemical""}",389,5,1,abstract,[],lexical_candidate_only,data/raw/discovery_pilot/58dd0e1dea8df1a4f01dc61643f37fbe81bc0129e5c3437585f5fc2e87c34ad9.json,70f9aa98c6008210a69fa09f9932f15b17227af94ba00b8c2d9f0e354cd2d1c5
42515798,53,osteoporosis,Disease,MESH:D010024,Osteoporosis,"[{""offset"": 423, ""length"": 12}]","{""identifier"": ""MESH:D010024"", ""type"": ""Disease"", ""valid"": true, ""normalized"": [""D010024""], ""database"": ""ncbi_mesh"", ""normalized_id"": ""D010024"", ""biotype"": ""disease"", ""name"": ""Osteoporosis"", ""accession"": ""@DISEASE_Osteoporosis""}",423,12,1,abstract,[],lexical_candidate_only,data/raw/discovery_pilot/58dd0e1dea8df1a4f01dc61643f37fbe81bc0129e5c3437585f5fc2e87c34ad9.json,70f9aa98c6008210a69fa09f9932f15b17227af94ba00b8c2d9f0e354cd2d1c5
42515798,54,GGOH,Chemical,-,,"[{""offset"": 518, ""length"": 4}]","{""identifier"": ""-"", ""type"": ""Chemical"", ""valid"": false, ""normalized_id"": null, ""biotype"": ""chemical""}",518,4,1,abstract,[],lexical_candidate_only,data/raw/discovery_pilot/58dd0e1dea8df1a4f01dc61643f37fbe81bc0129e5c3437585f5fc2e87c34ad9.json,70f9aa98c6008210a69fa09f9932f15b17227af94ba00b8c2d9f0e354cd2d1c5
42515798,55,osteoporosis,Disease,MESH:D010024,Osteoporosis,"[{""offset"": 557, ""length"": 12}]","{""identifier"": ""MESH:D010024"", ""type"": ""Disease"", ""valid"": true, ""normalized"": [""D010024""], ""database"": ""ncbi_mesh"", ""normalized_id"": ""D010024"", ""biotype"": ""disease"", ""name"": ""Osteoporosis"", ""accession"": ""@DISEASE_Osteoporosis""}",557,12,1,abstract,[],lexical_candidate_only,data/raw/discovery_pilot/58dd0e1dea8df1a4f01dc61643f37fbe81bc0129e5c3437585f5fc2e87c34ad9.json,70f9aa98c6008210a69fa09f9932f15b17227af94ba00b8c2d9f0e354cd2d1c5
42515798,56,GGOH,Chemical,-,,"[{""offset"": 625, ""length"": 4}]","{""identifier"": ""-"", ""type"": ""Chemical"", ""valid"": false, ""normalized_id"": null, ""biotype"": ""chemical""}",625,4,1,abstract,[],lexical_candidate_only,data/raw/discovery_pilot/58dd0e1dea8df1a4f01dc61643f37fbe81bc0129e5c3437585f5fc2e87c34ad9.json,70f9aa98c6008210a69fa09f9932f15b17227af94ba00b8c2d9f0e354cd2d1c5
42515798,57,osteoporosis,Disease,MESH:D010024,Osteoporosis,"[{""offset"": 635, ""length"": 12}]","{""identifier"": ""MESH:D010024"", ""type"": ""Disease"", ""valid"": true, ""normalized"": [""D010024""], ""database"": ""ncbi_mesh"", ""normalized_id"": ""D010024"", ""biotype"": ""disease"", ""name"": ""Osteoporosis"", ""accession"": ""@DISEASE_Osteoporosis""}",635,12,1,abstract,[],lexical_candidate_only,data/raw/discovery_pilot/58dd0e1dea8df1a4f01dc61643f37fbe81bc0129e5c3437585f5fc2e87c34ad9.json,70f9aa98c6008210a69fa09f9932f15b17227af94ba00b8c2d9f0e354cd2d1c5
42515798,58,GGOH,Chemical,-,,"[{""offset"": 690, ""length"": 4}]","{""identifier"": ""-"", ""type"": ""Chemical"", ""valid"": false, ""normalized_id"": null, ""biotype"": ""chemical""}",690,4,1,abstract,[],lexical_candidate_only,data/raw/discovery_pilot/58dd0e1dea8df1a4f01dc61643f37fbe81bc0129e5c3437585f5fc2e87c34ad9.json,70f9aa98c6008210a69fa09f9932f15b17227af94ba00b8c2d9f0e354cd2d1c5
42515798,59,osteoporosis,Disease,MESH:D010024,Osteoporosis,"[{""offset"": 726, ""length"": 12}]","{""identifier"": ""MESH:D010024"", ""type"": ""Disease"", ""valid"": true, ""normalized"": [""D010024""], ""database"": ""ncbi_mesh"", ""normalized_id"": ""D010024"", ""biotype"": ""disease"", ""name"": ""Osteoporosis"", ""accession"": ""@DISEASE_Osteoporosis""}",726,12,1,abstract,[],lexical_candidate_only,data/raw/discovery_pilot/58dd0e1dea8df1a4f01dc61643f37fbe81bc0129e5c3437585f5fc2e87c34ad9.json,70f9aa98c6008210a69fa09f9932f15b17227af94ba00b8c2d9f0e354cd2d1c5
42515798,60,GGOH,Chemical,-,,"[{""offset"": 853, ""length"": 4}]","{""identifier"": ""-"", ""type"": ""Chemical"", ""valid"": false, ""normalized_id"": null, ""biotype"": ""chemical""}",853,4,1,abstract,[],lexical_candidate_only,data/raw/discovery_pilot/58dd0e1dea8df1a4f01dc61643f37fbe81bc0129e5c3437585f5fc2e87c34ad9.json,70f9aa98c6008210a69fa09f9932f15b17227af94ba00b8c2d9f0e354cd2d1c5
42515798,61,N-BP,Chemical,-,,"[{""offset"": 867, ""length"": 4}]","{""identifier"": ""-"", ""type"": ""Chemical"", ""valid"": false, ""normalized_id"": null, ""biotype"": ""chemical""}",867,4,1,abstract,[],lexical_candidate_only,data/raw/discovery_pilot/58dd0e1dea8df1a4f01dc61643f37fbe81bc0129e5c3437585f5fc2e87c34ad9.json,70f9aa98c6008210a69fa09f9932f15b17227af94ba00b8c2d9f0e354cd2d1c5
42515798,62,geranylgeranyl pyrophosphate,Chemical,MESH:C002963,geranylgeranyl pyrophosphate,"[{""offset"": 893, ""length"": 28}]","{""identifier"": ""MESH:C002963"", ""type"": ""Chemical"", ""valid"": true, ""normalized"": [""C002963""], ""database"": ""ncbi_mesh"", ""normalized_id"": ""C002963"", ""biotype"": ""chemical"", ""name"": ""geranylgeranyl pyrophosphate"", ""accession"": ""@CHEMICAL_geranylgeranyl_pyrophosphate""}",893,28,1,abstract,[],lexical_candidate_only,data/raw/discovery_pilot/58dd0e1dea8df1a4f01dc61643f37fbe81bc0129e5c3437585f5fc2e87c34ad9.json,70f9aa98c6008210a69fa09f9932f15b17227af94ba00b8c2d9f0e354cd2d1c5
42515798,63,GGOH,Chemical,-,,"[{""offset"": 1060, ""length"": 4}]","{""identifier"": ""-"", ""type"": ""Chemical"", ""valid"": false, ""normalized_id"": null, ""biotype"": ""chemical""}",1060,4,1,abstract,[],lexical_candidate_only,data/raw/discovery_pilot/58dd0e1dea8df1a4f01dc61643f37fbe81bc0129e5c3437585f5fc2e87c34ad9.json,70f9aa98c6008210a69fa09f9932f15b17227af94ba00b8c2d9f0e354cd2d1c5
42515798,64,carbonic anhydrase II,Gene,12349,Car2,"[{""offset"": 1146, ""length"": 21}]","{""identifier"": ""12349"", ""type"": ""Gene"", ""ncbi_homologene"": ""37256"", ""valid"": true, ""normalized"": [12349], ""database"": ""ncbi_gene"", ""normalized_id"": 12349, ""biotype"": ""gene"", ""name"": ""Car2"", ""accession"": ""@GENE_CAR2""}",1146,21,1,abstract,[],lexical_candidate_only,data/raw/discovery_pilot/58dd0e1dea8df1a4f01dc61643f37fbe81bc0129e5c3437585f5fc2e87c34ad9.json,70f9aa98c6008210a69fa09f9932f15b17227af94ba00b8c2d9f0e354cd2d1c5
42515798,65,N-BP,Chemical,-,,"[{""offset"": 1194, ""length"": 4}]","{""identifier"": ""-"", ""type"": ""Chemical"", ""valid"": false, ""normalized_id"": null, ""biotype"": ""chemical""}",1194,4,1,abstract,[],lexical_candidate_only,data/raw/discovery_pilot/58dd0e1dea8df1a4f01dc61643f37fbe81bc0129e5c3437585f5fc2e87c34ad9.json,70f9aa98c6008210a69fa09f9932f15b17227af94ba00b8c2d9f0e354cd2d1c5
42515798,66,bone resorption,Disease,MESH:D001862,Bone Resorption,"[{""offset"": 1225, ""length"": 15}]","{""identifier"": ""MESH:D001862"", ""type"": ""Disease"", ""valid"": true, ""normalized"": [""D001862""], ""database"": ""ncbi_mesh"", ""normalized_id"": ""D001862"", ""biotype"": ""disease"", ""name"": ""Bone Resorption"", ""accession"": ""@DISEASE_Bone_Resorption""}",1225,15,1,abstract,[],lexical_candidate_only,data/raw/discovery_pilot/58dd0e1dea8df1a4f01dc61643f37fbe81bc0129e5c3437585f5fc2e87c34ad9.json,70f9aa98c6008210a69fa09f9932f15b17227af94ba00b8c2d9f0e354cd2d1c5
42515798,67,GGOH,Chemical,-,,"[{""offset"": 1285, ""length"": 4}]","{""identifier"": ""-"", ""type"": ""Chemical"", ""valid"": false, ""normalized_id"": null, ""biotype"": ""chemical""}",1285,4,1,abstract,[],lexical_candidate_only,data/raw/discovery_pilot/58dd0e1dea8df1a4f01dc61643f37fbe81bc0129e5c3437585f5fc2e87c34ad9.json,70f9aa98c6008210a69fa09f9932f15b17227af94ba00b8c2d9f0e354cd2d1c5
42515798,68,runt-related transcription factor 2,Gene,12393,Runx2,"[{""offset"": 1351, ""length"": 35}]","{""identifier"": ""12393"", ""type"": ""Gene"", ""ncbi_homologene"": ""68389"", ""valid"": true, ""normalized"": [12393], ""database"": ""ncbi_gene"", ""normalized_id"": 12393, ""biotype"": ""gene"", ""name"": ""Runx2"", ""accession"": ""@GENE_RUNX2""}",1351,35,1,abstract,[],lexical_candidate_only,data/raw/discovery_pilot/58dd0e1dea8df1a4f01dc61643f37fbe81bc0129e5c3437585f5fc2e87c34ad9.json,70f9aa98c6008210a69fa09f9932f15b17227af94ba00b8c2d9f0e354cd2d1c5
42515798,69,alendronate,Chemical,MESH:D019386,Alendronate,"[{""offset"": 1499, ""length"": 11}]","{""identifier"": ""MESH:D019386"", ""type"": ""Chemical"", ""valid"": true, ""normalized"": [""D019386""], ""database"": ""ncbi_mesh"", ""normalized_id"": ""D019386"", ""biotype"": ""chemical"", ""name"": ""Alendronate"", ""accession"": ""@CHEMICAL_Alendronate""}",1499,11,1,abstract,[],lexical_candidate_only,data/raw/discovery_pilot/58dd0e1dea8df1a4f01dc61643f37fbe81bc0129e5c3437585f5fc2e87c34ad9.json,70f9aa98c6008210a69fa09f9932f15b17227af94ba00b8c2d9f0e354cd2d1c5
42515798,70,zoledronate,Chemical,MESH:D000077211,Zoledronic Acid,"[{""offset"": 1514, ""length"": 11}]","{""identifier"": ""MESH:D000077211"", ""type"": ""Chemical"", ""valid"": true, ""normalized"": [""D000077211""], ""database"": ""ncbi_mesh"", ""normalized_id"": ""D000077211"", ""biotype"": ""chemical"", ""name"": ""Zoledronic Acid"", ""accession"": ""@CHEMICAL_Zoledronic_Acid""}",1514,11,1,abstract,[],lexical_candidate_only,data/raw/discovery_pilot/58dd0e1dea8df1a4f01dc61643f37fbe81bc0129e5c3437585f5fc2e87c34ad9.json,70f9aa98c6008210a69fa09f9932f15b17227af94ba00b8c2d9f0e354cd2d1c5
42515798,71,N-BPs,Chemical,-,,"[{""offset"": 1542, ""length"": 5}]","{""identifier"": ""-"", ""type"": ""Chemical"", ""valid"": false, ""normalized_id"": null, ""biotype"": ""chemical""}",1542,5,1,abstract,[],lexical_candidate_only,data/raw/discovery_pilot/58dd0e1dea8df1a4f01dc61643f37fbe81bc0129e5c3437585f5fc2e87c34ad9.json,70f9aa98c6008210a69fa09f9932f15b17227af94ba00b8c2d9f0e354cd2d1c5
42515798,72,GGOH,Chemical,-,,"[{""offset"": 1549, ""length"": 4}]","{""identifier"": ""-"", ""type"": ""Chemical"", ""valid"": false, ""normalized_id"": null, ""biotype"": ""chemical""}",1549,4,1,abstract,[],lexical_candidate_only,data/raw/discovery_pilot/58dd0e1dea8df1a4f01dc61643f37fbe81bc0129e5c3437585f5fc2e87c34ad9.json,70f9aa98c6008210a69fa09f9932f15b17227af94ba00b8c2d9f0e354cd2d1c5
42515798,73,bone resorption,Disease,MESH:D001862,Bone Resorption,"[{""offset"": 1674, ""length"": 15}]","{""identifier"": ""MESH:D001862"", ""type"": ""Disease"", ""valid"": true, ""normalized"": [""D001862""], ""database"": ""ncbi_mesh"", ""normalized_id"": ""D001862"", ""biotype"": ""disease"", ""name"": ""Bone Resorption"", ""accession"": ""@DISEASE_Bone_Resorption""}",1674,15,1,abstract,[],lexical_candidate_only,data/raw/discovery_pilot/58dd0e1dea8df1a4f01dc61643f37fbe81bc0129e5c3437585f5fc2e87c34ad9.json,70f9aa98c6008210a69fa09f9932f15b17227af94ba00b8c2d9f0e354cd2d1c5
42515798,74,zoledronate,Chemical,MESH:D000077211,Zoledronic Acid,"[{""offset"": 1706, ""length"": 11}]","{""identifier"": ""MESH:D000077211"", ""type"": ""Chemical"", ""valid"": true, ""normalized"": [""D000077211""], ""database"": ""ncbi_mesh"", ""normalized_id"": ""D000077211"", ""biotype"": ""chemical"", ""name"": ""Zoledronic Acid"", ""accession"": ""@CHEMICAL_Zoledronic_Acid""}",1706,11,1,abstract,[],lexical_candidate_only,data/raw/discovery_pilot/58dd0e1dea8df1a4f01dc61643f37fbe81bc0129e5c3437585f5fc2e87c34ad9.json,70f9aa98c6008210a69fa09f9932f15b17227af94ba00b8c2d9f0e354cd2d1c5
42515798,75,vascular calcification,Disease,MESH:D061205,Vascular Calcification,"[{""offset"": 1732, ""length"": 22}]","{""identifier"": ""MESH:D061205"", ""type"": ""Disease"", ""valid"": true, ""normalized"": [""D061205""], ""database"": ""ncbi_mesh"", ""normalized_id"": ""D061205"", ""biotype"": ""disease"", ""name"": ""Vascular Calcification"", ""accession"": ""@DISEASE_Vascular_Calcification""}",1732,22,1,abstract,[],lexical_candidate_only,data/raw/discovery_pilot/58dd0e1dea8df1a4f01dc61643f37fbe81bc0129e5c3437585f5fc2e87c34ad9.json,70f9aa98c6008210a69fa09f9932f15b17227af94ba00b8c2d9f0e354cd2d1c5
42515798,76,GGOH,Chemical,-,,"[{""offset"": 1809, ""length"": 4}]","{""identifier"": ""-"", ""type"": ""Chemical"", ""valid"": false, ""normalized_id"": null, ""biotype"": ""chemical""}",1809,4,1,abstract,[],lexical_candidate_only,data/raw/discovery_pilot/58dd0e1dea8df1a4f01dc61643f37fbe81bc0129e5c3437585f5fc2e87c34ad9.json,70f9aa98c6008210a69fa09f9932f15b17227af94ba00b8c2d9f0e354cd2d1c5
42515798,77,obese,Disease,MESH:D009765,Obesity,"[{""offset"": 1942, ""length"": 5}]","{""identifier"": ""MESH:D009765"", ""type"": ""Disease"", ""valid"": true, ""normalized"": [""D009765""], ""database"": ""ncbi_mesh"", ""normalized_id"": ""D009765"", ""biotype"": ""disease"", ""name"": ""Obesity"", ""accession"": ""@DISEASE_Obesity""}",1942,5,1,abstract,[],lexical_candidate_only,data/raw/discovery_pilot/58dd0e1dea8df1a4f01dc61643f37fbe81bc0129e5c3437585f5fc2e87c34ad9.json,70f9aa98c6008210a69fa09f9932f15b17227af94ba00b8c2d9f0e354cd2d1c5
42515798,78,mice,Species,10090,10090,"[{""offset"": 1948, ""length"": 4}]","{""identifier"": ""10090"", ""type"": ""Species"", ""valid"": true, ""normalized"": [10090], ""database"": ""ncbi_taxonomy"", ""normalized_id"": 10090, ""biotype"": ""species"", ""name"": ""10090"", ""accession"": null}",1948,4,1,abstract,[],lexical_candidate_only,data/raw/discovery_pilot/58dd0e1dea8df1a4f01dc61643f37fbe81bc0129e5c3437585f5fc2e87c34ad9.json,70f9aa98c6008210a69fa09f9932f15b17227af94ba00b8c2d9f0e354cd2d1c5
42515798,79,bone resorption,Disease,MESH:D001862,Bone Resorption,"[{""offset"": 1980, ""length"": 15}]","{""identifier"": ""MESH:D001862"", ""type"": ""Disease"", ""valid"": true, ""normalized"": [""D001862""], ""database"": ""ncbi_mesh"", ""normalized_id"": ""D001862"", ""biotype"": ""disease"", ""name"": ""Bone Resorption"", ""accession"": ""@DISEASE_Bone_Resorption""}",1980,15,1,abstract,[],lexical_candidate_only,data/raw/discovery_pilot/58dd0e1dea8df1a4f01dc61643f37fbe81bc0129e5c3437585f5fc2e87c34ad9.json,70f9aa98c6008210a69fa09f9932f15b17227af94ba00b8c2d9f0e354cd2d1c5
42515798,80,GGOH,Chemical,-,,"[{""offset"": 2028, ""length"": 4}]","{""identifier"": ""-"", ""type"": ""Chemical"", ""valid"": false, ""normalized_id"": null, ""biotype"": ""chemical""}",2028,4,1,abstract,[],lexical_candidate_only,data/raw/discovery_pilot/58dd0e1dea8df1a4f01dc61643f37fbe81bc0129e5c3437585f5fc2e87c34ad9.json,70f9aa98c6008210a69fa09f9932f15b17227af94ba00b8c2d9f0e354cd2d1c5
42515798,81,N-BP,Chemical,-,,"[{""offset"": 2093, ""length"": 4}]","{""identifier"": ""-"", ""type"": ""Chemical"", ""valid"": false, ""normalized_id"": null, ""biotype"": ""chemical""}",2093,4,1,abstract,[],lexical_candidate_only,data/raw/discovery_pilot/58dd0e1dea8df1a4f01dc61643f37fbe81bc0129e5c3437585f5fc2e87c34ad9.json,70f9aa98c6008210a69fa09f9932f15b17227af94ba00b8c2d9f0e354cd2d1c5
42515798,82,N-BP,Chemical,-,,"[{""offset"": 2247, ""length"": 4}]","{""identifier"": ""-"", ""type"": ""Chemical"", ""valid"": false, ""normalized_id"": null, ""biotype"": ""chemical""}",2247,4,1,abstract,[],lexical_candidate_only,data/raw/discovery_pilot/58dd0e1dea8df1a4f01dc61643f37fbe81bc0129e5c3437585f5fc2e87c34ad9.json,70f9aa98c6008210a69fa09f9932f15b17227af94ba00b8c2d9f0e354cd2d1c5
42515798,83,toxicity,Disease,MESH:D064420,Drug-Related Side Effects and Adverse Reactions,"[{""offset"": 2269, ""length"": 8}]","{""identifier"": ""MESH:D064420"", ""type"": ""Disease"", ""valid"": true, ""normalized"": [""D064420""], ""database"": ""ncbi_mesh"", ""normalized_id"": ""D064420"", ""biotype"": ""disease"", ""name"": ""Drug-Related Side Effects and Adverse Reactions"", ""accession"": ""@DISEASE_Drug_Related_Side_Effects_and_Adverse_Reactions""}",2269,8,1,abstract,[],lexical_candidate_only,data/raw/discovery_pilot/58dd0e1dea8df1a4f01dc61643f37fbe81bc0129e5c3437585f5fc2e87c34ad9.json,70f9aa98c6008210a69fa09f9932f15b17227af94ba00b8c2d9f0e354cd2d1c5
